# -*- coding: utf-8 -*-

# Resource object code
#
# Created by: The Resource Compiler for PyQt5 (Qt v5.15.2)
#
# WARNING! All changes made in this file will be lost!

from PyQt5 import QtCore

qt_resource_data = b"\
\x00\x00\xde\xf6\
\x89\
\x50\x4e\x47\x0d\x0a\x1a\x0a\x00\x00\x00\x0d\x49\x48\x44\x52\x00\
\x00\x01\x89\x00\x00\x03\xe2\x08\x06\x00\x00\x00\x8a\x71\x21\x0d\
\x00\x00\x00\x09\x70\x48\x59\x73\x00\x00\x0b\x13\x00\x00\x0b\x13\
\x01\x00\x9a\x9c\x18\x00\x00\x00\x01\x73\x52\x47\x42\x00\xae\xce\
\x1c\xe9\x00\x00\x00\x04\x67\x41\x4d\x41\x00\x00\xb1\x8f\x0b\xfc\
\x61\x05\x00\x00\xde\x8b\x49\x44\x41\x54\x78\x01\xec\xbd\x5f\xc8\
\x55\x57\x9a\xe7\xbf\x6d\x67\xec\x48\x64\xd4\x40\x12\x8b\x62\xca\
\xd7\x44\x7e\x49\x0d\xa4\x54\x68\x48\xac\x1b\x15\x92\x9e\xd4\x95\
\x0a\x03\xc9\x90\x80\x7a\xd3\xb1\xa9\x61\xd4\x2a\xe8\x54\x5f\x54\
\xab\x5d\x17\x5d\x69\x48\xa9\xd0\x45\x95\x7d\xa3\x42\x02\x29\x66\
\x40\xbd\xe9\x54\x91\x80\x7a\x53\x49\x2e\x1a\x35\x81\x21\x81\x4a\
\x7c\x4d\x77\xf1\x33\x09\x13\x95\x4e\x3a\x7f\xfa\x17\xfc\xf9\xd9\
\xe5\xf7\xed\xc7\x95\xbd\xce\x9f\x7d\xf6\x79\xdf\x7d\xf6\xf9\x7e\
\xe0\x70\xce\x59\x7b\xed\xb5\xd6\xfe\xf7\x3c\x6b\x3d\xeb\x59\xcf\
\x5e\x74\xfe\xf1\xc7\x6f\x14\xc6\x18\x63\x4c\x05\x7f\x54\x18\x63\
\x8c\x31\x19\xac\x24\x8c\x31\xc6\x64\xb1\x92\x30\xc6\x18\x93\xc5\
\x4a\xc2\x18\x63\x4c\x16\x2b\x09\x63\x8c\x31\x59\xac\x24\x8c\x31\
\xc6\x64\xb1\x92\x30\xc6\x18\x93\xc5\x4a\xc2\x18\x63\x4c\x16\x2b\
\x09\x63\x8c\x31\x59\xac\x24\x8c\x31\xc6\x64\xb1\x92\x30\xc6\x18\
\x93\xc5\x4a\xc2\x18\x63\x4c\x16\x2b\x09\x63\x8c\x31\x59\xac\x24\
\x8c\x31\xc6\x64\xb1\x92\x30\xc6\x18\x93\xc5\x4a\xc2\x18\x63\x4c\
\x16\x2b\x09\x63\x8c\x31\x59\xac\x24\x8c\x31\xc6\x64\xb1\x92\x30\
\xc6\x18\x93\xc5\x4a\xc2\x18\x63\x4c\x16\x2b\x09\x63\x8c\x31\x59\
\xac\x24\x8c\x31\xc6\x64\xb1\x92\x30\xc6\x18\x93\xc5\x4a\xc2\x18\
\x63\x4c\x16\x2b\x09\x63\x8c\x31\x59\xac\x24\x8c\x31\xc6\x64\xb1\
\x92\x30\xc6\x18\x93\xc5\x4a\xc2\x18\x63\x4c\x16\x2b\x09\x63\x8c\
\x31\x59\xac\x24\x8c\x31\xc6\x64\xb1\x92\x30\xc6\x18\x93\xc5\x4a\
\xc2\x18\x63\x4c\x16\x2b\x09\x63\x8c\x31\x59\xac\x24\x8c\x31\xc6\
\x64\xb1\x92\x30\xc6\x18\x93\xc5\x4a\xc2\x18\x63\x4c\x16\x2b\x09\
\x63\x8c\x31\x59\xac\x24\x8c\x31\xc6\x64\xb1\x92\x30\xc6\x18\x93\
\xc5\x4a\xc2\x18\x63\x4c\x16\x2b\x09\x63\x8c\x31\x59\xac\x24\x8c\
\x31\xc6\x64\xb1\x92\x30\xc6\x18\x93\xc5\x4a\xc2\x18\x63\x4c\x16\
\x2b\x09\x63\x8c\x31\x59\xac\x24\x8c\x31\xc6\x64\xb1\x92\x30\xc6\
\x18\x93\xc5\x4a\xc2\x18\x63\x4c\x16\x2b\x09\x63\x8c\x31\x59\xac\
\x24\x8c\x31\xc6\x64\xe9\x8c\x92\xb8\xeb\xd1\x47\x8b\x87\xfe\xf7\
\xff\x2e\xee\xde\xb6\xad\x30\xc6\x18\xd3\x0c\x9d\x50\x12\x4b\xef\
\xbf\xbf\xf8\xd6\x0f\x7f\x58\x2c\xbe\xf3\xce\x62\xf9\xc6\x8d\x85\
\x31\xc6\x98\x66\x98\x78\x25\xb1\xe4\xde\x7b\x8b\x35\x3f\xfe\xf1\
\xdc\xff\xdf\xff\xfd\xdf\x17\xc6\x18\x63\x9a\xe1\x3f\x14\x13\x0c\
\x0a\x62\xed\x73\xcf\x95\xdf\xf0\xfb\xa3\x47\x8b\xcf\xde\x7d\xb7\
\x30\xa6\x6d\x30\xca\x5d\xf5\xf4\xd3\xe5\xef\x8f\x4e\x9d\x2a\xbe\
\xfc\xe0\x83\x62\x1c\x60\x6e\x5d\x7a\xdf\x7d\xc5\xf5\xd7\x5e\x2b\
\x3f\x5d\x64\xd9\x43\x0f\x95\xd6\x03\xce\x29\xe7\xf2\xab\x4f\x3f\
\x2d\xcc\xf8\x98\x68\x25\xc1\x08\x42\x0a\xe2\xca\x8b\x2f\x96\x37\
\x4c\x9b\xe1\x01\x96\x39\xec\xfd\xe7\x9f\x2f\xbe\xfc\xf0\xc3\xf2\
\x46\x5f\xf3\x57\x7f\x55\xa6\x7d\xf2\xe6\x9b\xe5\x71\x98\xee\x81\
\x82\xd0\x7c\x19\xf7\xec\xa5\xbf\xfe\xeb\xa2\x69\x10\x9e\xdf\x7c\
\xe6\x99\xf2\xf7\x5d\x8f\x3d\x56\xbc\xf5\xdf\xfe\x5b\xe7\x04\xe8\
\xaa\xa7\x9e\x9a\x53\xb6\xf0\xf1\x2b\xaf\x58\x49\x8c\x99\x89\x55\
\x12\x3c\x0c\xf4\x26\x00\xe5\x70\xe5\x85\x17\x8a\x85\x00\x21\xcf\
\x84\xb9\xf8\xe8\xe4\xc9\xac\xc9\x8b\x1e\xde\xb2\xef\x7c\xe7\xf6\
\xfd\x97\x2d\x9b\x4b\x1b\x57\xef\x72\x12\x41\xe0\xad\xfd\xdb\xbf\
\xfd\x5a\x3a\x02\xe1\xcb\x2b\x57\x8a\x8f\x5f\x7d\xb5\xec\x29\xcf\
\xe7\x39\x43\x99\x73\x0d\xe1\x77\x7f\xf1\x17\xa5\x92\x1f\x94\xaf\
\x3e\xf9\x64\xee\x37\xf7\x4c\x5d\x38\x2f\xcc\xbf\x01\xf7\x7d\xec\
\x18\xb5\x51\x58\x7e\xeb\x07\x3f\x28\x15\x16\xfc\x9f\x1d\x3b\x86\
\x3a\x67\x29\x1c\x7b\x54\x10\x7e\x5e\xe6\x87\x89\x54\x12\xf4\x26\
\xd4\x2b\xc3\xbc\x84\x99\x69\xa1\x58\xfe\xdd\xef\xde\xf6\xff\xae\
\x3f\xfd\xd3\x72\x34\xe0\xde\xcd\x78\x40\xc0\xd2\x39\xf8\xe6\xcd\
\x0f\xf7\xc0\xef\x9e\x7d\x76\xde\x84\x05\x75\x6b\xe4\x3a\x2c\x08\
\x73\x3a\x04\xfa\x3d\x0a\x6a\x43\xaa\x6c\x3e\x7b\xef\xbd\xe2\xfd\
\x9f\xfd\xac\x14\xa6\x28\xd1\xae\xdd\x83\xb1\x83\xc5\x33\xdf\x76\
\xcb\x41\x57\x98\x38\x25\x81\x60\x50\x6f\x02\xe1\x70\xe9\x27\x3f\
\x29\x16\x12\x5c\x6f\x23\x12\x62\x98\x8e\x9a\x42\xc2\x89\x6f\x1e\
\x7c\x84\x41\x55\x1e\x09\x0d\xf2\xf0\xd1\x7e\x69\xfe\x58\x1e\x3d\
\x3b\x09\xd9\x25\xf7\xdc\x73\xdb\xfe\x4d\xb7\x83\xef\x4f\xde\x7a\
\xab\x18\x16\xce\x25\x42\x4f\xe5\x73\x0f\x50\x1e\x1f\x3a\x0c\x08\
\xc6\x3a\x6d\x4d\xf3\x6b\x94\x40\xde\xf4\xf8\x75\x6e\xe6\xfe\xdf\
\x12\xd4\xf1\x18\xab\x8e\x1b\xc5\xa0\xf3\xcb\x28\x53\xdb\xeb\xb4\
\x41\xe5\xcd\xfd\xbf\xf9\x5b\xed\x52\x0f\xfd\x93\x8b\x17\xcb\x4f\
\x2f\x05\xc1\x3e\x6a\x7f\xee\x7a\xc4\xe3\x51\xd9\xda\x6f\x90\xf3\
\xd9\x8f\xf4\x5e\x8b\xd7\x2b\x77\xfe\x65\x39\x28\xf7\xbb\x39\x32\
\x23\xad\x6a\x64\xd2\xef\x3c\x9a\xe1\x98\x28\x25\x51\xf6\x20\x6f\
\xd9\x5c\x79\xf0\xe6\xb3\x17\x59\x05\x37\xb5\x7a\x37\x8c\x68\x74\
\x13\x23\xb8\x7e\xd7\x80\x92\xe0\x66\xff\xe6\xee\xdd\xe5\x3c\x46\
\xec\x35\x72\xcc\x98\xd7\x24\x38\x81\x87\x42\xe6\x19\xec\xb4\x3c\
\x1c\x28\x53\xf6\xbb\xf0\xbd\xef\xcd\xe5\x93\x92\x8d\xe5\x91\x9f\
\xb2\x70\x02\x00\x84\x32\xe7\xb6\x89\x76\x90\xe7\xee\xed\xdb\x6f\
\x13\xa0\x08\xcb\x61\xe6\x5e\x28\x83\xb2\x62\x7b\xff\xcb\x89\x13\
\x7f\x70\x79\x66\x24\x17\x94\x84\x94\x48\xac\x33\xd7\x56\xe0\x1a\
\x62\x12\x49\xcd\x80\xd4\x41\x1b\x75\x7f\x51\x5f\x44\xc7\x48\x99\
\xe4\xa3\x1d\x94\x03\xcc\x37\x2d\xbd\x35\xd2\xd1\xb9\x8c\xdb\xb5\
\x4f\xbf\x36\xb0\x2f\x0a\x50\x6d\xe0\xde\x97\xe9\x06\xca\xe3\xbc\
\x35\xa2\xd6\x35\x56\x3b\xd3\x6b\xa8\xfc\xe9\xb5\xd7\xb9\x4d\xaf\
\x47\xac\x8b\x72\xb8\xa7\x63\xfb\x46\x79\xfe\x38\xde\xff\x72\xfc\
\x78\xf9\x3b\xbd\x57\x05\xa3\x84\x68\x21\xe0\x7c\xc7\x51\x9c\x4c\
\x6e\xb4\x41\x1d\xb2\x52\x3e\xfc\xd9\x9f\xf5\x3d\x8f\x66\x38\x26\
\x46\x49\xa4\xae\xae\x8c\x20\x16\xfa\xa2\xc7\x9b\x91\x9b\x9a\x87\
\x8a\x34\x79\x5e\x8c\xd2\x83\x49\x3d\xb7\xd2\x6d\xe5\xba\x90\x9b\
\x3d\xc9\xaa\x21\x37\x02\x29\x0a\x13\x91\x4e\xfa\x09\xf2\xa6\x66\
\xb3\xa6\xda\x91\x9a\x44\xe4\xe5\x53\x2a\x8b\x9a\xe6\x82\xb2\xf7\
\x79\xb3\x27\x19\x7b\xbb\x82\xb6\xc6\x1e\x67\xda\x56\xbe\x25\x10\
\x7b\x1d\x1b\xe7\x84\xf4\x54\xd0\x0e\x42\xe9\x61\x54\xd1\x86\x2a\
\xa8\xe3\x81\x9f\xff\xbc\x72\x9e\x82\x7b\x89\x6d\xcc\x7f\x8c\xda\
\x73\x8f\x73\x03\x69\xfd\x5c\x0f\x3a\x00\x1c\x6b\xd5\x3d\xcb\x5c\
\x4c\xda\x3e\xb5\xfb\x9d\xef\x7f\x7f\xa4\xe7\x30\x77\xaf\x4a\xf9\
\x0d\x6a\x4a\xe6\x7c\x73\x2d\x7b\x9d\x47\x9c\x05\x9a\x1c\xe1\x4f\
\x0b\x13\xa1\x24\xda\xea\xea\x7a\xf7\xd6\xad\x73\xbf\x99\x44\xd5\
\x24\x34\x37\x2a\x37\xfe\x28\x36\x53\x1e\x5c\x1d\x2f\xbd\x5f\x7a\
\x9f\x08\x46\x1e\x2a\x84\x3d\xdb\xe8\xed\x55\x4d\xde\xea\x41\xe1\
\x1c\xe9\xa1\x97\x30\x10\xb4\x8d\x07\x86\xed\xb4\x35\x35\x9b\x55\
\xb5\x43\x13\xa5\x6a\x07\xf5\x97\xa3\x8c\x1e\xed\x20\xbf\x7a\xef\
\x08\x22\xda\xae\x72\xeb\x7a\xa6\xc8\xd4\x04\xb1\xce\x28\x9c\x39\
\x76\x7a\x8f\x08\x57\xae\x09\x42\x52\xe7\x00\x13\x0b\xc7\xce\xa8\
\x27\x7a\xc7\x71\x8e\x95\x87\xf3\xc1\x7e\x7c\xd4\x2b\xa7\x97\xaa\
\xf2\xd5\x33\xad\x12\x90\xe4\x29\x4d\x32\x37\xdb\xd0\x4f\xb8\x47\
\xc1\xa6\xf3\xcb\x7d\xc4\x79\xd2\xc8\x8d\xf3\x4b\xfd\x6c\xa3\x3c\
\x8d\xa6\x39\xaf\x71\x84\x95\xa3\xbc\xbe\xb7\x04\x31\xed\x2d\xaf\
\xfd\xcd\x73\xc0\xf1\xeb\x5e\xd2\xc8\x27\x37\xc2\xe3\x99\xe3\x1a\
\x6b\xd4\x23\xd3\x10\xcf\xc0\x28\x6b\x93\x4a\x13\xe4\x2d\xaf\x3e\
\xce\x59\xbc\x47\x68\x0f\xa3\x4e\x4c\x4a\x9c\xef\xe8\x1d\x58\xca\
\x80\x9b\xe7\x82\x73\xac\x0e\x64\x3c\x8f\x72\xff\xd5\xbd\x2d\x2f\
\x42\x26\xcf\x6d\x7e\x1a\x8e\x89\x50\x12\x6d\x74\x75\xd5\x83\x05\
\x12\x76\x7c\xeb\x01\xe6\x66\x1e\xa5\x9d\x12\xda\x3c\xd4\x98\x2f\
\x44\x59\xd7\x4d\x21\x2d\xb7\x59\xf2\x55\x3d\xd8\xff\x67\xe7\xce\
\xdb\x04\x58\x54\x10\x12\x88\x82\x87\xb4\x6a\xb5\x7a\xa9\xec\x42\
\x3b\x62\xaf\x8e\x76\x48\x80\xe5\xda\x91\xee\xc3\x03\xcd\xa4\xaa\
\x14\x29\xdf\x83\xf8\xf2\x4b\x98\x95\x6d\xba\x29\x40\x63\xcf\x33\
\x1e\x87\x7a\x9f\x5c\x8b\x38\xd2\x94\xb9\x41\xe6\x34\xda\x5a\x1e\
\x73\xb4\xef\xcb\xfe\x7e\xcb\x2c\xa5\x1e\x67\x2c\x23\x0a\x17\xec\
\xfe\x39\x4f\x1d\xf6\xa1\x87\xdd\x4f\x18\x71\x2e\xe6\xe6\x06\x6e\
\x96\x3f\x77\xae\x98\x6b\xbb\xd9\xeb\x95\x79\x4a\xed\x43\x28\xde\
\x66\x2a\xba\x72\x65\xa0\x9e\x71\xec\xcc\x44\x13\x11\xd7\x83\xfd\
\x35\x92\xc1\x44\x57\xb5\xee\xe0\xf7\xbf\xfc\xe5\x9c\xa2\xff\xf2\
\x56\xdb\xd8\x07\xe8\x2c\x8c\xa2\x24\x64\xb6\x12\x12\xfa\xba\xef\
\xb8\x47\xa8\x9b\x76\xc6\x8e\x0c\xe7\x42\xc7\x4e\x1b\xe6\x3a\x54\
\x37\xef\xcb\x78\xcf\xc5\x7b\xbb\x89\xce\xdb\x34\xd2\x7a\x25\x11\
\x5d\x5d\x81\x1b\x25\xd7\xeb\xad\x0b\x42\x57\xbd\xce\x41\x89\x31\
\xa2\x24\xe8\x78\xb8\xb8\x29\xd5\x03\xad\x6b\x72\x42\x78\x44\xa2\
\xb0\x80\x28\xdc\xaa\xcc\x1a\x55\xbd\xfa\x38\xf1\x5a\xd5\xfb\xe4\
\xc1\x49\x95\x84\x26\xff\xea\xb6\xa3\x4a\x80\xe9\xfc\x94\xfb\x0f\
\xe8\x0a\x4a\xd9\x55\xe5\xc7\x51\x4a\xea\x79\x24\xa5\x52\x85\xea\
\xbf\xfe\xdb\xdf\x16\x5f\xdd\x1a\x0d\xa9\x97\xca\xb9\x43\x01\x0c\
\xd2\x43\xcf\x31\xe8\x02\xaf\x78\x4c\x55\xca\xb2\x6a\x42\x7e\x58\
\xe4\x48\x01\xdc\xdf\xe9\x7d\xc1\x7f\xae\x89\x84\x68\x95\xa3\x43\
\xd5\x7f\x4d\x36\x8f\x4a\xd5\x48\x2c\x2a\x84\x41\xbc\xc9\xe2\xf3\
\x92\xce\x39\x95\x69\x37\xaf\xa5\xee\xed\xf4\x9e\x36\xfd\x69\xbd\
\x92\x48\x03\xf6\xd5\x75\x41\xec\xc9\xcd\x32\xa9\x67\x98\x87\x52\
\x37\x1d\x0f\x4b\x7c\xc0\xf9\x2d\x21\xd4\x6b\xf8\x3e\x28\x65\xaf\
\xaa\xc2\x66\x2b\xaa\x1e\xd4\xe8\x93\x1f\xcb\x11\x55\x0f\x66\x3f\
\xbb\x72\x9d\x76\x34\x05\xbd\x4b\xce\x6b\x1c\x0d\xa5\x23\xa5\x74\
\x54\xd0\xab\xad\x82\x6b\x47\x2f\xf6\x5b\xfb\xf6\x95\x82\x74\xc9\
\xad\xfb\x80\x8f\x46\x41\x75\x56\x2d\x57\x9d\xff\x2a\xe2\x39\x1b\
\x74\x9f\x61\x89\xe7\x25\x57\xc7\x6d\x6b\x38\x42\xfe\x5e\xfb\x69\
\x4e\x68\x54\x9a\x98\x57\x8c\x6d\x66\x74\xd5\xab\x8e\xb1\xc8\x8f\
\x8e\xd3\x7a\x25\x41\xaf\x2c\x2a\x8a\x71\x4d\x56\x0f\x23\xcc\xa3\
\x99\x80\x07\x45\x9e\x1a\x5f\xcb\x87\xb2\xa8\xa1\x24\x6e\x33\x6b\
\xf4\x59\x85\x3d\xe8\x48\xa5\x7c\xd0\x6f\xb5\xb9\xca\x75\x30\x75\
\xf1\x4c\xcb\x46\x58\xf6\x1a\xa6\x8f\xd3\xce\x4b\xcf\x95\x73\x80\
\x30\xd0\xbd\x90\x9a\xb7\xa2\x20\x2b\xd7\xce\xf4\x30\x81\xc4\xb6\
\x92\xf7\x9d\xff\xf1\x3f\x4a\x25\xc1\x75\x45\xf9\x73\xdd\x4a\x3b\
\xf7\x4d\x93\x5e\xf4\x9e\x69\x9a\xd8\x8e\x2a\xe1\xdc\x48\x1d\xe1\
\xbc\xe4\x04\xe4\xa4\x0b\xce\xdb\x8e\x71\xd5\xaa\xaf\xdd\xdb\xa9\
\x37\x97\x19\x8e\xd6\x2b\x09\x7a\x73\x71\xa5\x72\x95\xbb\xde\x7c\
\xc3\x82\xb9\x48\xee\x21\x8b\x13\x9f\xc3\xc0\x8d\xac\xe1\x3c\xc2\
\x2b\x4e\x40\x97\xf5\xe3\x79\x73\x4b\xa8\x0f\xda\xd3\x2d\x27\x2a\
\x6f\x99\x1d\xb0\x3d\xa7\x5e\x23\xa4\xf5\x6a\x07\xc7\xc1\xdc\x48\
\xae\x1d\x55\xc3\xfc\xa6\x61\xae\x80\x3a\xe5\x21\x45\x9d\x7a\xe8\
\xcb\x95\xd8\x37\x7f\x97\x93\xda\x37\x05\x45\x7a\xce\xca\x6b\x71\
\xcb\x2c\xa1\xb5\x01\x28\x04\x99\x1f\xca\x49\xe3\x9b\xfb\xf0\x4d\
\x5e\xcd\x5f\xb0\xcf\xb8\x94\x44\x34\xe3\x54\xcd\x61\x45\xaf\x22\
\xe6\x01\xea\x28\xe2\x68\x02\x95\xcb\x76\x3c\x9e\xe8\xc6\x2d\xd3\
\xd3\xa4\x11\xcf\xa3\xe6\x9b\x22\xf1\xde\xb6\x77\xd3\xf0\x4c\xc4\
\xc4\xb5\x26\xca\xe4\x79\x32\x8a\xfb\x64\x13\x48\xd8\x94\x93\x9c\
\x15\x0a\x8b\x87\x6e\x6e\xe2\xad\x86\x90\xd1\x5a\x02\xf9\x8e\x23\
\x2c\x10\x90\xd4\x87\x90\x94\xd9\xa5\x9c\x2c\x1f\x50\x38\xc7\x11\
\x19\xdf\x94\x8b\x4d\x5e\x13\xc1\xa9\x6f\x79\x55\x3b\x70\x21\x2d\
\xbd\x4d\x46\x68\xc7\x28\xc4\xf6\x00\x73\x24\x71\xd2\x93\x63\x94\
\xc7\x15\xf7\x4b\x19\x1f\xeb\x66\x5b\x4b\x8f\xb0\xe0\x87\x8f\xa9\
\x0a\xca\x09\xf1\x5b\x65\xa1\x40\x51\x9c\xf4\x4a\xa3\x8d\x3b\x0a\
\xe6\xd4\x93\xaa\xf4\xae\xb9\x74\xa9\xb6\xa7\x1d\xf7\x45\x9c\xc3\
\xe2\x3a\x73\x7c\xa5\xb9\xec\x66\x47\x44\x26\x4d\x3a\x02\x6a\x47\
\xaa\xa4\xd5\xa6\x5e\xe7\x9f\x6d\xba\xbe\x9c\x33\xdd\x4b\xa4\x45\
\x01\x3a\x1f\xd7\x70\x1c\xd0\x71\xd4\x02\x4b\x99\x19\xe5\x58\xc1\
\xf1\x45\x25\x38\xa9\xc7\xb8\x90\x4c\x84\x92\x90\xed\x58\x6e\xb0\
\x08\x82\xe8\xdd\x30\x9f\xf0\xe0\x46\x8f\x94\xaa\x09\x4e\x84\xaf\
\x26\x02\xb9\x49\xeb\x8c\x7c\x34\x91\x5c\x9a\x41\xe8\xd9\x56\xc4\
\x31\x42\xa8\x0d\x3a\x7c\x96\x8d\x3d\x06\x80\x8b\x76\x7b\xf5\xc2\
\x7b\xb5\x83\xef\xaa\xf7\x75\x0c\xd3\x8e\x51\xe1\x5c\x6a\x0d\x43\
\x3a\x52\xa3\xad\xb4\x13\x05\x5d\xba\x4d\x57\x9c\xb3\xb8\x40\x4e\
\x6b\x5b\xc8\x5b\x75\x6c\xe4\x8b\x23\x35\x04\x8c\xce\x99\x84\x2b\
\x02\x77\x14\x77\x6c\x79\x5d\xf5\x6a\xc3\x6d\x1e\x62\xb7\x26\x9f\
\xe5\x06\xac\x45\x65\x3d\x95\xc4\xcd\x7b\x14\x85\x28\x41\xaa\x7d\
\x6e\xcb\x73\xcb\xcd\x7a\x12\x91\x37\x9b\xdc\x89\xd3\x7b\x5b\x79\
\xea\xac\x79\x31\x13\xf4\x3e\x09\x85\xe0\x50\x4f\x8a\x5e\xd7\x42\
\xd8\x52\xe3\xcd\x97\x7b\x30\xe5\x23\x0f\x32\xd5\x0c\x0b\x65\x60\
\x2b\x8f\x42\x4d\xc8\x6f\x7f\x58\x0f\x1c\x84\x62\xba\xf2\x54\xa3\
\xb2\x5c\x54\xd2\x71\xb4\x63\x54\xa2\x83\x01\x3d\xe3\x68\x73\x66\
\xf4\x50\xb5\xba\x96\xeb\xc1\x31\x46\x41\x28\xc1\x51\x15\xe7\x48\
\xc7\x16\xcb\x91\x2b\x6d\x93\x6b\x74\xe4\x02\x9a\xde\x4b\x32\x13\
\x55\xad\x6a\xd6\x3c\xc9\x30\xe6\x27\x14\x4d\xd5\x79\x91\x12\x8a\
\x6e\xd6\x93\x48\x39\xb7\xf4\xfd\xef\x57\x9e\x47\x14\xfd\xa8\x8b\
\xfe\xa6\x99\x45\xe7\x1f\x7f\xfc\x46\x31\x41\x20\xa4\xe5\x8a\xd9\
\x86\xd0\x1c\xf3\xc5\x5c\xac\xa0\x9b\xe6\x90\x26\x26\x89\xd3\xf2\
\xe8\x69\xca\xf7\x9d\x87\x2a\xa7\x34\x9a\x6e\xc7\x38\xe9\xe7\xd1\
\x95\xcb\xbf\x90\xc7\x36\x1f\x6d\x88\x31\xa0\xba\xf8\xec\xc4\xe3\
\x9b\x84\xfb\xb4\xed\x4c\x5c\x80\x3f\x7a\xad\x0a\xec\xa6\x95\x96\
\xb9\x70\x02\x5d\x62\xd4\x87\x19\x3b\xbb\x46\x41\x31\x60\x9e\x88\
\x3e\xfb\x55\x6e\x84\x4d\xb5\x63\x3e\x19\xb6\xad\x6d\x38\xb6\xf9\
\x68\x43\x2e\x80\x63\x57\xe8\xfa\xf1\xcd\x37\x13\x19\x2a\x1c\x93\
\x81\x16\x40\x29\xe8\x5f\x13\x0b\x8f\xba\x0c\xb6\x6c\x29\x09\xc5\
\x69\xd2\x84\x68\x19\xa7\x3f\x2c\x3e\xbb\xfe\xfa\xeb\x85\x31\xc6\
\xc0\xc4\x99\x9b\x22\x4c\x54\xc9\xde\x9f\x46\xd6\x34\x5f\x07\x4f\
\x9e\x5e\x2b\x91\x21\x8d\xbe\x69\x8c\x99\x6e\x16\xef\x5e\xbb\xf6\
\x40\x31\xa1\xd0\x13\x5e\xb9\x69\xd3\x5c\x60\x3d\x7a\xc5\xff\xfa\
\xf6\xdb\x85\xa9\xa6\xf4\x02\x5a\xb4\xe8\x0f\xc1\xd9\x2a\x16\x6f\
\x59\x41\x18\x63\x52\x26\x7a\x24\x01\x69\x84\xd8\x71\xae\x90\xed\
\x0a\x5a\xa4\xc7\x64\xb5\x5e\x3c\x54\xc6\x31\xb2\x1d\xd7\x18\x93\
\x30\xf1\x4a\x02\x62\x2c\xf9\x5e\x9e\x39\xc6\x18\x63\x86\x63\x62\
\xd6\x49\xf4\x22\xbe\xe7\xda\xa3\x08\x63\x8c\x69\x8e\x4e\x8c\x24\
\x8c\x31\xc6\x8c\x87\x4e\x8c\x24\x8c\x31\xc6\x8c\x07\x2b\x09\x63\
\x8c\x31\x59\xac\x24\x8c\x31\xc6\x64\xb1\x92\x30\xc6\x18\x93\xc5\
\x4a\xc2\x18\x63\x4c\x16\x2b\x09\x63\x8c\x31\x59\xac\x24\x8c\x31\
\xc6\x64\xb1\x92\x30\xc6\x18\x93\xc5\x4a\xc2\x18\x63\x4c\x16\x2b\
\x09\x63\x8c\x31\x59\xac\x24\x8c\x31\xc6\x64\xb1\x92\x30\xc6\x18\
\x93\xc5\x4a\xc2\x18\x63\x4c\x16\x2b\x09\x63\x8c\x31\x59\xac\x24\
\x8c\x31\xc6\x64\xb1\x92\x30\xc6\x18\x93\xc5\x4a\xc2\x18\x63\x4c\
\x16\x2b\x09\x63\x8c\x31\x59\xac\x24\x8c\x31\xc6\x64\xb1\x92\x30\
\xc6\x18\x93\xc5\x4a\xc2\x18\x63\x4c\x96\xff\x50\x8c\xc8\xb2\x87\
\x1e\x2a\x56\x3d\xfd\x74\xb1\xf4\xfe\xfb\x8b\xc5\x77\xde\x59\x98\
\x7a\x7c\xf6\xee\xbb\xc5\x47\xa7\x4e\x15\x1f\xbf\xfa\xea\x50\xfb\
\xf9\xfc\xb7\x1f\x5f\x5b\xb3\x10\x7c\xf2\xe6\x9b\xc5\xc7\xaf\xbc\
\x32\xf4\x7d\x97\xb2\xe8\xfc\xe3\x8f\xdf\x28\x6a\xb2\xea\xa9\xa7\
\xca\x9b\xd8\x34\x07\x02\xe5\x77\xcf\x3e\x5b\x7c\xf5\xe9\xa7\x7d\
\xf3\xfa\xfc\x4f\x16\x3c\xb0\xef\xff\xec\x67\x03\xe5\xf5\xb5\x35\
\x4d\x71\xe5\x85\x17\x8a\x2b\x2f\xbe\x58\xd4\xa5\xb6\xb9\xe9\xae\
\xc7\x1e\xf3\x4d\x3c\x06\xe8\x35\xde\xbd\x6d\x5b\xdf\x7c\x3e\xff\
\x93\x07\xd7\xcc\xd7\xd6\xcc\x37\xdc\x4b\xcb\xbe\xf3\x9d\xa2\x2e\
\xf5\x95\xc4\xa3\x8f\x16\x66\x3c\xdc\xbd\x7d\x7b\x5f\xf3\x82\xcf\
\xff\x64\x32\x88\xf0\xf7\xb5\x35\x4d\xc3\xc8\xb4\x2e\xb5\x95\xc4\
\x28\x9a\xc9\xf4\x06\x05\xb1\xe4\xde\x7b\x7b\xe6\xf1\xf9\x9f\x4c\
\xca\x6b\x7b\xcf\x3d\x3d\xf3\xf8\xda\x9a\xa6\xe9\x27\x4f\x7a\x61\
\xef\xa6\x96\xb2\x78\xd9\xb2\xc2\x18\x63\x9a\xc0\x4a\xc2\x18\x63\
\xcc\x58\x18\xd9\x05\xd6\x4c\x2f\xd7\xae\x5d\x2b\x4e\x9c\x38\x51\
\x7e\xaf\x58\xb1\xa2\xd8\xba\x75\x6b\x31\x33\x33\x53\x18\x63\xba\
\x83\x47\x12\xa6\x16\xb3\xb3\xb3\xc5\x86\x0d\x1b\x8a\x03\x07\x0e\
\x14\x67\xcf\x9e\x2d\x0e\x1f\x3e\x5c\xfe\xbf\x70\xe1\xc2\xd7\xf2\
\xf5\x2a\x63\x90\xbc\x28\x21\x3e\xb9\xff\x71\xff\xaa\xf4\x5e\xfb\
\x18\x63\x7a\x63\x25\x61\x6a\x81\x72\x80\xf3\xe7\xcf\x17\x67\xce\
\x9c\x29\xbf\x37\x6d\xda\x54\x9c\x3a\x75\xaa\x4c\x47\x71\xac\x5c\
\xb9\xb2\x58\xb3\x66\x4d\xf9\x7d\xf0\xe0\xc1\x32\x9d\x6f\xa5\xeb\
\xc3\x3e\x31\x4d\xca\x62\xd1\xa2\x45\xa5\xe2\x61\x9b\xca\xd8\xb5\
\x6b\xd7\xdc\xff\x23\x47\x8e\x94\xf9\xc8\xbf\x65\xcb\x96\xb9\xba\
\xc8\x83\x42\xa0\x0d\x69\x19\xda\xc7\x18\x33\x18\x56\x12\xa6\x16\
\xe7\xce\x9d\x2b\xb6\x6d\xdb\x36\x67\x5e\xc2\xdc\x84\xb0\x47\x79\
\x20\xa0\x11\xd4\x3b\x76\xec\x28\x2e\x5d\xba\x54\xec\xd9\xb3\x67\
\x6e\xc4\x01\x6c\x3f\x76\xec\x58\xa9\x58\x94\xf7\xe4\xc9\x93\x73\
\xff\x31\x61\x09\xca\xa7\x8c\xbd\x7b\xf7\x96\x65\x2c\x5f\xbe\xfc\
\xb6\xff\xe4\xe7\x1b\x45\x21\x85\x45\x3b\xa2\x32\xc0\x0c\x16\xf7\
\x31\xc6\x0c\x8e\x95\x84\x69\x1c\x4c\x4e\x08\xed\x9d\x3b\x77\x96\
\x42\x5e\x82\xf9\xe2\xc5\x8b\xe5\x37\x69\x9b\x37\x6f\x2e\xd6\xaf\
\x5f\x5f\x2a\x1a\xbe\xf5\x9f\x6d\xd1\xec\x24\x45\x84\xa2\x89\xff\
\xc9\x2f\x13\x12\x0a\x8b\xba\x54\x0e\x79\xa4\x90\x80\x34\xf6\x59\
\xb7\x6e\x5d\x99\xbf\x97\x09\xcc\x18\x73\x3b\x56\x12\xa6\x16\x08\
\xe2\xe3\xc7\x8f\xcf\x09\x5c\x84\xef\xf6\xed\xdb\xcb\x51\x01\xa3\
\x0a\xa5\x81\xf2\xac\x5e\xbd\xba\x6f\xb9\xda\xb7\x1f\x8c\x28\x22\
\x51\xf0\xa3\x20\x06\x2d\xc7\x18\xd3\x1b\x7b\x37\x99\x5a\xd0\xb3\
\xc7\xac\xc3\x5c\x00\x3d\x78\xf5\xdc\x31\xf7\xa8\x47\x8f\xc2\xd0\
\x36\x7a\xf2\x28\x16\x8d\x26\x9a\x6e\xcb\xbe\x7d\xfb\xe6\x46\x16\
\x7c\x0e\x1d\x3a\xe4\x11\x83\x31\x0d\xb0\x78\xf7\xda\xb5\x07\x8a\
\x1a\x38\xb6\xcc\x78\x21\x72\xe3\x97\x1f\x7c\x90\xdd\xbe\xd0\xe7\
\x9f\x9e\x3a\x36\x7e\xbe\x3f\xff\xfc\xf3\x72\x14\xc1\x3c\x83\xe6\
\x28\x30\xff\xb0\xed\x83\x9b\xc7\xf0\xe4\x93\x4f\x16\xbf\xf8\xc5\
\x2f\x8a\x3b\xee\xb8\xa3\xdc\xc6\x04\xf3\x23\x8f\x3c\x32\x57\xd6\
\xb7\xbf\xfd\xed\x52\x99\x08\x7e\x3f\xf8\xe0\x83\xe5\xa4\x33\x93\
\xe1\xab\x56\xad\x2a\xd3\x97\x2e\x5d\x5a\x2a\x1f\x8d\x12\x98\x88\
\xe6\xbf\x3e\x57\xae\x5c\x29\xf3\xe2\x69\xc5\xfe\x31\x8f\xf6\xf9\
\xc6\x37\xbe\x51\xfe\x57\x5b\x16\x02\x22\xc2\xf6\x0a\xe0\xe8\x67\
\x6b\xfc\xa8\x53\x33\x4d\x23\xce\xba\x41\xfe\x6a\x47\x81\x5d\xff\
\xf2\xcb\xc5\xb8\xa1\x27\xc8\x24\x26\x82\x82\x07\x5b\x69\xf4\x5e\
\x99\xe8\xbc\x7c\xf9\x72\x29\xa8\x98\x94\xec\x1a\x44\x82\x25\xd4\
\x6f\x8e\xf9\x38\xff\x66\x3c\xfc\x9f\x9b\x13\xfa\x5f\x7e\xf8\x61\
\x76\x7b\x17\xae\xad\x9e\x5d\xe6\x81\xb6\xdd\x0a\x6a\x18\x9f\x5d\
\x3a\x13\x8c\x44\x35\x5f\x34\x6e\xa4\x14\x34\x97\x45\xe7\x01\xd9\
\xc1\x88\x73\x5a\xb8\xf0\xbd\xef\x15\x75\x68\xf5\x9c\x04\x13\x9e\
\x7c\xe4\x3e\x29\xe4\x0f\x7f\xf5\xea\xd5\x4a\x5f\xfb\x5e\xbe\xf2\
\x83\xe4\xeb\xb7\xcd\x18\xd3\x1b\xbc\xcb\x78\x76\x53\x97\x63\x3d\
\x5b\xf2\x6a\xc3\xe9\x20\xd2\x6b\x3d\x4b\x9a\xde\x6b\xbd\x4c\x0a\
\x0a\x4b\x72\x84\xd1\x03\x66\xd1\xfd\xfb\xf7\x17\xfd\xb0\xa3\x43\
\xcb\x95\x04\x37\x10\x6e\x94\xf4\x02\xfa\x2d\x84\x4a\x7d\xe5\xb1\
\x51\x03\x93\xab\x98\x2d\xd8\x26\xbb\x75\xcc\x87\x0f\x3d\xdb\x07\
\x2d\x43\xbe\xfc\xe9\xa2\x31\x63\xcc\xbf\xc3\x28\x41\xf3\x51\xd1\
\xd3\x4c\xa0\x20\x00\xb3\xa4\xd6\xb5\xf0\x7c\x69\x3d\x4b\xba\xd6\
\x85\xff\x3c\xab\xfa\x8f\x79\xb3\x6a\xbd\x4c\x5c\x7f\x43\x7e\xca\
\x64\x1f\x9e\x61\xed\x0b\xa4\xb3\x1f\xcf\x38\x65\x08\xda\xc3\xbe\
\x90\xae\xe9\x99\x56\x65\xd1\x5a\x25\x71\xfa\xf4\xe9\xf2\xa2\xd0\
\x1b\x41\xf3\xf7\x5b\x04\xc5\x4d\x44\x7e\x46\x17\xf4\x12\xb0\x4b\
\x6b\x61\x17\x30\xec\x45\xe1\x50\x0e\x37\x8b\x16\x80\x0d\x53\x06\
\x37\x10\xfb\xd0\x1e\x29\x10\x63\xcc\xed\xf0\x7c\xf1\x1c\x31\x47\
\xc5\xb3\x92\x8e\x16\x40\x66\x1e\xbe\xf9\x60\xfa\x61\x1f\x4c\xc7\
\x7c\xd2\xb5\x2e\x72\x46\x10\x3c\xcf\xe9\xda\x17\x29\x1e\x9e\x5d\
\xea\x96\x50\xc7\xc4\xc4\x5a\x19\xbe\x53\xd3\x34\xe9\x52\x46\x80\
\xdc\xa1\x3c\x7d\x53\x16\xfb\x60\x12\x53\xf9\xd3\x46\x6b\x95\x04\
\x76\x4b\xd9\x2b\x11\xce\x55\xbd\x91\x88\x7a\xf6\xf4\x30\x34\xac\
\x8c\x9e\x34\x08\x7c\xca\xa3\x1c\x4d\x74\xd2\xd3\x91\xff\xfd\x20\
\x65\xa0\x64\xe4\xdb\x6f\xb3\x93\x31\xd5\xd0\x6b\xe7\x39\xe1\x83\
\x10\xe7\xd9\x4b\x89\xce\x07\xfc\x66\x7e\x11\x10\xc4\x12\xc6\x71\
\xb4\x8e\x69\x68\x5b\x78\x61\x93\xd6\xcb\xc4\xb5\x2f\x3c\xdb\xc8\
\x0a\x3d\xdf\x31\xbf\x46\x0b\xe9\xfc\x87\xf2\xa2\x14\x64\xb1\x60\
\x0e\x94\xba\x69\x97\x56\xf9\xab\xfc\x69\xa4\x95\x2e\xb0\x71\xd5\
\xad\x86\x87\x20\x57\xca\x2a\xb8\xa0\x5c\x6c\xd9\x19\xe9\xbd\x70\
\x03\xa5\x66\x21\x4d\x98\xc5\x32\xab\xca\xa0\x0d\x28\x88\xaa\x32\
\x8c\x31\x79\x78\xf6\x10\xaa\x83\x3e\xbb\xc0\xba\x17\x9e\x3f\x46\
\x00\x2a\x23\xae\x85\x49\xbd\x90\xaa\xbc\x92\xd2\x85\x98\x69\x47\
\x2e\x67\xb2\xe6\x99\x47\x91\x61\x41\x50\xc7\x54\xe5\x33\x7a\xe1\
\xf7\x34\xcb\x80\x56\x8e\x24\x24\xc4\x31\xed\x68\xf8\xc9\x85\x42\
\xdb\xe7\x60\x44\x40\x0f\x06\x33\x10\x9a\x5f\x66\xaa\x14\x46\x03\
\xdc\x2c\xd8\x18\x19\x31\xc4\x32\x63\x19\x7c\x72\x65\x18\x63\xaa\
\x91\x99\x38\x3e\xbb\x08\xdd\xf4\xd9\x95\x20\x46\x38\xd3\x21\x64\
\xc4\x81\x20\xd6\xf3\xab\x15\xf4\xc3\xa0\xe7\x97\xe7\x9a\x39\x87\
\x28\xd8\xa5\x40\xd8\x56\xb5\x1f\x32\x81\x36\x52\x2f\x20\x27\x68\
\x1f\x6d\x61\x34\xc1\x7e\xd3\xaa\x28\x5a\xb9\x4e\x82\x8b\xc1\x45\
\x79\xfc\xf1\xc7\xcb\x0b\xc5\x47\x7e\xf3\xf8\xd7\x47\x7f\x79\xf9\
\xbd\x93\xce\x4d\xc5\xc5\xc6\x57\xfe\x97\xbf\xfc\xe5\x5c\xcf\x45\
\x79\x40\xe6\x2b\xf2\xf1\xfb\x7b\xdf\xfb\x5e\xf1\xeb\x5f\xff\xba\
\x54\x08\x83\x96\x01\xa9\xaf\x7f\xd3\xb4\x7d\x9d\x44\x0a\xe7\xec\
\xe8\xd1\xa3\xc5\x4b\x2f\xbd\x54\xae\x8d\x18\xf6\x01\x9f\x26\xba\
\xbc\x4e\x82\xb5\x2a\x4c\x18\x63\xea\xd1\xb3\xcb\x33\x54\xf5\xec\
\xb2\x7e\xe6\x8b\x2f\xbe\x28\x57\xe2\xf3\xac\xf3\x5c\xbe\xfd\xf6\
\xdb\xe5\xb3\xf7\xd3\x9f\xfe\x74\xee\x1e\xd2\x5a\x17\xad\x6d\x49\
\xff\xeb\xd9\xd4\x28\x80\xfb\x8f\xfa\x9f\x78\xe2\x89\xb9\x35\x38\
\x6c\xa3\x5c\xd5\xaf\x35\x38\xe4\xa7\x1c\xca\x8c\xe6\x67\xd2\x28\
\x83\xf6\x69\x3e\x44\x0a\x64\x52\xe9\xe4\x3a\x89\x71\x40\x4f\x83\
\x09\x31\xe6\x3c\xd4\x53\x40\x29\xb5\x6d\xad\xc5\xa4\xad\x93\x40\
\x69\x4a\x20\x28\xd0\x5f\x74\x31\xa4\x17\x37\xac\x3f\xbc\xde\x53\
\xd1\xaf\x8c\xaa\x74\xb9\x47\xce\x87\x0f\xfe\xb0\x4c\xc3\x3a\x09\
\xd3\x3e\x3a\xb9\x4e\x62\x1c\x68\x32\x4b\x6e\xae\xd8\x4a\xa7\x69\
\x41\xcd\x38\x40\x48\xf3\xc1\x64\x80\xf2\xc5\x23\x84\xb9\x1c\x40\
\x01\xcb\x8d\x90\xde\x5b\x0c\x19\x2e\x57\x43\x40\x59\x63\x22\x00\
\x99\x02\xf9\x96\x0b\x65\x74\x45\xd4\x7c\x55\x2e\x1c\x39\xdb\xa3\
\x2b\xa4\x9d\x0c\x8c\xa9\xcf\xd4\x29\x09\x7a\xa6\xd8\x4b\xf5\x61\
\x04\x11\xbd\x20\xcc\xf0\xd0\x5b\x67\xa8\x1e\x7d\xde\x75\x4e\x11\
\xf6\x72\x3d\x64\x64\x11\x43\x86\xf7\x02\xe5\x82\xf2\x96\xeb\xa1\
\xca\xc0\x56\x8c\x1d\x5b\x8b\xb1\x30\x0f\x30\xe1\xa8\x70\xe4\xa4\
\xcb\x93\xed\xc6\x8d\x1b\x73\x1e\x6d\xc6\x98\x7a\x4c\x6d\x14\x58\
\xb9\xe8\x79\x62\xba\x19\x50\xb8\x8c\x22\x10\xcc\x8a\x06\x2b\x7f\
\x79\x04\x78\x55\xc8\xf0\x5e\xa0\x70\xf8\x68\x94\x12\xcb\xd0\x7b\
\x27\x48\x67\xb2\x31\x3a\x20\xf0\x8d\x22\xc1\xe4\x85\x6d\x1c\x0f\
\x19\x77\x02\x8c\xa9\x8f\xa3\xc0\x9a\x91\x41\x60\x33\xcf\xc3\xc2\
\x24\xe6\x7c\x30\xfd\x20\xa4\x35\x27\x91\x86\x0c\x47\x31\xa7\x21\
\x15\x72\x26\x21\xcd\x29\xc8\x8f\x5e\xfe\xea\x72\x22\x40\x79\x28\
\x1e\x0f\xca\x87\xc9\x48\x79\xd7\xf0\x8d\xb2\xc2\xcc\x65\x93\xa2\
\x31\xf5\xb0\x92\x30\x23\x83\xd0\x47\x39\xf0\x41\x60\xa3\x20\xe8\
\xcd\x23\xe0\xf9\x46\x50\x33\x4f\x20\x5f\x79\x85\x5a\x61\x54\x40\
\x6f\x9f\x34\xcc\x4b\x55\x1e\x51\x0a\x31\x2e\x33\x15\x65\xcb\x43\
\x8d\x72\x98\x87\xc0\xa7\x5e\x26\x25\x4c\x52\x5a\xfc\xa4\x48\xb4\
\xe9\xbb\x27\x8c\x31\x83\xe3\x50\xe1\x2d\x65\xd2\x5c\x60\xb5\x02\
\x96\x1e\x3f\xae\x8d\x32\x2d\x91\x8e\xeb\x61\x1a\x32\x5c\xf3\x18\
\x80\xa2\x40\xe0\xcb\x5d\x91\x9e\xff\xc3\x0f\x3f\x3c\x37\x8a\x60\
\x3f\xad\xca\xe5\x37\xa3\x02\xb9\x28\x2a\x9d\xdf\x2a\x5b\x75\x32\
\xb2\xe0\xf7\x8f\x7e\xf4\xa3\xa2\x4d\x38\x54\xb8\x59\x08\xec\x02\
\xdb\x31\x1c\x2a\xbc\xbb\xd8\x05\xd6\x2c\x04\x76\x81\x35\xc6\x18\
\xd3\x38\xb5\x95\x44\xaf\xe1\xb2\x19\x3f\x3e\xff\xdd\xc5\xd7\xd6\
\x34\xcd\x28\xf7\x54\x6d\x25\xf1\xd9\xbb\xef\x16\x66\x7c\xf4\x3b\
\xbf\x3e\xff\x93\x09\xf3\x4c\xbd\x4c\x4d\xe0\x6b\x6b\x9a\x66\x94\
\x7b\xaa\xb6\x92\xa8\x3b\x09\x62\xfa\xd3\x6f\x62\x13\x7c\xfe\x27\
\x13\x1c\x12\xfa\xe1\x6b\x6b\x9a\xe6\xa3\x10\xf9\x7a\x58\x6a\x7b\
\x37\x95\x9e\x37\x8b\x16\x15\xcb\xbe\xf3\x9d\xc2\x34\x07\x1a\xff\
\xfd\x9f\xfd\xac\xb8\xf1\x6f\xff\xd6\x33\x9f\xcf\xff\xe4\x81\x82\
\xf8\xfd\xd1\xa3\x7d\xf3\xf9\xda\x9a\x26\xa1\xd3\xf1\x7f\xff\xe1\
\x1f\x8a\xba\xd4\x56\x12\x80\xf7\x0d\x43\xe7\xc5\x77\xde\x59\x2c\
\xb9\xf7\xde\xc2\xd4\x07\xc1\xf0\xd1\xe9\xd3\xc5\xe5\x9f\xfe\xb4\
\xaf\x82\x10\x3e\xff\x93\x01\xd7\xe9\xca\x0b\x2f\x0c\x35\x42\xf0\
\xb5\x35\xa3\x80\x25\xe2\x5f\xdf\x7e\xbb\xec\x70\x7e\xfc\xca\x2b\
\xc5\x28\xd4\x76\x81\x35\xc6\x18\xd3\x7d\xec\x02\x6b\x8c\x31\x26\
\x8b\x95\x84\x31\xc6\x98\x2c\x56\x12\xc6\x18\x63\xb2\x58\x49\x18\
\x63\x8c\xc9\x62\x25\x61\x8c\x31\x26\x8b\x95\x84\x31\xc6\x98\x2c\
\x56\x12\xc6\x18\x63\xb2\x58\x49\x18\x63\x8c\xc9\x62\x25\x61\x8c\
\x31\x26\xcb\xc8\xaf\x2f\x5d\xf6\xd0\x43\xe5\x9b\xb4\x96\xde\x7f\
\x7f\x19\x42\xc0\xd4\x83\x98\x4d\x04\xe1\x1a\x24\x00\x5c\x84\xf3\
\xfe\xcd\x3f\xfb\x33\x9f\xff\x16\xc3\xb5\xfd\xe4\xad\xb7\xca\xd0\
\x1c\xc3\x84\x6c\x26\x1c\xc7\xdd\xdb\xb6\x15\x77\x3d\xf6\x98\xaf\
\xad\x19\x1a\xee\xbb\xeb\xaf\xbd\x36\x72\xc0\xc8\x91\xc2\x72\xac\
\x7a\xea\x29\xbf\x6a\xb1\x61\xb8\xb0\xbc\x95\x6e\x10\x61\x72\xd7\
\xa3\x8f\x16\xdf\xfa\xe1\x0f\x0b\x33\x19\x10\x9f\x8b\x6b\xdb\xeb\
\xb5\xb4\x02\xa5\xbf\xf6\xb9\xe7\xac\x1c\xcc\xc8\x70\xbf\xbd\xf3\
\xfd\xef\xd7\x7e\xa7\x44\x6d\x73\x13\xbd\x1b\x2b\x88\xe6\x41\x38\
\xd0\x7b\xec\x07\xbd\xcc\x6f\xee\xde\x5d\x98\xc9\x81\x6b\xf6\xad\
\x1f\xfc\x60\xa0\xbc\x6b\x7e\xfc\x63\x2b\x08\xd3\x08\xe5\x7d\x37\
\x42\x67\xb2\xbe\x92\xb8\xd9\x8b\x35\xe3\xe1\xee\xed\xdb\xfb\x0a\
\x08\x14\x89\x85\xc8\xe4\x41\xf8\xef\x25\xf7\xdc\xd3\x33\x0f\x1d\
\x30\x47\x7e\x35\x4d\xb2\x7c\xe3\xc6\xda\xf2\xa2\xb6\x92\x70\xac\
\xfb\xf1\x31\x48\x78\xe8\xa5\xf7\xdd\x57\x98\xc9\xa4\xdf\xb3\xe3\
\x6b\x6b\xc6\x41\x5d\x99\x6d\xef\xa6\x96\xb2\x78\xd9\xb2\xc2\x4c\
\x27\x1e\x21\x8e\x97\x6b\xd7\xae\x15\x1b\x36\x6c\x28\x4e\x8d\xf0\
\xb6\xb6\x49\x64\xde\x47\x12\xc6\x98\xf6\x31\x3b\x3b\x5b\x7e\x10\
\x84\xc0\xf7\xf1\xe3\xc7\x8b\x26\xa1\xfc\xb3\x67\xcf\x16\xe3\xa0\
\x4e\x7b\x8f\x1c\x39\x52\x7e\xd4\xae\x7e\x65\x1c\x3c\x78\xb0\x58\
\xbf\x7e\x7d\xb1\x6d\x80\xb9\x3f\x63\x25\x61\x4c\xa7\x58\xb3\x66\
\x4d\xb1\x65\xcb\x96\xf2\x7b\xdf\xbe\x7d\xa5\xc0\xdc\xb5\x6b\x57\
\x31\x2c\x8b\x16\x2d\x2a\x85\x6e\x15\x08\xe2\x13\x27\x4e\x14\xe3\
\xa0\x4e\x7b\x57\xaf\x5e\x5d\xac\x5b\xb7\xae\x6c\x17\x0a\xa0\x5f\
\x19\x8c\x20\xf6\xec\xd9\x53\x98\xc1\xb0\x92\x30\xa6\x63\x9c\x39\
\x73\xa6\x38\x7f\xfe\x7c\x71\xf8\xf0\xe1\xdb\xd2\xe9\x6d\xaf\x5c\
\xb9\x72\x4e\x91\x20\x2c\x49\xc3\xf4\xa2\xf4\x0b\x17\x2e\x94\x69\
\x40\x9e\x9c\xa2\x20\x9d\xfc\xec\x87\x60\x06\xbe\x55\x8e\xcc\x39\
\x7c\xf8\xcf\x27\x96\x1b\xeb\x43\xa8\x93\x86\x62\x42\xb1\xa5\xa8\
\x3c\x6d\x47\x01\xf0\x7b\xfb\xf6\xed\xe5\xbe\xe7\xce\x9d\x2b\x2e\
\x5e\xbc\xf8\xb5\xfd\x64\x56\x8a\x0a\x4d\xf5\x31\x92\xd0\x39\x51\
\xfb\x68\x6b\x6c\x8b\xda\xc7\x79\xa4\x2e\x60\x84\xc2\xf6\x69\xc2\
\x4a\xc2\x98\x8e\x81\xe0\x43\x98\xce\xcc\xcc\xcc\xa5\x21\xfc\xf6\
\xee\xdd\x5b\x2a\x10\x3e\x08\xbf\xeb\xd7\xaf\xcf\x99\xa5\xae\x5e\
\xbd\x5a\x9a\x5f\x10\xf4\xea\x65\x93\x0f\x24\x44\x25\x34\x01\x25\
\x81\x22\x3a\x79\xf2\x64\x71\xe0\xc0\x81\xb2\x17\xcf\x37\x69\xec\
\xc7\x76\xca\x47\xa8\x52\x2e\xdf\x2b\x56\xac\x28\xbf\xb5\x2f\xe9\
\xb4\x13\xe1\x4c\x1a\x6d\xd8\xb4\x69\xd3\xd7\x8e\x87\x6d\xb4\xfd\
\xd2\xa5\x4b\xe5\xfe\x8c\x1a\xf8\x4d\x9d\xa7\x4f\x9f\x2e\x8f\x41\
\xc7\x11\xe1\x58\xc8\xbb\x63\xc7\x8e\xdb\xce\x03\xed\x10\xb4\x75\
\xe7\xce\x9d\x73\xe6\x29\x29\x0a\x9d\x0f\x14\x12\xdf\x4a\xe7\x9b\
\xfc\xd3\x84\x95\x84\x31\x1d\x03\xe5\xb0\x75\xeb\xd6\x52\x10\x0b\
\x8d\x08\xe8\x41\xb3\x5d\x3d\x69\xa5\x01\x02\x35\x15\xb6\xe4\x95\
\x62\xe1\x23\xc5\x83\xa0\xe5\xb3\x79\xf3\xe6\xb9\xf2\xd9\xa6\x8f\
\x04\x31\xbd\x70\x04\x2e\x82\x95\xb2\x2f\x5f\xbe\x5c\xa6\xcb\x2c\
\x44\xdd\x8c\x02\x10\xc4\xb1\xbc\x14\x94\x87\xca\xad\x3a\x86\x2a\
\x10\xfc\x28\x97\x48\x54\x10\x6a\x1f\x0a\x87\xf6\xd1\x36\x46\x25\
\xb4\x81\x7c\x9c\x43\x94\x22\x75\x91\x86\x12\x64\x7b\x95\x22\xeb\
\x32\x23\x87\xe5\x30\xc6\xb4\x0b\x84\x9b\x84\xb9\x84\xbe\x04\x2b\
\x3d\x63\xbe\xe9\x85\xf7\xea\x11\x23\x24\x19\x91\xec\xdf\xbf\xff\
\xb6\x11\x89\x40\x78\x22\xe8\x11\xb0\x6c\xd7\xa8\x80\xf2\xd9\x57\
\x4a\x49\x26\x28\x8d\x26\x0e\x1d\x3a\x54\x0a\x66\xda\x43\x1b\xf8\
\x46\x39\x61\xce\xa1\x9c\x26\x3d\x8e\x8e\x1d\x3b\x56\x96\x1b\x95\
\x1b\xdf\x9a\xd8\xa7\x9d\xb4\x8f\x11\x12\x50\x37\xc7\xab\xb6\xd0\
\x5e\x8d\xaa\x94\xce\x71\xb0\x0d\x65\x41\xb9\x28\x8e\xae\xb3\x78\
\xf7\xda\xb5\x07\x8a\x1a\x78\xb5\xf5\x78\x21\x86\x53\xaf\xf0\x0d\
\x5e\x70\x35\xb9\x10\x4f\xe7\xb3\xf7\xde\xcb\x6e\x67\xe1\x13\x2b\
\xef\xeb\x80\x2d\x9d\x5e\xef\x1d\x77\xdc\x31\x97\xb6\x74\xe9\xd2\
\x32\x0d\x01\x87\x70\xff\xc6\x37\xbe\x51\x3c\xf1\xc4\x13\xa5\x80\
\x5e\xb5\x6a\x55\x29\xf4\x1e\x7c\xf0\xc1\x32\x2f\xdb\x48\x7f\xe4\
\x91\x47\x8a\x0f\x6e\xde\x7f\x7c\xc7\xb2\xc4\xe3\x8f\x3f\x5e\xa6\
\x23\x6c\x7f\xf9\xcb\x5f\x96\xe5\x3c\xf9\xe4\x93\x65\xf9\xcc\x03\
\x50\xdf\xc3\x0f\x3f\x5c\xe6\x7b\xe7\x9d\x77\x8a\xcf\x3e\xfb\x6c\
\x4e\x39\x90\x86\x82\x20\x1f\x42\x98\xfa\xd9\x9f\xfa\x50\x70\xdf\
\xfe\xf6\xb7\x6f\x1b\x51\xc4\x63\xe2\x37\x6d\xd2\x88\x40\xc7\x40\
\xfb\x29\x47\xed\xe7\x98\x77\xef\xde\x5d\xe6\x63\x84\xa0\x51\x07\
\x65\x20\xe0\xa9\x8b\x32\x35\x92\x81\x9f\xfe\xf4\xa7\xe5\x7f\xca\
\xe2\x38\x98\x7b\x90\x12\x90\x42\xc1\xbc\x26\x05\x4a\x3b\xfb\x8d\
\x66\xda\x44\xbf\xfb\x2e\x47\xed\xd8\x4d\xeb\x5f\x7e\xb9\x30\xe3\
\x83\x18\x3f\x9f\xbc\xf9\x66\x76\x3b\x71\x7d\xbc\xa0\x71\x32\x79\
\xff\xf9\xe7\x7b\x06\x72\x24\x74\x07\x9d\x00\x33\x1e\x18\x49\xa0\
\x00\xe2\x08\xa3\x1f\x8c\x2a\x98\x00\xd7\x3c\x0d\x4a\x62\xd2\x3c\
\xa4\xfa\xdd\x77\x39\x6c\x6e\x32\xc6\x4c\x15\x28\x86\x38\x5f\x33\
\x08\x8c\x46\xa2\x52\x98\x26\x17\x5a\x2b\x09\x63\xcc\xd4\x91\x4e\
\x60\xf7\x83\x39\x89\x69\xc5\xde\x4d\xc6\x18\x63\xb2\x58\x49\x18\
\x63\x5a\x05\x1e\x52\x5a\xa0\x67\x16\x1e\x2b\x89\x29\x20\xc6\xf2\
\x89\x69\x30\x6c\xdc\x9b\x1c\x5a\x10\x65\xda\x07\xd7\x55\x8b\xe0\
\xc6\x41\xd3\xb1\x9c\xe4\x26\x3b\x48\x99\xfd\x8e\x0d\xb7\xd5\xba\
\xc7\xce\x7e\x5a\x69\x3d\xcd\x58\x49\x4c\x01\xf4\xcc\xe2\xcd\xce\
\xcd\x8f\x6f\x38\x0f\xd8\xb0\x71\x6f\x72\xa0\x68\x70\x2d\xec\x0a\
\x9c\x0f\xf9\xcf\x4f\x3a\x78\xe5\xb0\x32\x79\x5c\xe8\xde\x19\x05\
\xf6\xd7\x7d\xc7\x7c\x01\x6b\x38\x06\x69\x73\xbf\x63\xd3\xc2\xb8\
\x3a\xd0\x1e\x9e\x8d\x69\xc7\x4a\x62\x4a\xe0\x41\x56\xcf\x2c\xc6\
\xf4\xe1\x01\xab\x12\xee\x28\x0b\x84\x64\xd5\x62\x21\x7a\x8e\x8a\
\xa5\xa3\xf8\x39\xc0\x08\x44\x31\x79\x14\x8d\x54\x71\x7a\xc8\x5f\
\x95\xa6\x50\x07\x8a\x03\xa4\xf8\x3e\x3c\xa0\x31\xbe\x4f\x8a\x16\
\x6f\xa9\x5e\xc5\x19\x52\xdc\x9d\xb4\x3e\xb5\x95\x6f\x88\x01\xec\
\xa4\x30\xa9\x93\xfd\xf8\x20\xb4\x14\x9f\x68\x92\x88\xf1\x93\x14\
\x9f\x49\x70\xad\x15\xfc\x8f\x0f\x79\x15\xb7\x49\xe7\x5d\xf1\x9d\
\x62\x4c\x26\xf6\xd1\xb9\xd3\xf5\x56\x47\x23\xee\x5b\x05\xd7\x48\
\xed\x51\x5b\x14\x7b\x49\xe7\x5a\xf1\x91\xd8\xae\x6b\x8a\x70\xcf\
\x8d\x24\x50\x0c\xe9\xbd\x91\x5e\xe7\xb8\x40\x0e\x14\x62\x83\x6d\
\x7c\x2b\x9e\x13\xf5\x55\x29\x38\xce\x95\xe2\x58\xe9\xfe\xe2\x43\
\x9b\x62\xbc\x27\x1d\xbb\x16\xe5\xf1\x19\x57\xf0\xc3\x85\xc2\x4a\
\x62\x4a\x60\xd1\x0f\x37\x3e\x0f\x93\x42\x0f\xf4\x82\x70\x06\x84\
\x1f\xa8\x52\x12\x6c\x63\xff\x1b\x37\x6e\x94\xdf\x12\xb6\xb8\x16\
\x12\x82\x81\x6f\xea\xe2\x01\xa2\x17\x87\xbb\x21\x69\xfc\xa7\x3c\
\xb9\x20\x2a\x8d\xbc\x3c\xc4\xac\x90\x05\xfe\xf3\x30\x92\x07\xaf\
\x92\xaa\x91\x0d\x6d\xe0\xe1\x45\x60\x51\x06\x3d\x4f\x95\xad\x76\
\x21\x00\xd4\x06\xb5\xab\x1f\xe4\x61\xc1\x94\x56\x1a\xb3\xa2\x78\
\x52\x40\xa8\xc5\xf8\x49\x8a\xcf\x24\x38\x07\x8a\x9b\xc4\xf9\x42\
\x30\x73\xac\x8a\xbf\xa4\x18\x49\x6c\x57\x80\x40\xca\x20\x9d\x7b\
\x81\xfd\x15\x2f\x89\x73\x4b\x4c\x24\xd2\x72\xbd\x6d\xae\x0f\x42\
\x9a\x73\xa8\xeb\xa8\x6b\x4b\x1a\xf5\x2a\xe0\x1e\xf5\x72\x0f\x60\
\x6a\x82\xe5\xcb\x97\x57\xc6\x63\x02\xda\x4a\x79\x5a\xb3\x00\xe9\
\x75\xd6\x3d\xa9\x6f\xc5\xa9\xa2\x7c\x9e\x85\x18\xab\x89\xe3\xe0\
\x78\x24\xe4\x69\xa7\x56\xad\xd3\x46\xad\x50\xa7\x4e\xea\xa0\x7e\
\xee\x55\x85\xfd\xa0\x0c\x29\x39\xbe\xd3\x50\x20\x93\x8e\x95\xc4\
\x94\x80\x50\xe0\x26\xa6\x97\xd3\x4f\x41\x00\x0f\x73\xee\x66\xe7\
\x81\xd3\x4a\x53\xfc\xc5\xf5\x5b\xe5\xf2\x50\xf1\x40\x22\x08\x78\
\x48\xe9\x65\xf1\x70\x61\xda\xc2\xdf\x3c\xa6\x91\x97\x87\x0f\xc1\
\xce\x83\xaa\xde\x3f\x90\x27\xa7\xd0\xb4\x5a\x96\xe3\xa1\x2e\x1e\
\x74\xbe\x95\x57\x71\x88\xf8\x28\xe6\x4f\x0c\xf4\x96\x43\xe1\x2b\
\x26\x11\x1d\x6b\x1a\x3f\x29\xa2\x74\x84\xbe\xce\xbf\xae\x57\xd5\
\xfe\x31\xac\x87\xe2\x26\x01\xd7\x48\xbf\x19\x0d\x54\xc1\xb5\x96\
\xb9\x87\xbc\x0a\x9c\x17\xeb\xed\x65\x0a\xaa\xda\x46\x19\xd4\xad\
\xf0\x18\xdc\x53\xf1\xd8\x7b\x5d\x67\xed\xc3\x76\x94\x93\x42\x94\
\xe8\x1e\x54\x7c\xaa\x2a\x77\x57\xc5\x6f\xd2\xf9\xe0\xbe\x43\x49\
\x28\xe6\x13\x48\x51\x50\x4f\x4e\xc1\x4d\x22\x56\x12\x53\x82\xec\
\xbc\xea\x85\xf5\x43\x71\x6f\x78\x20\x15\xf2\x59\xf0\xb0\xf0\x40\
\xf0\x90\x44\x33\x42\x8a\x1e\x16\x04\x92\x02\xa5\xd1\x43\x8b\x69\
\xf4\x18\x51\x06\x98\x09\xc8\x4f\x8f\x8d\x6d\x0a\xfe\xa6\x18\x3b\
\xb4\x23\x1d\xd5\x90\x1f\x45\xa6\x85\x4d\x0a\xc2\x46\xaf\x92\x32\
\x29\x87\x0f\xed\x54\x64\x54\x41\xd9\x32\x35\x54\x4d\xb8\x4b\x40\
\xb2\x9f\x7a\xe8\x6d\x47\xe7\x0b\xe1\x27\x85\x3b\x0c\x52\x8e\xda\
\x5f\x65\x56\xc1\xbd\xa4\x91\x9a\xcc\x97\xe9\x35\xe2\xdc\x2b\x1c\
\x39\xe7\x99\xeb\xc5\x87\x7c\xec\xab\xa0\x7f\xc0\xf9\xe6\x3c\xeb\
\x5e\x22\x54\x46\x0c\xe7\x2d\xb3\x92\x82\x00\xaa\x6e\x99\x4a\x73\
\xd7\xb9\x0a\x3d\x0b\x12\xf2\x4a\x8b\x0a\x32\x87\x94\xa5\x14\x12\
\xc7\x22\xa5\x14\xd3\xea\xce\x83\xb4\x91\xce\xc4\x6e\xe2\x66\xbb\
\x72\xe5\xca\x6d\x17\x87\xb4\xcf\x3f\xff\xbc\x4c\x57\x70\xae\x5f\
\xff\xfa\xd7\x65\xac\x17\xbe\x89\xe3\xd2\xd6\x8b\xd9\x74\xec\x26\
\xc5\xe3\x51\x5c\x1d\xa5\x71\xfc\xfd\xe2\xde\xbc\xf4\xd2\x4b\xe5\
\x3e\x7a\x78\x14\x47\x47\xab\x50\x89\xc5\xa3\xf2\x38\xb7\x40\x99\
\x8a\xec\x49\x3e\xf2\x10\xdb\x47\xb1\x80\x48\x7b\xe6\x99\x67\xca\
\x74\xca\xe3\x3f\xbd\x4c\x04\x0e\xfb\x92\x97\x6b\x44\x7b\xc9\xf7\
\xab\x5f\xfd\xaa\xdc\x8f\xfd\x05\xff\x8f\x1e\x3d\x5a\xc6\x0e\xa2\
\x1e\xc5\xf4\x21\x2e\x8f\x14\x88\xda\x44\x1a\x82\x84\x11\x12\x82\
\x8c\x7a\x49\x53\x0f\x51\xfb\xea\x5c\xb0\x0f\x9f\x2f\xbe\xf8\xa2\
\x14\x58\x28\xc3\xa6\xe2\xf4\x8c\x2b\x76\x13\xe7\x23\xc6\x4f\x42\
\x21\xe7\x62\x1b\x01\x76\x7d\x9d\x4f\xae\x39\xe7\x84\xf3\xc6\xb5\
\x20\xd6\x92\x62\x32\x55\xc5\x4b\xa2\x1e\xfe\xbf\xfd\xf6\xdb\xe5\
\xbd\x42\x1c\x23\x46\x98\x6f\xbc\xf1\xc6\xdc\x1b\xdf\xa8\x2f\xc6\
\x69\x92\xb9\x86\x7d\x5f\x7f\xfd\xf5\x62\xe3\xcd\xe3\xd4\xb9\xe7\
\x43\x3d\xba\x06\xff\xfd\xbf\xff\xf7\xf2\xde\xd2\x6f\xdd\x8f\xc0\
\x3e\x5c\x3b\xda\x48\x59\x7a\xcb\x1c\x6d\x55\x7b\xb8\x5e\xe4\x53\
\xdb\x39\x37\xf1\xfe\xe4\xba\xd2\x06\x99\x38\xab\x88\xc7\xad\x73\
\x45\x39\xd4\xc5\x3d\xf1\xc7\x7f\xfc\xc7\xe5\xbd\xa4\xb8\x55\x72\
\x76\xf8\x9b\xbf\xf9\x9b\xca\x78\x57\x0b\xcd\xd4\xc7\x6e\xa2\x57\
\x40\x0f\x88\xe1\xa2\x84\x20\x37\x26\x17\x18\xbb\x22\xc3\x43\x6e\
\x3a\x2e\x22\x79\xc8\x4b\x2f\x62\x10\x13\xc4\x42\xd0\xa6\xd8\x4d\
\xf4\x02\x17\x7a\xc5\x29\xd7\x37\x2a\x2a\xe0\xfa\xf1\x20\xf7\x7a\
\xd0\x35\x19\x4a\xfb\x79\xb0\x11\xa0\xd1\x96\x3d\x08\xf4\x4e\xb9\
\x4f\x9a\xea\x50\x74\x35\x76\x13\xe7\xba\x09\x73\x1d\xf7\x1b\x02\
\x57\xd7\x69\x1c\x76\x7e\xee\x1d\x26\xa2\xdb\xfa\xfc\x8f\x83\xba\
\xb1\x9b\x3a\x67\x6e\x92\x3b\x1c\xc2\x40\x43\x54\x4d\x8c\x55\x21\
\xaf\x04\xfb\xf8\xe7\x69\x43\x48\x02\x1e\xea\x54\xf8\x70\xdd\xfa\
\xc5\xd0\xa1\xd7\x47\xfb\x31\x4b\x30\xef\xd1\x4b\xa1\xe4\xa0\x8e\
\x2e\x99\x0f\xc6\x85\x6c\xfe\xa3\x82\xe0\xa6\x63\x27\xc6\x31\x11\
\x4c\xe7\x62\xda\xde\x0b\x51\x97\x4e\xc5\x6e\xa2\x17\xa3\x98\xf0\
\xf4\x3e\xfa\x4d\xd0\xca\x2d\x74\x98\x68\x90\xa6\x3d\x0c\xaa\xbc\
\x50\x30\xd3\xf6\x36\xb1\x49\x66\x3e\x9e\xc5\x3a\x9d\x85\x69\xa5\
\x53\x23\x09\x4d\x48\x61\x5e\xa0\xe7\xd8\x6f\x28\x89\x82\x48\x4d\
\x18\xc6\x18\x63\xfe\x9d\xce\x99\x9b\x98\xac\x93\xfd\xba\x1f\x0c\
\x63\x9b\x58\x2d\x6a\x8c\x31\x5d\xa5\x33\xe6\x26\x4c\x4d\xd8\x19\
\xf9\xc6\xd4\x24\x57\x4b\x79\x4c\xc8\x35\x0f\xc5\x20\x5f\x6a\xf2\
\x92\x8f\x49\x6d\xbd\xa3\xb7\x8b\x34\x35\xa1\x68\x26\x0f\xee\x6b\
\xe6\xe6\xe4\x71\x64\xcc\xb0\x74\x66\x24\x81\x10\x94\x79\x49\xaf\
\x44\x54\x1a\x4a\x41\xf6\x6b\x4d\x42\x62\x96\x92\xe0\xcc\xbd\xc7\
\xb7\x2b\x0c\x13\x57\x49\x21\x2a\x00\xef\x8f\xae\x85\x18\x98\x36\
\xb4\x26\x61\x1a\x58\x88\x78\x5b\x5a\x2b\xd4\x65\xbc\x98\x6e\x4a\
\x60\x74\x15\xe3\xdd\x28\x1e\x0d\xe8\xe1\x22\x4d\x31\x70\x70\x11\
\x26\x1d\x65\x8a\xa2\x50\xbc\x9a\x18\xd3\x47\xf1\x81\xaa\xcc\x75\
\x8c\x5e\xc8\xcb\x48\x4e\x42\x8a\xdf\x0a\x03\xad\xed\x7c\xb4\x3d\
\xc6\xe4\x51\xfc\x24\x3d\x84\xaa\x5b\xe1\x13\x28\xab\x57\xcc\xa0\
\x69\x45\xb1\x97\x62\x0c\x21\x46\xd4\x8a\x6b\xa4\x6b\x55\x75\x3d\
\xab\x62\x12\x29\xd6\x93\xe2\x6c\x71\xef\xa4\xd7\x2d\x45\xd7\x31\
\xad\x2f\x8d\x09\xd5\x2b\x4d\xb1\xa5\x80\xdf\x8a\x1d\xa5\x3a\x19\
\x19\x69\xe1\x5d\x5c\xd4\xa7\xfb\x57\x70\xbf\xe9\x58\xd8\xae\xc5\
\x93\x3a\x1f\x8a\xf9\x95\xc6\x23\x53\x19\xd1\xf3\x51\xbf\x63\x1c\
\x28\x45\x50\xae\x13\x14\x73\x52\xb0\x92\x98\x12\x18\x35\xb1\x58\
\x2d\x06\xc6\x4b\x91\x9b\x29\xde\x5e\x78\x7f\x30\xaf\x83\x90\xc6\
\x24\x87\x99\x8e\x34\xc5\xa7\xd1\x83\x43\xf8\x8b\x2a\x37\x54\xea\
\x20\x3f\xa1\x39\x62\x78\x07\x56\x58\x93\x9f\xed\x8a\x33\x24\x2f\
\x33\xad\x06\x27\x2d\x75\x39\x25\x4d\xf1\x9a\x14\x3e\x61\x12\x56\
\x41\xcf\x27\x31\x76\x93\xe2\x22\x01\xe7\x9e\x6b\xc1\x39\xe3\xda\
\xc9\x25\x5c\xd7\x93\x7d\xb4\x6f\x8c\x49\x44\x1a\xd7\x85\x34\xee\
\x0d\x09\x43\xae\x9f\xae\x5b\xd5\x6a\x7b\xca\xa1\x7e\x85\x65\x21\
\x5f\x1a\x13\x2a\x4d\x53\xbe\x18\x7b\x8a\xdf\x0a\xc3\x81\x45\x80\
\xf2\x68\x9b\x62\x52\x29\x2e\x95\x42\x8a\x50\x9e\xee\x5f\xc1\x7e\
\xba\x4f\x10\xe8\xb8\xbd\x6a\x91\x25\x2e\xd1\x84\xf5\x50\x4c\x31\
\xa5\x55\xc5\x7e\x8a\xbf\x63\x1c\x28\x59\x2d\xba\xec\x2d\xe5\xd7\
\x97\x4e\x09\x31\xa6\xd1\xb0\xb1\xff\x63\xbc\x1a\x88\xb1\x69\xb4\
\xaa\x3a\x45\xb1\x7d\x64\xce\x13\x08\x1b\x85\x2e\xd0\xbb\x00\x62\
\x3c\x20\x95\x87\x32\x11\x31\xde\x10\x42\x42\xa6\xc1\x2e\xc5\xc7\
\x69\x02\x85\x30\xd1\xf9\xe1\xbc\x72\x8e\x63\xa8\x09\x09\x5d\xd0\
\xf5\xe4\x9a\x48\xa1\xc4\x34\x09\x3f\x85\xc5\xe0\xfc\xb3\x2f\x8b\
\x12\xe9\x91\x57\xad\x40\x57\xf9\x5a\xcd\xcf\xfe\x0a\xc9\xa2\x36\
\xe8\xfa\x83\xd2\xa4\x9c\x66\x92\xb0\x18\x6a\x97\xee\xa5\xd8\xe1\
\x18\x04\xdd\xf7\x1a\x95\xf0\x3f\xb6\x9d\xd1\x03\x8a\x8e\xfb\x4d\
\xa3\x07\x3a\x45\xb9\x50\x33\xa2\xa9\x35\x21\x93\x80\x47\x12\x53\
\x42\x8c\x69\xa4\x08\x97\x0a\x85\x9c\x8e\x2c\x34\x84\xe6\xc1\xe1\
\x61\x89\xc1\xd3\xf4\x80\xa7\x0f\x48\x8c\xaf\x03\x8a\xaf\x93\x2e\
\x56\x8c\xa1\x15\x80\x87\x55\x8a\xa2\x2a\x26\x8f\x19\x1c\xc5\x6e\
\xe2\x9c\x73\x1e\x73\x81\xf7\xa2\xc0\xd5\xf5\x94\x72\x8e\xf1\x87\
\xf8\x70\x2d\xb8\x5f\x80\xff\xf1\xba\xc9\x85\xbc\x2a\xb6\x92\xe2\
\x3f\x71\xed\x75\xcd\x63\x4c\x28\x09\x59\xfe\x2b\x5f\x8c\xeb\xc4\
\x47\x21\x53\xaa\x88\xf1\xc3\xd4\xe9\x89\xf1\xb6\x22\x8c\x1c\xb8\
\xff\x35\xa2\x50\x8c\x2f\xf6\xa5\x0c\x14\xa2\xca\x4b\x9f\x07\xda\
\xa0\xf3\x59\xc5\xcc\xad\xe0\x88\x28\x57\xee\xd9\x2e\x9a\x40\x3b\
\x13\xbb\xa9\x6b\x34\x1d\xbb\x49\x31\x79\x78\x18\x7e\xf4\xa3\x1f\
\xcd\xc5\x27\x22\x06\xce\x13\x4f\x3c\x51\xc6\xde\x21\x36\x0d\xf9\
\x48\x43\x08\x28\xbe\x11\xf1\x73\x88\x87\xf3\xce\x3b\xef\x94\x31\
\x69\x18\x19\xa4\x31\x7d\xd2\xf8\x3a\xf2\xa6\xe1\xa1\xff\xe9\x4f\
\x7f\x5a\x96\x41\x7e\xc5\x7d\xd2\x76\x62\xed\x28\xc4\xb7\x62\xf2\
\xb0\x5d\x71\x87\xfa\xc5\x1b\x1a\xc4\xd5\xb9\x6d\x8c\x3b\x76\x93\
\xe6\x98\x30\x87\x90\x56\x75\xce\x38\xff\x5c\x4f\xe2\x1f\x71\x7d\
\xb8\x9e\x69\x4c\x22\xae\x19\x1f\xca\xfb\xde\xf7\xbe\x57\x0a\x53\
\xca\x27\x1e\x1a\xd7\x8d\xfb\x48\xb1\x95\xf8\xad\x78\x45\x31\xb6\
\x12\xf1\x9f\xb8\x86\x55\x31\xa1\x62\x1b\x94\xa6\xb8\x4e\xb4\xff\
\x17\xbf\xf8\x45\x59\x66\xbc\x6f\x74\xcf\x29\xba\x2c\xa6\x9f\xff\
\xfa\x5f\xff\xeb\x5c\x6c\x32\xc5\xdb\x8a\x31\xbe\xc8\x47\xec\x2f\
\x95\xa7\x7d\x11\xea\x98\x8b\x14\x53\x4c\xb1\xa8\x68\x17\xdb\x14\
\xbe\x9c\x76\x73\x9c\xea\xc8\xc4\x38\x50\x7a\x8e\x68\x97\x46\x6d\
\x4d\xc5\xf8\x6a\x9a\xa9\x8f\xdd\xd4\x35\xda\x14\xbb\x69\x10\xba\
\x18\x47\x7f\x5c\x74\x29\x76\x93\x5e\x77\xdb\xe6\x6b\x3f\x48\x8c\
\x2f\x8e\x81\x11\x03\x8a\x95\x51\x81\x4c\x65\xc3\xd0\x86\x18\x67\
\xbd\xa8\x1b\xbb\xc9\x73\x12\xa6\x11\xac\x20\xa6\x13\x84\x69\xdb\
\xaf\x3d\x0a\xa2\x9f\xf0\x56\xd8\x16\x62\xbf\x31\x99\x5d\xc7\x29\
\xa2\xcd\x0a\x62\x14\xac\x24\x8c\x31\x9d\x66\xd0\x11\x81\x63\x7c\
\x55\xe3\x89\x6b\x63\x8c\x31\x59\xac\x24\x8c\x31\xc6\x64\xb1\x92\
\x30\xc6\xd4\x42\xaf\xb6\x35\xdd\xc6\x4a\xc2\x18\x53\x8b\x61\xe2\
\x42\x55\x85\x81\x31\x93\x81\x95\x84\x31\x1d\x81\x05\x6d\x12\xc4\
\x7a\xcf\x35\x2e\xaa\xc4\x18\x8a\x71\xbb\x62\x2c\x27\xb6\x49\x60\
\xc7\xb8\x49\x6c\xe7\x3f\xde\x3e\x71\xff\x74\xe4\x10\xcb\x92\xc2\
\xe0\xbf\x16\xd7\x29\xc6\x12\x65\xa1\x1c\x58\x50\x17\x63\x2c\xc5\
\x38\x4a\x5a\x74\x49\x9d\x8a\x19\xe5\x37\x46\x2e\x3c\x56\x12\xc6\
\x74\x04\xad\xa2\x47\x18\xe3\xeb\xaf\x37\x35\x92\xa6\xd8\x57\x08\
\x72\xd2\x10\xbe\xc4\xf2\x52\xa8\x0d\xc5\x3e\x22\xe6\x12\xb1\x8f\
\xa4\x4c\xc8\xc3\x76\xe2\x26\x21\xf0\xd3\xa8\xc0\x8a\x0b\xa5\xb8\
\x4a\xd4\xad\xf2\x40\x31\x96\x58\xb4\xc6\x42\x34\xf2\xc6\x18\x4b\
\x5a\x93\xc0\xfe\xb4\x85\xf6\xa9\x4e\xf2\x4e\x4b\xe8\x8b\x36\x63\
\x17\x58\x63\x3a\x82\x42\xe0\xb3\x5a\x18\x45\x80\x90\x55\x78\x13\
\xc5\x2e\x42\x71\xb0\xaa\x5a\xab\x8e\xb5\x62\x5d\x42\x5d\x31\x97\
\xe2\xfb\x9f\x95\x46\xdc\xaf\x18\x7a\x05\x62\xac\x25\x85\x05\x89\
\xe5\xf5\x43\xe1\x3f\x68\x1f\xa3\x09\xea\x50\xb9\x93\xb8\x9a\xbe\
\x8b\x58\x49\x18\xd3\x21\x08\x67\x82\xa9\x26\x0a\x59\xcc\x3b\x8a\
\xb5\xc4\x37\x82\x18\x13\x92\xd2\x40\xc2\x1e\x73\x10\xe9\x28\x97\
\x5c\xec\xa7\x88\x22\xc3\xa2\x44\x14\x83\x8b\x72\x18\x21\x10\xce\
\x42\xe1\xe6\x35\xca\x21\x9d\xfa\x15\x63\x89\x28\xad\xe4\x41\x29\
\xf1\x9f\x36\x13\x89\xd5\xb4\x07\x2b\x09\x63\x3a\x84\x02\xd5\xb1\
\x6a\x58\xff\x31\xeb\xe8\x95\xbe\x0a\xeb\x4e\xf8\x09\x84\x78\x8c\
\x78\xaa\x50\xe2\x0a\x49\xa1\x00\x80\x8a\xc7\xa5\xb7\x3f\x0a\x04\
\x3f\xf9\x09\x04\x89\x02\x60\x7f\x45\x8e\x95\x59\x8a\xdf\x28\x05\
\xf6\xa5\x4e\x95\xc3\x6f\xcc\x50\xb4\x89\x95\xca\xec\x8f\x19\x0a\
\xa5\xc1\xef\x58\x8f\x59\x58\x1c\xbb\xa9\xa5\x4c\x5a\xec\x26\x33\
\x38\x0b\x1d\xbb\x89\x9e\x3b\x23\x09\x99\xa3\x50\x12\xcc\x09\x98\
\x6e\x33\xef\xb1\x9b\xbe\xfa\xf4\xd3\x62\xf1\x9d\x77\x16\x66\x3c\
\x7c\xf5\xc9\x27\xbd\xb7\xdf\x3c\xff\x66\x32\xe9\x77\xed\xc6\x7d\
\x6d\xe9\xbd\xd3\x93\xc7\x8b\x08\xe2\x4b\x7a\x4c\x77\xf9\xf2\xc3\
\x0f\x8b\x3a\xd4\xf6\x6e\xfa\xec\xdd\x77\x0b\x33\x1e\x08\x11\xde\
\x2f\xa4\x6f\xaf\x51\x86\x69\x37\xfd\xae\x2d\x21\x9d\xc7\x0d\xf3\
\x04\x8c\x24\xec\x41\x34\x1d\xd0\xf1\xa8\x2b\xb3\x6b\x2b\x89\xdf\
\xff\xfd\xdf\xbb\x37\x3b\x26\xae\xbc\xf0\x42\xdf\x3c\x1f\xbf\xf2\
\x4a\xcf\xf7\x4d\x98\x76\x72\xe5\xc5\x17\xfb\x5e\x37\x3a\x00\xee\
\x04\x98\x26\xf9\xe8\xa6\x49\xb1\xae\xbc\x1e\x69\x24\x81\x8d\xcb\
\x82\xaa\x59\x10\x22\x83\xd8\x0d\xb9\xe0\xcc\x5b\xf8\xfc\x4f\x0e\
\x3c\xa8\x83\x74\x00\xe0\xfd\x9f\xfd\xcc\xd7\xd6\x34\xc2\x30\xf7\
\x5d\x15\xb5\x27\xae\x05\x6f\x47\xe3\x4d\x5a\x4c\xa2\x7a\x8e\xa2\
\x1e\x08\x7c\x04\x02\x66\x86\x3a\x3d\x48\x26\x39\xb9\x06\x3e\xff\
\xed\xc3\xd7\xd6\x2c\x14\x98\x35\xeb\xde\x77\x91\x91\x95\x84\x31\
\xc6\x98\xee\xe2\xb0\x1c\xc6\x18\x63\xb2\x58\x49\x18\x63\x8c\xc9\
\x62\x25\x61\x8c\x31\x26\x8b\x95\x84\x31\xc6\x98\x2c\x56\x12\xc6\
\x18\x63\xb2\x58\x49\x18\x63\x8c\xc9\xd2\x48\x14\x58\x7c\xb8\x97\
\xde\x77\x5f\x61\xea\x43\x5c\x95\xba\x8b\xa7\x38\xff\xac\x57\xb1\
\x2f\x7d\x3b\x29\x43\x22\xf4\x09\xc5\xd1\x0b\x9e\x2d\x5f\x5b\x33\
\x2c\xa3\xde\x77\x62\x24\x25\xc1\x8d\xbb\xea\xe9\xa7\x8b\xbb\xb7\
\x6d\x2b\xcc\xe8\xb0\xe8\x65\xd8\x95\xb6\x9c\x7b\xae\x81\x85\x48\
\xbb\xe1\x9a\x0e\xbb\x42\xde\xd7\xd6\x8c\x4a\x9d\xfb\x2e\x65\xa4\
\xc5\x74\x0f\xfc\xdd\xdf\x15\x4b\xef\xbf\xbf\x30\xcd\x31\xcc\x45\
\x5d\xf5\xd4\x53\xa5\x10\x31\x93\x41\x19\x4a\xe5\x2f\xfe\x62\xa0\
\xde\x9d\xaf\xad\x69\x8a\x61\xee\xbb\x2a\x6a\xcf\x49\xd0\xcb\xb1\
\x82\x68\x1e\xcc\x46\xbc\x4f\xa0\x1f\xcb\x1e\x7a\xc8\x42\x64\xc2\
\x60\x44\xb0\xe6\xaf\xfe\xaa\x6f\x3e\xee\x01\x5f\x5b\xd3\x14\xdc\
\x77\xdf\x7c\xe6\x99\xa2\x2e\xb5\x95\xc4\x5d\x8f\x3e\x5a\x98\xf1\
\x30\x48\x1c\xac\xbb\xfe\xf4\x4f\x0b\x33\x79\xa0\x00\xfa\xbd\x2c\
\x8a\x58\x4d\xc6\x34\x09\xf7\x5c\xdd\x79\xe3\xda\x4a\xc2\xa3\x88\
\xf1\xd2\xef\xfc\x2e\xb9\xe7\x9e\xc2\x4c\x26\xfd\xae\x9d\x9d\x40\
\xcc\x38\x98\x77\x25\x61\x8c\x31\xa6\xfb\x58\x49\x18\x63\x8c\xc9\
\x62\x25\x61\x8c\x31\x26\x8b\x95\x84\x31\xc6\x98\x2c\x56\x12\xc6\
\x18\x63\xb2\x58\x49\x18\x63\x26\x92\xd9\xd9\xd9\xe2\xc2\x85\x0b\
\x85\x19\x2f\x56\x12\xc6\x98\x89\x03\x05\xb1\x65\xcb\x96\x62\xc5\
\x8a\x15\x85\x19\x2f\x56\x12\xc6\x74\x88\xe3\xc7\x8f\xcf\x7d\xae\
\x5d\xbb\x56\xcc\x17\xe7\xce\x9d\x2b\xf6\xed\xdb\x57\xcc\x17\x07\
\x0e\x1c\x28\xb6\x6d\xdb\x56\xcc\xcc\xcc\x94\x0a\x63\xe5\xca\x95\
\xc5\xa9\x53\xa7\x8a\x5d\xbb\x76\xcd\xfb\xe8\xe2\xc4\x89\x13\xc5\
\xc1\x83\x07\x8b\x71\x70\xe4\xc8\x91\xb2\xfc\x85\xa4\x91\x28\xb0\
\xc6\x98\x76\x80\x90\xdc\xbb\x77\x6f\xd9\xc3\x46\x49\xf0\x8d\xd0\
\xe4\x37\x02\x95\xef\xf5\xeb\xd7\x97\xdf\xa4\x4b\xc8\x6e\xde\xbc\
\x79\xae\x8c\xb3\x67\xcf\x96\xe9\xc0\xb7\xf6\x57\x9e\xb8\x1f\xe5\
\xf3\xfb\xd2\xa5\x4b\x73\xc2\x39\x2d\x9b\xfa\x62\x3b\x62\x5d\x69\
\x5a\xac\x5b\xfb\x40\xdc\x07\x4e\x9f\x3e\x5d\x9c\x3f\x7f\xbe\xfc\
\x8d\x80\xa6\x0e\x3e\x28\xaa\x1d\x3b\x76\xdc\x56\xb6\x8e\x5b\xe7\
\x84\x7c\x6c\xe3\xbf\xea\x20\x8f\xea\xa5\xcd\x7c\x62\x5a\x2c\x2b\
\x4d\x53\x7e\xa1\x34\xfd\xa6\xed\x83\x1c\x7b\x3c\x6f\xf1\xda\xa9\
\xbe\x85\xc2\x4a\xc2\x98\x8e\xb1\x75\xeb\xd6\x39\x61\x86\xd0\x64\
\x54\x81\x60\x94\x32\xd8\xbf\x7f\x7f\xb1\x61\xc3\x86\xdb\x84\xdd\
\x8d\x1b\xff\x1e\xe7\x13\x33\x0e\xdb\x50\x36\x08\x2b\x7a\xe8\xfc\
\x47\x01\x21\x98\xb7\x6f\xdf\x5e\xe6\xa3\x4c\xb6\x9d\x3c\x79\x72\
\x6e\x5f\x99\x81\x24\xe8\x28\x1b\x05\x42\x8f\x58\xed\x50\x39\x32\
\x17\x49\x20\x9e\x39\x73\xe6\xb6\xba\xc9\x2f\x25\xc5\xff\x3d\x7b\
\xf6\xcc\xb5\x17\xaa\x84\xb5\x40\x71\x1c\x3e\x7c\xb8\x3c\x5e\x14\
\x0f\xf5\x72\xdc\xb4\x9d\xf6\xd2\x06\xea\xe3\x3c\x48\x69\x1c\x3b\
\x76\xac\x2c\x83\x73\xa6\xfd\xc8\xc3\x36\x29\x22\x7e\x93\x46\xef\
\x3e\x96\xbf\x2d\x44\xc2\xd6\x88\x46\xca\x58\xca\x48\x8a\x47\xf5\
\xa6\xc7\xae\x6b\x22\xa5\xc3\xf1\xb7\x01\x2b\x09\x63\x3a\x06\x42\
\x4e\x82\x07\x41\x86\x40\x46\x60\x49\x90\x21\xb0\xf9\x8d\x50\x44\
\xc0\x21\x98\x53\x10\xa4\xec\xb3\x68\xd1\xa2\xd2\xb4\xb3\x7a\xf5\
\xea\x52\x40\xd2\x83\x07\xd2\xe8\xb1\x23\x3c\x11\x98\x28\x26\x60\
\xbb\x04\x21\x02\x10\x33\x90\xf2\xab\x1d\xd4\xa9\x49\x67\xda\x00\
\x08\x55\x09\x79\xd5\x8d\xb0\xe5\x38\xd8\x57\xe5\x8b\x38\x17\xc1\
\xb1\xa4\xa3\x21\x29\x2f\xd2\x38\x1f\xd4\xc5\xef\x9d\x3b\x77\x96\
\xc7\x2b\x05\xa4\xb2\x0e\x1d\x3a\x54\xd6\xc9\xf1\x50\xde\xa6\x4d\
\x9b\xca\xf6\x73\x6c\x52\x02\xeb\xd6\xad\x2b\xd3\x38\x46\xf6\x8f\
\xe5\xa7\xa6\x3d\xca\xe2\x78\xc9\x4b\x9d\x57\xaf\x5e\x2d\xdb\xb8\
\x66\xcd\x9a\xb2\x3c\x1d\x3b\xfb\x49\x91\xf3\x9b\xf3\x06\x3a\x6f\
\x6d\xc0\x73\x12\xc6\x74\x0c\x84\x97\x84\x8d\x7a\xab\xfa\x2d\xaa\
\xd2\x22\x4a\x57\x2f\x18\x10\x88\x08\xca\xb8\x7f\xfa\x3b\x12\xd3\
\xd3\x7a\xe2\xb6\xeb\xd7\xaf\x97\x82\x34\xd6\x09\xf4\xfc\x11\xd6\
\x08\x7c\x14\x5b\x2c\xab\xdf\x7c\x0b\xdb\x95\x07\x01\x9d\x1e\x9b\
\xb6\xa1\x80\xa8\x03\x41\x2d\x05\x28\x10\xf4\x52\x16\x1a\x69\x91\
\x86\xc2\x54\x1d\x55\xe5\xab\x0e\x58\xbe\x7c\xf9\xd7\x8e\x3d\xfe\
\x47\x09\x73\xec\x52\x58\xf3\x39\x8f\x34\x28\x1e\x49\x98\x4e\xa3\
\xe1\xfc\x34\x41\xaf\x1c\xe8\x1d\x63\xa2\xe1\xbf\x04\x23\x82\x9e\
\x11\x00\x66\x17\x7a\xd4\xd1\x44\x53\x05\xfb\x33\x1a\x91\x19\x44\
\x3d\x7f\x84\x2b\xbd\x5f\x7a\xc4\x28\x25\x09\x37\xca\x26\x3f\x65\
\x47\x81\x47\x39\xd4\xa9\x6b\x41\x2f\x9b\xd1\x81\x84\x3f\xc2\x38\
\xbd\x4e\x9a\x0c\xa6\x1c\xb6\x0b\x09\x54\x7a\xe4\xe9\x5c\x45\xac\
\x8f\xe3\xa6\x0c\xcd\x8b\x90\x5f\x23\x0c\xda\x42\xfd\x1c\x07\xdb\
\xe2\x7e\x1a\x19\x70\x6c\xfc\xe7\x43\x3b\x2f\x5f\xbe\x7c\x5b\x9a\
\xca\x4f\xe7\x1a\xfa\x41\x7d\xe9\xb1\xb3\x3f\xc7\x15\xcd\x80\x11\
\xce\x35\xce\x01\x3a\xff\xf3\x49\xed\x97\x0e\xad\x7f\xf9\xe5\xc2\
\x8c\x0f\x5e\x3c\xc4\x9b\xea\x72\xac\x7d\xee\xb9\xbe\x21\xa7\x05\
\x0f\x86\x1e\x58\x4d\xf0\x4d\x0b\x98\x09\x18\xba\x2f\xc4\xc3\x95\
\xe3\xfd\xe7\x9f\x2f\x3e\x7e\xf5\xd5\xec\x76\xde\x27\x72\xd7\x63\
\x8f\x15\x75\x40\x10\x0a\xcd\x43\x20\xd8\xf8\x8d\xf0\xe6\x5c\xd0\
\x43\x27\x9f\x84\x32\x02\x3d\xce\x49\xa4\xc2\x57\x73\x00\xba\x6f\
\x30\x99\xe8\x7c\x6a\x52\x9a\x7a\xd2\x49\x71\xd9\xf0\xe3\x84\x77\
\x2c\x47\x75\xb1\xbf\xd2\xd2\xba\xd3\xed\x02\xe1\xac\x39\x03\x29\
\x3a\x84\xab\xe6\x1f\x62\x9b\xd2\xd1\x94\xf2\x69\xde\x26\xad\x43\
\x73\x02\x2a\xa7\x57\x5a\xec\x84\xc4\x89\xef\x78\x2e\xb4\x9f\xce\
\x4b\x9c\xa4\x4f\x8f\x4d\xed\xd7\xf9\x93\x73\x00\xca\x8c\x11\xc7\
\x30\xca\x28\xa5\xdf\x7d\x97\xc3\x4a\xa2\xa5\x34\xa9\x24\x34\x41\
\xa8\xe1\x73\xf4\xb6\xd0\x8d\x98\x7a\xbc\xc8\x93\x23\xe7\x95\x22\
\x06\xf1\xe4\xa8\xf2\xda\x88\x0f\x5c\x7c\xa8\x62\xbb\xb4\x4d\x65\
\xe8\x01\xaf\xaa\xb3\xaa\x1e\x4d\x7a\xea\xd8\xab\xda\xa5\xba\x47\
\x79\xf8\x86\x65\x9c\x4a\x22\x05\xc5\x40\x8f\x95\xe3\xa3\xb3\x20\
\x33\x14\xf7\x04\x69\x1c\x3f\xf7\x04\xf9\x06\x45\x4a\x62\x3e\xcf\
\x59\x0a\xd7\x0c\xa1\xc9\x84\xf6\x42\xb6\x63\xbe\x90\xd2\x18\x85\
\xba\x4a\xc2\xe6\xa6\x29\x01\x41\x20\xbf\x72\x86\xae\xf2\xe0\x40\
\x70\xf0\xcd\x43\x1f\xbd\x52\x10\x1e\x0c\xcb\xc9\xcb\x30\x9b\xff\
\xd1\xc3\x44\xa4\x9e\x1c\xb1\x37\xa5\x72\x35\x84\x56\xb9\x08\x24\
\xca\xa5\x3d\x32\x43\x50\x36\x36\x61\x79\x8c\xc8\x8b\x44\x3d\x46\
\x4d\x64\xaa\xe7\x48\x9d\x12\x72\x08\x8b\xe8\xb1\xa3\x5e\x9f\xbc\
\x50\xa4\x2c\xe4\xa1\xc2\x77\xea\x4d\xa2\x32\xba\x06\xe7\x55\x1d\
\x01\xcc\x4f\xd1\xdc\x23\x05\x3a\xac\x90\xe5\x9a\x2e\xf4\x68\x94\
\x76\x73\x3f\x4c\x0b\x0b\x79\xbe\xad\x24\xa6\x04\x7a\x93\x08\x61\
\x04\x05\x82\x93\xe1\xab\x6c\xad\x3c\x6c\x17\x2f\x5e\x2c\xf3\xc9\
\x2b\x85\xde\x22\xa8\x07\xaf\x09\xbe\x2a\x10\x32\xec\x17\x3d\x39\
\x10\xec\x08\x7f\x6c\xd4\x55\x5e\x1b\x28\x08\xea\xc5\x36\xcb\x76\
\xf2\xb1\x8d\x7c\xf2\xc4\xd1\x44\xa2\x04\x38\x8a\x8d\xb6\x6b\x34\
\xa4\x3a\x11\x84\x6a\x5b\xda\xfe\x14\xca\x65\xe2\x91\xf6\xa9\x5e\
\x79\x98\x70\x3e\xba\x38\x7f\x51\xa5\x04\xa2\xbf\x7f\x13\xe5\x99\
\xee\x62\xef\xa6\x29\x01\x21\x2f\x01\x8c\xc7\x45\xea\x45\x51\xe5\
\xa1\xa1\xfd\x10\xe4\x08\xf4\x7e\x2b\x6a\xa3\x27\x47\x34\x2d\x41\
\xea\x4d\x83\x70\xa6\x27\x8b\x22\x89\x42\xa7\x97\xd7\x4c\x95\x00\
\xa7\xce\x5c\xfe\x88\xd6\x07\x70\x0e\x34\xb1\x2b\xe4\x61\x32\x6d\
\x13\xdc\xa6\x59\x66\x3b\x1a\x4b\xca\x4a\x62\x4a\x90\xc7\x09\x3d\
\x71\x04\x22\xc2\x5f\xfe\xe2\x20\x1f\x7a\x7a\xe0\x98\x61\xe2\x7e\
\x8c\x36\x78\x00\xe8\x81\xd3\x73\xd7\x62\xaa\x41\x40\x29\xc9\x6b\
\x83\x4f\x54\x16\x8c\x00\x78\xa8\x64\xe6\xe1\x1b\x01\x4e\x3e\x46\
\x36\x5a\x39\x3b\x68\x3d\x94\x49\xfb\xab\xfc\xfe\x51\x72\x98\x99\
\x70\xb7\x04\x79\x93\x70\x3e\x38\x07\x1c\x9b\xfc\xd8\x8d\xa9\x0b\
\xf7\x5e\xd7\x14\x45\x27\xcc\x4d\xd1\x7b\x07\x61\xe7\x1e\xe1\xed\
\x60\x62\xd2\xf9\x91\x89\x81\x1e\xb5\x26\xa5\x11\x94\xfc\x8e\x1e\
\x2b\x12\x96\x08\xd0\xe8\x85\x11\xc3\x1e\x00\xc2\x56\xf6\x52\xbe\
\xb5\xfa\x56\x8b\xb9\x00\xfb\xb7\xe6\x15\xb4\xea\x54\x44\x1f\x71\
\x94\x06\xd7\x2f\x4e\x9a\x47\x13\x50\xac\x37\xad\x93\x3c\xac\xec\
\x4d\xbd\x43\xe4\xe7\x4f\x79\x5a\x74\xa5\x7d\xd5\x2e\x1d\x9b\xcc\
\x65\x5d\x42\x73\x31\x71\x55\x34\x60\xda\xd3\x62\xb0\x71\x83\xe2\
\xe7\x3a\x8e\xdb\xae\xce\x7d\x43\x07\x46\xf7\xdd\x7c\xa3\x95\xe2\
\x3c\x23\x0b\xd5\x86\x71\xd0\x09\xef\x26\x04\x9a\x7a\x86\x08\x92\
\x99\x10\x6f\x66\xa6\x47\xbc\x1a\xdd\xb4\xd1\x03\xa6\x2d\x34\xe9\
\xdd\x94\x82\xe0\x47\x70\x28\xa4\x00\x0f\x30\xc2\x51\x21\x0a\x34\
\xc1\x8c\xd0\x4d\x69\xc2\xcb\x42\xb4\xc1\x4b\x26\x22\x77\xc3\x71\
\x77\x32\xc6\xed\xdd\x14\xbd\xb8\xb8\xbe\x0a\x83\x11\xdd\x2f\x19\
\x1d\xf2\xac\xe4\x62\x3b\x55\x95\x95\x4b\xab\xf2\x12\x8b\xcf\x1a\
\xbd\x6b\x5d\xe7\x5e\x9e\x72\x71\xbf\xe8\x3e\x2b\x77\xd5\x18\x4f\
\x49\xf5\x69\x1f\x39\x31\x70\x4f\xc9\x9d\xb7\x97\x97\x5d\x1a\xd2\
\x23\x76\x60\x52\x37\xd5\xe8\xc2\x5b\x55\x1e\xc4\x34\x14\x30\xe6\
\xdb\xb6\x75\x56\xa7\xde\xbb\x89\x8b\xc4\xe4\x25\x17\x39\x8d\xdb\
\x42\x0f\x32\x7a\xbf\x70\xf1\x48\x47\x08\x72\x03\xeb\x86\x54\xa8\
\x81\xae\x23\x7f\x6b\xce\x01\xc7\xab\x1b\x5c\x71\x6a\xb8\xd1\x63\
\x2c\x9a\x48\x53\x0a\x82\x3a\xda\xa4\x20\xa0\xee\x44\x6e\x9b\x50\
\x4c\x20\x04\x1e\xd7\x50\x8e\x01\xf4\xb0\x63\xec\x20\x9e\x0f\x56\
\x4f\xb3\x40\x2b\x7d\x56\x34\xa2\x54\x67\x42\xf1\x96\x78\x5e\x62\
\xcc\x21\xd2\xa3\xf7\x9a\xbc\xc4\xb8\xa7\xa2\xa7\x9c\x84\x39\xdb\
\x30\xf7\xa5\xb1\x98\x84\x42\x84\xe8\x1e\x63\x3f\x3d\xa3\x94\x25\
\x0f\x37\x85\xbb\xd0\x22\x3f\xdd\xaf\xb1\x3c\xea\xc2\x2b\x2f\x8d\
\x8d\x24\x8f\x3e\x46\x51\xf1\xd8\xa5\x3c\x64\xf2\xa4\x5e\xc5\xa1\
\x42\xe9\x28\xb4\x47\x1a\x7f\x49\xb2\x43\xce\x15\xea\x6c\xa6\xf1\
\x9c\x26\x99\xce\x28\x09\xb9\x55\x72\xf1\xf9\x9d\xc6\x55\xc1\xa4\
\xc2\x7f\xd2\xb9\xa8\xb2\xbb\xab\xe7\x88\x49\x66\x9a\xbc\x36\xb8\
\xd1\x53\xd3\xca\x28\x1e\x2f\xc3\x52\xc7\xf5\xd2\xf4\x46\x31\x91\
\x14\x27\x28\xae\xa6\x96\xeb\x70\x3a\xe7\x52\xf5\xac\xa4\x48\x00\
\x57\xc5\x1c\xd2\xc8\x33\x7a\x89\x29\x6c\x45\xea\x69\x86\xd0\xee\
\xe5\x29\xa7\xf9\x32\xca\x97\xd7\x9a\x50\x87\x82\xed\x8c\x82\xb8\
\x4f\xd3\xe7\x39\x06\x00\xa4\xac\x18\x17\x2a\x2e\x32\x94\x0b\x2f\
\x6d\xe5\xf8\x15\x83\x2a\xe6\x89\xc8\x6d\x1b\xc5\xa1\x91\x97\x3c\
\xef\x50\xc2\x0a\xeb\xa1\xb9\xb5\xae\x99\xbb\x3b\x33\x71\x8d\x90\
\x97\x9d\x1d\xd2\xb8\x2a\xb9\x18\x36\x8a\x0f\xc3\x4d\x12\xe3\xc3\
\x18\x33\x69\xc4\xfb\x3a\xf7\xbb\x17\xa9\x87\x1b\x42\x98\xe7\x2a\
\x46\x7e\x15\xf2\x08\x43\x21\xa8\x7c\xa5\xc5\x3a\xe3\x48\x82\xb2\
\x86\xf1\x94\xcb\xd1\xef\x78\xb4\x5d\x4e\x0a\x6a\x53\x1a\xa7\x29\
\x2a\x44\x99\x56\xa3\x9c\xe8\xe5\x5d\x17\x15\x70\x3c\x6e\xed\xd7\
\x25\x45\xd1\x19\x25\xc1\x85\x97\x67\x81\x7c\xea\xe9\x5d\x30\xa4\
\x04\x6e\x4e\x0d\x1f\xe3\x0d\xaf\xf5\x03\xd0\x05\x73\x83\x99\x5e\
\xa2\x27\x19\xbd\xf7\x41\x16\x9b\x45\x8f\x32\x3d\x2b\x82\x67\x89\
\xe7\x48\x23\x00\x94\x06\x1f\x79\x84\x21\xc8\xe5\x28\xa2\xd0\xd9\
\x28\x0d\x39\x1f\xc8\xd3\x4c\x02\xb3\xca\x53\x2e\xba\x23\x33\x12\
\xa0\xcd\xe9\x33\x0a\x7a\x9e\xd9\x47\x23\x06\x99\xa7\xf8\xc4\x85\
\x90\x9a\x9b\xa4\x8d\xb4\x4b\xa6\x31\x94\x44\x0c\xe2\x17\xe7\xe2\
\x74\xec\x32\x47\x93\xa6\x36\xa8\x3c\x79\xe8\xd1\x46\x99\xa5\x65\
\xf6\xd2\xe8\x29\x86\x41\xc9\x45\xd8\x9d\x34\x3a\x61\x6e\x8a\x71\
\x79\x34\x0c\x95\xe9\x84\x8b\x18\xe3\x9f\xa8\xe7\x23\xdb\x2a\xa3\
\x8f\x5c\x7c\x98\xae\xa0\xd0\x05\x83\xd8\x48\x79\x68\x79\xe0\x06\
\x55\x98\xe3\xf4\x28\x99\x2f\x6f\x15\x3d\xd8\x5d\xb0\x21\xa7\x1e\
\x5b\x9c\xc3\x2a\x8f\x33\x99\x5c\x24\xf8\xb5\x3d\xc2\xf9\x88\x61\
\x5b\xa0\xea\x79\x49\xeb\x84\x2a\x4f\xb3\xd4\x53\x0e\x01\x1d\x7b\
\xe0\x0a\xaf\x9d\xc6\x5b\x02\x8e\x21\x8d\x9d\x14\xe7\x21\x74\xac\
\x3a\xbe\xb4\xae\xd8\xa6\x68\x56\x95\x42\x8b\xef\x76\xd0\x24\xbf\
\xe6\x59\xfa\x95\x17\xd3\x14\x63\x89\x34\x14\x4f\x17\xbc\xe5\x3a\
\x19\xbb\x29\x8d\x57\x23\x7b\x66\xf4\xde\xe1\x22\xa6\x6e\x81\x6d\
\xa2\xe9\xd8\x4d\xdc\xac\x4c\x54\xca\x1d\x14\x52\x6f\x2f\xce\x11\
\xbd\xbf\xe8\x1e\x1b\x3d\xc0\xe2\xc3\x15\x3d\x3b\xd2\x00\x71\x55\
\xb1\x9a\x66\xc2\x4b\x68\xaa\xca\xc9\xa5\xc9\x5b\xa5\x2a\x5f\x24\
\xc6\x72\xca\x79\xb4\xa4\x1e\x6d\x40\x3e\x4d\xd0\xea\x3e\xa9\x3a\
\x2f\x4d\x32\x9f\xb1\x9b\xda\xcc\xa0\x9e\x72\x98\x73\x10\xc8\xf1\
\xba\x2b\xba\x6b\x9b\x02\x37\xca\xdd\x18\xb3\x9a\xbc\xa4\xda\xd4\
\xf1\x74\xec\xa6\x40\x8c\x57\x53\xe5\xbd\x33\x8d\x93\xa6\x0a\x89\
\x8c\xd2\x44\x89\x62\x7e\xcb\xbd\x9d\x0c\x21\x89\xe0\x97\x3b\xb1\
\x82\xc1\xd1\x6b\xe2\xdc\xa6\xfb\xa6\x54\xc5\x6a\xa2\x7c\xc5\x5b\
\x52\xf4\x4e\xb6\x2b\xee\x13\x69\xea\xdd\x56\x95\x2d\xcf\x14\xe5\
\x4b\xaf\x1f\x0f\xa7\xde\xa0\x46\xb9\x6a\xa7\xcc\x1d\xd1\xa3\x8d\
\xd1\x89\x1e\x62\xce\x0b\x0b\xf7\xd8\x47\x2f\xcc\xe9\xf5\xd6\x36\
\xd3\x1c\x83\x0a\x50\xee\x95\xf4\x7e\x68\xa3\x17\x62\x5c\x27\xa4\
\xff\x5d\xa0\xb3\xb1\x9b\x36\x37\x1c\xaf\x66\xd2\x91\xcb\xa1\x62\
\x35\xc9\x45\xb2\xea\xed\x64\xd8\x7f\x15\x6b\x1f\xe1\x8b\x80\x55\
\xbc\x7f\x04\x7e\xaf\x7d\x15\x13\x29\x8d\xd5\x24\xb7\x64\x1e\x6e\
\xca\x97\x6d\x3a\xb6\x0b\xfb\x31\x43\xf4\xb4\xec\x68\x76\xd0\x1b\
\xc4\xaa\xd0\x7e\x5a\x14\x27\x5b\xb4\x4c\x15\xd1\xb3\x27\xbe\xf1\
\x0c\x13\x24\xe7\x84\xb2\x69\x5b\xbf\xb7\xb6\x99\xf9\x25\xf7\x2c\
\x9b\xf9\xc1\x61\x39\xa6\x84\x5e\x71\x8d\xaa\x60\x88\x0f\x71\x71\
\x19\x13\x95\xea\xc1\x55\x79\x8a\xc5\xff\xe9\xf6\x98\x0f\x2f\x1a\
\xb6\xa7\x31\xa4\xa2\x27\x4c\x5a\x66\xaf\x37\x88\xa5\xd0\xf3\x57\
\xbb\xab\xca\x93\x47\x1b\x66\x26\x7b\xb4\x19\xd3\x1b\x47\x81\x9d\
\x12\xe8\xc5\xd3\x33\xe6\x83\x70\x64\x7e\x42\x6f\x26\x9b\x4d\xde\
\x4e\x46\x5e\x79\xad\xe8\x4d\x63\x08\x66\xf6\xd5\x22\xac\xdc\x9b\
\xcd\xa2\x87\x8d\x4c\x3f\x40\x39\x8c\x1a\x34\x12\x61\x72\x90\x6f\
\xca\x91\x7f\xbf\x6c\xb9\x69\xbb\x28\x23\x7d\x83\x98\xde\x55\x1c\
\xcd\x0e\xea\xf9\xeb\xed\x61\xb9\xb7\xa4\xa1\x18\xa4\x40\x50\x54\
\x32\x4d\xd2\x16\x14\x48\xee\xbc\x18\x33\x8d\x58\x49\x4c\x01\x71\
\x22\x0d\x33\x8a\x86\xea\x12\xd4\xd1\x8b\x83\xed\x28\x01\x2d\xbe\
\x62\x9b\xbc\x3d\xd8\xa6\x11\x41\xdc\x9e\x0a\x53\xea\x03\x84\x2f\
\x02\x57\xae\x92\x0a\x9d\x20\x0f\x15\x95\x9d\x7a\xad\xa4\xed\x8a\
\x71\x99\x64\x32\x44\xf8\xa3\x38\x22\x28\x0e\x99\xc5\xa2\x37\x8e\
\xca\xd7\x64\x74\x95\x87\x0e\xe5\xcb\x3c\x55\x75\x5e\xa6\x15\x8e\
\x1f\x85\xcf\xb5\x5f\x28\xef\x2f\x29\x6c\x2f\xbe\x5c\x18\xfc\x66\
\xba\x96\x32\xce\xd8\x4d\xe3\x46\xab\xd9\xa5\x98\xaa\x26\x1e\x47\
\x25\xf5\x1c\x61\x02\x7c\xe6\x56\x58\x85\xb6\x33\x9f\xb1\x9b\xa0\
\xea\x8d\x7d\xfd\x62\x36\x09\x46\x7f\xcc\x13\xe9\x3d\xd6\x31\x24\
\x87\x84\xf7\x4c\x45\x2c\xa4\x74\xfe\x4f\x0e\x23\xd1\xdb\x2d\xb6\
\x2d\xc6\x6a\x4a\x3d\xd9\xe4\x94\x20\xc7\x86\x18\x6f\x29\xc6\x59\
\x32\xbd\xb1\x77\x93\x69\x0d\xf4\xc4\x15\x99\x37\x8e\x3e\x9a\x24\
\x15\x68\x5d\x7d\x61\xd0\xb0\xc4\xd8\x4d\x9b\x93\x37\x03\xce\x86\
\x37\xf6\x55\xc5\x6c\x8a\xd1\x82\x81\x7d\xc8\x27\xa1\x8d\x99\x8e\
\x6f\xcc\x78\x7a\xc3\x9f\x04\xb5\xde\x02\x88\x29\x53\x69\xdc\x07\
\xba\x26\xcc\x25\x69\x44\xd7\xcf\xc3\x2e\xf5\x64\x93\x52\x60\x3f\
\x2d\xf0\x53\xbc\x25\xa8\x0a\x44\x69\x9a\xc3\x4a\xc2\x8c\x85\xf9\
\x36\x4d\x74\x75\x21\xe4\x30\x54\xc5\x56\xca\xbd\xb1\x4f\x41\xee\
\x62\xcc\x26\x84\x78\x0c\x97\xc1\x76\xae\xa3\x94\x08\x4a\x42\x6f\
\x34\x44\x90\x93\x86\x69\x52\xb1\xd1\x28\x53\x69\x94\x45\x5a\x0c\
\xba\x37\x88\x87\x5d\x95\x27\x9b\x82\x14\xea\x1d\x28\x6a\x83\xd6\
\xb7\x98\xf1\x62\x25\x61\x4c\x47\x88\x9e\x68\x31\x9e\x50\x95\x87\
\x57\xf4\x24\xc3\xdb\x8c\xfc\x08\xe4\x7e\xab\xdb\xe3\x68\x4d\xeb\
\x47\xd8\x0f\xc5\x80\xd0\x56\x1a\xca\x47\xa1\x2a\x62\x9d\xbd\xfe\
\xab\x7c\x94\x80\x22\xaf\xa6\xf3\x4e\x55\x6f\x55\x34\xe3\xc5\x4a\
\xc2\x98\x8e\x80\xb0\xe6\xa3\x78\x45\x8c\x22\xe8\xa9\xd3\xdb\x4e\
\xa3\xbf\xd2\x13\x67\x1e\x47\x2b\x97\x87\x1d\xf9\xb1\x3f\xfb\xb2\
\x10\x91\xfd\xf9\xaf\x51\x42\x4c\x8b\x44\x0f\x3b\x46\x29\x83\x7a\
\xb2\x69\x6e\x0b\xa5\xc1\x68\x84\x7d\xe4\x11\x67\xc6\x8f\x95\x84\
\x31\x1d\xa2\xca\x73\xab\xea\x8d\x83\x9b\x6f\xbd\x51\x90\x7c\x8a\
\x6f\x56\x05\xf3\x0f\x98\x7b\x40\x5e\x72\xa0\x77\x92\x44\xcf\x34\
\xbd\x59\x30\xf5\x56\x13\x0a\x84\xa7\x37\x09\xc2\x20\x9e\x6c\xca\
\xa7\xc9\x6a\x79\xa2\xd9\xfb\x6c\x7e\xb0\x92\x30\xa6\x63\x44\x6f\
\x9f\x18\xfa\x44\x9e\x45\x6c\x4f\xe3\x9b\xf1\xbf\x8a\xe8\xa1\x94\
\xce\xfb\xcc\x54\x44\x30\x98\xe9\x13\xd5\x20\xf5\x44\x8a\xf9\xe3\
\x7e\x55\xf9\x06\x69\x93\x69\x1e\x2b\x09\x63\x3a\x8c\x7a\xe6\xf2\
\x36\x93\x59\x29\x17\xdf\x6c\x5c\xc4\x51\x88\x99\x2c\xac\x24\x8c\
\x99\x02\xaa\xe6\x1c\xe6\x73\x7d\x81\x7b\xfc\x93\x8b\x63\x37\x19\
\x63\x8c\xc9\x62\x25\x61\x8c\x31\x26\x8b\x95\x84\x31\xc6\x98\x2c\
\x56\x12\xc6\x18\x33\x05\x7c\xf5\xe9\xa7\x45\x1d\x6a\x2b\x89\x2f\
\x3f\xf8\xa0\x30\xe3\xa3\xdf\xf9\xf5\xf9\x9f\x5c\xbe\xfc\xf0\xc3\
\x9e\xdb\x3f\x7b\xef\xbd\xc2\x98\xa6\x99\x77\x25\xf1\xf1\x2b\xaf\
\x14\x66\x3c\x20\x24\xfa\x29\x81\x3a\xd1\x1c\xcd\xc2\xc3\x75\xed\
\x15\xdd\x17\xac\x24\x4c\xd3\x0c\x72\xdf\xe5\xa8\xad\x24\x3e\x3a\
\x75\xca\xbd\xd9\x31\x80\xb6\xbf\xf4\xd7\x7f\xdd\x37\x1f\x17\xdc\
\x8a\x62\xf2\xf8\xfd\xd1\xa3\x7d\xf3\x70\x6d\xaf\xbc\xf8\x62\x61\
\x4c\x53\x0c\x72\xdf\xe5\x58\xbc\x7b\xed\xda\x03\x45\x0d\x6e\xfc\
\xdb\xbf\x15\xd7\x5f\x7b\xad\x58\x72\xef\xbd\xc5\x1d\xff\xf9\x3f\
\x17\x66\x74\x50\xba\xef\xfd\xf8\xc7\xc5\x17\xff\xf4\x4f\x03\xe5\
\xe7\xfc\x2f\x5e\xb6\xac\xb8\xf3\xc1\x07\x0b\xd3\x6e\x50\xfe\x97\
\x7f\xfa\xd3\xf2\x9a\x0d\x42\xd9\xeb\x5b\xb4\xa8\xb5\xef\x0c\x31\
\x93\xc1\xb0\xf7\x5d\x15\xb5\x5f\x3a\x14\x59\x7a\xff\xfd\xc5\xd2\
\xfb\xee\x2b\x4c\x7d\x46\x19\x0e\xa2\xa8\x39\xff\x28\x0c\xd3\x3e\
\xb8\xb6\x9f\xbd\xfb\x6e\x2d\x9b\xb0\xaf\xad\xa9\xcb\x28\xf7\x5d\
\xa4\x11\x25\x61\x8c\x31\xa6\x9b\xd8\x05\xd6\x18\x63\x4c\x16\x2b\
\x09\x63\x8c\x31\x59\xac\x24\x8c\x31\xc6\x64\xb1\x92\x30\xc6\x18\
\x93\xc5\x4a\xc2\x18\x63\x4c\x16\x2b\x09\x63\x8c\x31\x59\x46\x7e\
\xe9\xd0\xe2\x3b\xef\x2c\x96\x6f\xdc\x58\xae\x95\xe0\xb7\x19\x1e\
\xfc\x98\xf1\x67\xfe\xe4\xad\xb7\x6a\xad\x62\x5f\xf6\xd0\x43\xc5\
\xf2\xef\x7e\xd7\xe7\xbf\xa5\x10\x66\x83\xc5\x4c\xbe\xb6\x66\x3e\
\x19\xe5\xbe\x8b\x8c\xb4\x4e\x02\xc5\xb0\xe6\xc7\x3f\x2e\x17\xfc\
\x98\xd1\x41\x59\x5c\x79\xe1\x85\x32\xe4\xc9\x20\x70\xde\xbf\xf5\
\x83\x1f\x78\x55\xee\x84\xc0\xb5\x1d\x34\xdc\x06\x4a\xe1\x5b\x3f\
\xfc\x61\xd9\x01\x33\x66\x14\x86\xb9\xef\xaa\xa8\x1d\x96\x03\x01\
\x75\xff\x4f\x7e\x62\x05\xd1\x20\x7f\xb4\x64\x49\xf1\x9f\xfe\xe4\
\x4f\xca\x1e\xc0\x17\xff\xfc\xcf\x7d\xf3\x3f\xf0\xf3\x9f\x97\x8a\
\xda\x4c\x06\x28\x73\x3a\x02\xff\xfa\xf6\xdb\x7d\xf3\xfe\xe7\xff\
\xf9\x3f\x8b\x95\x9b\x36\x15\xc6\x8c\xca\x30\xf7\x5d\x15\xb5\xe7\
\x24\x56\x3d\xfd\xb4\x15\xc4\x98\xf8\xe6\x33\xcf\xf4\xcd\x73\xd7\
\x63\x8f\xf9\xfc\x4f\x20\x3c\x37\xfd\x4c\x47\x98\x98\xee\x7a\xf4\
\xd1\xc2\x98\xa6\x18\xe4\xbe\xcb\x51\x5b\x49\x78\x18\x3c\x3e\x10\
\xfe\x4b\xee\xb9\xa7\x67\x1e\x9f\xff\xc9\x84\x07\xb5\x9f\x79\x90\
\x39\x08\x63\x9a\x84\xfb\xae\x6e\xa7\xb2\xb6\x92\xf0\x44\xda\x78\
\x59\xb2\x6a\x55\xcf\xed\x3e\xff\x93\x4b\xbf\x6b\xe7\x6b\x6b\xc6\
\x41\xdd\x20\xac\x76\x81\x35\xc6\x18\x93\xc5\x4a\xc2\x18\x63\x4c\
\x16\x2b\x09\x63\x8c\x31\x59\xac\x24\x8c\x31\xc6\x64\xb1\x92\x30\
\xc6\x18\x93\xc5\x4a\xc2\x18\xd3\x59\x8e\x1f\x3f\x5e\x9c\x1a\x30\
\x82\x81\xa9\xc6\x4a\xc2\x18\xd3\x49\x66\x67\x67\x8b\x83\x07\x0f\
\x16\xeb\xd7\xaf\x2f\x4c\x7d\xac\x24\x8c\xe9\x08\x17\x2e\x5c\x28\
\xb6\x6c\xd9\x32\xf7\xd9\xb7\x6f\x5f\x31\x5f\x54\xf5\xd8\x69\xc3\
\x89\x13\x27\x06\xda\x7f\xef\xde\xbd\xa5\x50\x07\x04\xfb\xd9\xb3\
\x67\x8b\x51\xa1\xcc\x03\x07\x0e\x14\x33\x33\x33\x95\xdb\xa9\x6f\
\xd1\xa2\x45\xc5\x38\xa1\xfc\x26\x8e\x65\x21\x19\x39\x0a\xac\x31\
\xa6\x1d\x20\x0c\xf7\xef\xdf\x5f\xec\xda\xb5\xab\x14\x90\x9b\x36\
\x6d\x2a\x15\xc7\xc5\x8b\x17\x4b\x81\xb8\x67\xcf\x9e\xf2\x3f\x82\
\x9b\xbc\xfc\x5f\xb1\x62\x45\x29\xc4\x48\xdb\xbc\x79\x73\xb1\x75\
\xeb\xd6\x32\x0d\xc8\x7b\xee\xdc\xb9\xe2\xda\xb5\x6b\xc5\xd5\xab\
\x57\xcb\x32\xd9\x76\xe4\xc8\x91\xb2\x1e\x40\xa0\xef\xd8\xb1\xa3\
\x4c\x63\x1b\x1f\xca\x11\x97\x2e\x5d\x2a\xf7\xdb\xb0\x61\x43\x99\
\x4f\xed\xe1\x37\x6d\x3a\x7d\xfa\x74\xd9\x4e\xea\xbf\x7e\xfd\x7a\
\x59\x3f\x0a\x87\x7c\x2a\xef\xf0\xe1\xc3\x65\x59\x94\x43\xbb\xa9\
\x6b\xdd\xba\x75\x65\xbb\x18\x25\xa4\xdb\x05\x6d\xd7\x36\xf2\xb2\
\x1f\xc7\x41\xfb\xa8\x6b\x53\x88\x8d\xa5\xf6\x73\x2e\xd8\xbe\x7a\
\xf5\xea\xb9\x73\x42\x5b\x81\x76\x51\xa6\xd2\xaa\xce\x0f\xf5\xc7\
\xf3\xd9\x05\x3c\x92\x30\xa6\x23\x44\x01\x8d\x10\x45\x80\x22\xc8\
\x76\xee\xdc\x59\x0a\x64\x3e\x28\x10\x29\x8f\xed\xdb\xb7\x97\xdf\
\x4a\x63\x24\x10\x47\x1f\x6c\x43\xf0\x21\x30\x2f\x5f\xbe\x5c\xe6\
\x43\x20\xd2\x3b\x17\xfc\x46\xe0\x4a\xa0\x4b\xc1\x08\x84\x25\xed\
\x20\x1f\x0a\x85\x32\x11\xb6\x40\x7b\x10\xe2\xda\x87\x7a\xf4\x5b\
\x65\x31\x1a\x01\x84\x2f\x8a\x86\xfa\xd9\x87\xb2\x80\x63\x50\xfd\
\x52\x08\x2a\x9b\xbc\x52\x1a\xe4\xa7\x5e\xda\xc2\x31\xaa\x0d\x82\
\x7d\x39\x7e\xb6\x73\xbe\x50\x1a\xfc\xe6\xf8\x11\xfa\xec\xcf\x87\
\xf3\xc4\xb1\xb0\x9d\x63\x61\x3f\xda\x8d\xe2\xa3\x5c\xea\xa5\xcd\
\xa4\x9d\x39\x73\xa6\xe8\x02\x1e\x49\x18\xd3\x71\x50\x1c\xc7\x8e\
\x1d\x2b\x05\x1b\x82\x13\xc1\xcd\xb7\x7a\xf2\xa0\x34\x3e\xe9\xbe\
\x08\x4d\x84\x2d\x4a\xa2\x8a\xe5\xcb\x97\x97\xdb\xf9\xa4\xf6\x7f\
\x04\xaa\x7a\xe2\xd4\xcf\xe8\x25\x85\xfd\xa4\xe0\xf8\xf0\x5f\xca\
\x8e\x36\x22\x80\xf9\xd0\x36\x04\x33\x1c\x3a\x74\xa8\xac\x8b\xed\
\x94\x4b\x7e\x8d\x6e\xaa\x40\xd0\xc7\xb6\x54\x99\xc1\x68\x1b\xe5\
\xa0\x40\xb6\x6d\xdb\x56\xe6\x45\x71\xa0\x20\xab\xf6\xe7\x37\x6d\
\xe5\xfc\x28\x4d\x23\x11\x29\x52\x9d\xdf\x49\xc6\x4a\xc2\x98\x29\
\x81\xd1\x05\xc2\xf8\xe4\xc9\x93\xa5\x30\xa3\x07\x7e\xe3\xc6\x8d\
\x52\xd0\xd1\xeb\x45\x20\x92\xd6\x0b\xf5\xf4\x35\x7f\x10\x49\x15\
\x0c\x20\xd4\x11\xa6\xd4\xa7\x5e\xbd\x46\x35\x98\x6a\x7a\xed\xaf\
\xd1\x04\x0a\x0e\xa2\x09\x47\xed\xc0\xe6\xcf\xf1\xb0\x8d\x9e\x3c\
\xbf\x41\x8a\x87\x7a\xf4\x9b\xb6\x60\xce\xea\x37\x47\x90\x8e\x86\
\x00\x45\x18\xf7\xcf\xcd\x73\x90\x4e\x3e\x1d\xa3\x8e\x49\xe7\x2b\
\xb7\x5f\x9b\xb1\xb9\xc9\x98\x8e\x11\x05\x51\x34\x01\x21\x60\xe9\
\x21\xaf\x59\xb3\xa6\x34\x9d\xa0\x34\xe8\x05\xd3\x23\x5f\xb9\x72\
\xe5\x9c\x39\xa5\x6a\x5f\xbe\x25\x6c\xe9\xb1\x63\xfa\x61\x64\xa1\
\xba\x24\x3c\xe9\xd5\xc7\x76\x20\x30\x29\x9b\x91\x00\xbd\x7f\xea\
\xa7\x5e\xf6\x67\x9b\xf6\x47\x91\x20\xe4\x29\x83\xb2\xe8\x89\xf3\
\x9b\x7d\x30\xdf\x90\x1f\x41\x9d\x1e\x1f\x4a\x0e\x93\x13\x0a\x4e\
\xbd\x7c\xc1\x71\xa9\x27\x8f\xa2\xa1\x3c\x8e\x5d\xe6\xa9\x58\x56\
\x2c\x93\xdf\xb1\x2e\x7e\x63\x56\xd2\xb1\x30\xb2\xe0\x1c\xa4\xe7\
\x47\xa3\x21\xce\xa9\xce\xb1\xca\xa5\x8d\x93\x4a\xed\x37\xd3\xad\
\x7f\xf9\xe5\xc2\x8c\x8f\xdf\x3d\xfb\x6c\xf1\xc9\x9b\x6f\x66\xb7\
\xaf\x7d\xee\xb9\x81\xdf\x48\xc7\xcd\xaa\x9e\x4c\x9c\x88\x6b\x1a\
\x09\x99\xb6\x4d\xd8\x21\xcc\x10\x36\x55\x3d\xc4\x85\xe0\xfd\xe7\
\x9f\x2f\x3e\x7e\xf5\xd5\xec\x76\xde\x36\xc8\xfb\x42\xcc\x68\xa0\
\x14\xb8\xf6\xe7\xcf\x9f\x5f\xd0\x6b\xcf\x68\x02\x25\xb1\xd0\x73\
\x14\xfd\xee\xbb\x1c\x36\x37\x4d\x01\x3c\x2c\xf4\xde\xe8\xc5\x71\
\xb3\xca\xec\x90\x7a\x85\x68\x52\x91\x5e\x1b\x3d\x34\x7a\x62\xdc\
\xe0\xf4\x9c\x78\xd0\x48\xa7\x97\x47\x1a\x3d\x34\x6c\xb8\xd1\x43\
\x25\x7a\xa5\xc8\xf6\x9d\x53\x4a\x72\x97\xa4\x87\x99\x7a\x86\xb0\
\x4d\x75\xa5\xde\x37\xf2\xd2\x21\x0f\xa6\x06\xb5\x4b\x26\x0d\xea\
\xe5\x38\xf5\x1b\x68\x97\x7a\xc0\x6d\x51\x14\x66\xfc\x68\x9e\x82\
\x7b\x81\x7b\x62\xa1\xe0\x9e\x9b\xe4\x49\x6c\x9b\x9b\xa6\x04\x99\
\x0a\x00\xe1\x29\xaf\x11\x86\xcf\xfc\x46\xf8\x6a\x48\x8c\xe0\xa5\
\x07\x86\x00\xc7\x6e\xcc\xd0\x5f\xae\x86\x98\x13\xe4\x95\x02\xa9\
\x87\x8a\x86\xdd\xf2\x98\x41\x40\x57\x4d\x12\xa2\x58\xc8\x43\x5e\
\x79\xce\xa8\x0d\xd4\x85\x12\x90\xf7\x8d\xbc\x45\x48\xa3\x2d\x52\
\x40\xd4\xcb\xb0\x5e\x1e\x28\xb4\x55\xe6\x05\xfd\x4e\xcd\x0a\x66\
\xba\xc0\xf4\xb3\x90\x0a\xa2\x0b\x78\x24\x31\x25\x20\xdc\x11\x9a\
\xea\x4d\xcb\x6b\x04\x34\x1a\x90\x7b\x21\xc4\x49\x45\xd9\x59\x11\
\xe6\xe4\xdd\x54\xf1\xee\x65\x79\xb7\xc8\x3b\x85\x07\x13\xf3\x13\
\xff\x37\x65\xde\xd5\x4c\x99\x8c\x0a\x18\x31\x20\xec\x35\xa1\x28\
\x4f\x1b\x14\x04\xed\xa2\x2c\x29\x87\xb8\x60\x0b\xe5\x10\x3d\x50\
\xaa\x90\xe9\x2b\xfa\xff\x1b\x63\x06\xc7\x4a\x62\x4a\x88\xee\x7b\
\x32\xc3\x44\xaf\x11\x84\x68\x5c\xf5\x5a\xe5\xa9\x22\x64\x4e\x8a\
\x8a\x26\xc2\x36\x79\xd1\xa0\x74\xe4\x2e\xa8\xc5\x4f\x42\x5e\x20\
\x28\x02\x29\x99\x2a\xef\x1b\x46\x23\xe4\x1b\x64\xe5\xaa\xda\xcf\
\x22\xae\xb8\x9a\xb6\xd7\xf1\x98\x66\x90\x59\xcf\x3d\xf7\x6e\x61\
\x25\x31\x05\x44\x6f\x0d\x90\x7d\x1e\x33\x0e\xc2\x93\xdf\x5a\xad\
\x8b\x7d\x1f\x41\xae\x7d\xc8\xab\x7d\xf5\x9b\xed\x28\x15\xf2\x6a\
\xe4\x00\xf2\x4a\x21\x8f\xbc\x4e\x28\x1f\x7b\x2c\xe9\xd4\x17\x95\
\x84\x16\x4b\x91\x07\x85\x15\xbd\x6f\xa4\x2c\xc8\x2f\xaf\x94\x58\
\x57\x95\x07\x8a\x46\x15\x98\xd0\xd8\x8f\xb9\x17\x40\xf9\x69\xe2\
\xd0\x66\xa7\xf1\xc1\xf5\xd1\x35\x1e\xc7\x79\xe6\x3e\xa0\x6c\x8f\
\x08\xe7\x97\x89\xf1\x6e\xe2\x41\x97\x0f\xf7\x38\x3d\x74\xa8\x27\
\x5d\xde\xbf\x10\x34\xe9\xdd\xd4\x06\x10\xd2\xf2\x61\x07\xb9\x4f\
\xf6\x5a\x00\xd5\x55\xda\xe8\xdd\xa4\xb9\xa3\x51\x27\x58\x31\x31\
\xa2\xf4\xf1\x26\x6b\x12\xda\x47\xd9\xdc\x43\xdc\x4b\xea\x54\xb4\
\x95\xa6\xce\x67\x93\x74\xde\xbb\x09\x93\x04\xc2\x9b\xde\x21\x37\
\x89\xec\xdc\xbd\x3c\x74\xb8\x59\xe9\xdd\x92\x26\x1b\xf7\xa0\x31\
\x64\x10\x5e\xa4\xf7\xf2\xd0\x31\x83\x13\x15\x84\x19\x1f\x31\xec\
\x45\x55\x2c\x21\x79\x87\xf1\xad\x7c\x5a\x1d\xcc\x33\x82\x20\xae\
\x8a\x43\xc4\x48\x8d\x34\x79\xaf\x51\x16\x79\x35\xd7\x23\x6f\x37\
\x9e\x21\xb9\x1c\xa7\x44\x87\x07\xca\x82\xd4\x4b\x8e\xdf\x5a\xc3\
\xc1\x7f\xca\xa7\x2e\xda\x90\x8e\x20\x62\x3c\x26\x3d\xd7\xec\xab\
\xf2\x98\x57\x93\x27\x9c\xd6\x79\x54\xc5\x81\xc2\x29\x82\x67\x5e\
\xcf\x78\x3c\x87\x9c\x1b\xf6\x4d\xe3\x36\x41\x55\x9a\xce\x1f\xa3\
\xd9\xae\x30\x51\xde\x4d\xd1\x3b\x47\x31\x52\x94\x26\x0f\x1d\x79\
\xed\xe0\xa1\x23\x1b\x3b\x37\x9b\x42\x06\x0f\x1a\x43\x46\x65\x2a\
\xe0\xd8\xa0\xd1\x2c\xcd\x60\xd0\x13\x9c\xc6\x51\xc4\x38\x91\x77\
\x98\xe6\x8c\x10\xd6\xd1\x3b\x4c\x66\x3f\x6d\xc3\x84\x07\x31\x08\
\x5e\x55\x1c\x22\x04\xbf\xf6\x91\x60\xa6\x5c\xca\xe2\xb9\x20\xbf\
\xe6\x8b\x14\x2a\xa3\x0a\xf6\xd7\x42\x36\xad\xdd\x49\xbd\xe4\x40\
\x0b\xe9\x10\xe2\x32\x59\x56\xc5\x86\x92\x57\x5b\xf4\x70\xd3\x87\
\xb2\xf4\xfc\x6b\x81\x5f\xbf\x38\x50\xb1\x9d\xf1\xdc\x68\x14\x83\
\x2c\x90\x87\x9f\xbe\x15\xcb\x49\x2b\xbe\x15\x1f\x2a\x8d\x0d\x35\
\xc9\x4c\xd4\x9c\x04\x17\x86\x0b\xac\x5e\x0a\x17\x59\x5e\x38\x9a\
\xd8\x8c\xfe\xff\x31\x6e\x0a\x9e\x34\xd1\x43\x47\x8a\x20\x12\x63\
\xc8\xf0\x9b\x9b\x8c\x0b\xcf\xcd\xc1\xc7\x98\x36\x23\xe1\x1c\x03\
\xf0\x21\xdc\xa2\x77\x98\x3a\x3b\x12\x78\xdc\xeb\x12\xb0\x8a\x43\
\x44\x2f\x98\x6d\x7a\x9e\xa2\xb7\x19\x23\x42\x9e\x09\xed\x47\x1a\
\x3d\xe7\x41\x26\xab\xa9\x53\xf5\x6b\xa4\x9e\x43\x2b\xc1\xe5\xb4\
\x20\xe5\x13\xcd\xc0\x94\x45\x67\x50\x81\x0c\x35\x5a\x42\x26\xa0\
\xb8\x28\x83\xdf\x5a\xd9\xdd\x2b\x0e\x54\x34\x5d\xa5\xe7\x46\x4a\
\x44\xb1\xaf\xe2\x1a\x1c\x1d\x0f\x69\x52\x9c\xbd\xe2\x43\x4d\x22\
\x13\x35\x92\xe0\x62\x72\x93\xc6\x39\x03\x7a\xa4\x7c\xe4\xcb\xaf\
\x51\x86\x3e\x39\x78\x10\xe4\x5d\x93\x7a\xe8\x28\xd0\x99\x26\x4f\
\x51\x2c\x1e\x49\x98\xb6\x13\xbd\xce\xb4\xa6\x04\xb3\x0d\x02\x2c\
\xf5\x0e\x53\xcc\x23\x1c\x0c\xd2\x9e\x74\x1a\xfe\x42\xa3\x3e\x79\
\x2f\x49\x78\xc7\x70\xd9\x32\xff\xc6\x50\x1b\xd4\x29\x41\xac\x3a\
\x29\x8b\xed\x28\x9a\x5e\x5e\x72\x83\x4c\x4e\xd3\x0e\x29\x30\x05\
\xd6\xa3\x1d\x52\x6e\x52\x8e\xa4\xc7\x38\x50\x92\x17\xb9\x39\x8d\
\xf4\xdc\xa8\xe3\xc8\x48\x8c\xf3\x80\x09\x4b\xee\xde\x4a\xe3\x5c\
\xd0\xf1\xd4\xf1\x0e\xe2\x89\x37\x29\x4c\x8c\x92\x48\x27\x92\x67\
\x6e\xc5\xc3\x8f\x71\x5d\xb8\x69\x48\x63\xa8\xc8\x90\x51\x9e\x34\
\x69\x8c\x15\xf2\x72\x33\xf1\x61\xdf\x18\xb0\x8b\xfd\xb9\x81\x35\
\x8f\x21\x33\x96\x47\x12\x93\x4d\xba\xc6\xa2\x8b\xe8\xfe\xe7\x9e\
\xe6\x1e\xd6\x7a\x15\xc5\x12\xa2\x27\xac\xfb\x5c\xde\x67\xb2\xfb\
\xf7\x8a\x43\xa4\xf2\xe4\x2d\xa6\x67\x41\x61\xb5\xa3\x37\x13\xca\
\x43\xc2\x97\xce\x5c\x14\xfe\x3c\x77\xd4\x49\x1e\x9e\x3d\xed\x9f\
\x3e\x83\x69\x1c\x25\xb5\xa9\x4a\x79\xc9\xdc\x44\x79\x08\x6a\xd5\
\xad\xe7\x1b\x38\x07\x52\x10\xbd\xe2\x40\x09\xce\x0d\xf9\x74\x6e\
\x34\xea\x41\x79\xe8\x5d\x1c\xa4\x21\x23\x62\x9a\x46\x5f\x74\x40\
\x63\x7c\xa8\x49\xc7\xb1\x9b\x5a\x4a\x93\xde\x4d\xdc\xf0\x3c\x8c\
\x83\x4c\xbe\x47\xef\xae\xb6\xc6\x62\x8a\xc8\xcc\xd0\xcf\x9b\x46\
\xef\x4a\xd0\xfa\x09\x04\xc1\x42\xd1\xd5\xd8\x4d\x9a\xc3\x90\xab\
\xb1\x7e\x9b\x76\xe0\xd8\x4d\xa6\x27\xe3\x7a\x43\x98\xe6\x76\x52\
\x9b\xb4\x4c\x13\xf4\xac\x54\x27\x20\xac\xa9\x2b\xf5\x12\xa1\x1e\
\xca\xa0\x4d\x55\x1e\x2e\x6c\xd3\xa4\xa0\xc2\x76\x50\x3e\xa6\x0e\
\xd2\x35\xb2\x14\xd1\xa3\x87\x7a\xf4\x02\x19\x33\x3e\x14\xb5\x55\
\xbd\x73\x2b\x88\x6e\xe0\xd8\x4d\x53\x42\x53\x6f\x08\x63\x28\xdd\
\xcb\x33\x24\xd6\x47\xcf\x3d\xd6\x49\x7d\xa4\xa1\x8c\xb4\xaf\x3c\
\x47\xf4\xc6\xb0\x5e\x1e\x2e\xf2\xa4\x01\x94\x07\x0a\x42\x66\x83\
\xe8\x88\x40\x99\x8a\x1d\xa5\x7a\xa2\xf7\x8c\x19\x0f\x8e\x93\xd4\
\x4d\x3c\x92\x98\x12\xa2\xd7\x05\x42\xb3\xca\xfd\x74\x66\x80\x37\
\x84\x41\x2f\xcf\x90\x08\x3d\x77\x79\xcb\xf0\x5b\xf9\xe2\x64\xa3\
\x3c\x6a\x62\x3e\x11\x3d\x5c\xe2\x04\x68\x44\x2b\x70\xa3\x70\x42\
\x79\xa4\x65\xe6\xe2\x47\x19\x63\x7a\xe3\x91\xc4\x94\x10\xbd\x2e\
\xa2\xf7\x09\xc2\xba\xca\xbb\x2b\x32\x88\x67\x48\x95\x37\x59\x5a\
\xe7\xcc\xad\xd7\x5b\xca\x23\x44\xc1\x06\xe5\x09\x92\x2a\x82\x74\
\xe2\x4f\x6f\x07\x8b\x4a\xaa\x6a\x72\x50\x8b\xc0\x54\xe6\x8c\x43\
\x71\x18\x53\x1b\x2b\x89\x29\x60\x26\x79\x43\x18\x82\x5e\x6f\x08\
\x53\xf4\xd5\x99\x11\xdf\x10\xa6\x85\x56\x11\xd5\xc9\xfe\xd4\xc9\
\x9c\x01\x13\xc6\xd1\x23\x84\x34\xf6\x93\x4b\x72\x2f\x0f\x17\xda\
\xc2\x5c\x04\x6d\x96\x49\x4c\xa3\x1f\x99\xc3\x80\x32\x69\x23\xf5\
\xa8\x6e\xe5\x4d\xcb\x36\xc6\xf4\xc6\xde\x4d\x2d\x65\xd2\x62\x37\
\xa1\x3c\x58\xd8\x24\x86\xf1\xa8\x9a\x36\xc6\xe9\xdd\x84\x62\xc4\
\x49\xa1\x9f\x22\x44\x31\xd3\x19\x50\x24\xe0\xb6\xbd\xbd\xcf\x34\
\x8f\xbd\x9b\xcc\x82\x12\x15\x84\x59\x58\x98\x93\xd1\xbb\x3c\x14\
\x19\x57\x73\x4d\x5a\x2d\xcc\x47\x5e\x61\x7a\x39\x94\xa2\x03\x33\
\xa2\xd3\x9a\x12\xe6\x73\x48\x97\x27\x5b\x9c\xa7\x32\xd3\x81\xcd\
\x4d\x66\x2c\x30\xef\xe0\x51\xc4\xc2\x80\x80\x97\xcb\xaf\x5c\x8e\
\x15\xbe\x26\x7d\x63\x5f\xf4\x64\x53\xe8\x0a\x85\xfb\x8e\xf1\x9a\
\x30\xf5\xc5\x30\x37\x66\x7a\xf0\x48\xc2\x98\x8e\xc1\x68\x40\xb1\
\x8e\x72\x82\x5d\xd1\x08\x30\x09\x0a\xe6\xa0\xaa\xe2\x35\x09\x47\
\xf2\x9d\x4e\xac\x24\x8c\xe9\x18\x8c\x16\x18\x15\x28\x7e\x93\x62\
\x94\x41\xd5\x1b\xfb\x62\x74\xe5\x18\xf2\x82\xfd\xf4\x0e\x17\x33\
\xbd\xd8\xdc\x64\x4c\x87\x90\xfb\x2f\xde\x62\xfc\x66\x74\x80\xb7\
\x97\x3c\xcd\x08\x56\x89\xe7\x97\xb6\xe1\x70\x00\x7a\x7b\x9f\x3c\
\xce\x14\xaf\x49\x8b\x14\xed\x11\x36\xbd\x78\x24\x61\x4c\x87\x60\
\xa4\x90\xc2\x48\xa1\xca\xb1\x20\x06\x3c\xc4\xb3\x49\xf1\xaf\x18\
\x7d\xc4\x70\xe3\xb9\x72\xcd\x74\xe0\x91\x84\x31\xc6\x98\x2c\x56\
\x12\xc6\x18\x63\xb2\x58\x49\x18\x63\x8c\xc9\x62\x25\x61\x8c\x31\
\x26\x8b\x95\x84\x31\xc6\x98\x2c\x56\x12\xc6\x18\x63\xb2\x58\x49\
\x4c\x28\x5f\x7d\xfa\x69\x61\x8c\x31\x83\x52\x57\x66\xd4\x56\x12\
\xbd\x22\x94\x9a\xd1\xf9\xec\xdd\x77\x7b\x6e\xff\xf2\x83\x0f\x0a\
\x33\x99\x7c\xf6\xde\x7b\x23\x6d\x37\xa6\x0e\x75\xef\xab\xda\x4a\
\xa2\x4e\xc8\x59\x33\x18\x1f\xbf\xf2\x4a\x5f\xad\xff\x51\x58\x08\
\x65\x26\x07\x94\x7b\xbf\x87\x75\x90\xeb\x6f\xcc\x30\x5c\x7f\xed\
\xb5\xda\x1d\xcb\xfa\x4a\xe2\xe6\x8d\x6c\x45\xd1\x3c\x5c\xc8\x2b\
\x2f\xbe\x38\x50\xbe\xdf\x1f\x3d\x5a\x98\xc9\x81\x6b\xc6\x7b\x42\
\xfa\x81\x82\xf0\xb5\x35\x4d\x31\xaa\xac\x58\xbc\x7b\xed\xda\x03\
\x45\x4d\x4a\xed\xf4\xe1\x87\xc5\xd2\xfb\xee\x2b\x16\x2f\x5b\x56\
\x98\xfa\x20\x18\x3e\xfc\x5f\xff\xab\x7c\x31\xc8\xff\x77\xf5\xea\
\x40\xfb\xfc\xeb\xdb\x6f\x97\xe7\x7f\xc9\x3d\xf7\x14\xff\xf1\xae\
\xbb\x0a\xd3\x4e\xb8\xb6\xd7\xce\x9d\x2b\xde\xff\xd9\xcf\x06\xee\
\xcd\x31\xda\xa0\x13\xc6\xb3\xb5\xe4\xde\x7b\x0b\x63\x86\xa5\xce\
\x7d\x57\x45\xed\x37\xd3\xa5\x2c\xbe\xf3\x4e\x2b\x8a\x11\x18\x75\
\x8e\xc1\xe7\xbf\xbd\xf8\xda\x9a\x85\xa0\xa9\x79\xcb\xc6\x02\xfc\
\xa1\xb5\x6c\x47\x5d\x38\x7c\xfe\xbb\x8b\xaf\xad\x59\x48\xec\x02\
\x6b\x8c\x31\x26\x8b\x95\x84\x31\xc6\x98\x2c\x56\x12\xc6\x18\x63\
\xb2\x58\x49\x18\x63\x8c\xc9\x62\x25\x61\x8c\x31\x26\x8b\x95\x84\
\x31\xc6\x98\x2c\x23\xbb\xc0\x2e\x7b\xe8\xa1\xe2\xae\xc7\x1e\x2b\
\x96\x7d\xe7\x3b\x85\xa9\x0f\x3e\xcd\x75\x56\xb1\xb3\xd0\xea\xae\
\x47\x1f\x2d\xaf\x81\x69\x27\x75\xaf\x2d\xeb\x23\xee\xde\xb6\xcd\
\xd7\xd6\xd4\xa2\xee\x7d\x97\x32\xd2\x62\xba\x55\x4f\x3d\x55\xac\
\x7a\xfa\xe9\xc2\x34\x07\x31\x99\x06\x5d\x42\xbf\xf4\xfe\xfb\x8b\
\xb5\xcf\x3d\x57\x0a\x13\xd3\x7e\x08\xda\x48\x58\x8e\x41\xd6\x3c\
\xa0\xfc\xb9\xb6\x5e\x6d\x6d\x46\x65\x98\xfb\xae\x8a\xda\x61\x39\
\x08\x17\x30\xf3\x97\x7f\x59\x98\x66\xb9\xf3\xc1\x07\xcb\xef\x4f\
\xde\x7a\xab\x67\x3e\x84\xc7\xfd\x3f\xf9\x49\xf1\x1f\x57\xae\x2c\
\xcc\x64\x40\xe8\x94\x3f\x5a\xb2\xa4\xf8\x97\x7f\xfc\xc7\xbe\x79\
\x1f\xf8\xf9\xcf\xad\x20\x4c\x23\x0c\x73\xdf\x55\x51\x7b\x4e\xe2\
\x9b\xcf\x3c\x53\x98\xf1\x70\xf7\xf6\xed\x7d\x47\x07\x98\xf7\x2c\
\x44\x26\x0f\xcc\x47\xfd\xae\x2d\xe6\x25\x5f\x5b\xd3\x24\x83\xdc\
\x77\x39\x6a\x2b\x09\x4c\x1d\x66\x3c\x70\x31\xfb\x09\x09\xe6\x21\
\xcc\x64\xb2\x7c\xe3\xc6\x9e\xdb\x19\xa5\x1b\xd3\x34\x75\xe7\x8d\
\x6b\x2b\x09\xdb\xc1\xc7\x8b\x03\xba\x4d\x2f\x7e\xb6\xcc\x38\x98\
\xf7\x91\x84\x31\xc6\x98\xee\x63\x25\x61\x8c\x31\x26\x8b\x95\x84\
\x31\xc6\x98\x2c\x56\x12\xc6\x18\x63\xb2\x58\x49\x18\x63\x8c\xc9\
\x62\x25\x61\x8c\xa9\xcd\xf6\xed\xdb\x8b\x53\xa7\x4e\x15\x66\x34\
\x2e\x5c\xb8\x50\x6c\xd9\xb2\xa5\xb8\x76\xed\x5a\xd1\x36\xac\x24\
\x8c\xe9\x18\xa3\x0a\x1a\xf6\x3f\x7e\xfc\x78\xdf\x72\x0e\x1e\x3c\
\x58\xac\x58\xb1\xa2\xd8\xb6\x6d\x5b\x31\x0a\xb3\xb3\xb3\xc5\xde\
\xbd\x7b\xcb\xef\x41\xea\x9d\x04\x38\x96\x54\x79\x1e\x39\x72\xa4\
\x38\x71\xe2\x44\x65\xfe\xf5\xeb\xd7\x97\x9f\x7d\xfb\xf6\x15\x6d\
\xc3\x4a\xc2\x98\x0e\xb1\x6b\xd7\xae\x62\xcd\x9a\x35\xc5\xa2\x45\
\x8b\x4a\xa1\x54\x07\x84\x34\xe5\xf4\x13\xd6\x08\xf4\x3d\x7b\xf6\
\x14\xa3\x42\x3b\x2f\x5f\xbe\x5c\xfe\x1e\xa4\xde\x49\x00\x25\x91\
\x0a\xfc\xe5\xcb\x97\x97\x9f\x1c\xfb\xf7\xef\x2f\x15\x4b\xdb\x8e\
\xdf\x4a\xc2\x98\x8e\xa0\x9e\xf8\xa5\x4b\x97\x8a\x33\x67\xce\xcc\
\xa5\x23\x84\x51\x1c\x1b\x36\x6c\x28\xcd\x1a\xc0\x28\x40\x69\xec\
\x07\x98\x8e\x48\x8b\xc2\x2d\xee\xab\x7c\x40\x39\x08\x33\x7a\xbf\
\x55\x75\x9c\x3e\x7d\xba\x14\xf8\x70\xf6\xec\xd9\xd2\x94\x02\xe4\
\x51\x3d\xb4\x41\x6d\x26\x4f\x14\x8e\x32\xbf\x28\x1f\xdb\xf8\xad\
\x51\x8e\xca\xa3\x0e\x04\x6b\xac\x5f\xbd\x75\xfe\xb3\xbd\x4a\x59\
\x32\xfa\x51\x3b\x28\x8b\x76\xc4\x36\xeb\x37\xe9\xca\xa3\xb6\x48\
\x11\xeb\x3c\x51\x96\xd2\xd2\xf3\xc4\x6f\xb5\xe9\xe2\xc5\x8b\xa5\
\x32\xa4\x6c\xca\xe3\x13\xaf\x09\xa3\x32\x3e\x9c\x8b\x36\x61\x25\
\x61\x4c\x47\x98\x99\x99\x29\xb6\x6e\xdd\x3a\x27\x94\xf8\x8d\xc0\
\x39\x7c\xf8\x70\x71\xfe\xfc\xf9\xb2\xd7\x8f\x30\x43\x48\x21\x68\
\x49\xdb\xbc\x79\x73\x99\xc6\x7f\x84\x15\xca\x65\xd3\xa6\x4d\x73\
\x65\x1e\x38\x70\xa0\x38\x74\xe8\x50\xb9\x6f\x14\x7e\x08\x6b\x04\
\x9a\x60\x7f\x4c\x46\xc7\x8e\x1d\x2b\xf3\x5d\xbd\x7a\xf5\x6b\xc2\
\x52\xdf\x08\x55\xea\xa1\x6c\xa0\xbe\x1d\x3b\x76\x94\xed\x17\x08\
\x70\xda\x7f\xf2\xe4\xc9\x39\x25\xc2\x76\xbe\x39\x36\xda\x4a\x59\
\x4a\xa7\x6e\xca\x24\xff\xce\x9d\x3b\xcb\xf6\xb1\x9d\x9e\x3b\xe5\
\xa4\x5c\xbf\x7e\xbd\xfc\x66\x1f\x99\x79\x62\x9b\xe3\x6f\xbe\xe9\
\xe5\x53\x36\x6d\x5e\xb7\x6e\xdd\x5c\xbb\x68\x07\x65\x51\x1f\x65\
\xe9\x7c\x0a\x7e\x53\x3f\xc7\x47\x1e\x3e\x2a\x9b\x32\xc8\x1f\x95\
\x32\xc7\xa2\xb6\xb5\x05\x2b\x09\x63\x3a\x04\xbd\x6a\x84\x15\xc2\
\x08\x41\x8b\x30\xd2\x6f\x84\x2b\x82\x5d\xa3\x00\xd2\xf8\x8d\x60\
\xa2\x87\x8b\xc0\xe2\x77\x9c\x63\x40\xe8\xd3\x13\xd7\xfc\x83\x88\
\xbf\x95\x0f\x81\x4d\x99\x32\x1d\xe5\x40\x29\x50\x8f\x94\xc2\xca\
\x95\x2b\xcb\x4f\x2c\x53\xca\x04\x01\x8e\x50\xa6\x17\xce\xff\x73\
\xe7\xce\x95\x6d\x47\x11\xa0\xfc\xe2\x3e\x08\x64\x3e\x1c\x87\x04\
\x3c\xca\x23\x2a\x9f\x08\xe5\xb1\x8d\xf2\xfb\x99\x78\x28\x53\xa3\
\x26\xb5\x8b\xba\xb5\x9f\xce\x1d\x0a\x21\x2a\x17\xce\x09\x6d\x4d\
\x21\x2f\xfb\xc7\xfc\xa2\x97\x49\x6a\x21\xb0\x92\x30\xa6\x23\x20\
\xb0\x10\xb6\x8c\x14\x24\x18\xf5\xcd\x48\x40\x82\x4e\x23\x05\x7a\
\xc7\x9a\x30\x25\x4d\x66\x9b\x68\x9e\x41\xb1\x20\xe4\xc8\x13\x27\
\x5d\x29\x57\x0a\x08\xe8\x55\x53\x3e\x42\x8f\x72\xd8\x8e\x02\x4a\
\xcb\x1b\x14\xca\x42\x31\x51\x2e\x8a\x81\x72\x69\x23\xff\x29\x9b\
\xed\xb4\x47\x82\x5e\xca\x4d\xc2\x5a\x02\x5d\xd0\x06\x99\x75\x04\
\x4a\x86\xf2\xa8\x07\x45\xa1\x36\x93\xc6\x39\x1c\x06\x95\xc5\xa8\
\x80\x36\xe8\x1c\x71\x8e\x51\x9c\x83\xce\x33\x48\x69\x73\x6e\x35\
\xd2\x5a\x68\xac\x24\xa6\x98\xd4\x0e\xdc\x34\xea\xb1\x8e\x83\xb6\
\xd9\x6d\xdb\x00\x3d\x53\x46\x11\xcc\x49\xdc\xb8\x71\x63\xce\x9c\
\x41\x2f\x1f\xa1\x87\x99\x03\xa1\x45\x1a\x26\x24\x84\x2c\xbd\x56\
\x4c\x21\x4a\x93\x90\x42\x31\x50\x1e\x69\x9c\xeb\xd5\xab\x57\xdf\
\x36\x49\xcd\x36\xf6\x91\x02\xa0\xc7\x4e\xbd\x98\x4a\xa8\x2f\x96\
\x87\x80\xd7\xe8\x44\xe5\x02\xe9\xfc\x46\xf8\x23\xa4\xe3\x76\xca\
\xa0\x6d\x28\x08\x8e\x43\xca\x8c\xb6\xf2\x61\x1f\xca\x54\x19\x3a\
\x6e\x84\xab\xda\x19\xeb\x4a\x47\x1d\xaa\x9f\xf2\x29\x8f\xed\x6a\
\x33\x69\x94\xcf\x87\x7d\xe2\x48\xa0\xaa\xfd\x40\x19\x3a\x56\xca\
\x90\xd2\x42\xd0\xf3\xcd\x39\xd4\x71\xb2\x4d\x8a\x3a\x8e\xdc\x50\
\x32\x94\xc7\x71\x92\xbf\xdf\x88\x6c\xbe\xa8\xfd\x66\xba\xf5\x2f\
\xbf\x5c\x98\xf1\xc1\x9b\xa4\x3e\x79\xf3\xcd\xec\x76\xde\x5a\x36\
\x4c\xe8\x5f\x4d\x1e\x72\x23\x72\x43\x03\x1e\x30\x3c\x58\xb9\xe1\
\xf8\xa8\x30\x91\x27\x81\xd1\x24\x9a\x4c\x44\x10\x0e\xb3\x0f\xc7\
\xcf\xf1\x2e\x34\xef\x3f\xff\x7c\xcf\x57\x4a\x7e\xeb\x07\x3f\x98\
\x88\x57\x96\x6a\x72\x99\xb9\x8d\x71\xdd\x43\x4d\x81\x12\x40\x91\
\x09\xda\x8d\xc0\xd7\xb3\x30\x0a\x4d\x94\x45\x67\x8a\xb9\x24\x94\
\x0a\xe5\x30\x1a\x43\x59\x34\x79\x5e\xfb\xdd\x77\x39\x3c\x92\x98\
\x12\x34\x4c\xe7\x3b\x85\x9b\x5c\xde\x19\x7c\xcb\xf3\x45\xc3\x64\
\xd9\x80\xb5\x5d\x9e\x20\xd1\x43\x43\x3d\x7b\x79\x99\x44\x57\x46\
\x6e\xf8\xd4\xbb\x26\x22\x0f\x15\x09\xff\xe8\x1d\x23\xe1\xce\xbe\
\xb4\x21\x4e\x0a\xaa\xed\x0c\xf1\xa3\xb7\x09\xdf\xf2\x51\xe7\x37\
\x6d\x92\x1f\x3e\xf9\x54\xa6\xbc\x55\x4c\x3d\x10\x62\x28\xdd\xb4\
\x87\xde\x46\xa2\x82\x00\xda\xce\xe8\xa8\x09\x9a\x2a\x8b\xd1\x90\
\x14\x8d\xcc\x68\x6d\xc0\x4a\x62\x0a\x40\x58\x23\x74\x19\xb6\x57\
\x99\x98\x10\x9a\xdc\xe4\x6c\x97\xb0\xe6\x37\xdf\x98\x24\x10\xa4\
\x98\x11\xb8\x89\x11\x08\xd1\x13\x84\xa1\xb5\x3c\x3a\x10\xee\xf2\
\x70\x61\xd8\x1d\xed\xd5\x08\x78\x4d\x6e\xa6\xf0\x90\xd1\x3e\xb5\
\x8d\xe1\x3e\xbf\x55\x2e\x0f\x0b\xfb\xd2\x86\x74\x92\x2f\xb6\x5d\
\xde\x26\x94\x21\x0f\x11\x29\x39\xd9\x77\x39\x06\xd5\xc3\xef\x68\
\x57\x37\xc3\x23\xb7\xcd\x49\x43\xf7\x6d\x5b\xca\xe2\x1c\xb6\x75\
\x34\x66\x25\x31\x05\x20\xf8\xe5\xd5\xc2\x8d\x58\xb5\xea\x53\x93\
\x9a\x7c\xe2\x6f\x04\x28\xbd\xc5\xe8\x09\x22\x41\xad\x09\x42\xb9\
\x18\x52\xbe\xf6\x8f\x3d\x21\x04\xb4\x3c\x5f\x30\x71\xa5\xc8\x55\
\x93\x76\x62\x4f\xe6\xb7\x6c\xb8\xd4\xc5\xf6\x58\x4f\xae\xed\xd1\
\xdb\x24\x45\x82\x4c\x36\x60\x8e\x43\xbe\xf6\xc6\x98\x3c\x56\x12\
\x53\x00\x4a\x01\x41\xca\x44\x18\xc2\x74\xd8\x58\x3b\x98\x7a\xb0\
\xe9\xca\xfb\x25\xfa\xd1\x47\x10\xbe\xf2\x68\xd1\x42\x29\x60\x94\
\x10\x3d\x5f\x52\xcf\x0d\x29\x13\xda\xc7\x48\x44\x26\x29\x09\x74\
\xca\x62\xbf\x9c\x69\x28\xed\xc9\xf2\x5f\xed\x4d\x47\x2e\xf2\xb9\
\x67\xa4\x41\x0f\x50\x2b\x5c\x63\xbd\xc6\x98\x7f\xe7\x3f\x14\xa6\
\xf3\xc8\x15\x8f\x6f\x04\x22\xe6\x22\xcd\x33\xc8\x57\x5b\x82\x16\
\xa1\x2c\xfb\xaa\xbc\x3b\x94\x86\xb0\x27\xaf\x46\x06\xa9\x87\x06\
\x79\x31\xfb\x90\x4f\xde\x30\xa4\xc9\x7b\x44\x82\x99\xed\xe9\x82\
\x21\xda\x87\xf2\x90\x37\x89\x14\x07\xe9\x4c\x50\xb3\x4f\x9a\x07\
\x62\xdb\xf5\x3b\xee\x43\xdd\xf2\x28\xc1\x64\x85\x29\x4b\x0b\xbe\
\x54\x26\xfb\xf0\x9b\x36\x9a\x3f\xc0\xfd\xa1\x0e\x41\xd3\x8e\x07\
\x4d\xc2\x75\xe4\xd3\xe6\x36\x4e\x3a\xad\xf6\x6e\xd2\x04\x24\x37\
\x81\x56\x55\x8e\x12\x2b\x46\xe6\x05\x85\x2c\xe8\xe5\xdd\x83\xd0\
\xa0\x6e\x04\xca\x42\xd0\xb4\x77\x53\x9b\x90\x4f\x7d\x5b\x6c\xb0\
\xdc\x5f\x8c\x22\x46\x0d\x54\x37\x28\x6d\xf0\x6e\x42\xc9\x33\xdf\
\x93\xf3\xf6\x62\xd4\x46\x1e\xee\xff\x36\x7b\x2e\x71\x2f\x31\x52\
\x8e\x61\x48\xda\x48\xbf\xf3\x3d\x1f\x74\xd2\xbb\x89\x5e\xa7\x2e\
\x3e\x27\x17\x05\xa1\x38\x29\xd1\xf3\x25\x7a\xd3\x54\xa5\x45\xb8\
\x58\xe9\xe2\x1e\xf2\xcb\xd4\x40\xf9\x28\x07\x7a\xcb\xdc\x80\xa9\
\x87\x4d\xdd\xa0\x69\xe6\xdf\x89\x23\x85\x36\x30\x93\xac\x32\x9e\
\x64\x74\xdf\xa7\xb1\x85\x52\x6f\x2f\x46\x4d\xba\xaf\xab\x60\x3b\
\xcf\x84\xdc\x5c\x29\x93\x7d\x63\x4c\x25\x95\xaf\x34\x9e\x8f\xd4\
\x24\x18\x63\x2a\x91\x47\x8b\xeb\x98\x9f\x52\xdd\xd1\x3b\x4d\xde\
\x67\x31\x1e\xd2\xa0\xcf\x76\x55\x39\x29\xd1\xd3\x4e\x6d\x8d\x6d\
\xd4\x79\x1a\x34\xad\xa9\xf3\xdd\x66\x26\x6e\x4e\x42\x1e\x2e\x98\
\x11\x10\xe4\x3c\xe0\x5a\x44\xc3\xc5\x20\x0d\xbb\x3b\xbe\xdb\xf2\
\xce\x89\x60\x5e\xd0\x05\x13\xd1\xc3\x85\xf2\xf9\x20\xc8\xe8\xed\
\x92\x5f\xe1\x0c\xe4\xf1\x63\x4c\x5b\x91\xe9\x85\xce\x55\x8c\x2d\
\x94\x7a\x7b\x45\xaf\x31\x09\x79\x7d\xf4\x7c\x51\x8e\x42\x5c\xb0\
\xb0\x4d\xb1\x9f\x30\xeb\x51\xbe\xe6\x7c\x62\x9c\x25\x9e\x2d\xcd\
\x03\x69\xae\x87\xce\x9e\xea\x51\xfd\xfc\xa6\x3c\xda\x48\x39\xec\
\x8b\x89\x52\xcf\x17\xed\xd5\x22\x39\xb6\x33\xb2\xe7\xd9\x56\x1a\
\x65\x44\x85\xa4\x91\x7f\x5a\x4e\x0a\x42\x9b\xf6\xe8\x59\x9e\xbd\
\x15\xa6\x9c\xf6\x91\xae\x50\x26\xa4\x91\x47\x26\x4a\xc5\xc0\x22\
\x4d\xe7\x41\x8a\x2b\x9e\x6f\xfe\xd7\x39\xdf\x6d\x66\x22\xe7\x24\
\x24\xc0\x35\x39\x2a\xed\xcc\x0d\x44\x8c\x17\xdd\x84\x55\xa0\xf1\
\x75\x91\x7b\xa1\xf8\x29\x5c\x58\x1e\x18\x14\x11\xf5\x74\xa5\xc7\
\x69\xba\x8b\x62\x23\x55\x79\x7b\xe1\xba\xcc\xb6\x78\x7f\x93\x87\
\xce\x90\x20\x8d\xf0\x1e\x12\xd4\x20\x6f\x35\x75\xbc\x14\xfa\x43\
\x82\x52\x69\x31\x1c\x86\xea\xd6\x33\x13\xb7\xc9\x03\x8e\x67\x38\
\x7a\xd3\xc5\x60\x77\x28\x9e\x18\x62\x03\xc7\x06\x8d\x42\xd9\x07\
\xa5\xa0\x95\xda\x3c\xef\xb9\x72\x84\x94\x82\xda\x23\x97\x6c\x95\
\x07\x9a\x9f\x8a\xed\xe5\x3b\xae\x86\xe6\x13\x47\x32\xf1\x7c\xa7\
\x02\x7f\xd0\xf3\xdd\x66\x26\x7a\xe2\x9a\x0b\xcb\x45\x46\xe8\x73\
\x93\x72\xc3\xc8\xc3\x06\xc1\xae\xb4\x14\x7a\x09\x31\x36\x8b\xdc\
\x42\x53\xe5\xa2\x00\x5d\xdc\x9c\x28\x17\xf9\xed\xd3\xe3\x30\x66\
\x52\xd0\x22\x4a\x04\x15\x9d\x28\xcc\x25\x52\x20\x08\x5a\xc5\x3c\
\x1a\x84\x18\xeb\x89\x67\x26\xba\x4c\x93\xc6\x68\x5e\xc2\x55\xbe\
\xff\x08\xec\x99\x5b\x11\x5c\xd3\x7a\xd8\x87\x1e\x3a\xfb\xf4\xeb\
\x51\xb3\x2f\x79\x71\x4a\xe0\x3b\xce\x4f\xe6\xca\x41\x09\xc9\x85\
\x5a\x31\x9e\x14\x7a\x9c\x67\x1d\x45\xa1\x51\x89\x22\xdb\x92\x9f\
\xb2\x38\x16\xcd\x57\x31\x82\x50\xd8\x71\xcd\x91\xe6\x84\x7b\x93\
\xe7\xbb\x0d\x2c\xde\xbd\x76\xed\x81\xa2\x06\xab\x9e\x7e\xba\x98\
\x2f\x3e\xf8\xe0\x83\x39\xed\x4f\xef\xe6\x81\x07\x1e\x98\xd3\xfe\
\x5a\x7c\xf5\xf0\xc3\x0f\x17\x4f\x3e\xf9\x64\x79\x33\x20\xd4\xdf\
\x78\xe3\x8d\xb9\x34\x91\xee\xcb\x7f\xca\x7d\xfc\xf1\xc7\xe7\x86\
\xc2\x1b\x37\x6e\x2c\x15\x0b\xdb\xaf\x5c\xb9\x52\x7e\xe8\xbd\xfc\
\xfa\xd7\xbf\x2e\xde\x79\xe7\x9d\xb2\x07\xf0\xe0\x83\x0f\x16\xe3\
\x86\x09\xa6\x2f\x6f\x1e\x77\x0e\x26\x36\x97\xdc\x7b\x6f\x31\x6e\
\xd4\xd3\x32\xcd\x71\xfd\xb5\xd7\x8a\xcf\xde\x7b\x2f\xbb\x7d\xf9\
\xcd\x7b\x70\xe9\xfd\xf7\x17\x75\xe0\xde\xe7\x9e\xbe\xe3\x8e\x3b\
\x4a\x61\xf6\xc8\x23\x8f\x94\xf7\xb7\x7a\xd1\xfc\xe6\xfe\xe5\xfe\
\x5e\xb5\x6a\x55\xf9\x9c\x90\x96\xc2\xb3\xf0\x8d\x6f\x7c\x63\x4e\
\xe8\x52\x0e\xf9\x15\x87\x08\xe1\xf7\xcc\x33\xcf\xcc\x29\x89\xd7\
\x5f\x7f\xbd\x4c\x43\x70\xeb\xf9\xa0\x0d\xe4\x67\x5b\x79\xdc\x37\
\x9f\x37\xb6\xf1\x7c\xa9\x6c\xee\x2d\xb5\x83\x3a\xe4\x4d\xf7\xc5\
\x17\x5f\x94\x79\xd9\xa6\xe7\x96\xe7\x90\x32\x79\xde\xf9\xbd\x7b\
\xf7\xee\xb9\xde\x3c\xff\xab\xca\xf9\xf3\x3f\xff\xf3\xe2\x47\x3f\
\xfa\x51\xb9\x1f\xa8\xfd\x94\xa9\x67\x19\x19\x21\x13\xd9\x2f\x7f\
\xf9\xcb\xb9\x39\x2a\x9e\x79\x79\xe4\xe9\xd8\xe9\x5c\xfe\xf1\x1f\
\xff\x71\x99\x8f\x3a\x9a\x3a\xdf\xf3\x41\xbf\xfb\x2e\x87\x63\x37\
\xb5\x94\x36\x78\x37\xcd\xb6\x28\xde\xd1\x42\xa1\x5e\x70\x13\x6f\
\x60\x13\x5d\x89\xdd\x34\x08\x0a\xa7\xc2\x3c\x01\xe7\x72\x1c\xb1\
\xbc\x72\xe8\x05\x45\x69\x48\x8e\x69\xc5\xb1\x9b\x4c\x96\x2a\xef\
\x13\x79\x6a\x68\xf2\x8c\x61\x30\xf9\xc8\x13\xbd\x37\x20\xf5\xec\
\xc2\xcc\x10\xbd\x3c\xe8\x5d\x31\xe1\x07\xb2\x33\x83\x62\x35\xa5\
\xde\x30\x29\x69\xec\xa8\x9c\x27\x4b\x4c\x8b\x9e\x35\x6a\xb3\x3c\
\x70\xd2\xb8\x52\xd1\xd3\x24\xe7\x19\x53\x75\x9e\x66\x6f\xbd\x35\
\x8d\x09\x53\x99\x19\x72\x5e\x3c\xa6\x1a\x85\x82\xe1\xfc\x29\x5c\
\xf9\x7c\x41\x4f\xdf\x0a\x62\x74\xac\x24\xa6\x80\xe8\x7d\x22\x1b\
\x6b\xf4\xe8\x90\x07\x8c\xec\xc9\xf2\xe8\x80\xd9\x5b\xf1\x99\x18\
\x9a\x23\x2c\xb5\x08\x8f\xb2\xf8\x50\x36\xe6\x83\x18\x77\x49\x0a\
\x07\x18\x8e\x93\x4e\x5e\x09\xfa\x94\xd9\x10\x7f\x49\x2b\xb6\x7b\
\x79\xae\x91\x0f\xbb\x74\xf4\xac\x89\xde\x33\x4c\x16\xf2\x5b\x31\
\x75\x50\x0e\x94\x81\x9d\x19\x2f\x94\x99\x5b\xef\x0d\xe8\x75\x9e\
\xe4\x01\xa7\xb7\xa6\xf1\x49\xcf\x63\xdb\xbd\x52\xda\x00\xe7\x9a\
\xf3\xc5\x79\xb7\xc0\x9e\x4c\xac\x24\xa6\x00\x79\x74\xc8\x05\x0f\
\x41\xaa\x79\x19\x4d\x44\x02\x8a\x40\x6f\x2c\x8b\xb1\x8e\x62\x1c\
\x27\xf5\xc0\x11\xbc\x7a\x0b\x98\xde\x75\x8c\x20\xa7\x1e\x05\x14\
\x64\x9b\x62\xe8\x2b\xa2\x6c\x2e\x18\x9c\xda\x22\xc7\x03\x94\x4b\
\x7c\x37\x32\xfb\x29\xce\x3f\xf9\x14\xff\x9f\x63\xd3\x4b\x71\xa2\
\xe7\x99\xda\xac\x78\x4f\x1c\x87\x5c\x1c\xf5\x52\x9c\xaa\xf3\xc4\
\x28\x89\xe3\xd2\x39\x89\x6f\x4d\xd3\x82\x3b\x9d\x47\xcf\xd5\x98\
\x69\xc0\x4a\x62\x0a\xd0\x5b\xbc\x30\x9d\x60\x6e\x91\x1b\x1e\x26\
\x13\xad\xac\x05\x79\xab\xd0\xe3\xcb\xc5\x77\x92\xc7\x4a\x7c\x0b\
\x98\x14\x8e\x04\x37\xdb\xf8\xad\xc0\x7d\x7a\x11\x0d\xbf\x11\xb4\
\xd4\x99\xf6\xe4\x51\x30\xd4\x49\x1b\x63\xd9\x0a\xed\x81\xa2\x41\
\x19\x28\x9f\xc2\x93\x6b\xa4\xa0\x7d\x73\xcc\xde\x0a\xc3\x21\xcf\
\x34\x8d\x58\xe2\x71\xaa\xed\x9a\x7f\x90\xa2\xd0\xa2\x32\xbd\x64\
\x47\x0b\xb2\xe4\xff\xee\x28\xb2\xa6\xcb\x58\x49\x4c\x01\x08\x68\
\x4c\x30\x8a\x5b\x84\xf0\x55\x98\x6c\xb9\x13\x62\xee\xc1\xa4\x22\
\x53\x0d\xf9\xe4\x21\x02\x8a\x97\x54\xf5\x16\x30\xc5\x67\x22\x2f\
\x3d\x7d\xbd\x89\x4c\x42\x97\xff\x28\x20\xbd\x15\x0d\x61\x9e\xbe\
\x5e\x52\xb1\xa1\x64\xda\x21\x2f\xfb\x91\xa6\xf8\x41\xb2\x69\x93\
\x86\x22\xdb\x7c\xeb\xad\x6b\xda\x57\xdb\x67\x2a\xde\xfc\xa5\xf5\
\x2e\xb4\x43\xed\x4b\xdb\xa1\xf3\x14\x63\x3a\xf1\xad\xc5\x59\x6c\
\x57\x4c\x28\x9d\x1f\xdc\x1c\xdb\xa4\x24\x38\xa6\x71\xbe\x0d\xb0\
\xe9\x20\x88\xe3\x28\xd3\x34\x8b\xbd\x9b\x5a\x4a\x57\x63\x37\x21\
\x6c\xe9\x89\x47\xfb\xf4\xb8\xde\x60\xd7\x8f\xf4\x6d\x65\xf3\xc5\
\x38\xbd\x9b\xc6\xf9\xb6\x41\xad\x1a\x8e\x0b\xc1\xe6\xbb\xcc\xd9\
\x1a\x6f\x25\x34\x7f\xc0\xde\x4d\x66\x22\x98\xb9\x15\xa8\x31\x82\
\x29\x69\x21\x5e\x5c\xd3\xd5\x89\x54\xbd\x59\x30\xf5\x0a\xc3\x44\
\xc7\x9c\x8c\xd2\x53\x4f\x31\x7a\xf5\xf2\x14\x93\xf7\x56\xf4\x64\
\x4b\x27\xea\x15\x83\x29\x7a\xc4\x49\x88\xeb\x6d\x83\x32\x0d\xc6\
\x32\xa9\x27\x7d\x53\xa1\xde\x44\xa8\xed\x9a\x8b\x8a\xf1\x92\x64\
\x22\x04\x99\xfb\xfa\x79\xce\x99\xd1\xb1\x92\x30\x0b\x8e\xde\xe7\
\x6b\x9a\x21\x7a\x8a\xc5\x89\x78\xd2\x40\x1e\x6e\x7a\x3b\x9f\xe6\
\xa8\xc8\x47\x8f\x3e\xc6\x60\xc2\xc4\x88\x19\x4f\xde\x63\x11\xad\
\x5a\x26\x3f\xa6\x3c\x09\x79\xc5\x7a\x52\xf8\x0a\xc5\x6e\x52\x99\
\xa4\xa9\x4c\xa1\x37\x1d\x0a\x45\x3b\xc0\xa3\x4d\xaf\xf5\xe4\x58\
\xf4\x7a\x4f\x99\x4b\xf9\xc4\x63\x30\xcd\xe3\xf7\x49\x18\xd3\x31\
\x62\x7c\x23\x84\xb8\xe6\x8e\x62\xcc\x23\xcd\x17\xc9\x93\x4d\x6f\
\x01\x54\x4f\x3d\x86\xb7\xd0\x88\xab\xea\x65\x53\x9a\x03\xa2\x2c\
\xbd\xa7\x04\xe4\x42\xcc\x7f\x99\x11\x29\x93\x55\xd9\xd1\xdb\xae\
\x57\xe7\x20\x86\xbf\x50\x1b\x66\xc3\x5b\x11\x81\xe3\xd2\x31\x48\
\x81\x98\x66\xf1\x48\xc2\x98\x8e\x81\xb0\x56\x74\xd5\x18\x48\x8f\
\x34\xbd\x58\x49\x1e\x5b\x5a\x27\x23\x37\x66\x39\x08\xc8\x69\x41\
\xb1\x97\x50\x1e\x31\xde\x99\xd0\xdb\x0a\xf9\x28\xc8\x9d\x90\x80\
\x67\x7f\x79\xd1\xe1\x34\x20\x8f\x34\xbd\x25\x50\x79\x69\x07\x69\
\x52\x54\xd4\x2f\xb7\x64\xb9\x5c\xab\x7c\x45\xb8\x95\xc7\x9a\x8e\
\xc7\x34\x8f\x95\x84\x31\x1d\x82\x51\x04\x82\x18\x4f\x36\x84\xbd\
\x3c\xc5\x18\x05\x90\xa6\xdf\x5a\x43\x12\xbd\xce\x30\x1b\xc9\xbb\
\x4b\x8a\x02\x53\x0e\x93\xc4\xa4\x23\x8c\xd3\x80\x99\x94\xc3\x44\
\xb9\x4c\x57\xf1\xad\x81\xa0\xfd\xa3\x59\x48\x1e\x69\x0a\xc4\xa9\
\x58\x69\x94\x4f\x1b\xe5\x29\xa7\xf0\xfc\x28\x12\xca\x90\xc7\x99\
\x16\x7b\x52\xb7\xcc\x50\x3a\x06\xd3\x3c\xf6\x6e\x6a\x29\x5d\x7e\
\x33\xdd\xb4\xd3\x95\xd8\x4d\x0a\x5d\xb2\x50\x6f\x6f\x34\xc3\x51\
\xd7\xbb\xc9\x73\x12\xc6\x98\x5a\x30\x1a\x58\x08\xaf\x34\x33\xbf\
\x58\x49\x18\x63\x6a\x11\xcd\x4a\xa6\xbb\x78\x4e\xc2\x18\x63\x4c\
\x16\x2b\x09\x63\x8c\x31\x59\xac\x24\x8c\x31\xc6\x64\xb1\x92\x30\
\xc6\x18\x93\xa5\xb6\x92\xf8\xea\xd3\x4f\x0b\xb3\x70\xf8\xfc\x4f\
\x2e\xfd\xae\x9d\xaf\xad\x19\x07\x5f\x7e\xf8\x61\x51\x87\xda\x4a\
\xe2\xb3\x77\xdf\x2d\xcc\x78\xf8\xf2\x83\x0f\x7a\xae\x91\x00\x9f\
\xff\xc9\xa5\xdf\xcb\xe8\x79\x61\xbd\x31\x4d\x53\x57\x66\xd4\x56\
\x12\x57\x5e\x7c\xb1\x30\xe3\x61\x90\x05\x2f\x1f\x9d\x3a\x55\x2a\
\x13\x33\x59\x0c\x72\xdd\xe8\x20\xb8\x13\x60\x9a\x04\x79\x5d\x77\
\x84\x5a\x5b\x49\x70\x23\x5b\x51\x34\x0f\x42\xe4\xca\x0b\x2f\xf4\
\xcd\xc7\x05\xbf\xf4\x93\x9f\x58\x51\x4c\x10\xe5\x33\x33\xc0\xb5\
\x05\x5f\x5b\xd3\x14\x74\x3a\x07\xbd\xef\xaa\xa8\x1d\x96\x43\x2c\
\xb9\xf7\xde\x62\xd5\xd3\x4f\x17\x4b\xee\xb9\xa7\xfc\x6d\xea\x81\
\x00\xe1\x62\xf6\x33\x33\xa5\x70\xce\xef\xde\xb6\xad\x58\x7a\xdf\
\x7d\x3e\xff\x2d\x05\xf3\xd2\xf5\xdf\xfe\xb6\x56\x48\x04\xc2\x73\
\xdc\xf5\xe8\xa3\xc5\xe2\x3b\xef\x2c\x16\x2f\x5b\x56\x18\x33\x28\
\xdc\x77\x74\x3a\x87\x95\x29\x29\x23\x2b\x09\x63\x8c\x31\xdd\xc5\
\x2e\xb0\xc6\x18\x63\xb2\x58\x49\x18\x63\x8c\xc9\x62\x25\x61\x8c\
\x31\x26\x8b\x95\x84\x31\xc6\x98\x2c\x56\x12\xc6\x18\x63\xb2\x58\
\x49\x18\x63\x8c\xc9\xd2\xd8\x4b\x87\x58\x27\x61\xea\x53\x37\xae\
\x8a\xf0\xf9\x6f\x2f\x2c\x7c\x1c\x25\x1e\x93\xd7\x20\x99\x3a\xb0\
\x4e\xa2\x89\x38\x60\x23\x2b\x89\x55\x4f\x3d\x55\xdc\xbd\x7d\x7b\
\xb9\xd8\xc7\x8c\xc6\xc7\xaf\xbc\x52\xae\x62\x1f\x66\xa5\xed\xf2\
\x8d\x1b\xcb\x6b\xb0\xf4\xfe\xfb\x0b\xd3\x5e\xea\x5c\xdb\x65\x0f\
\x3d\x54\x7c\xf3\x99\x67\x7c\x6d\x4d\x6d\x88\x03\xf6\xfb\xa3\x47\
\x47\x5a\xbd\x3f\xd2\x62\xba\x49\x79\x61\xfb\x24\xc1\xc5\xfc\xdd\
\xb3\xcf\x0e\x74\x51\x51\x0e\xac\x76\x37\x93\xc1\x30\xd7\x96\x55\
\xf4\x28\x08\x63\x46\x65\x98\xfb\xae\x8a\xda\x73\x12\x65\xb8\x00\
\x2b\x88\xc6\xc1\xac\x80\xf2\x1d\x24\x9f\x15\xc4\x64\xe1\x6b\x6b\
\x16\x82\x41\xef\xbb\x1c\xb5\x95\xc4\xdd\x5b\xb7\x16\x66\x3c\x2c\
\xfb\xce\x77\xfa\x9a\xef\xe8\x69\x9a\xc9\x83\x6b\x4b\x9c\xad\x7e\
\x79\x6c\xbe\x35\x4d\xc2\x3d\x55\x77\xde\xb2\xb6\x92\xb0\x9d\x74\
\xbc\xf4\x3b\xbf\xfd\x04\x8d\x69\x2f\x7d\x95\xc4\xcd\xb9\x08\x63\
\x9a\x06\x45\x51\x07\xbb\xc0\x1a\x63\x8c\xc9\x62\x25\x61\x8c\x31\
\x26\x8b\x95\x84\x31\xc6\x98\x2c\x56\x12\xc6\x18\x63\xb2\x58\x49\
\x18\x63\x8c\xc9\x62\x25\x61\x8c\x31\x37\x99\x9d\x9d\x2d\xae\x5d\
\xbb\x56\x98\xdb\xb1\x92\x30\xc6\x4c\x3d\x17\x2e\x5c\x28\xb6\x6c\
\xd9\x62\x25\x51\x81\x95\x84\x31\x1d\x03\x81\x77\xfc\xf8\xf1\xe2\
\xec\xd9\xb3\x73\x69\x7b\xf7\xee\x2d\x7b\xca\x39\x62\xde\x51\x40\
\xd0\xee\xdb\xb7\xaf\x58\x08\x0e\x1e\x3c\x58\x6c\xdf\xbe\xbd\xa8\
\x03\xfb\x1d\x38\x70\xa0\x98\x99\x99\xb9\x2d\x9d\x63\xa1\xdc\x69\
\xc6\x4a\xc2\x98\x0e\x81\x40\x43\x50\x9f\x3e\x7d\xba\xd8\xb5\x6b\
\xd7\x9c\xc0\xe6\xbf\xcc\x29\xea\x2d\xeb\x37\x0a\x82\x7d\xa4\x44\
\x48\x43\xd1\xc4\xff\xfa\x90\x9e\xe3\xd4\xa9\x53\xe5\xf6\x3d\x7b\
\xf6\xcc\xe5\x4f\xcb\x8c\x3d\xf5\xaa\xb4\xaa\x6d\xda\xae\xf6\xab\
\x4c\xb5\x51\xe9\x5b\xb7\x6e\x9d\xab\x5b\x69\xb1\xbd\xb9\xfa\x94\
\xb6\x63\xc7\x8e\xb9\x7a\xf4\x4d\xda\xd6\x5b\xd1\x25\x72\xc7\xd0\
\x94\x82\x6d\x2b\x8d\x85\x0a\x37\xc6\x2c\x2c\x08\x35\x7a\xc3\x97\
\x2e\x5d\x2a\x7b\xc4\xfc\x47\x80\x45\xa1\x86\xd2\x60\xdb\xfe\xfd\
\xfb\xe7\x7e\x6b\x3b\x4a\xe5\xd8\xb1\x63\xa5\xc2\x58\xb1\x62\x45\
\x99\xce\x08\x64\xdd\xba\x75\x65\x4f\x7b\xfd\xfa\xf5\x65\x99\xa4\
\x21\x8c\x53\x50\x44\xec\xc3\x37\xc2\x54\xc2\xf3\xcc\x99\x33\xc5\
\x86\x0d\x1b\xca\xfd\x49\x3f\x79\xf2\x64\x59\x2f\xf5\xa8\x9d\xa4\
\xb1\x1d\x50\x36\xaa\x0f\x68\x0b\xed\x5a\xb3\x66\x4d\x99\x9f\x63\
\x3c\x72\xe4\x48\x39\x5a\x52\x3b\x0f\x1f\x3e\x3c\xa7\x30\x20\xb6\
\x77\xe7\xce\x9d\xe5\xf1\xd2\x86\xaa\xfa\x2e\x5f\xbe\x3c\xf7\x1b\
\x74\xfc\x4a\x63\x1f\xfe\x6b\x7f\xea\x63\x7f\xca\xd1\x39\xe4\xdc\
\x71\x9c\xe9\x48\xa4\x0b\x78\x24\x61\x4c\x47\x40\x68\x21\xa4\xf8\
\x6c\xdb\xb6\xad\x14\x76\x8c\x2c\x7a\x99\x99\x40\x02\x1f\x21\x77\
\xe2\xc4\x89\x52\x20\x92\x46\x19\x08\x5f\x20\x8d\xed\xfc\x57\x1a\
\x42\x5b\x1f\x04\x3b\xbd\x6e\xea\x56\x79\x9b\x37\x6f\x2e\x15\x16\
\x02\x9d\x74\xb6\x93\xc6\x7f\x14\x0d\x42\x58\xfb\x90\x26\x68\x33\
\x0a\xe0\xfc\xf9\xf3\x65\x1b\x22\xb4\x01\xa5\x45\x1b\xd8\x2e\x85\
\x58\x05\x79\x51\x2e\xe4\xd5\x88\x84\xf2\x0e\x1d\x3a\x74\xdb\x3e\
\x57\xaf\x5e\xfd\x5a\x19\xb4\x8b\x7d\x05\xed\x63\x5f\xea\x24\x9d\
\xb2\x68\xa7\x8e\x81\xf3\x83\x72\xec\x22\x56\x12\xc6\x74\x04\xf5\
\x9c\xf9\x20\xb4\x11\x68\x90\x9b\x8c\x45\x38\x56\x81\xc0\x03\xf5\
\xda\xf5\x1b\x96\x2f\x5f\x3e\x97\x0f\x01\xad\xcf\xb6\x8a\x80\x93\
\xda\x87\xfa\x55\x26\x4a\x22\xcd\xcb\x7f\xd2\x45\x6c\xaf\xf6\x4b\
\xcb\x24\x5d\xdb\xd2\x3c\xe9\x31\xa8\x3c\xce\x09\xd0\xfb\x4f\xcd\
\x66\xa9\x22\x8d\x23\x8b\xf4\x18\x34\xb2\x20\x6d\xf5\xea\xd5\x73\
\xc7\x80\xf2\xea\x22\x56\x12\xc6\x74\x04\x04\x17\x66\x15\x46\x10\
\x98\x5b\xe8\xe1\xab\xf7\x2e\x10\x64\xf4\xd2\x31\x8f\x5c\xbc\x78\
\x71\x6e\x3f\x3e\xec\x43\x7e\x04\x26\xbd\x62\x7a\xe0\x28\x80\x51\
\xa1\x4c\x84\xf2\xb9\x73\xe7\xe6\x94\x0e\x23\x89\x98\x16\x95\x0f\
\x23\x11\xd2\x68\x8f\x46\x2d\x11\x04\x38\x1f\xcc\x3f\x1c\xeb\xa0\
\x73\x02\x98\x9d\xa4\x1c\x30\x31\x09\xce\x4f\x6e\x6e\x24\x1e\x03\
\xe7\x8d\x36\x51\x2f\xe7\x88\x76\x72\x9e\x38\x06\xda\x89\xf2\x40\
\x01\x49\x19\x75\x85\xda\x2f\x1d\x5a\xff\xf2\xcb\x85\x19\x1f\xbc\
\x24\xe4\x93\x37\xdf\xcc\x6e\x5f\xfb\xdc\x73\x03\x47\x75\x8c\x0f\
\x80\xcc\x11\x4d\xc0\x83\xce\xa7\x49\x3b\xac\x26\x07\xa3\x60\x5b\
\x48\x64\xf7\xde\xd6\x60\x68\xf6\xf7\x9f\x7f\xbe\xf8\xf8\xd5\x57\
\xb3\xdb\x47\x7d\x99\x17\x02\x8c\x73\xc8\x75\x51\x8f\x18\x41\xca\
\x6f\x8e\x45\x42\x55\xca\x41\x76\x7a\x3e\x9c\x77\xed\xcf\x36\xfe\
\x6b\x22\x98\xfd\xe3\xef\x94\xb8\x4d\xfb\xeb\xde\x48\xcb\x54\x1a\
\x6d\xe1\xdc\xc6\xd1\x80\x26\x83\xf9\xbe\x7e\xfd\x7a\x29\x74\x99\
\x03\x48\xef\x0b\xd2\xe3\x31\xe8\x1e\xe7\x7f\x6c\xaf\xf6\xab\x6a\
\x83\x40\xd9\x90\x86\x92\x8d\xe7\x2a\x1e\x87\xda\x2b\x25\x55\x75\
\x0c\x94\x83\x39\xaa\x8d\x73\x13\xfd\xee\xbb\x1c\x56\x12\x2d\xa5\
\x49\x25\xc1\x8d\x0b\x12\x10\x71\x82\x8d\x87\x48\x0f\x98\x86\xd4\
\x7a\x60\x63\x9a\xf2\x01\x0f\x86\x26\xf2\x78\x20\xd2\x07\x2e\x7a\
\xcf\x54\x95\xa7\x07\x2e\x2d\x8f\x0f\x0f\x3e\xbd\x31\xb5\x31\xb7\
\x4f\x4a\x2c\xa3\x2a\xad\xea\xf8\x7a\xed\xa3\x3a\xe9\x71\x6b\xa2\
\x37\xb6\x65\x14\xc6\xad\x24\x26\x1d\x7a\xe5\xcc\x01\xd0\xf3\x47\
\x49\x33\xaa\x90\xe7\xd1\xb8\xe0\xba\x73\xad\x51\x46\x55\xe6\xab\
\x41\xe1\xfe\xdd\xd6\xd2\x77\xbd\xd4\x55\x12\xf6\x6e\x9a\x12\x78\
\xe0\x78\xd0\x56\xae\x5c\x59\x3e\x10\x3c\x84\xa9\xf7\x49\xf4\xdc\
\x00\x79\x9f\x00\xe9\x98\x1e\x48\xa3\x77\xa5\x5e\x5a\x15\xd1\xe6\
\xcb\x37\x0f\x3d\x6e\x84\x52\x56\x40\x1b\x28\x8f\xbc\x72\x57\x44\
\xe1\xd0\x2e\xfe\x33\x29\x18\x3d\x52\xd4\x4b\xbd\x71\xe3\xeb\x7d\
\x1a\x1e\x6e\x8d\x96\x74\x9c\x39\x0f\x1d\xe0\xf8\x28\x5f\x42\x3f\
\x7a\xbf\xc4\x9e\xb0\xce\x03\x20\xac\xe4\xc9\xc2\xf6\x38\xa9\x69\
\x9a\x45\xa3\x53\xcc\x61\x55\x9d\x90\x71\x40\x7d\x3c\x07\xa3\xd2\
\x56\x05\x31\x0a\x9e\x93\x98\x12\x78\xf0\x50\x10\x3c\x0c\x7a\xe8\
\xa2\xf7\x09\x82\x0f\x1b\xab\x3c\x4d\xe8\xbd\xc9\x9b\x43\x37\x3e\
\x4a\x05\xe1\xc9\x3e\x51\x80\x56\x41\x79\xf2\x04\x41\x49\xe0\x35\
\x43\x1a\xfb\x46\x01\x4b\x79\x94\xaf\x21\x3a\xc2\x9a\x6f\x29\x8c\
\xe8\x51\x52\x05\x6d\xd2\x24\xad\x3c\x5f\x48\xab\xf2\xd0\x01\xd9\
\xd8\xc9\xc3\x76\x14\x04\xc7\x8a\x12\x90\x22\xac\xaa\x4b\x6e\x92\
\xb4\x6f\xdc\xbd\x5a\xf3\x07\x61\xcb\xb9\x6e\x8b\xd9\x71\x9a\xb1\
\x92\x98\x12\x10\x94\xf2\x66\x41\x60\x43\x1c\x25\x00\x82\x10\x21\
\x2b\x7b\x6b\xfa\x8d\x7d\x58\xe6\x99\x7e\x43\xf2\xd4\x13\x24\x12\
\xcd\x35\xb2\xf9\x33\x1a\x48\x5d\x08\xa3\x47\x49\xaf\x7a\xa2\x97\
\x0b\x6d\xa5\x9d\x3a\x1e\x46\x1e\x12\xea\xca\xab\xe3\x60\x3b\xe7\
\x04\x45\x11\x8f\xad\xca\x9c\x44\x19\x08\x2e\x99\xc3\xcc\x78\x89\
\x8b\xe6\xcc\xc2\x62\x25\x31\x25\xc8\xa3\x85\x07\x4f\x6e\x7b\x42\
\x1e\x2d\x08\x4c\x04\xb5\x26\x6a\xe5\x61\x82\x10\x85\x4d\x9b\x36\
\x95\xdf\xa4\x45\xd3\x51\x95\x47\x87\x3c\x41\xf8\x60\x6a\xe2\x43\
\xef\x9d\xff\x51\xc8\xca\xe3\x84\x3a\x11\xe8\x32\x11\x91\x87\x76\
\xa1\xdc\xd2\x7d\x30\x0b\xc5\x89\xf8\xd8\x26\x99\xb6\x24\x64\xaa\
\x7c\xd7\x39\x0e\x4d\x6e\x62\xd2\xc0\xb3\x86\xba\xd8\x27\x3d\x36\
\xc1\xf1\x69\x44\x22\x33\x95\x63\xfd\x8c\x17\xae\x45\x5c\x3f\x61\
\x16\x86\x89\x9c\x93\xc8\x79\x1f\x48\x30\xf0\xa1\x67\x58\xd7\x2c\
\xa0\x1e\x4c\x1b\x3d\x14\xea\xc0\xb0\x5d\xc7\x84\x89\x45\xe7\x2e\
\xfa\xae\x63\xaa\x91\x97\x86\x86\xf8\x9a\x2c\x66\xf1\x91\xce\x33\
\xf9\xf4\x5b\x93\xb8\x32\xdd\x44\x10\xa8\x08\x5f\xd2\x55\x1e\x26\
\x21\xd5\x81\x20\x8f\xe5\x45\x57\x4d\x4c\x59\x94\x2d\x73\x18\xfb\
\xf0\x5b\xe6\xae\x38\x3a\x49\xdb\xa4\x32\xd2\x72\x29\x8f\xe3\x18\
\x64\x9f\x78\x6c\x5a\x28\x25\x8f\x16\xce\x07\xc7\x86\xdb\x63\xd5\
\x28\x69\x52\x40\x79\x62\x82\x6c\xc2\xc5\x75\x1c\x70\x5e\xb9\x5e\
\x72\xcb\x1d\xf4\x3c\xf7\xf3\x46\x8b\xb2\x63\x14\x98\xd3\x92\x13\
\x48\xd7\x99\x48\xef\x26\xfc\xbf\xe5\xf1\xa0\xa5\xfa\x5c\x2c\x7a\
\xa5\x8b\x16\x2d\xba\x4d\xb8\x41\xce\xe3\x05\xaa\xbc\x67\xb8\xc1\
\xb4\x90\x68\xa1\x84\x40\x93\xde\x4d\xe3\x26\xf5\xe8\x60\xc4\x82\
\xe0\x1d\x87\xed\xbe\x29\x0f\xa3\x51\x49\x5d\x3c\x87\x61\xdc\xde\
\x4d\x6a\x1b\xc4\xfb\x57\xca\x0f\xe4\x1a\xca\x75\xd3\x33\x91\xba\
\xb6\x56\xb9\x23\xcb\xc9\x20\x2e\x6a\x4b\x51\x67\x2d\x2a\xd1\x34\
\x2d\x1d\x81\xc9\xb4\x98\xd6\xc7\x68\x4d\xce\x08\xb9\x63\x55\x07\
\x31\x7a\xa3\xa9\xd3\x92\xd6\xc5\xbc\x1c\xb2\x42\x75\x54\xb9\xea\
\x56\x9d\x8b\xb4\xad\x94\x43\x67\x26\x9d\x33\x49\x3b\xae\xb1\x9d\
\x75\xef\x97\xa6\x98\x2a\xef\x26\x6e\x6c\x4e\xba\x56\x38\xca\x93\
\x06\xd3\x01\xbd\x66\xbe\x15\x6c\x2c\x7a\xd7\xc8\xbb\x45\x1e\x2f\
\xd1\xe3\x46\x17\x97\xde\x01\xfb\xf3\xe1\x26\x91\xa9\xc5\xe4\x49\
\x7b\x6d\x0a\xb5\x30\x0e\x06\x99\x0f\x99\x0f\x72\x02\x64\xa1\xe1\
\x1e\xd7\xc4\xbd\x62\x1a\xf1\x5f\x4e\x01\xf2\x1e\xe3\x1a\x61\xc2\
\xe3\x38\xe8\x68\xc9\x5b\x8d\xfd\x18\xf1\xd1\x53\xd6\x02\x31\xd2\
\x49\x63\x5f\xd2\x34\xa2\x42\x40\xa6\x93\xfc\xa4\xcb\xb3\x4c\x31\
\x92\xb4\x7e\x20\x7a\xcf\xf1\xac\x51\xbf\xd6\x44\x50\x96\xda\x10\
\x3d\x8d\xe4\x69\x56\xa5\x24\x7a\x79\xa3\xe9\x38\x69\x1f\xb2\x80\
\x79\x38\x95\x21\x17\x6b\xce\x55\xf4\x70\x53\xa7\xb3\xaa\x1d\x11\
\x99\x56\x29\x53\xe1\x39\x74\x8e\x24\x4f\x52\x19\x13\x3d\xed\xaa\
\xe2\x5e\xb5\x99\x89\x9c\x93\xe0\xc4\x6b\xb5\xa6\x7a\xfd\x52\x0a\
\xd1\x73\x87\x8b\xa6\x87\x44\x8b\x73\xa2\xc7\x0b\x43\x6e\xf6\x65\
\xc8\xad\x51\x07\xf6\x7a\xf6\xe5\xa6\xb1\x82\xa8\x07\xe7\x6f\xa1\
\x7b\xfa\xd3\x88\xee\x73\xee\x67\x85\xe4\x18\x14\x04\x2c\xfb\x28\
\xb2\x2a\xa3\x68\x04\x24\x69\x5c\x4b\x04\x22\xa6\x1c\x84\x2e\xe9\
\x9a\x9f\x4a\x41\x38\xeb\xd9\x93\xd0\x46\x28\xf3\xdc\x91\xc6\x33\
\xa5\xd0\xdb\x08\x4e\xe6\xc1\x34\x47\x26\x0f\xb5\xb8\x82\xba\x6a\
\xd4\xa1\x63\x95\x37\x5a\x3f\x4f\x3b\xa1\xe7\x59\x4a\x4a\x66\x52\
\xad\xf0\x56\x3d\x3a\x17\x6c\xd7\xfa\x09\xc5\xa8\x42\xc8\xab\x1c\
\xc9\x0c\xa0\x1d\x74\x2c\xa3\x8c\xa1\xcc\x5e\x9e\x76\x93\xc2\x44\
\x8e\x24\xd0\xf4\xba\x49\x74\xa1\xb8\x89\xb9\x39\xd3\x61\x36\x76\
\x71\xad\xdc\x94\x47\x0b\x13\xa4\x5c\xb0\x34\x1e\x8b\x31\x93\x4c\
\x7a\xef\xa7\xab\x98\xe3\x77\x4a\xd5\xfd\x1f\x9f\x21\xed\x3b\xc8\
\x28\x2e\x3e\x53\xec\xc3\xfe\x98\x67\xb4\x2d\x3a\x1d\xe4\x94\x40\
\x6c\x77\x55\xdb\xe4\xc1\x96\x6b\x4f\x2c\x57\x79\xd3\xed\xda\x17\
\x13\xb5\xc2\x85\xa8\x5d\x91\x7e\x6b\x62\x74\x1c\x31\x16\x16\x69\
\x28\x14\xc9\x1d\xa5\xc5\x7a\x26\x85\x89\x1c\x49\x68\xb2\x51\x23\
\x07\x46\x16\xfd\x56\x3a\xca\x7b\x85\x9e\x01\x23\x10\x6e\xdc\xe8\
\x71\x43\x6f\x41\x70\x31\xe9\x35\x75\x2d\x06\x8b\xe9\x36\x9a\x90\
\x55\x4c\x23\x39\x2b\xd0\xeb\x97\x77\xdb\xa0\xf7\x74\x8c\x01\x45\
\x0f\x99\x67\x85\x34\xca\x88\xee\xca\x7a\x7e\x44\x1a\xe3\x88\x7d\
\xe9\x79\xd3\x83\x66\x3f\x84\xe4\x30\xe6\x16\xda\x2b\xb3\x32\x3d\
\x79\x09\x7e\x8d\x64\x68\x63\x95\x37\x1a\xfb\x28\xe4\x78\xec\xbd\
\x73\x8e\x68\x87\x94\x04\xc7\x41\x7b\x11\xf0\xa3\x9a\x31\x25\x7f\
\x54\xa6\xdc\xaf\x9b\x8e\x85\x35\xdf\x4c\xec\x8a\x6b\x6e\x58\xdd\
\x6c\x5a\x01\x2b\x53\x93\x5c\x20\x41\xa3\x8b\x9c\x27\x4d\xf4\xb8\
\x51\x2c\x18\xca\xe6\x26\xeb\xca\xe8\x82\xe1\x3d\x0f\xd5\x20\x0b\
\x93\xe8\xfd\x0c\x33\x61\x2f\x77\xd5\x71\xac\x40\x1e\x67\xd9\x5d\
\x05\x21\xa4\xfb\x58\x20\xa4\x75\x2f\x73\x6f\x03\xdb\x35\x5f\x10\
\xed\xee\x0a\x87\xc2\x3d\xa0\x78\x47\x9c\x7f\xf2\x29\xbc\x77\x2c\
\x87\x11\x7c\xec\x9c\x69\x11\xa5\x5e\x3e\xa4\x7b\x4e\xa3\x7f\x46\
\xfe\xe9\xc4\x70\x6c\x43\xfc\x2d\xb3\x13\xe5\x6b\xde\x22\x8e\x92\
\x24\xdc\x69\xaf\x14\x15\x75\x6a\x82\x58\x9e\x71\x6a\x2b\xe8\x3d\
\x10\xda\xae\x73\x25\x0f\xb8\xaa\x73\x51\x85\xb6\x69\x2e\x25\xb6\
\x3d\xe7\x35\x17\xcf\xc7\x24\xe1\xd8\x4d\x2d\xa5\xe9\xd8\x4d\x08\
\x0a\xad\x0f\xe8\xe5\xd9\x45\x6f\x8d\x9b\x3a\xba\x81\x42\xce\x2b\
\x0c\xd8\x27\x0d\x97\x11\x63\x20\x69\xbf\x2a\xcf\xa4\x5e\x69\x69\
\xd9\xb3\x15\xb1\x96\x26\x91\xf9\x8a\xdd\xd4\xcf\x33\xa8\x09\x24\
\xbc\x9b\x46\x6b\x56\x64\xcb\x4f\xdd\xd2\xd9\xce\x48\x85\xba\xb9\
\x3f\xb0\x0e\xa0\x9c\x26\xfd\xde\x18\x27\x8e\xdd\x64\x7a\xa2\xd1\
\x81\xbc\x40\x14\x6a\x79\x26\x13\x17\x89\x6d\x08\x17\x84\x4c\xf4\
\x56\xa1\x57\xc9\xbe\x31\x2d\x45\x1e\x36\x2a\x9b\xba\x99\x9c\x24\
\x5d\x69\xea\xb1\xa5\x31\xa3\x64\x2e\x51\x9a\x40\x59\x48\xd1\xc4\
\xb7\x8a\x99\x3c\x0a\x71\x32\x4e\xc6\xd5\x33\x4e\x47\x38\xe9\x71\
\x68\x3b\xf7\x19\x76\x7f\x4c\x39\x56\x10\xe3\xc1\x4a\x62\x4a\x40\
\xe0\x23\xac\x31\x3d\x29\x56\x93\x62\x26\xe9\x1d\xc7\x42\xae\x91\
\xca\x2f\xef\x0c\xec\xcb\xda\x57\xee\x8f\xe9\xbe\xf2\xb0\x51\xaf\
\x0e\xe1\x0e\x72\xa9\x94\xe2\xe1\xbf\x42\x62\x60\x82\xe0\x3f\x1f\
\xad\x53\x89\x65\x6b\x64\xa1\xf7\x0e\x58\x18\x0c\xc6\x24\x9a\x36\
\x86\x81\x7b\xc5\x1e\x88\xe3\xc7\x61\x39\xa6\x84\xe8\x5d\x02\xd1\
\x53\x25\x15\xba\x5a\xa0\x14\x91\x57\x98\x26\x0c\x73\xfb\x46\x4f\
\x8e\x68\x1a\x62\xc4\x21\x2f\x99\x38\x01\x19\x17\x65\xc5\x70\xde\
\x29\xd8\x8e\x67\x6f\xbd\x53\x38\x7d\xab\x98\x59\x18\x66\x1d\x5b\
\x69\xec\xb4\x21\x86\x95\x47\x12\x53\x02\xbd\x70\x84\xab\x62\x10\
\x61\xfe\x91\x07\x4c\x7a\x13\xca\x53\x0c\x01\x8e\x13\x00\x13\x84\
\xb3\xb7\x5e\xae\xc2\x48\x40\x0b\x84\xaa\xf6\x95\x72\xc0\x64\x14\
\xcd\x51\x8c\x44\x10\xf0\x78\x79\xe8\x25\x32\x9a\x98\x1e\xa4\x5d\
\xf4\x18\xd5\x33\xae\x72\x69\x34\xf3\x0b\xd7\x8d\x4e\xc3\x24\xfa\
\xfd\x4f\x12\x3c\x43\x98\x69\x79\x1e\x17\x6a\x11\x9e\x95\xc4\x14\
\x80\x6d\x5a\x02\x3b\x7a\x76\xa5\x71\x91\x00\xd3\x0f\x82\x5a\xf6\
\x5e\xad\x3a\x95\x82\xe8\xb5\x2f\x44\xaf\x93\xe8\x67\xcf\xbe\x5a\
\xa9\x2b\x0f\x17\x90\xd7\x4b\xaf\xb2\x73\x9e\x69\xe6\xeb\x68\x55\
\x34\x4a\x18\xcf\xa3\xb8\xe0\xab\x29\x14\x9e\xbd\x97\x3b\xe7\x38\
\xde\x5a\x18\x19\xc7\x1b\x03\x47\x25\x8d\x2b\x96\x83\x0e\x14\xe7\
\x66\x50\x87\x02\x4c\xaf\x9a\x23\x5c\x08\x53\xab\xbd\x9b\x5a\xca\
\x24\xc5\x6e\x4a\xc1\x9c\x84\x20\x47\x39\x20\xa8\xb4\x6a\xd7\xfc\
\x81\x71\x79\x37\xc9\xe3\x47\x8e\x02\xac\x07\x90\x20\x57\xcc\xa5\
\xf8\xda\xcd\xe8\xb9\x16\x1d\x05\xe4\x6d\x56\x15\xbb\x09\x14\x4e\
\x43\xae\xc9\x32\x89\xa8\x13\x20\x2f\x39\x39\x39\xa8\x0e\xb9\xa6\
\xce\x56\x04\xd0\xcc\xc5\x50\x4a\xeb\x57\x3e\xcd\x5f\x45\xf7\xd6\
\x78\x1e\xf4\x62\xac\x68\x5e\x4d\xcb\x1a\x24\x4d\xe7\x24\xb6\x5f\
\x69\xa9\x89\x54\xe7\xbe\x4a\xf8\x6b\x7f\xc0\x13\x4b\x2e\xf6\xb9\
\xf8\x58\x0a\x7b\x22\x18\x5d\x8f\x3a\x9a\xa8\xeb\xdd\xe4\x39\x09\
\xd3\x38\xf4\xfa\x15\x13\xc8\x0a\x62\xfe\x50\x14\x82\xd4\x04\x84\
\xb2\x40\x80\xc5\x90\xeb\x5c\x1b\x09\x6b\x04\x10\xfb\xb2\x4d\x0b\
\xf1\xe8\xa9\x93\x07\x61\x9c\x2e\x56\x43\xa8\x61\x72\x04\xca\x60\
\x1f\xea\x20\x5f\x2c\x17\x54\xa6\x42\x5b\x28\x7c\x3c\xbf\x15\x5f\
\x89\xdf\xda\x3f\xa6\xf1\x5f\xe9\x2a\x4b\x8b\xe7\x72\x8b\x02\x69\
\x9b\xda\xad\xd8\x4e\xe4\xe5\x37\x69\x6a\x5f\x9a\xa6\x18\x4c\xda\
\x57\x69\xd4\xa9\xf6\xf1\xad\x51\x94\xd6\x65\x50\x9f\xce\x9f\xce\
\x7d\xd5\x9c\x99\xc2\x7a\x68\xa4\x87\xa2\xc8\xb5\x21\x4d\x03\x2d\
\x1e\x5e\x08\xac\x24\x4c\xe3\xcc\xdc\x8a\xc2\xa9\x37\xdd\x99\xf9\
\x81\x9e\xa6\x42\x6c\x8b\x68\x1a\x42\x61\x23\xfc\x7b\x09\x1b\x85\
\x67\x67\xde\x67\xe6\x56\xa8\xf4\xb4\xb7\x1e\x7b\xc5\x7a\xe3\x20\
\x65\xe7\x4c\x5b\x8a\xe5\x84\x89\x05\xd2\x98\x6a\xd4\xa3\xb7\x0f\
\xc6\xb0\x15\x31\x86\x12\x9e\x75\xec\xc3\x7f\xda\x97\x73\x81\x56\
\x9c\x28\x3a\x2a\xb4\x47\x82\x97\xdf\x7a\x73\x21\x82\x5a\x6f\x5f\
\x8c\xf9\x28\x9f\xff\x5a\x28\xa7\x97\x73\xe9\xed\x88\xb4\xbf\xea\
\xfd\x24\xe9\xb9\xcf\xb5\x8d\x72\xe3\xb9\xac\x6a\x03\xff\xa3\x29\
\x4a\xf5\xa5\xef\x80\x99\x4f\x3c\x27\x61\x4c\x87\x91\x87\x59\x55\
\x1c\xa7\xaa\xff\x52\xea\x08\x29\xcc\x85\x08\x68\x7a\xbd\x71\xfe\
\x01\x41\x8b\xb7\x5b\x55\x5d\x55\x44\x0f\xb6\xaa\x98\x6a\x71\xff\
\xaa\xb6\x54\xd5\x21\x4f\xb9\x94\x18\x27\xaa\x2a\x36\x54\x34\x3f\
\xf5\xaa\x47\xed\x4b\xdb\xaf\x51\x52\xaf\x78\x53\x39\xd2\xf3\x93\
\x6b\x83\xf2\x69\x01\x2c\x70\xbe\x17\xca\xf5\xdb\x23\x09\x63\x3a\
\x8c\x7a\xb5\x7a\xe3\x9e\x42\x49\xf0\x51\x6c\xa6\x2a\x81\xc7\x88\
\x43\xd1\x5a\x53\x30\x83\x68\x34\x82\x32\xa9\x8a\x7f\x36\x28\x8a\
\x6d\x24\x33\x54\xd5\x1c\x03\x20\xb4\x69\xb3\xcc\x66\x28\xae\xaa\
\x76\xc6\x38\x51\x32\x53\xc9\xb3\x4e\x31\xa7\xf8\xaf\x75\x43\x69\
\x3e\xb5\x83\x91\x4b\x6e\x62\x59\xe1\x4a\xaa\x62\xbe\xd1\x16\x99\
\xe0\xfa\x29\x92\xaa\x36\x70\xfc\x8a\x50\xcd\xb1\x09\xbd\x2c\x69\
\x21\xf0\xc4\x75\x4b\x99\xe4\x89\x6b\xd3\x9b\x71\x86\xe5\x88\xc2\
\x64\x36\xc4\x47\x8a\x31\x8a\x44\x8c\xf1\xa4\x49\xe7\x38\x79\xac\
\x50\xd9\x32\xa5\xc4\x3a\x10\x90\x8c\x2e\xd4\xbb\x56\xfc\x33\x4d\
\xc2\xaa\x1d\xb9\x09\xeb\x38\x91\xce\xef\x18\xef\x28\x9d\xcc\x8d\
\xa1\x3f\xd4\x66\x7d\xe4\x45\x95\x4e\xfc\xaa\x3d\x6a\x77\xd5\xb1\
\x0c\x92\x2f\x4e\xa8\xa7\xed\x57\xbb\xe2\x71\x28\x0f\xa6\xaa\x18\
\x73\x2c\x1e\x43\xf4\x82\xaa\x6a\x57\x9a\x36\x7b\xeb\x1d\x1d\xa3\
\x86\x1d\xa9\x3b\x71\x6d\x25\xd1\x52\xac\x24\xba\xcb\x7c\xc5\x6e\
\x1a\x27\x7a\xff\xc2\x42\xaf\x93\x18\x57\xec\xa8\x51\x98\x6d\xf8\
\xf5\xc7\x4d\xc5\xe0\x72\xec\x26\x63\xcc\xbc\xd1\x96\xf7\x22\xb4\
\x71\xcd\x4c\xd3\xce\x1a\x0b\xfd\x1e\x6d\xcf\x49\x18\x63\x8c\xc9\
\x62\x25\x61\x8c\x31\x26\x8b\x95\x84\x31\xc6\x98\x2c\x56\x12\xc6\
\x18\x63\xb2\x58\x49\x18\x63\xcc\x14\xf0\xd5\xa7\x9f\x16\x75\xa8\
\xad\x24\xea\x56\x68\x06\xe3\xab\x4f\x3e\xe9\xb9\xfd\xcb\x0f\x3e\
\x28\xcc\x64\xf2\xe5\x87\x1f\xf6\xdc\xee\x67\xcb\x8c\x83\x79\x57\
\x12\x1f\xbf\xf2\x4a\x61\xc6\x03\x0a\xe0\xb3\xf7\xde\xeb\x99\xe7\
\xfa\x6b\xaf\x15\x66\xf2\xe0\xda\xf6\x5a\xff\x02\xbe\xb6\xa6\x69\
\x06\xb9\xef\x72\xd4\x56\x12\x1f\x9d\x3a\xe5\xde\xec\x98\xf8\xfd\
\xd1\xa3\x7d\xf3\x20\x48\xea\x5e\x74\xb3\x70\x7c\x94\x89\x5e\x1a\
\xe1\xba\x0e\x92\xcf\x98\x41\xb9\xf2\xc2\x0b\x45\x5d\x16\xef\x5e\
\xbb\xf6\x40\x51\x03\x86\x2e\x08\xaa\xe5\x1b\x37\x16\x8b\x97\x2d\
\x2b\xcc\xe8\x70\x4e\xff\xf9\xef\xfe\xae\xb8\x76\x2b\x2e\x4d\x3f\
\x38\xff\xff\xf1\xae\xbb\x8a\xa5\xf7\xdd\x57\x98\x76\xc3\xb5\xfd\
\x7f\x8f\x1d\x1b\x58\xf8\xff\xcb\x3f\xfe\x63\xf9\x5c\xdd\xf9\xe0\
\x83\x85\x31\x75\xd1\x7d\xf7\x7f\xff\xe1\x1f\x8a\xba\xd4\x0e\xcb\
\x11\x41\x51\x58\x50\x8d\x06\x76\xea\xeb\xbf\xfd\x6d\x2d\xbb\x21\
\xe1\x39\x96\x3d\xf4\x50\x61\xda\x09\xd7\x14\xf3\x6c\x9d\x6b\xbb\
\xe4\xde\x7b\xff\xd0\x11\xbb\xf3\xce\xc2\x98\x61\x18\x45\xa6\x44\
\x1a\x51\x12\xc6\x18\x63\xba\x89\x5d\x60\x8d\x31\xc6\x64\xb1\x92\
\x30\xc6\x18\x93\xc5\x4a\xc2\x18\x63\x4c\x16\x2b\x09\x63\x8c\x31\
\x59\xac\x24\x8c\x31\xc6\x64\xb1\x92\x30\xc6\x18\x93\xa5\x91\x37\
\xd3\xe1\xa3\xbf\xf4\xfe\xfb\xed\xcb\x3d\x02\x9f\xbd\xfb\x6e\x71\
\xfd\xf5\xd7\x8b\x3a\x2c\xb9\xe7\x9e\x72\xad\x04\x3e\xf5\xa6\x7d\
\x70\x6d\x3f\x79\xeb\xad\x7a\xeb\x24\x6e\x5e\xdb\xe5\xdf\xfd\xae\
\x9f\x2d\x33\x34\x65\x28\x8e\x9b\xf7\xdd\xa8\x91\x31\x46\x52\x12\
\x08\x25\xde\xc7\xeb\x77\x2d\x37\x03\x17\x93\x90\x1c\x83\xc6\xee\
\x41\x70\xac\x7a\xfa\xe9\xe2\xee\x6d\xdb\x0a\xd3\x6e\xb8\xb6\xac\
\xb6\x1e\x26\xdc\xc6\x37\x9f\x79\xc6\xd7\xd6\x8c\x44\x9d\xfb\x2e\
\xa5\x76\x58\x0e\x14\xc4\xda\xe7\x9e\x2b\x47\x10\xa6\x19\x08\xc3\
\xb0\x72\xd3\xa6\x81\xb5\xff\xcc\x5f\xfe\x65\x71\xd7\x63\x8f\x15\
\xa6\xfd\x70\x6d\xff\xd3\x9f\xfc\xc9\x40\xc1\x1b\xc1\x0a\xc2\x34\
\x81\xee\x3b\xee\xb9\x2f\xfe\xf9\x9f\x8b\x3a\xd4\x9e\x93\xa0\x07\
\x6b\xf3\xc6\x78\x58\xf5\xd4\x53\x7d\xf3\xa0\x1c\x08\xd7\x60\x26\
\x8b\x6f\xee\xde\xdd\xd7\x74\xc4\x73\x65\x05\x61\x9a\xe4\x5b\x3f\
\xfc\x61\x51\x97\xda\x4a\xc2\xb1\x82\xc6\x47\x39\xbf\x70\xd3\x16\
\xdd\x0b\x2b\x88\xc9\x04\x05\xd1\x6f\xf4\x7d\xd7\xa3\x8f\x16\xc6\
\x34\x49\x79\xdf\xd5\x8c\xaf\x57\x5b\x49\x78\x14\x31\x5e\x96\xac\
\x5a\xd5\x73\xbb\x27\x32\x27\x97\x7e\x1d\x00\x3f\x5b\x66\x1c\xcc\
\xbb\x92\x30\xc6\x18\xd3\x7d\xac\x24\x8c\x31\xc6\x64\xb1\x92\x30\
\xc6\x18\x93\xc5\x4a\xc2\x18\x63\x4c\x16\x2b\x09\x63\x8c\x31\x59\
\xac\x24\x8c\x31\xf3\xc6\xec\xec\x6c\x71\xfc\xf8\xf1\xa2\xab\x9c\
\x3d\x7b\xb6\x3c\xc6\x2e\x61\x25\x61\x8c\x99\x37\xb6\x6c\xd9\x52\
\x5c\xbb\x76\xad\x98\x44\x68\xf7\x85\x0b\x17\xfa\xe6\xdb\xb0\x61\
\xc3\xc4\x1e\x63\x15\x56\x12\xc6\x74\x88\x5d\xbb\x76\xb5\x56\x40\
\x9d\x3e\x7d\xba\xfc\xde\xbb\x77\x6f\xd9\xe3\x5e\xb3\x66\x4d\x31\
\xdf\x50\x27\x75\x0f\x0a\xa3\x82\x23\x47\x8e\x94\xbf\xd9\x6f\xfb\
\xf6\xed\x65\xda\xa2\x45\x8b\x2a\xf3\x6f\xde\xbc\xb9\xd8\xb4\x69\
\xd3\xdc\x3e\x5d\xa0\x91\x28\xb0\xc6\x98\x76\x80\x29\x67\xff\xfe\
\xfd\xc5\x8a\x15\x2b\xca\xff\x08\xb6\x73\xe7\xce\x15\x33\x33\x33\
\xc5\x8e\x1d\x3b\xca\xb4\x53\xa7\x4e\x15\x17\x2f\x5e\x2c\x85\x19\
\xdf\x7b\xf6\xec\x29\x0e\x1e\x3c\x58\x7e\xb3\x1f\x02\x6e\xeb\xd6\
\xad\x73\xbd\xe6\xcb\x97\x2f\x97\xe9\xa4\x9d\x38\x71\xa2\xfc\xad\
\xb2\xaa\xca\x67\x7f\x14\x15\xff\x49\x17\x27\x4f\x9e\x2c\x76\xee\
\xdc\x79\x5b\x7b\xb5\xbf\xf2\xb2\x1f\x75\xc4\xfd\x95\x46\xbd\xcb\
\x97\x2f\x2f\xbf\xf9\x20\xac\x63\xdb\xf8\x56\x79\x1c\x1b\x02\xbb\
\x17\x69\x3b\x4f\xdd\x0a\x82\xa7\x32\x49\xa7\xde\xc3\x87\x0f\x97\
\xe9\xd4\x81\x82\x8b\x70\x8e\x50\x7e\xf1\xf8\x51\xd4\x07\x0e\x1c\
\x28\xaf\x43\x17\xf0\x48\xc2\x98\x8e\x82\xc2\x40\x60\xad\x5e\xbd\
\xba\x14\x5a\x08\x45\xa5\x01\xdf\x12\x80\x6c\xd7\x08\x84\x34\x04\
\x30\xc2\x6f\xdf\xbe\x7d\x65\x3a\xc2\x51\xa6\x22\xf2\xa2\x54\x10\
\xc6\x2a\x9f\x7d\x48\xa3\x7c\xcd\x39\x60\x76\x89\x20\x7c\xd7\xad\
\x5b\x37\xf7\x9f\x3a\x10\xc2\x97\x2e\x5d\x9a\x33\xd1\x50\x1e\xff\
\xb5\x3f\x69\x7c\x23\xc0\xcf\x9c\x39\x53\xf6\xe4\xa9\x17\xe1\xac\
\xb6\xa9\x6e\xf5\xf4\x69\x8f\x7a\xfc\x39\xd8\x97\x76\xa2\x0c\x28\
\x9f\x7d\xd3\xe3\xa5\x6d\x11\xca\xd3\xf9\x12\xd4\x73\xe3\xc6\x8d\
\x32\x5d\xa3\x07\x8e\xb1\x4b\xf3\x12\x1e\x49\x18\xd3\x51\x10\xa6\
\x08\x41\xf5\xf4\x11\xb4\x7c\x23\x00\xe9\xe5\xae\x5f\xbf\xfe\x6b\
\x3d\xe3\x14\xb6\x33\xc2\x40\xe8\xb1\xaf\x7a\xc7\xfc\xa7\x3c\x95\
\xaf\x5e\x7c\xdc\xce\xc8\xa1\x17\xec\x73\xec\xd8\xb1\xf2\x37\x82\
\x1a\xa1\x4c\x99\xdb\xb6\x6d\x2b\xae\x5f\xbf\x5e\xa6\x23\x78\x29\
\x4b\x8a\x03\x45\x23\x68\x3f\xf5\xa1\x14\xd8\x57\x23\x28\x84\x3d\
\x42\x3b\x8e\x62\x52\x74\x2e\x50\x36\x3a\x86\xf4\x78\xf9\x30\x22\
\x41\x99\x90\x56\x65\xa6\x62\xb4\x42\xdd\xec\xa7\x91\x04\x74\x69\
\x4e\xc2\x4a\xc2\x98\x8e\x22\x53\x0d\xc2\x13\xc1\x89\x30\x44\x28\
\xaa\x97\x1b\x7b\xbb\x32\xdf\x54\xa5\xe7\x90\xd9\x87\xf2\x25\x64\
\xe1\xd0\xa1\x43\xe5\x37\x23\x8f\xab\x57\xaf\xce\x95\x41\x7b\xa2\
\x90\xa7\x6d\xaa\x8b\xdf\xf4\xc0\x65\xe6\x21\x2f\x1f\x4c\x3c\x8c\
\x5c\x10\xd0\x28\x85\x5e\x6d\xa3\x0c\xea\x26\x9d\x1e\xbe\x46\x2d\
\xfc\x4f\x15\x86\xcc\x43\x08\x79\xfd\x66\x34\xd2\xeb\x78\x53\xa8\
\x0f\x25\x82\x02\xd1\xe8\x8b\xfa\xf9\xa6\xad\xc0\x6f\xf2\xe9\xff\
\x24\x62\x25\x61\x26\x12\x1e\x3c\x3e\xbd\x7a\x8b\xd3\x0a\xc2\x19\
\xce\x9f\x3f\x5f\xfe\xa6\x97\x8e\xf0\xc3\x5c\x83\x50\x23\x6d\xe5\
\xca\x95\xb7\x9d\x3b\x04\x1d\xe9\x08\xb3\x41\x05\x25\xfb\xd0\x23\
\x8f\xe5\x73\x4d\x10\xd0\x80\x00\x8e\x65\x51\x36\xf9\xd9\x0f\xd8\
\x26\x13\x16\xca\x80\xfc\x28\x1c\x99\x7c\xc8\xa7\xd1\x02\xf9\xa4\
\x38\x72\x50\x1e\xfb\xea\xb7\x94\x45\xd5\x88\x06\x61\xce\x36\xf2\
\xab\x8e\x2a\x24\xdc\x99\xf0\xd6\xa8\x27\xd6\xc7\x9c\x0e\x65\xf0\
\x5b\xca\x91\x91\x87\xf6\x63\x84\x41\x3d\x93\xac\x24\x16\x9d\x7f\
\xfc\xf1\x1b\x45\x0d\xd6\xbf\xfc\x72\x61\xc6\xc7\xef\x9e\x7d\xb6\
\xf8\xe4\xcd\x37\xb3\xdb\x79\xe1\xd3\xa0\x6f\x04\x8c\xb6\x54\x6e\
\xda\x61\x04\x2b\x0f\x07\x0f\xff\x7c\x0a\x63\x7a\xbb\x3c\x7c\x71\
\xf8\x1e\xe1\x78\x10\x4c\x08\x11\x7a\x99\x93\xc6\xfb\xcf\x3f\x5f\
\x7c\xfc\xea\xab\xd9\xed\xbc\xed\x71\x5c\x2f\x93\xa2\x47\x4e\x6f\
\x9e\x73\xcb\x6f\x04\x1c\xca\x64\x3e\x40\xf0\x73\x3f\x21\xb4\xfb\
\x4d\x2a\x37\x01\xf7\x09\x73\x1c\xdc\xbf\xf3\x05\x75\xa2\xd0\xf4\
\xcc\xe8\x77\x1b\xe8\x77\xdf\xe5\xf0\xc4\xf5\x14\xa0\x9e\x9d\x26\
\xe9\x80\x07\x16\x7b\xaf\x6c\xbe\xfc\x8f\x8b\x9c\xe8\xf1\xc9\x1c\
\x20\x37\xc0\x68\x93\xe5\x37\xc3\xf3\x38\xfc\x67\x1f\xec\xb3\x6c\
\xe3\xa3\x32\xf9\xad\x7a\x40\xe5\xa5\x13\x83\x02\x85\x26\x13\x43\
\xac\x4b\xff\xe5\x85\x82\xa0\x21\x4d\x5e\x38\xf1\x77\x0a\xfb\xc4\
\x36\xe8\xf8\x69\x83\x8e\xf1\x54\x78\xc5\x23\xed\xee\x92\x5d\x59\
\x20\xb8\x38\xb7\x08\x6b\xee\x8b\x9c\x22\x1e\x07\x1a\x6d\x44\x93\
\xd3\x38\xe1\x58\xe7\x5b\x40\x73\xff\x71\x7e\xd5\xa9\x6a\x8b\x82\
\x18\x05\x2b\x89\x29\x80\x87\x93\x07\x93\x09\x41\x6c\xc4\x20\x8f\
\x11\x99\x24\x10\x88\xf4\x2a\xb5\x62\x14\x01\x22\x21\x89\x80\x66\
\xe2\x90\x34\x09\x6c\x0d\xeb\xe5\x19\xc2\x7f\x3e\xea\xbd\x91\x47\
\xde\x2a\x52\x1c\x32\x83\xc8\x56\x8d\x32\xa8\x52\x14\x9a\xb4\xa4\
\xcd\xa9\x37\x0e\x82\x5d\xdb\xe5\x1a\x29\xff\xfb\xf8\x3b\x42\x19\
\x72\x77\xd4\xb1\xd2\x6e\x1e\x68\x1e\x62\xd2\x64\x9a\xa0\xfd\x3a\
\xc6\x61\xec\xd3\x93\x02\xc2\x8b\x6b\xc9\x71\xf3\xdd\x6f\xe2\xba\
\x69\x30\xbb\xcc\xa7\x62\x9a\x6f\x78\xc6\xba\x76\x7c\x9e\x93\x98\
\x02\xb0\xa5\x22\x90\x11\x82\x08\x3e\x86\xfb\xd1\x63\x04\x81\xc9\
\xc4\xa3\xdc\xfe\xb0\x5b\xe3\xcf\xae\xde\x10\xb6\x56\x1e\x6e\x16\
\x10\xb1\x5d\x1e\x21\x94\x21\x6f\x12\x04\x2b\xf5\xc8\x0e\x1d\x7b\
\xe5\xa4\x93\x57\x8b\xa7\xe4\x4d\x92\x7a\x84\x08\xec\xd3\xf2\x5f\
\x47\x80\xcb\xe3\x04\x2f\x16\xea\xe2\x37\x82\x9f\x07\xb2\x4a\x29\
\x54\xa1\xd1\x02\xc2\x51\xa3\x0d\xd9\x98\xb1\xcf\xb3\x4d\x9e\x2a\
\x9c\x97\xd4\x9f\xbf\x6b\x78\x2e\xc7\x0c\x8a\x95\xc4\x14\x80\x82\
\x40\xe8\x21\x6c\x11\xd4\xea\x89\x4b\xc8\x23\x90\x11\xc0\x08\x67\
\xad\x48\x8d\x93\x74\xf2\xd6\xa0\xf7\x8f\x40\x25\x2f\xf9\x34\xb1\
\x88\x17\x89\x16\x15\x21\x68\x7b\xd9\xb8\xe3\x84\xa4\x26\x28\xa5\
\x28\xaa\x7a\xee\x2c\x9e\x92\x89\x88\x79\x8a\x5c\x99\x40\xfb\xe4\
\xd1\x13\x27\xb5\xf9\x96\xa2\x42\x21\x6a\x82\x35\x7e\xe4\xa5\x23\
\xd3\xdc\x7c\xd9\xe9\xcd\xf8\xe1\xfa\xca\xb5\xb6\x8b\xa3\xc3\x71\
\x63\x25\x31\x05\x68\x02\x0d\x10\xd0\x08\x75\x04\xa2\xe6\x27\xe4\
\x59\x02\x08\x6f\x1e\xaa\x38\xb1\x88\xa9\x06\x53\x4f\xea\xc1\x22\
\x5f\x73\xf6\xa7\x3c\xf2\xc8\x77\x3e\xf7\x30\xca\x23\x04\x73\x0e\
\xa0\x70\xb4\x50\x4b\xca\x82\x36\xb0\x5d\x8b\xbd\xd8\xa6\x91\x09\
\xf5\xc7\x79\x10\xf6\x51\xbd\x20\x33\x1a\x23\x15\x29\x3a\x99\x92\
\xf8\xa6\x6c\x3e\x28\x4d\x8d\x6c\x68\xbb\x3c\x67\xf8\xb0\xdd\x3d\
\xed\x85\x83\x0e\x07\xe7\xbf\x29\x81\xce\xbd\xc4\x82\xb7\xae\x8f\
\x0e\xc7\x45\xa7\xbc\x9b\x34\x19\x89\x10\x41\x70\xd1\x73\x98\x54\
\x9a\xf4\x6e\x12\xea\x31\xc7\xff\x10\xd3\x10\xb2\x55\x66\xa0\x74\
\x5f\xd0\x02\xab\x7e\xf9\x72\x6d\x51\xdd\x28\x01\x04\x7a\x2f\xc1\
\x5c\x55\x57\xae\x5e\x8d\x9a\x52\xb7\xc3\xb4\x8c\xaa\xe3\x97\xab\
\xe3\x38\xbd\x6f\x16\xd2\xbb\x69\x5c\xf4\xf3\x48\x1b\x86\xdc\x3d\
\x58\x07\x99\x39\x31\x21\x4e\xbb\xe2\xaf\xeb\xdd\xb4\x78\xf7\xda\
\xb5\x07\x8a\x1a\xac\x7a\xfa\xe9\xa2\x6d\xec\xde\xbd\xbb\x9c\xec\
\x7c\xf8\xe1\x87\xcb\xde\x25\xc2\x42\xf6\xf1\x5f\xfd\xea\x57\x73\
\x37\xc9\x4b\x2f\xbd\x54\xfe\xbe\xe3\x8e\x3b\xca\x6d\x9f\x7f\xfe\
\x79\xb1\x6a\xd5\xaa\xa2\x4d\x70\x31\xbf\xfc\xe0\x83\xec\x76\x84\
\xc8\x92\x7b\xef\x2d\x86\x81\xe3\x4d\xff\xc7\x34\xcc\x4c\x9c\xa7\
\xd4\x1f\xbc\x6a\x5f\xa8\x52\x06\x55\xf9\x72\x6d\x51\x5e\x2d\x68\
\xea\x45\x3f\xc5\x13\xeb\xcd\x95\x97\x96\x91\x1e\x3f\xf3\x1c\x8c\
\x40\xd2\xd0\x0b\x4d\x73\xfd\xb5\xd7\x8a\xcf\xde\x7b\x2f\xbb\x7d\
\xf9\xc6\x8d\xc5\xd2\xfb\xef\x2f\xea\xa0\x50\x17\xef\xbc\xf3\xce\
\x6d\x31\x8e\xe8\x3c\xf1\x6c\xc4\x45\x5e\x69\x1a\xd7\x9f\x7d\x95\
\x86\x12\x7d\xee\x66\x67\x04\x48\x57\xef\x9e\xfd\x78\x5e\xe2\xef\
\xbf\xfc\xcb\xbf\x2c\x9f\x2b\xcc\x91\x51\x39\xb3\xfd\x37\xbf\xf9\
\x4d\x59\xd6\x1b\x6f\xbc\x51\x96\x41\x99\xfc\xd7\x33\x89\x82\x89\
\xe5\x73\x4d\x28\xe3\xed\xb7\xdf\x2e\xb7\xb1\x3f\xc7\x93\x6b\x67\
\x4c\x63\xff\xf8\x2c\x93\x46\x79\xc8\x86\xdc\xbe\x5c\x77\x2d\x36\
\x64\x5f\x39\x2d\xf0\x1b\xf9\x40\x3b\x1e\x7c\xf0\xc1\xec\x79\x93\
\x7c\x01\xca\x21\x2f\xc7\xa8\x8e\x06\xe5\x91\x17\x39\x73\xf4\xe8\
\xd1\xf2\x78\x74\xac\x9c\x07\xd2\x38\x37\x3a\xa7\xe3\xa2\xdf\x7d\
\x97\xa3\x53\xde\x4d\x4c\xac\xca\x7e\xce\xf0\x92\x0b\x81\xdd\x5b\
\xde\x39\xf4\x50\xf4\x10\x29\xce\x8a\xec\xe2\xe6\x0f\x66\x9e\x85\
\x70\xd9\x6b\xba\x87\x57\xf7\x41\x63\xe4\x39\xc9\x73\x11\xf2\xde\
\xe2\x5e\x47\x70\xd1\x51\xd2\x3c\x0c\xf3\x35\xa4\xb1\x5d\x69\x3c\
\x23\x31\x0d\x93\x9c\xbc\xce\x14\x4d\x16\x77\x4e\x39\x2b\xc8\x64\
\xa9\xd5\xc5\xe9\xef\x14\x9e\x2d\x29\x5c\xc5\x4a\x52\x99\x08\x53\
\xca\x54\x38\x8e\x18\xbf\x89\xff\x8c\x4a\x50\xd8\x7a\x3e\x15\x2f\
\xaa\xaa\x9d\x08\x7e\x99\x43\xd3\x50\xe4\x71\xf5\xb3\xce\x8f\x4c\
\x9c\xf2\xca\x93\x2c\x60\x9b\xdc\xb7\xe5\x10\xa1\x85\x72\x42\x9e\
\x79\x1c\x8b\x62\x55\xc9\xd3\x4f\xc7\xab\xf6\x0a\xc5\xc5\x52\x9d\
\xf1\x58\xf9\xe6\xbf\xbc\x0c\xdb\x48\xa7\xe6\x24\xf0\xc2\xe1\xa6\
\x97\x3d\x9b\x13\xcf\x45\xe3\x9b\x1b\x85\x34\x79\xc7\x70\x63\xe8\
\xe6\x99\x8f\x85\x3d\x93\x40\xaf\xb9\x84\x69\x60\xd2\x8f\x5d\x5e\
\x5b\x71\x24\xc4\x7d\xce\xfd\x2d\x61\x2e\xc7\x04\xee\xfd\x28\xc8\
\x78\x66\xd2\x7c\x5a\x85\x9c\x7a\xa7\x55\x11\x3d\xd2\xc4\xa0\x1e\
\x6f\x0a\xa5\x41\x27\x2f\xed\xb0\xa1\xb8\x63\x3c\x28\x14\x48\xda\
\x4e\xad\x74\xa6\x3e\xd2\x53\x93\x6a\xfc\x4f\x87\x44\x91\x5d\x29\
\x47\x2b\xb2\xf9\x2d\x05\x25\x07\x06\xbc\xfc\x20\xca\x07\xda\xc3\
\x71\x70\xbc\x9a\x0f\x93\xf7\x5d\xbf\x58\x58\x94\x2d\x59\xa4\xf6\
\x72\x0c\x38\x92\xa8\x83\xcb\x35\x6c\xdb\xea\xec\x4e\x29\x09\x0d\
\x37\xe9\x0d\x33\xec\x95\xab\xa6\x6e\x3c\xfe\x73\xc1\xf9\x28\x9c\
\xef\x24\xae\xd8\x35\xa6\x0a\xdd\xeb\xea\xd9\xd3\x21\xc2\x3b\x2c\
\xde\xff\x9a\x9c\xe7\xb7\x5e\xa2\xa3\xd0\xd8\xca\xa7\xd0\xd7\xbd\
\x88\x9e\x61\xbd\xda\x33\x88\xc7\x5b\xbf\xf8\x50\x55\xc7\x18\xdb\
\x59\x15\xb3\x49\x82\x96\x6f\x29\x4f\xe5\x63\x1f\x79\xb1\xf1\x9b\
\x11\x0b\x6d\x8c\xf2\x41\x56\x88\x54\x3e\x50\x36\xca\x41\x51\x5f\
\x75\x2e\x41\xdf\x6a\xb3\xe4\x4f\xda\x76\xcd\x9d\x2a\xbc\xb9\x14\
\xab\x9c\x26\xda\x46\xa7\xcc\x4d\x0a\x89\x4c\xef\x82\x93\xcd\xc5\
\xe6\xa6\x40\x21\xa0\x34\x62\xdc\x79\x34\x7e\xda\xf3\x31\x66\x92\
\xe1\x9e\xa7\x47\x8b\x09\x43\xe6\x24\xe6\xe5\x78\x2e\xb8\xff\x79\
\x0e\xe8\x25\xf3\x5c\xc8\xbb\x0b\x61\x89\x22\xe1\x39\xe0\x9b\x7c\
\x3c\x43\x55\xf3\x52\x82\x3a\xd8\x2f\x9a\x47\x14\x7c\x2f\xa6\x69\
\x64\x4f\x2f\x39\xe7\xbe\x3c\x2c\x55\xed\x54\xcc\x26\x8e\x2f\xf5\
\x8a\x42\xa8\x6b\x04\x43\x3a\xe6\x21\xb5\x91\x91\x02\xfb\x93\x46\
\x79\x3a\x36\x60\xc4\x80\x90\xd7\x68\x42\xe8\x18\xf5\xce\x0a\xce\
\x27\x23\x02\xf6\x57\x44\x00\xb9\x53\x73\x0d\xa4\x8c\x74\x3e\x68\
\xa3\x26\xd2\x75\xbd\xc8\x43\x3a\xd7\xab\x8d\x74\x32\x76\xd3\x20\
\x9e\x38\x3c\x24\xdc\xbc\xbd\x1e\x86\x85\x64\x1c\xde\x4d\x6d\x82\
\x07\x4d\x8b\xf4\xa6\x8d\x2e\x7a\x37\xb5\x19\xee\x35\x84\xbe\x14\
\xc0\x20\xb4\x5d\x3e\xd4\xa1\xae\x77\x53\x27\xd7\x49\x54\x0d\x5f\
\xa3\x82\x98\x0d\x2f\x3b\x99\x06\x66\x6f\xbd\x40\xa6\xea\x8d\x62\
\xf4\x86\x50\xaa\x3c\x44\x5a\xc5\xac\x1e\x57\xfc\x8d\xdd\x94\x51\
\xd8\x4c\x78\x53\x18\x28\x2d\x25\xbe\x4d\x4c\xa3\x37\xb5\x43\x2f\
\x65\x91\xd9\x80\xa1\x37\xdb\xe9\xf1\xc2\x4c\x88\xf3\x4f\x0f\x94\
\xfd\xc9\xaf\xdf\x33\xc9\xdb\xca\xd8\x2f\x7a\xf2\x90\x4f\xc7\x4a\
\x2f\x52\x6d\xd7\x70\x3f\x7d\xbb\x9a\xe9\x36\x08\xfa\x41\x57\xe6\
\x83\xee\x53\x2f\xa8\xfc\x03\x53\x19\xbb\x49\xf1\x6b\xa6\xc5\x6f\
\x9a\xe1\x2c\xc7\x1b\x3d\x32\xe4\x21\xa2\x98\x4b\x10\xdf\x8f\xac\
\xdf\xf2\xfe\xe0\x81\x89\x1e\x19\x08\xf1\x9c\x47\x46\x1a\x1b\x49\
\x31\x91\xc8\x4b\x1a\xf5\xcb\x6e\x2e\x8f\x10\x79\xad\x28\xe0\x9e\
\x7e\xa3\xcc\xe4\x01\x13\xe3\x3f\xc5\xb7\x95\x91\xa6\xd0\x20\x3a\
\x56\x4c\x11\x8a\x2b\xc5\x6f\xb5\x41\xde\x24\xf2\xea\x31\xdd\x87\
\xe7\x7c\x98\x51\x04\xf9\xb9\xb7\xa7\x45\x3e\xf4\x63\x6a\x57\x5c\
\x4f\xd3\x0d\x80\x49\x87\x51\x03\x43\x68\x7a\xcf\x5a\x6c\xa6\x97\
\xd1\xf4\xf2\xc8\x88\xde\x61\x8a\x7f\x24\x01\x9f\xf3\xc8\xd0\xa4\
\x28\xd0\x8b\x97\x4b\xa1\xc2\x63\x80\x7a\x76\x28\x8c\xe8\x5d\xa2\
\xfd\x62\x28\x0d\x2d\x70\x63\x1b\xb6\x5f\x8e\x85\x74\xda\xa5\xe0\
\x85\xf1\x58\x69\x33\xdf\xf2\x62\x51\xfc\x27\x46\x18\x94\xa1\xb0\
\x24\x8a\x54\x3b\xcd\x1e\x5d\xa6\x1a\x2b\x88\x7f\xc7\x61\x39\xa6\
\x00\x4c\x4a\x28\x07\x04\x32\x02\x5c\x01\xed\x20\xf5\x71\x8f\xde\
\x31\x10\xbd\x49\x10\xba\x98\x6d\x20\x7a\x64\xf0\x89\x73\x3e\x12\
\xba\xf4\xde\xf4\x56\x2e\x4c\x4c\xf4\xe8\x67\x43\xa8\x6e\xe5\x95\
\x77\x09\x23\x1b\x14\x4f\x0e\x95\x1b\xbd\x47\xd2\xb7\x95\x55\x3d\
\xdc\x4c\x74\xc6\x6f\x94\xa3\xfc\xe7\xad\x20\x16\x16\x4d\xf6\xda\
\x0d\xbd\xbd\x38\x54\xf8\x14\x40\x0f\x5a\x6b\x44\xf4\xf6\x2f\x79\
\x64\xc4\x77\x48\xe8\x0d\x60\xa9\x47\x86\xde\x64\x26\xff\x7a\xf9\
\x91\xeb\x25\xf0\x7a\x4f\x85\x04\xbf\x62\x23\xa9\x2c\xf2\xc8\xa3\
\x46\x1e\x1f\x12\xce\x94\x25\x8f\xb4\xf8\x0a\xcc\x5e\x20\xec\xd5\
\x56\xbd\x15\x6d\x10\x62\x1b\x38\x1f\x52\x1a\xa6\x39\xb8\x07\xaa\
\xde\x05\x9d\x43\xee\xa8\xb9\xf7\x80\xb4\x9d\x49\x6d\xf7\x30\xf8\
\xcd\x74\x2d\xa5\x69\xef\xa6\xaa\x38\x45\xb3\x43\xc4\x5e\xea\x15\
\xf7\x49\xa1\x0e\x52\x4f\x90\xaa\x3a\xab\xca\xaf\xca\x37\x08\xf3\
\xbd\x5f\x53\xcc\xb7\x77\x93\x5c\x43\xb5\x88\x34\xf7\xaa\xce\xba\
\x68\xa2\x57\xaf\x33\x65\x9e\x69\x18\xa7\x10\xbd\x50\xaa\x8d\x2f\
\xe8\xd1\x7a\x86\x9c\x73\x06\x9d\xa7\xb8\x40\xae\xcd\xd8\xbb\xc9\
\xf4\xa4\x9f\xc7\x57\xaf\x7c\x55\xe9\xe9\xbb\x8b\xab\x1e\x92\xaa\
\xb2\x06\x4d\x1b\x84\xf9\xde\x6f\x12\x90\xe7\x1e\xd7\x96\x11\x5c\
\xbc\x2e\x8c\x1a\x19\xb5\x71\xfc\x08\x74\x79\xb8\x91\x17\xf3\xa1\
\x82\xf4\x69\xe4\xa7\x77\x8b\x90\x87\xed\xa9\x57\x19\x23\x31\x99\
\x0b\xb5\xca\x1b\x81\xca\xfc\x0f\x65\xd1\x16\x3c\xe4\xd4\x26\x8d\
\x60\x63\x9d\xa0\xc5\x69\x55\x68\xde\x48\xf3\x4e\x12\xd8\xf1\x38\
\xe5\xb9\xa6\x70\xf5\x98\x36\x15\x6c\x50\xf7\x38\xc7\xce\xef\xe8\
\xf9\x16\x8f\x97\x76\xea\xd8\x54\x26\x75\x70\xbe\xc8\x47\xdb\xd9\
\x2f\xf5\xea\xd3\x5b\xe8\x28\x5f\xde\x78\xf1\xd8\xba\x80\xcd\x4d\
\x66\x64\xa6\x3d\x9c\x47\x5b\x50\x6c\xa2\xd9\x5b\x2f\x57\xa2\x47\
\x9f\x5b\xc4\x86\xe0\x53\xbc\x23\x04\x34\xbd\x79\xd2\x30\xc7\x21\
\x08\x63\xdc\xa6\x18\x6b\x48\x61\xdb\xc9\x8b\x99\x28\x35\x11\xce\
\xde\x7a\x9f\xba\xde\x4a\x28\xf3\x93\x5e\x2d\x9b\xd6\x09\x12\xe4\
\xb3\x15\x31\xa0\x28\x9f\x7d\x68\x83\x62\x34\xc9\x53\x4e\xb1\xa7\
\xa2\xf7\x9c\x62\x54\xc5\xf9\x2f\xe0\x38\x62\x3c\x2a\x46\x08\xf1\
\x78\xd3\x18\x57\xd1\xe4\x2a\xaa\xe2\x2c\x29\x2e\x13\x65\xe8\x78\
\x14\xa3\xa9\x2b\x78\x24\x61\x4c\x47\x90\x57\x99\xcc\x7e\x69\xac\
\x25\x7a\xcb\x28\x0e\x46\x11\x12\x68\x5a\x8f\x42\x4f\x98\xde\xb2\
\x82\x3c\x4a\xc0\xaa\x2c\x1c\x0a\xe8\xcd\x93\x5f\xee\xe3\x32\xdb\
\x31\xda\x60\x7f\x8d\x4e\x80\x91\x88\x42\x62\x20\x40\x11\xc6\xf2\
\x68\x4b\xeb\xec\x87\x62\x35\xc9\xbc\x43\x39\x71\x74\x21\x25\x24\
\xcf\x36\xa8\x7a\x2d\x2e\x02\x9d\x1e\x3e\xeb\x6a\xd8\xce\x6f\xca\
\xe6\x78\x69\x8b\xf6\x57\x3d\xea\xfc\x90\x4f\xeb\x7a\x62\x9c\xa5\
\x54\xa9\x29\xbc\x39\xe9\xf3\xf5\x1e\xef\xf9\xc0\x4a\xc2\x98\x8e\
\xa0\xd1\x5c\xea\x41\x96\xcb\xab\xf0\x11\x1a\x0d\xc8\x09\x21\x87\
\xcc\x4b\xb3\xb7\xde\x68\xd8\xef\xe5\x40\x28\x25\xcd\x37\xe0\xe6\
\x2c\x33\x55\xac\x53\xed\xd4\x5c\x95\xbc\xeb\xa2\x99\x4c\x02\x5a\
\x0a\x08\x73\x12\xc8\x7b\x8e\x7a\x68\x9b\x4c\x5c\x39\xd8\x8e\x10\
\xa7\x9c\x2a\xf3\x69\x8c\x67\xa5\x34\xb5\x4f\xed\x49\xbd\xfa\xa6\
\x01\x2b\x09\x63\x3a\x42\x7c\xe3\x5e\x95\xf0\xe6\x3f\xe9\x6c\xc7\
\x64\x42\x0f\x5a\x6f\x27\x8c\xef\xfe\xee\x85\xbc\xca\xa2\x80\xd4\
\x6f\xad\x67\x11\x08\x54\x7a\xd7\x7a\xaf\x0b\xff\xd3\x3a\x01\xf3\
\x8e\x22\xc5\x6a\x84\x93\xce\x71\xc9\x8c\x86\xb7\x9d\xbc\xd4\x48\
\x93\xd2\x41\x51\xa0\x78\x68\x43\xce\x9d\x96\xfd\x19\x05\xd0\x5e\
\xea\x8e\x26\xa1\xb8\x3f\x28\x60\x20\x6d\xc6\xf4\x44\x7e\xc5\x59\
\xd2\x9c\xce\xb4\x60\xef\xa6\x96\xd2\xf5\xd8\x4d\xd3\x8c\x63\x37\
\xdd\x0e\x82\x59\xa6\xa0\xf4\x2d\x85\x7a\x87\xc4\xa8\x31\x94\x28\
\x57\xc1\x0d\xa7\x15\x7b\x37\x19\x63\x26\x0e\x46\x2f\x52\x10\xd0\
\x46\x37\xd8\x69\xc7\x4a\xc2\x18\xb3\x60\xe4\xdc\xa7\x45\x53\x66\
\x1d\xe6\x44\x4c\x3d\xac\x24\x8c\x31\xad\xa5\x29\xd7\x6a\xbb\x68\
\xd7\xc7\xeb\x24\x8c\x31\xc6\x64\xb1\x92\x30\xc6\x18\x93\xc5\x4a\
\xc2\x18\x63\x4c\x16\x2b\x09\x63\x8c\x99\x02\xbe\xfa\xf4\xd3\xa2\
\x0e\xb5\x95\xc4\x97\x1f\x7c\x50\x98\xf1\xf1\xd9\xbb\xef\xf6\xde\
\xfe\xde\x7b\x85\x99\x4c\xbe\xfc\xf0\xc3\x9e\xdb\x7d\x6d\xcd\x38\
\xa8\x2b\xb3\x6b\x2b\x89\x8f\x5f\x79\xa5\x30\xe3\x81\x73\xdb\x4f\
\xeb\x5f\x7f\xed\xb5\xc2\x4c\x1e\x3c\xa8\xbd\x16\x49\xc2\x20\xd7\
\xdf\x98\x61\xe0\x9e\xab\xdb\xf9\xa8\xad\x24\xae\xbc\xf8\x62\xdf\
\xde\xae\x19\x1e\x84\x08\xe7\xb6\x1f\x5c\xf4\x41\xf2\x99\xf6\x80\
\xe0\x67\x25\xfd\x20\xf9\xae\xbc\xf0\x42\x61\x4c\x13\x20\x53\xde\
\xff\xd9\xcf\x8a\xba\x2c\xde\xbd\x76\xed\x81\xa2\x26\xd7\xce\x9d\
\x2b\xfe\x68\xc9\x92\xe2\xce\x07\x1f\x2c\xcc\xe8\x20\xf8\x2f\xfd\
\xe4\x27\x03\x0f\x0b\xc9\x8f\xe9\x62\xe9\x7d\xf7\x15\x8b\x97\x2d\
\x2b\x4c\x7b\xe1\x5a\x5d\x7e\xee\xb9\xe2\x8b\x7f\xfa\xa7\x81\xf2\
\xff\xeb\xdb\x6f\x97\x3d\x3f\x9e\x2d\x5f\x5b\x53\x97\x61\x65\x4a\
\x15\xb5\x63\x37\x45\x16\xdf\x79\x67\xb1\xf4\xfe\xfb\x0b\x53\x1f\
\x46\x65\xa3\x98\x18\x38\xff\x5c\x07\xd3\x3e\x78\x40\x47\x79\x48\
\x7d\x6d\xcd\xb0\x20\x4b\xbe\xbc\x72\xa5\x11\xb3\x65\x23\x4a\xc2\
\x18\x63\x4c\x37\xb1\x0b\xac\x31\xc6\x98\x2c\x56\x12\xc6\x18\x63\
\xb2\x58\x49\x18\x63\x8c\xc9\x62\x25\x61\x8c\x31\x26\x8b\x95\x84\
\x31\xc6\x98\x2c\x56\x12\xc6\x18\x63\xb2\x8c\xfc\xd2\xa1\x25\xf7\
\xde\x5b\xdc\xf5\xe8\xa3\xf6\xe5\x1e\x11\xfc\xe8\x3f\x3a\x75\x6a\
\xe8\xa5\xf3\x9c\x73\xde\x87\xcc\xfb\xae\x7d\xfe\xdb\x09\xd7\xf6\
\xfa\x6f\x7f\x5b\x5c\x7f\xfd\xf5\xa1\xf6\xe3\x7a\xde\xbd\x6d\x5b\
\xf9\x6c\xb1\x60\xd2\x98\x41\xf9\xea\x93\x4f\xca\x85\xb6\xdc\x77\
\x75\xde\x6b\x1d\x19\x69\x9d\x04\xca\xe1\x9b\xbb\x77\x5b\x38\x35\
\x08\xe1\x18\x06\x0d\xb7\x81\x82\x5e\xfb\xdc\x73\xe5\xb7\x69\x3f\
\x74\x02\x7e\x7f\xf4\xe8\x40\x79\x7d\x6d\x4d\x53\x0c\x73\xdf\x55\
\x51\x3b\x2c\x47\x79\x13\xff\xed\xdf\x96\x61\x39\x4c\x73\x30\x22\
\x60\x95\x24\x61\x19\x7a\x81\x62\xfe\x7f\x0e\x1d\xb2\x10\x99\x20\
\x14\x62\xe3\x5f\xfe\xf1\x1f\xfb\xe6\x7d\xe0\xe7\x3f\xf7\xb5\x35\
\x8d\xa0\xb0\x49\x9f\xbc\xf5\x56\x51\x87\xda\x73\x12\xab\x9e\x7e\
\xba\x30\xe3\x61\x90\x73\xbb\xfc\xbb\xdf\xb5\x10\x99\x40\x30\x1f\
\xf5\x1b\x79\x2f\xdf\xb8\xd1\xd7\xd6\x34\xca\xdd\xdb\xb7\xd7\xb6\
\xf8\xd4\x56\x12\xdc\xc8\x66\x3c\x94\xb1\xb0\xfa\xd8\xa0\x7d\xfe\
\x27\x97\x7e\xd7\x8e\xd1\xa4\x31\x4d\x82\x4c\xa9\x7b\x5f\xd5\x56\
\x12\x9e\x87\x18\x2f\xfd\x22\x7f\xfa\xfc\x77\x17\x5f\x5b\x33\x0e\
\xe6\x7d\x24\x61\x8c\x31\xa6\xfb\x58\x49\x18\x63\x8c\xc9\x62\x25\
\x61\x8c\x31\x26\x8b\x95\x84\x31\xc6\x98\x2c\x56\x12\xc6\x18\x63\
\xb2\x58\x49\x18\x63\x8c\xc9\x62\x25\x61\xe6\xb8\x76\xed\x5a\xf9\
\x99\x26\xa6\xf1\x98\x8d\x19\x06\x2b\x89\x29\xe0\xc4\x89\x13\xc5\
\x9a\x35\x6b\x8a\x0d\x1b\x36\x14\x07\x0f\x1e\xcc\xe6\x3b\x72\xe4\
\x48\xb1\x6f\xdf\xbe\x62\x9c\x9c\x3b\x77\x6e\xec\x75\x0c\xc3\xa9\
\x53\xa7\x8a\xed\xdb\xb7\x17\xc6\x98\x6a\x46\x8e\x02\x6b\xda\xcf\
\xe1\xc3\x87\x8b\x43\x87\x0e\x15\x33\x33\x33\xa5\x22\x80\x0b\x17\
\x2e\x94\x0a\x63\xc5\x8a\x15\xe5\xff\xad\x5b\xb7\xce\xe5\xd7\xb6\
\xd5\xab\x57\x17\x17\x2f\x5e\x2c\xf7\x3d\x7d\xfa\x74\x71\xf6\xec\
\xd9\x62\xcf\x9e\x3d\xc5\xb6\x6d\xdb\xe6\xf2\xd0\x0b\xdf\xb9\x73\
\x67\xb1\x63\xc7\x8e\x62\xef\xde\xbd\xc5\xa2\x45\x8b\x8a\xd9\xd9\
\xd9\xb2\x2e\xf6\x4b\x39\x70\xe0\x40\xb9\x2f\xac\x5f\xbf\xbe\xcc\
\xbb\x7f\xff\xfe\x52\x79\x20\xb0\xf9\x8d\xd0\xde\xbc\x79\x73\x65\
\x7d\xb4\x97\x0f\xfb\x52\x67\x84\xb6\x70\x7c\xec\xc7\xfe\x94\x45\
\xf9\x1c\x3f\xc7\xa1\x76\x92\x46\x59\x7c\xaf\x5b\xb7\xae\x30\xc6\
\xe4\xf1\x48\x62\x0a\x40\x10\xd2\x7b\x47\x10\x23\x38\x11\xa6\x08\
\x62\x94\x00\xca\x01\xe1\x7c\xfd\xfa\xf5\xb9\xfc\x6c\x27\x0d\x41\
\xbb\x69\xd3\xa6\x72\x04\x42\x19\xe4\xdd\xb5\x6b\x57\x99\x47\xfb\
\x23\xc4\x51\x0e\x08\x66\x04\x31\x82\x97\xb4\xe3\xc7\x8f\x97\x23\
\x98\x14\xca\x44\x81\x48\x58\xf3\x81\x4b\x97\x2e\x95\x8a\x80\xba\
\x29\x2b\x57\x1f\xfb\x51\xb6\xf6\x8b\xd0\x0e\xca\x40\x39\x51\x06\
\x1f\xed\xcf\x71\xa3\xa0\x68\x13\xdf\xd4\x23\xe5\x64\x8c\xc9\x63\
\x25\x31\x05\x20\x54\x8f\x1d\x3b\x56\x9c\x3f\x7f\xbe\xd8\xb2\x65\
\x4b\x29\x48\xd5\xc3\xa6\x97\x4e\xaf\x3c\x05\x41\xce\x36\x7a\xdf\
\xc0\x6f\x84\x30\xc2\x15\xc1\x9a\xee\x7f\xf9\xf2\xe5\xb9\x7c\x28\
\x02\xbe\xab\x04\x39\x82\x5e\x23\x81\x5e\xe4\xea\x93\xe2\xaa\x82\
\x36\xa8\x3d\x67\xce\x9c\x99\x1b\x8d\x70\x0c\xfc\xd6\x7f\xca\x43\
\xd9\xf0\x1f\x85\x66\x8c\xc9\x63\x25\x31\x05\xa0\x18\x10\x8c\x08\
\x4b\x99\x82\x10\xd4\x32\xcd\x54\x09\xf3\x5e\xc8\xe4\xa3\xfd\xf9\
\xe4\x04\x37\xdb\xd2\x11\x05\x82\x1f\x45\x45\x19\x7c\xf3\xc1\x9c\
\xd5\xaf\x3e\x4c\x44\x1a\xb1\x00\xfb\xc5\xb2\x51\x0e\x6c\x27\x9d\
\x91\x87\xcc\x4e\xe4\x61\x64\xa4\xff\x1c\x3f\xf5\x91\x4f\xe6\x37\
\xda\xd4\x6b\xbe\xc6\x98\x69\xc5\x4a\x62\x0a\x90\xf9\x05\x81\xa8\
\xb9\x09\x46\x16\x08\x4e\xd2\x30\xed\xd0\xc3\xe7\x83\xa0\x45\x20\
\x23\x4c\x45\xfa\x9b\x7c\xf4\xd4\xb5\xbf\xca\x64\x5f\xb6\x01\xff\
\xf9\xcd\x28\x26\x42\x4f\x9f\xfa\x48\xa7\x37\xcf\x6f\x84\x33\xf9\
\x35\x3f\x90\xab\x4f\xc7\x80\x42\x22\x2d\x55\x3e\x98\x8f\x6e\xdc\
\xb8\x51\x9a\xd6\x28\x8b\x7d\x39\xce\xab\x57\xaf\x96\xfb\x31\x6a\
\xa0\x4e\xd2\xc8\x47\xbd\x98\xb4\xc8\xab\xd1\xd5\x34\xd3\xc4\x39\
\x50\x07\x60\x94\x36\x48\x71\x37\x41\x34\x69\xce\xc7\x7e\x5d\xa4\
\xf6\x9b\xe9\xd6\xbf\xfc\x72\x61\xc6\xc7\xef\x9e\x7d\xb6\xf8\xe4\
\xcd\x37\xb3\xdb\x79\x6b\xd9\x24\x84\x94\x46\x60\x57\x4d\x60\xb7\
\xad\x6c\x99\xb2\xfa\x99\xc1\x9a\xe0\xfd\xe7\x9f\xef\xf9\x4a\xc9\
\x6f\xfd\xe0\x07\xe5\x2b\x69\xeb\x80\x17\x1b\xa0\xe8\x51\xc8\x28\
\xce\x41\x61\xc4\xc9\x68\x93\x7d\xe9\x00\xa0\x4c\x87\x45\x73\x51\
\x28\xf5\x3a\xd0\x7e\x14\x39\xf3\x46\x4d\xc0\x9c\x14\x1d\x90\x61\
\xce\x43\xdd\xfd\x50\x6e\x28\x96\x71\xdd\xef\xa3\xd2\xef\xbe\xcb\
\xe1\x91\x84\x19\x2b\xe3\x7c\x60\x9a\x2c\x9b\xf9\x8f\xf9\x50\x10\
\xe3\x06\x21\x85\x80\x46\xc0\x6b\x82\x1e\xe1\x85\xf3\x81\xe6\xa3\
\x48\xe3\xb7\xe0\x77\xec\x35\xa3\x30\x51\x12\x72\x76\xc0\x74\x47\
\x1e\x84\xbf\xdc\x97\x29\x47\x4e\x01\x55\x6d\x20\x3f\x1f\xca\x01\
\xbe\x95\xc6\x88\x10\xd2\x76\x51\x3e\xfb\xca\x9c\x18\x89\xed\xc8\
\x95\xab\x34\xda\xc5\x27\x9a\x0f\xa9\x93\xfd\xab\xd6\xc4\xb0\x2f\
\xc7\x45\x5b\x52\xf7\x6c\xf2\x73\x6f\xb0\x8d\x32\xe5\x2e\x1d\xf7\
\x51\x3d\x3a\x6f\x5d\x33\x5b\xda\x05\xd6\x98\x8e\xc1\x7c\x8b\xe6\
\x9e\x10\xbe\x08\x2f\x94\x06\xbf\x11\x6e\x32\xdd\x89\xf8\x1b\x18\
\x81\x00\xe6\x39\xcd\xf1\xd0\xa3\xc6\xc4\x87\xc0\xe4\x37\x65\xe2\
\xee\x9c\x83\x3c\x52\x24\xb4\x03\xe1\x4a\xbd\xb4\x4b\xbf\x51\x62\
\x6a\x0b\xed\xc2\xc3\x4d\xf5\xa6\xc8\xfb\x4d\xc7\x91\x96\x2b\x8f\
\x3d\x4c\x8b\x94\x87\x19\x11\xb3\x24\xf5\xb1\x2f\x23\x1c\xda\x24\
\x97\xef\x88\xbc\xe9\x28\x9b\x32\x62\x67\x01\x45\xc6\xf9\x3c\x79\
\xf2\x64\xa9\xc4\x74\xae\x54\x07\xfb\xd0\x76\x7e\xf3\xc1\x79\x42\
\xde\x7d\xf2\x9c\xa3\xce\xb6\x8e\x2e\x06\xc1\x4a\xc2\x98\x8e\x81\
\x60\x44\x30\x49\x00\x23\x4c\xe5\xdd\x45\xef\x37\xba\x3b\x57\xb1\
\x7c\xf9\xf2\xf2\x9b\xfd\xf4\x2d\x2f\x37\x04\x28\xc2\x12\xc1\x89\
\xb7\x5c\x15\x69\x7d\x12\x96\xea\x61\x53\x86\x46\x34\xea\xb9\x47\
\xc1\xac\x7a\x07\x29\x57\x69\xda\xae\xf9\x10\x79\xd9\xd1\x56\x3e\
\xfc\xd6\x31\x54\x81\xf2\x53\x59\x71\x54\xc5\x6f\xf6\xa3\x7d\x72\
\x0d\x17\xd4\x21\x27\x10\xb6\xad\x5c\xb9\xb2\x3c\xb7\xf2\xde\xd3\
\x71\x54\x29\xa6\x49\xc2\xe6\x26\x63\x3a\x06\x3d\x59\x7a\xcd\x08\
\x29\x09\x4e\x94\x05\x82\x95\xff\xf4\xb0\xe5\x9d\x56\xb5\x96\x05\
\x10\x8e\x55\x13\xd0\x94\xcd\x08\x40\x02\x92\x7c\x69\x19\x32\x1d\
\xa9\x3e\x7a\xd8\xd4\xc7\xbe\x08\x5c\xb9\x57\x93\x46\x3b\xe5\x71\
\x16\x85\xe9\xa0\xe5\xca\x9c\xa6\x85\x9d\x55\x0a\x46\x6b\x72\x34\
\x21\xae\x85\x94\x11\xb6\xc9\x03\x2e\x96\xc1\x6f\x46\x05\x55\x5e\
\x7a\x55\x68\xe2\x1e\x25\x21\x85\x36\xe9\x66\xcc\x4e\x2b\x09\xdd\
\x38\x29\x8e\xd7\x33\x38\x55\x0f\xeb\xb0\xfb\xd7\xd9\x36\x2a\xd3\
\x7a\x8d\x35\xf1\x2c\x10\x52\x98\x3a\xf4\x2c\x68\x42\x59\xde\x6d\
\x98\x62\xb4\x0f\x82\x1b\x93\x12\xdf\x5a\x64\x29\xa5\x12\xcb\xa3\
\x1c\xad\x76\x4f\xef\x0d\x2d\x94\x94\x69\x09\x33\x0d\x69\x7c\x4b\
\x10\xa3\x2c\xa8\x8f\x36\xd0\x2e\x99\xb3\x62\xfb\xab\xee\x39\xca\
\xa9\x2a\x97\x32\x29\x83\x6d\x51\x29\x01\x6d\xe7\x78\xc8\x27\x65\
\x89\xd0\x4f\x95\x09\xa3\xa7\xe8\x01\xc7\x7e\x98\xa0\x68\x17\xfb\
\xb3\x0d\x61\x2f\x53\x5c\x3c\xcf\xaa\x8f\xfd\x14\xa5\xa0\x4b\x74\
\xc6\xbb\x29\xae\xae\x05\x6e\xc0\xe8\x9e\x19\x19\xd5\x03\x63\x3e\
\x68\x8b\x77\x13\x13\x73\x12\x34\x75\xc0\x5b\x85\x6b\x11\xdd\x5a\
\x05\x36\x6d\x84\x54\xce\xbc\x30\x0a\x75\xbd\x5a\xe6\x83\x71\x7a\
\x37\x8d\x1b\x9e\x1d\x04\xbb\xe6\x0f\xe8\xd5\x23\x58\x9b\xbe\x86\
\x69\xb9\x4d\x3d\xb3\xc8\x09\x94\x9c\x84\x3d\x8c\xf3\x3e\x6c\x13\
\xf6\x6e\xba\x05\x17\x9b\x8f\x7a\x3c\xa0\x20\x6e\x08\x0e\xf5\x5e\
\x35\x81\x96\x7a\x76\x74\x11\x1d\x3f\x1f\x1d\x2b\x0f\xba\x3c\x34\
\xd4\xeb\xc6\x2e\x4b\x1a\xdb\xc8\xcb\x43\xa9\xde\x17\xa0\x74\xd9\
\x1e\xcf\x23\x69\xe9\xb9\x55\xbe\x41\x02\xf9\x29\xaf\xec\xd5\xf1\
\xba\xc4\x80\x83\x6a\xaf\xf2\x69\xc1\x5c\xf4\x6a\x51\x5a\x6c\x8b\
\x69\x16\xc5\xf2\x12\x55\x9d\xb0\x26\x48\xcb\xa5\xa7\xde\x44\x9c\
\x2d\x45\x03\x48\xd3\x26\x7d\xde\x60\x9c\x74\x4a\x49\x68\xd5\xac\
\x84\x86\x84\x1b\x82\x46\x43\xc1\xe8\xc9\x41\x1a\x43\xc8\x36\x45\
\x25\x1d\x07\x9c\x13\x2d\x5c\xe3\xf8\xf1\x4c\x51\x8c\x23\xd9\x6a\
\x51\x10\x4c\x04\x46\x8f\x16\x99\x19\x18\x5a\xd3\x93\x63\x3f\x99\
\x0a\x10\xc4\x2a\x4b\xe7\x56\x0a\x97\xb2\xc8\x47\x9a\x84\x35\xfb\
\xcb\x35\x31\x2e\x96\x62\x51\x1b\xbd\x7d\xf5\x14\xe5\x1f\xaf\xb4\
\x68\x22\xd0\xa2\x40\x29\x12\xda\x47\x3e\xca\x8c\xf1\xa8\x68\xcf\
\x28\x0b\xba\x4c\x1e\xae\x41\x2a\x64\xe7\x03\xea\xe4\x5e\x1b\x07\
\x8c\x4e\xac\x24\xf2\x74\xce\xbb\x49\xb1\x81\x22\x08\x0d\x4d\x76\
\x29\xa2\xa8\x7e\x8f\xba\x42\x74\x12\xc0\x66\x1a\x8f\x1f\x41\x4c\
\x8f\x50\xa3\x08\xce\x17\xae\x7b\x08\x77\xb6\x33\xfc\x96\xb7\x07\
\xa0\x5c\xf0\x66\x51\x2f\x8c\xf4\xb8\xf8\x4c\xf1\x92\x50\x46\x08\
\xfa\x68\xbb\x95\x42\x48\x7b\x85\x42\xf5\x90\x5f\x71\x95\x10\x44\
\x8a\xab\xa4\xf2\x50\x08\x8a\x0e\x4b\x9b\x51\x14\xb4\x89\x8f\x16\
\x7f\x29\xbe\x13\xe4\xc2\x84\x18\x63\x86\xa3\x53\x23\x09\x84\x85\
\x82\xb9\x45\x10\x2a\x4c\x5c\xc9\xa3\x63\xda\x48\x8f\x9f\x79\x06\
\x04\xaf\x7a\x85\x1a\x51\x69\x84\x91\x86\xd2\x00\x8d\x42\xe4\x61\
\xa2\x40\x7b\x4a\xa3\x5c\x4d\x72\x22\xac\x11\xda\x5a\x1c\x05\x72\
\x41\xe4\x13\x7b\xa2\x9a\xcc\x54\xd4\xd9\xaa\xb8\x4a\x28\x34\x4d\
\x5a\xca\xa6\x2c\xc5\x22\xef\x18\x79\xcb\x28\x9e\x54\xd7\x26\x0f\
\x8d\x59\x28\x3a\xa3\x24\xd2\x78\x43\x20\x5b\xa3\xfc\xaa\x41\x0b\
\x6a\x64\xdf\x6c\xca\xd6\xd9\x66\xd2\xe3\xa7\x87\x8e\x37\x07\x69\
\x98\x7b\x50\x10\xa4\x2b\xa4\x78\xf4\x3d\xd7\x39\xd4\xbb\x18\xd8\
\x8e\xe0\xd7\x64\x34\xfb\x29\x4d\x91\x57\x51\x3e\x08\x6b\xe6\x86\
\xa2\xa7\x49\x55\xbb\xa8\x9f\xbc\x94\x9d\x8b\xab\x84\xe2\xc1\xff\
\x1c\xb3\x92\xa2\xb7\xc6\xd8\x51\xe4\xd1\xba\x00\xa5\x29\xbe\xd3\
\xb4\x21\x25\x3a\x0e\x9a\x8c\x67\x24\xd7\xd5\xba\x6d\x1d\xb4\x2d\
\xe9\x42\xc1\x71\xc2\xf1\x74\xd1\x2a\xe1\xd8\x4d\x2d\xa5\x2b\xb1\
\x9b\xcc\xd7\x19\xa7\x77\xd3\xa4\x78\x8c\xd1\xe9\x40\xf1\xd3\x29\
\xa8\x33\x1f\x30\x48\x5b\x50\x22\x78\xd7\xd1\xe9\x50\xd8\xfb\xa6\
\xe7\x53\x62\xb9\x74\x96\xe4\x72\xdb\x46\xec\xdd\x64\x8c\x29\x91\
\x49\x51\xa3\xc7\x18\x4b\x89\x39\x20\xa5\x2b\x26\x51\x8c\xc7\xa4\
\x7c\x5a\xa7\x10\x63\x23\xa5\x3d\xf7\x98\x5f\xce\x22\x31\x1e\x53\
\xf4\xa4\x53\x8c\x23\xe5\x55\xe8\x10\x99\x26\xd3\xb8\x4e\x0a\xd5\
\x91\x7a\xaf\xe5\xda\x22\x67\x06\xea\x89\xc7\xa8\xfd\x98\xeb\x92\
\x53\x4b\xd5\x71\xa2\x74\xd8\x87\x3c\xf2\xaa\x4b\xeb\xd2\x71\x68\
\x5b\x5a\x2e\xca\x08\x14\xa6\x5e\xfb\xc8\x4b\x30\xad\xb3\xea\x5c\
\xb5\x11\x2b\x09\x63\x3a\x06\xc2\x2a\x86\x82\x47\x00\x2a\x7e\x10\
\x42\x4d\x1e\x63\xfc\x26\x9f\x1c\x01\x10\x6e\xf4\x8a\xc9\xa7\xb7\
\xfc\xa9\x77\xac\x58\x4c\x11\xca\xd6\xaa\x69\xca\x42\xf0\x2b\x4e\
\x14\x26\x4c\xea\x65\x7e\x4b\x9e\x69\xb4\x8b\x7a\x15\xb2\x42\x0b\
\xf2\xa8\x97\x32\x30\x2f\xf2\x5b\xae\xcc\x32\x8d\x2a\x30\x5f\xf4\
\x68\x4b\xdb\x22\xaf\x38\xea\xc6\x09\x23\x6e\x8f\xf5\x61\xaa\xa4\
\x1c\xea\x8a\xc7\x19\x3d\xfa\xf4\x8e\x13\xb9\xfa\x72\x9c\xf1\x38\
\x20\x3d\x0e\xca\x65\x1e\x8c\xd1\x91\xe6\xd5\x68\x33\xed\x92\xd3\
\x45\x5a\xa7\xe2\x60\x91\xde\x66\x33\x95\x95\x84\x31\x1d\x43\x11\
\x6d\x11\xf8\x7a\x47\x84\x9c\x13\x14\x3c\x8f\xdf\xcc\xe5\x28\xaa\
\xa9\x14\x05\x82\x10\xc5\xa0\xf8\x4a\xa4\x21\xe8\x36\x57\xbc\x11\
\x90\xb2\xd8\x4f\xa6\x9f\x18\x8f\x49\x1e\x84\x08\x6c\x85\xa7\x88\
\xe1\xbf\x51\x2e\xc4\x3a\x8a\x21\x2c\xf4\x26\x42\x79\xac\x45\x6f\
\x3a\x39\x41\xe4\xda\x82\x80\x96\x97\x5d\x7c\x5f\x7b\x5a\x1f\xdf\
\x8a\x22\xa0\xe3\xd4\xbc\x88\x9c\x20\x40\x9e\x7b\xf2\xa6\x43\x09\
\x2a\x1e\x54\x0c\x40\x18\xcb\x15\xd4\xcf\x79\x8c\xce\x18\x55\x75\
\x6a\xc5\x39\xe9\x6d\x5e\xc8\x67\x25\x61\x4c\xc7\x90\xc7\x18\x82\
\x0a\x21\x85\x32\x50\x5a\xf4\x18\xa3\xd7\xab\xb0\x16\xa9\xc7\x18\
\xc8\x69\x41\xe6\x94\xd4\x63\x4c\x6e\xd1\x5a\xd3\x22\xc1\x2d\x61\
\xcb\xbe\xa4\x29\x26\x52\xd5\x7a\x24\xb9\xa4\xc7\x98\x4c\x28\x34\
\x4d\x6c\x4b\x39\xc8\x01\x22\xd7\x16\xea\x53\xa8\xee\x2a\x0f\x46\
\x1c\x35\xa4\xf4\x66\x6e\x05\x2c\xd4\x71\x0e\x12\x5b\x29\x1e\x47\
\x2c\x3f\x96\x1b\xdb\x42\x1d\xb4\x55\x41\x05\xab\xea\xe4\xd8\x50\
\x14\x5c\x9f\x51\x42\xdf\x8c\x9b\xc5\xbb\xd7\xae\x3d\x50\xd4\x60\
\xd5\xd3\x4f\x17\x66\x7c\x30\xc1\xf4\xe5\x07\x1f\x64\xb7\x33\xb1\
\xb9\xe4\xde\x7b\x8b\xf9\x42\x91\x45\xcd\xe8\x5c\x7f\xed\xb5\xe2\
\xb3\xf7\xde\xcb\x6e\x5f\xbe\x71\x63\xb1\xf4\xfe\xfb\x8b\x3a\xd0\
\x73\x7f\xf0\xc1\x07\x4b\xa1\x83\x60\xa5\x77\xfe\xc8\x23\x8f\x94\
\x82\xec\x8d\x37\xde\x28\xd3\x56\xad\x5a\x55\x0a\xac\x2b\x57\xae\
\x94\x02\xef\x89\x27\x9e\x98\x9b\x7c\x3d\x7a\xf4\x68\x99\xef\x99\
\x67\x9e\x29\xf7\x7b\xfc\xf1\xc7\xcb\xb4\x0f\x6e\xde\x8b\x08\x4a\
\x84\x1b\xe5\x03\x82\x4f\x02\x9b\xde\x35\x79\x29\x5b\x42\xf4\xd9\
\x67\x9f\x2d\xf3\xdf\x71\xc7\x1d\x65\x19\x0f\x3f\xfc\x70\xf1\x8d\
\x6f\x7c\xa3\xac\xe7\x8b\x2f\xbe\x28\x1e\x78\xe0\x81\xb2\x2c\xf2\
\xb0\xfd\xf3\xcf\x3f\x2f\x7e\xf1\x8b\x5f\x94\x69\x94\xa5\x97\xf8\
\x90\x46\x9e\x27\x9f\x7c\xb2\x4c\xab\x6a\x4b\xd5\x31\x22\xac\xc9\
\x4b\x7d\xe4\x53\xd4\x58\xce\xc9\x4b\x2f\xbd\x54\xfe\xe7\x38\x29\
\x87\x7a\x28\x83\xfd\xa4\x30\xd9\x87\xdf\xb4\x99\xf3\xa3\x51\x0e\
\x5e\x73\x4c\x88\xa7\xe5\x32\xa2\xe0\x98\xf8\xcd\x31\xe3\x44\xc0\
\x79\xe1\x37\x79\xd3\x3a\xa5\xf4\xc8\x97\x0b\x63\xde\x24\xfd\xee\
\xbb\x1c\xf6\x6e\x6a\x29\x6d\xf3\x6e\xea\x15\x83\xa9\x0a\x1e\x06\
\x04\xc8\x24\xc7\xd1\x1f\x17\x93\x1c\xbb\xc9\x4c\x2e\x75\xbd\x9b\
\xfc\x3e\x89\x29\x80\x9e\x93\xec\xbf\x9a\x68\xa4\xc7\x89\x89\x80\
\xe1\xb2\x26\xd2\x34\xe4\x55\xdc\x1c\x2d\x88\x53\xbc\x7c\xd0\x64\
\x25\x26\x01\x99\x02\x28\x8f\x1e\x91\xc2\x2c\xb3\x3f\xb6\x63\x4d\
\xc6\xd1\x9b\xd2\xea\x6e\x7e\xb7\xd5\x45\xd0\x18\xf3\x75\x3c\x27\
\x31\x05\x60\x0e\x50\x88\x66\xc5\x6a\xd2\xdb\xba\x18\x21\xc8\x73\
\x44\xf1\x9d\xe4\xde\x27\x8f\x0c\xd2\xa4\x24\xa2\xfd\x55\x2e\x8c\
\xf2\xfc\xd0\x84\x5e\x9c\xb0\x93\x32\x61\x7f\x94\x49\x9b\x6d\xaf\
\xc6\x98\xaf\x63\x25\x31\x25\x30\x5a\x40\x70\x23\xb4\xe5\xc3\x2d\
\x4f\x0d\x04\xbf\x3c\x49\x18\x01\xe8\x85\x33\x9a\x6c\x8b\x71\x9c\
\xaa\x90\xe7\x07\x1f\x4c\x52\xec\xa3\x18\x5a\xd8\x5e\xe5\xea\x88\
\x17\x4c\x17\xde\x23\x6d\xcc\x34\x61\x25\x31\x25\x28\x2e\x13\x13\
\x6f\xa9\xa0\x9e\xa9\x78\x7b\x19\x02\x5f\xa3\x0e\x45\x5e\x05\x04\
\xbf\x7c\xca\xb5\xc8\x29\xc6\x70\x62\x7f\xf6\xc1\xbc\xa5\xe0\x89\
\x6c\x53\x14\xcf\xe8\x06\x69\x8c\x69\x3f\x56\x12\x53\x02\x82\x3f\
\x17\xbf\x2a\xbe\xbd\x4c\x6f\xfd\xd2\x9b\xc3\x14\x7c\x2f\xbe\x82\
\x92\x51\x02\x79\xe5\x61\xc2\xc8\x41\x91\x66\x59\x30\x15\xdf\xec\
\x25\x37\x4c\xde\x87\x8c\x92\xf0\x44\xb6\x31\x93\x85\xbd\x9b\x5a\
\x4a\x93\xde\x4d\xcc\x31\x28\x40\x9f\x59\x78\xec\xdd\x64\x16\x02\
\xc7\x6e\x32\x59\x18\x45\xe0\xc5\x64\x8c\x31\xc3\x62\x17\xd8\x29\
\x00\xb3\x91\x31\xc6\xd4\xc1\x23\x09\x63\x8c\x31\x59\xac\x24\x8c\
\x31\xc6\x64\xb1\x92\x30\xc6\x18\x93\xc5\x4a\xc2\x18\x63\x4c\x96\
\xda\x4a\xe2\xab\x4f\x3f\x2d\xcc\xc2\xe1\xf3\x3f\xb9\xf4\xbb\x76\
\xbe\xb6\x66\x1c\x7c\xf9\xe1\x87\x45\x1d\x6a\x2b\x89\xcf\xde\x7d\
\xb7\x30\xe3\xa3\xd7\x1a\x09\xf0\xf9\x9f\x5c\xfa\x85\x6b\xee\x77\
\xed\x8d\xa9\x43\xaf\x57\x0f\xf4\xa2\xb6\x92\xb8\xf2\xe2\x8b\x85\
\x19\x0f\x83\x9c\xdb\x8f\x4e\x9d\x72\x8f\x73\x02\xf9\xf8\x95\x57\
\xfa\x3e\xac\x28\x89\xba\x0f\xb4\x31\x55\x20\x2f\xe6\x5d\x49\x70\
\x23\x5b\x51\x34\x4f\x79\x5e\x5f\x78\xa1\x6f\x3e\x14\x04\x2b\x28\
\xad\x28\x26\x07\x46\x7f\x83\x3c\x33\x5c\x53\x56\xdc\x5b\x51\x98\
\x26\x18\x54\xa6\xe4\xa8\x1d\x96\x43\x10\x3e\xe0\xae\x47\x1f\x2d\
\xdf\xa4\xb5\xf8\xce\x3b\x0b\x33\x3c\x08\x05\x04\x08\xbd\xcc\x61\
\x97\xcd\xf3\x76\x3a\xde\x12\xb8\x74\xcd\x9a\xda\x6f\x33\x33\xe3\
\x83\x6b\xfb\xe5\x95\x2b\xc5\xf5\xd7\x5f\x2f\x3e\x3a\x79\x72\x28\
\xa5\x1e\xaf\xed\xe2\x65\xcb\x0a\x63\x86\x81\x4e\x46\x1d\x99\x92\
\x32\xb2\x92\x30\xc6\x18\xd3\x5d\xec\x02\x6b\x8c\x31\x26\x8b\x95\
\x84\x31\xc6\x98\x2c\x56\x12\xc6\x18\x63\xb2\x58\x49\x18\x63\x8c\
\xc9\x62\x25\x61\x8c\x31\x26\x8b\x95\x84\x31\xc6\x98\x2c\x7e\xe9\
\x90\x31\x2d\x87\xf5\x47\x5e\x83\x64\x86\xa5\x6e\xac\xa6\x94\x91\
\x95\x84\x16\xd3\x0d\xfa\xbe\x65\x53\x8d\x16\xbe\x0c\xbb\x8a\x7d\
\xd9\x43\x0f\x95\x0b\xae\x7c\xfe\xdb\x0b\xd7\x56\x11\x0a\x86\x59\
\x45\xed\x6b\x6b\x46\x45\x32\x65\x94\xd5\xfb\x23\x2d\xa6\x5b\xf5\
\xd4\x53\xe5\x4d\x6c\x9a\x83\x95\xd7\x84\x64\x18\x64\x65\x2e\xca\
\xf9\x5b\x3f\xfc\x61\x61\x26\x03\x1e\xd4\x41\xc3\x6d\x2c\xdf\xb8\
\xb1\x58\xf3\x57\x7f\x55\x18\x33\x2a\xc3\xdc\x77\x55\xd4\x9e\x93\
\x60\x04\x61\x05\xd1\x3c\x84\xd6\x18\xe4\xbc\x12\xb2\xc1\x0a\x62\
\xb2\x28\xaf\xd9\x0f\x7e\x30\x50\xbe\x6f\x3e\xf3\x4c\x61\x4c\x13\
\x0c\x7a\xdf\xe5\xa8\xaf\x24\x6e\xf6\x62\xcd\x78\x40\x01\xf7\xb3\
\x41\xdf\xbd\x6d\x5b\x61\x26\x0f\x4c\x47\x4b\xef\xbb\xaf\x6f\x1e\
\x1e\x6c\x63\x9a\xa2\xbc\xa7\xee\xb9\xa7\xa8\x43\x6d\x25\x61\x3b\
\xe9\xf8\x40\x41\xf4\x13\x12\xfd\x04\x8d\x69\x2f\x7d\x95\xc4\xcd\
\xb9\x08\x63\x9a\xa6\x6e\x00\x50\xbb\xc0\xb6\x14\x47\xfd\x34\xc6\
\x34\x49\x5d\x0f\x39\x2b\x09\x63\x8c\x31\x59\xac\x24\x8c\x31\xc6\
\x64\xb1\x92\x30\xc6\x18\x93\xc5\x4a\xc2\x18\x63\x4c\x16\x2b\x09\
\x63\x8c\x31\x59\xac\x24\x8c\x31\x95\x1c\x39\x72\xa4\x58\xb3\x66\
\x4d\x71\xed\xda\xb5\xa2\x6b\x1c\x3f\x7e\xbc\xb3\xc7\xd6\x34\x56\
\x12\xc6\x74\x88\xb3\x67\xcf\xce\x7d\x66\x67\x67\x8b\xed\xdb\xb7\
\x17\x27\x4e\x9c\xf8\x5a\x3e\x84\xe3\xc1\x83\x07\xb3\xe5\xb0\xef\
\x81\x03\x07\x8a\x33\x67\xce\x94\x79\x37\x6c\xd8\x50\x7e\x53\xee\
\x96\x2d\x5b\xca\xed\xc3\xc2\xfe\x83\x08\xe5\x0b\x17\x2e\x94\x6d\
\xee\xd7\xc6\x7e\xa0\x08\x68\x6b\x15\x3b\x77\xee\x2c\x36\x6d\xda\
\x54\x2a\xc2\x71\x70\xea\xd4\xa9\xf2\x5c\x71\x0c\x75\xce\x55\x9b\
\xb0\x92\x30\xa6\x43\x20\x14\xf7\xed\xdb\x57\x0a\x57\x84\xd4\x8e\
\x1d\x3b\x4a\x61\x08\x51\x48\xf3\x8d\x12\xd0\xef\x14\xf6\x5d\xbf\
\x7e\x7d\x31\x33\x33\x53\xac\x58\xb1\xa2\xd8\xbf\x7f\x7f\xf9\x4d\
\xb9\x94\x47\x7a\xa4\x4a\x01\xa4\x69\xb4\xab\x4a\x28\xa7\xf9\x50\
\x12\x08\xf8\xd8\xc6\x5c\x1d\x4a\xaf\xda\xbe\x79\xf3\xe6\x62\xcf\
\x9e\x3d\x73\xff\x11\xd6\x71\x3b\x8a\xe2\xf0\xe1\xc3\x45\x2f\x06\
\x39\xae\x2a\x4e\x9f\x3e\x5d\x9c\x3b\x77\xae\x3c\x96\x54\x51\x4d\
\xda\xe8\xc5\x4a\xc2\x98\x8e\x71\xf2\xe4\xc9\x72\x04\x80\x10\x44\
\x28\x23\xac\x64\x5e\x61\x44\x10\x05\x35\xff\x49\x47\x80\x47\xd8\
\x07\x21\x0b\x08\x35\x46\x24\x08\x3c\x94\x07\xfb\xab\x77\xcc\xff\
\x95\x2b\x57\x96\x82\x90\x72\xd4\xf3\xe7\x9b\xff\x2a\x9b\xfc\xf4\
\xae\x11\xca\xb1\xfe\x98\x2f\xee\x9f\xa2\x7c\xb4\x57\x79\x16\x2d\
\x5a\x34\x77\x3c\xa4\xd1\x0e\xf2\xf0\xbd\x6b\xd7\xae\xb9\xb6\x02\
\xed\xe3\xc3\x36\xa5\x71\x7c\xb9\x9e\x7e\xac\x8f\x7d\x54\x27\xe5\
\xa6\x6d\xa5\x1d\x2a\x83\x74\xea\x15\x1c\x2f\xdb\xa8\x5b\xd7\x40\
\xe7\x84\xb2\x75\x0e\x49\x6b\x2b\x7e\x9f\x84\x31\x1d\x03\x81\x44\
\x4f\x1f\x45\x21\x24\xf4\xe9\x59\xc7\x9e\x2c\x0a\x45\xe6\xa4\x43\
\x87\x0e\xdd\x56\x4e\x3a\x5a\x60\x64\x41\x19\x28\x9f\x74\x1b\x75\
\x21\x0c\x29\x87\xd1\x0b\x23\x80\x4b\x97\x2e\x95\xa3\x0f\x04\xe0\
\xd6\xad\x5b\x8b\x6d\xdb\xb6\x95\xfb\xa9\x77\xaf\x91\xc2\xf9\xf3\
\xe7\xcb\xb2\x73\xa6\x21\xca\x45\xd8\x1e\x3b\x76\xac\xfc\x8f\xc2\
\xa2\x0e\xd8\xbb\x77\x6f\xf9\x1b\x41\xce\xb1\x50\x47\x5a\x0e\xbd\
\x7a\xca\xa0\x3d\x28\x3a\xce\x45\xee\x18\x23\xb4\x9d\xb6\xc9\xc4\
\xb6\x6e\xdd\xba\xf2\x37\xe5\xd0\x76\x8e\x4b\xed\xc8\x41\xfb\x2e\
\x5e\xbc\x58\x9e\x1f\x94\x04\xb0\x3f\xf0\x9f\xf2\xf8\x8e\x23\xa6\
\xb6\x61\x25\x61\x4c\xc7\x40\x20\xa5\xc2\x0f\x05\x40\x4f\x9e\x1e\
\x2c\xc2\x4f\x02\x97\x7c\x39\x9b\xf9\xa0\x66\x11\xca\xd3\x27\xa6\
\xa9\x0d\x7c\xf7\x2a\x4b\xf9\x96\x2f\x5f\x5e\xe4\xda\xc1\x07\x61\
\x0b\x08\x54\xd5\x15\x4d\x69\x28\x9a\xaa\x72\xae\x5e\xbd\x3a\x97\
\x5f\xe6\x33\xd1\x6b\xbe\x20\xb6\x1f\x2e\x5f\xbe\xfc\xb5\x63\x4d\
\xf7\xef\x77\xce\x62\xfd\x28\x5b\xe6\x5e\xf8\xb4\x59\x49\xd8\xdc\
\x64\xcc\x14\x80\x89\x85\x1e\xb5\x4c\x2c\xfd\x40\xe0\xa2\x54\xea\
\x80\x20\x64\x7f\x7a\xfc\x08\x42\x09\x70\x84\x23\xbd\x66\x95\xcb\
\x7f\xda\xc3\xe8\x83\x1e\x77\xec\xe1\xa7\x6d\x91\x32\xa3\x17\x4e\
\x19\x51\xd0\x03\xe5\xd0\xdb\xaf\x2a\x87\xd1\x05\x6d\xc0\x54\x44\
\x1e\xcd\x43\xd0\x8b\xa7\x5c\x3e\xb4\x29\x9d\x2f\x21\x8d\x7d\x38\
\x0e\xca\x60\xd4\x10\xcb\xd1\xc8\x8a\x0f\xca\x57\xc7\x1a\xa1\x9d\
\xa4\xa5\xe6\x3c\xa0\x3c\x8e\x45\x23\x33\x46\x39\x94\xdd\x36\x3c\
\x92\x98\x12\x34\x69\xa7\xde\x16\x0f\x04\x26\x80\xdc\x70\x9b\x07\
\x04\xa1\xa2\x1e\xe7\x42\x81\xdd\x17\xf3\x44\x2a\x14\x22\xb4\x55\
\x02\x27\x85\xe3\xe6\x38\xe2\x04\x66\x15\xea\xad\xf6\x32\x3f\x4c\
\x02\x5c\xaf\x78\xae\x98\x70\xe6\x98\x10\x48\x9c\x27\x7a\xc3\x32\
\x43\xe9\xda\xc6\x91\x85\x90\xc9\x88\xf3\x17\xb7\xab\x3c\xc1\xfd\
\x24\x33\x55\xcc\x87\xe9\x47\xca\x00\xa1\xac\xc9\xef\x74\xd2\x5b\
\x66\x18\xb6\x23\x88\x63\x4f\x3d\x96\x47\x3e\xd9\xfa\x25\xe4\xe3\
\xb1\xf2\x9b\xed\xfc\xbf\x7e\xfd\xfa\xdc\xfd\xa0\x72\xd8\x9f\xfb\
\x40\x66\x2f\xa0\x5e\xdd\x33\xb4\x15\x61\x1d\xe1\x3f\xf9\x69\xb3\
\xda\xa6\x76\x28\x4d\x75\x23\xe0\x75\x0c\x3a\xdf\xfc\xe7\xfc\xc8\
\xa4\x27\x45\x19\xcf\x1d\xff\x65\xb2\x8a\xf3\x40\x6d\xa2\xf6\x9b\
\xe9\xd6\xbf\xfc\x72\x61\xc6\x07\x6f\x92\xe2\x95\x97\x39\xd6\x3e\
\xf7\xdc\xc0\xe1\xda\xe9\xc5\xe8\x81\x95\xad\x1a\x7b\x2a\x37\x77\
\xee\xa6\x44\x38\x70\xd3\xf6\xb3\xb9\x8e\x1b\x26\x05\xe9\x3d\xf6\
\x12\xde\xf4\xbe\xd8\x8e\x10\x4a\xe1\x81\x66\xbb\xec\xc0\x39\x06\
\xcd\xd7\x04\xef\x3f\xff\x7c\xf1\xf1\xab\xaf\x66\xb7\xf3\x82\x18\
\xde\x29\xb2\xd0\x20\x8c\x31\x85\x60\x97\x6f\x3b\xf4\xec\xa5\x18\
\x68\x37\x0a\xae\xd7\xbd\x2b\xd3\x9b\x4c\x73\xea\xd1\x0b\x3a\x27\
\x3c\x03\xe3\xec\x24\x51\x27\x9d\x35\x9d\x5f\xfe\x4b\x19\x8d\x83\
\x7e\xf7\x5d\x0e\x9b\x9b\xa6\x00\x1e\x08\x7a\x7b\xdc\x8c\xf1\xc1\
\xe1\x21\x91\x47\x88\x86\xd1\x0c\xfd\xf9\x68\x42\x8d\x07\x45\x5e\
\x24\x7c\xb3\x0f\x0f\xa4\x7e\x03\xff\xb5\x9d\xb2\xe8\x55\xa5\x68\
\x52\x53\xde\x1d\xfc\x8f\xf5\xf1\x5f\x9e\x29\x0c\xef\x29\xab\xaa\
\x9d\xbd\x6c\xc8\xf2\x22\x51\x5e\xb5\x43\x93\x8c\xb1\xcd\x7c\xab\
\x2d\xe4\x93\x07\x8e\xd6\x00\xc8\x5b\x47\x75\xca\xe7\x9e\xb2\xa7\
\x05\x4c\x37\x93\xa0\x20\x80\xde\x3a\xbd\x7e\xae\x35\x82\xbd\x5f\
\xe7\x06\x61\x1c\x3b\x1f\xe9\x28\x82\x91\x02\xe5\x8d\x9b\xe8\x2c\
\x40\x1b\xc6\xa5\x20\x46\xc1\x4a\x62\x0a\xc0\xd4\x82\x10\x4c\x85\
\x2f\x42\x80\x49\x3d\x2d\x92\x02\x1e\x1a\x1e\xb8\x14\xd2\x10\x18\
\xf4\xd2\xb8\xb1\x79\xc0\xe4\xde\x07\x0c\x9d\x6f\xdc\xb8\x51\x3e\
\x7c\x55\xf6\x57\x7a\x4c\xe4\x61\x3f\x7a\xfc\xda\x8f\x87\x82\xb2\
\xd9\x4e\x2f\x90\xf6\xa4\x0f\x27\x0f\x2c\xe9\xb4\xad\xd7\xe2\x27\
\xb6\x91\x87\xbc\x3c\x70\x6a\x07\xc7\x47\x8f\x51\xf6\x6c\x29\x40\
\x8e\x5f\x3d\x45\x8e\x49\xa3\x2c\xd5\xc1\x36\xda\xac\x72\x68\xf3\
\xa4\x08\xcd\x69\x83\xfb\x88\x6b\xce\xbd\xd5\x84\xc9\x86\x32\xb6\
\x8d\xf9\xed\x8f\xb4\xb7\x8d\xe6\xa5\x14\x2b\x89\x29\x40\xbd\x26\
\x7a\x57\x71\x72\x6d\xf5\xea\xd5\xe5\x37\x82\x10\x3b\xae\x7e\x57\
\x99\x76\x34\x19\x09\xd1\x73\x45\xe8\x66\xcf\x4d\x8c\xa6\xbd\xb6\
\x98\x5f\xde\x2f\xea\x45\xa9\x1e\xa1\xff\xfd\x26\x5d\x63\x19\x28\
\x16\x29\x22\x4d\x4e\xea\x43\x3e\x84\x3d\x1f\x46\x33\xf2\x9a\x89\
\xe5\x00\xe6\x36\xea\x96\xb0\xc8\x9d\x1b\x63\xba\x8c\x27\xae\xa7\
\x00\x04\xa1\x04\x7b\xea\x02\xd8\x14\x9a\xe4\xa4\x87\x8e\x32\x42\
\xc0\xca\xcc\x05\x08\x5a\x2d\x3e\xaa\xf2\x0b\x67\x1f\x46\x3a\xb4\
\x2d\x2e\x46\x52\xfb\x19\x5d\x60\x1f\x97\x9d\x1c\x41\x9e\x4e\x46\
\xc7\x32\xa8\x5b\x26\x07\x99\xb6\x18\xe9\x68\x02\x11\xd3\x11\xca\
\x0a\xe5\x88\xb9\x09\x1f\x78\xb6\x31\x8a\x60\x3f\x9d\x33\xd9\xb7\
\x21\xba\x3d\x72\x2c\x0b\x3d\xa9\x6f\xcc\x7c\xb0\x78\xf7\xda\xb5\
\x07\x8a\x1a\xac\x7a\xfa\xe9\x62\x3e\xe1\x01\x7e\xfb\xed\xb7\x8b\
\x3b\xee\xb8\xa3\xfc\xf0\x60\xff\xe6\x37\xbf\xf9\x5a\xaf\x33\x85\
\x07\x1a\xa1\xf2\xc8\x23\x8f\x94\x0f\x36\xf9\xaf\x5c\xb9\x52\x0a\
\x81\x55\xab\x56\x95\xdf\xf2\x82\x88\x0c\x5a\xfe\xb8\x60\x82\xe9\
\xcb\x0f\x3e\xc8\x6e\x67\x62\xb3\xdf\x7b\xb0\x85\x7a\xc2\x4b\x97\
\x2e\x2d\xfe\xe6\x6f\xfe\xa6\x3c\x56\xcc\x4e\x9c\x93\xd8\x7b\xe7\
\x7c\x3c\xf8\xe0\x83\x73\xbd\xe5\x6f\x7c\xe3\x1b\x65\x3a\xfb\xa9\
\xe7\xcf\x7e\xfc\xe6\x1a\xe8\xf7\xaf\x7e\xf5\xab\x52\x88\xf3\x9f\
\xba\x30\xe3\xc8\xbc\xa4\xf3\xa7\x5e\xf8\x07\x37\x8f\x09\xe1\xae\
\x36\xa9\x3e\x3e\xfc\x66\x3b\x42\x9a\xb9\x00\xca\xa6\x4c\x4c\x08\
\x78\xe5\x3c\x7b\x73\x32\x5f\xe6\x2c\x7e\xc7\x6b\xc6\xbe\xe4\x7f\
\xfc\xf1\xc7\x8b\x77\xde\x79\xa7\x78\xe2\x89\x27\x8a\xdd\xbb\x77\
\x97\xdb\x28\xeb\x81\x07\x1e\x28\xcb\x92\x59\x89\x72\x18\x41\xb0\
\x1f\xed\x51\xfd\x28\x8d\x27\x9f\x7c\xb2\x6c\x2f\xe5\xc4\xb6\xea\
\xfc\xa0\x80\xc8\x47\x5d\x75\xb8\xfe\xda\x6b\xc5\x67\xef\xbd\x97\
\xdd\xbe\x7c\xe3\xc6\xda\xef\x23\xae\x82\xf6\x72\xcf\x0f\x33\x0a\
\xe2\x79\xfb\xfc\xf3\xcf\xcb\xeb\x5c\x05\xd7\x97\xf3\x31\x8e\x0e\
\x07\x9d\x04\x9e\x3f\xce\xf5\xa8\x28\x7e\x95\xee\xef\x85\x6c\xcb\
\x42\xd3\xef\xbe\xcb\x31\x11\xde\x4d\x9a\xf4\xe4\x42\x73\xc1\xb0\
\x61\x4b\xf8\xc7\x55\xa5\x55\x44\xaf\x15\x79\xca\x28\xac\x00\x3d\
\x41\x1e\xa0\x2a\x8f\x02\x7a\xbb\x83\x94\x3f\x2e\x9a\xf4\x6e\x1a\
\x37\xea\x95\xc7\xc9\xc2\xd4\x5b\xa4\x49\x74\xcd\x16\x8a\xe8\x5f\
\x5f\x87\xf9\xf0\x6e\xe2\xfe\x56\xfb\x52\xef\xaf\xb8\x2d\xb7\x4f\
\x3f\xef\x1e\x79\xc7\xa5\xe7\x41\xa6\xba\xf4\x79\x4a\xeb\xac\x72\
\x39\xd6\xbe\xf1\xf9\xec\x55\xae\xdc\x73\xd3\xb4\x58\x26\x1d\x0a\
\xf6\xa5\x73\xa0\x35\x0b\x69\x39\xbd\xd2\xaa\xda\x32\xa9\x74\xda\
\xbb\x49\x0f\x25\x02\x1b\x05\xa1\x8b\x89\xc2\x90\xd7\x8a\x26\x1b\
\x79\x20\xe4\xdd\x52\x15\xfd\x92\x1e\xa9\x26\x2f\xb5\x78\x45\xd1\
\x26\xb5\x9f\xcc\x1d\xf2\xb8\x89\xe5\x9b\xaf\x83\x72\xc0\x5c\x13\
\x19\x97\x82\x80\x85\x54\x10\xa0\x79\x94\x36\x22\x4f\x34\x79\x92\
\x45\x6f\x30\xdd\xcf\xd1\x1b\x0d\x62\x9a\x3c\xdd\x30\xb3\xa1\x8c\
\x19\x15\xe6\x90\xa7\x9b\x3c\xc4\x54\x3e\xe5\x28\x5d\xe5\xd3\x9b\
\x57\xd9\x94\xab\x3c\x8a\x2e\x1b\x9f\x3f\x85\xaf\x10\xca\xcf\x47\
\x4e\x04\x5a\xd0\x16\x63\x51\xe9\xbf\xe2\x2d\x51\x8e\x16\xef\xf1\
\x4c\xa7\xf1\xa4\x80\x7d\x75\xdc\xb4\x11\x7a\xb5\x65\x1a\x99\x08\
\x25\xa1\x9e\xbe\x04\x7f\x5c\x62\xcf\xc8\x00\x9b\xb1\x16\x7f\xf1\
\x8d\x22\x41\x48\x55\xdd\xe0\x4c\xd6\xca\x24\x12\x3d\x0b\x52\x6f\
\x17\x21\x2f\x1e\xdf\x2c\x79\x38\xd7\x0b\x65\x96\x33\x5f\x87\x11\
\x43\x95\x37\x98\x3c\xc8\xb8\xa7\xd3\x38\x4d\xda\x07\x81\x8d\xc0\
\xe7\x59\xe0\x39\xe1\xde\x47\x68\xa2\x50\xe4\xe2\x2c\xe8\x1c\x50\
\x96\x42\x6e\x6b\x1f\xd2\xf4\x6c\x69\x11\x27\xdb\xa8\x53\xab\x8f\
\xf5\xac\xf1\x9f\xe7\x96\x7a\x78\x6e\xd5\xee\x08\x1d\x3b\xd2\xd8\
\x5f\xf1\x93\x78\xce\xd9\x9f\x72\x78\xfe\x63\x7c\x26\x2d\x5e\x93\
\x59\x91\x3c\xdc\x9f\x8a\x13\x25\x2f\x37\x29\x41\x3a\x9f\xd4\xab\
\x10\xe5\x6c\xcb\xb5\x65\x1a\x99\x18\xef\x26\x45\xb6\xe4\x46\xd0\
\x8d\x9f\xc6\x6f\x51\x8c\x16\x2d\xcb\xef\xd5\x0b\x4a\xd1\x8d\x12\
\xbd\x5d\x74\x83\x68\x52\xd3\x98\x49\x40\xf7\xad\xbc\xd7\x44\xf4\
\xfe\x4a\xcd\x41\xda\xa7\x6a\x8e\x01\x05\xc2\xa4\x3f\x9f\xb8\xd8\
\x50\xfb\x68\x9d\x0b\xa8\xb3\xa0\x67\x52\x16\x00\x3e\x3c\x5b\x52\
\x1a\x5a\xac\x49\x07\x83\x76\x46\xd3\x53\xda\x6e\xe6\x85\x50\x48\
\x08\x70\x99\xc1\x80\xfd\xa5\x80\xf4\xec\xcb\x41\x23\x3d\x0e\x1d\
\xbb\xb6\xf1\x8d\xf2\x89\xc7\x2c\xcf\xb7\x68\xb2\x4a\xdb\x32\x8d\
\x4c\x84\x92\x90\x59\x49\xbd\x85\x5c\xaf\x55\x31\x5a\xe4\x21\x33\
\x3b\xc4\xcb\x3e\xb4\x40\x2c\xba\x4e\x1a\x33\x89\x60\x36\x41\x70\
\x22\x54\xe3\x3c\x91\x62\x05\x21\xac\xfb\xc5\x08\xd2\x33\x54\x65\
\xb2\x15\x08\x6c\xf5\xe4\x11\xf6\x3c\x7f\xfc\x26\x4d\xe5\x2b\xcc\
\x38\x8a\x44\x73\x02\xe4\xa5\x6c\x04\x3b\x23\x08\xf5\xf8\xd5\x6e\
\x9e\xf3\x88\xc2\x8b\xeb\xb9\x97\x65\x81\xe7\x54\xcf\x39\x69\xf2\
\x62\xab\x8a\x26\x2b\xc7\x09\xb6\xcb\x0d\x1c\xe5\xc3\x88\x47\x31\
\xa6\xd8\x1f\x07\x0c\x79\xc9\x55\xb5\x65\x1a\x99\x08\x17\x58\x2e\
\x24\x23\x09\x7a\x0e\x0c\x39\xb9\x21\x50\x1c\xb2\xa9\x72\xf1\xb5\
\x5a\x91\xe1\x24\x37\x76\x0c\xc8\xa5\x11\x85\xa2\x47\x72\x23\xa8\
\xf7\xa0\x34\x7a\x3a\xec\x37\x73\x2b\xee\x8a\x56\x1a\xab\xfc\x61\
\x46\x25\x93\xc0\x20\x31\x91\xcc\x64\x82\x19\x86\xfb\x97\x7b\x1a\
\xe1\x18\xe3\x08\x91\xc6\x73\xc4\xb5\xd7\x8a\x74\x4d\xea\xea\x37\
\xf7\x3b\xcf\x1c\xbd\xe8\xdc\xfd\xa1\x7d\x18\x75\xf3\x6c\xca\xbc\
\x44\x9a\xe2\x43\x29\x9e\x91\xe2\x26\x29\x0c\x0c\xcf\xa6\xe2\x48\
\xf1\xbc\xce\xdc\x5a\xc0\x29\x93\x6e\x1a\x28\x8f\x67\x4f\x3d\x7f\
\xca\x8a\x65\xd2\xa9\xd3\xfc\x17\x65\x91\xa6\xe7\x7e\x26\xc4\x50\
\x02\xf6\x89\xf1\xa4\x62\x1a\x65\x2b\xc6\x94\xe6\x32\xaa\xda\x32\
\x8d\x38\x76\x53\x4b\x19\xb7\x77\xd3\x20\x31\x91\xcc\x78\x18\xa7\
\x77\x93\xaf\xab\xc9\xe1\xd8\x4d\x26\x0b\x23\x24\xc5\x45\x4a\x43\
\x66\xb0\x8d\x74\x3e\x98\x04\x18\x8e\xc7\x37\x68\x29\xde\x91\xbc\
\x61\xb4\x20\x2e\x8d\x6d\x64\xda\x41\x7c\xd7\x82\x31\x4d\x60\x25\
\x31\x05\x20\x38\x18\xce\xeb\x4d\x61\x71\xf8\xcc\x36\x79\xb6\xa4\
\xc2\x85\xe1\x3b\x43\x71\x79\x7b\x30\x34\x67\x48\xae\x58\x4f\xec\
\x2b\x8f\x15\xd3\x0e\xf4\x2e\x6a\x63\x9a\xc2\x4a\xa2\xe3\xc8\x5b\
\x43\x9e\x1f\xa9\x10\xd1\xa4\x1f\x44\x4f\x0e\x79\x81\xf0\x96\xaf\
\x18\xd2\x43\x8e\x01\x28\x10\x94\x86\x16\x2b\x19\x63\xba\x89\x95\
\x44\xc7\x51\x8c\x7d\xbd\x39\x4b\x0b\x9a\x44\x7c\xa3\xd7\xa0\x9e\
\x1c\xec\xaf\x85\x4b\x9a\xa8\x34\xc6\x74\x13\x2b\x89\x29\x40\xb1\
\xf6\x11\xea\xf2\x0e\x91\xed\x9a\x6d\x8c\x2e\x14\x66\x81\x7c\x78\
\xc1\xc8\x63\x24\x7a\x76\xc5\xfd\x18\x49\xc8\x9d\x71\xa1\x5f\x4c\
\x64\x7a\xa3\x15\xc7\x30\x8e\xf9\x23\x8d\x56\x01\xcf\x29\xee\x33\
\xd3\x1d\x1c\x05\x76\x0a\x50\xac\xfd\x48\x7c\x8b\x5b\x55\x08\x0d\
\xf9\xa4\xa3\x24\x14\x6d\x55\xe6\x2a\xa5\x57\xbd\x09\xce\x2c\x3c\
\x69\xfc\x22\x46\x88\x32\x17\xd2\x19\x60\x51\x5c\x2e\x2f\xc4\x45\
\x77\x55\x79\xd2\x58\x47\x0a\x6f\xc3\x9c\x17\x26\xcb\x7e\xf7\xc5\
\x20\x71\x9c\x4c\x7b\xf0\x48\xc2\x98\x0e\x11\xdf\xf6\xc7\x27\x2e\
\x86\x8b\x9e\x69\x7a\xfb\x9e\x62\x2a\xc9\x41\x41\x1e\x6b\x8c\x08\
\x62\x1c\xa8\x18\xd7\x48\x79\xf8\xf0\x5f\x2f\x9f\x52\xb9\x98\x36\
\x19\xb9\x28\x84\x87\x7e\x57\xd5\xa9\xe0\x9d\xa4\x55\x2d\x82\x33\
\x0b\x8f\x95\x84\x31\x1d\x41\x31\x8d\x30\x05\x2a\x52\x72\x44\x3d\
\x7c\x2d\x44\x03\xbc\xd3\x30\x31\xc6\x18\x4f\x1a\x11\x80\xbc\xe2\
\x24\xd0\x31\x37\x2a\x84\x8d\x7a\xfe\x5a\xec\x16\x23\x26\xeb\x05\
\x51\x7a\x0b\x20\xff\xab\xea\x24\x8d\x11\x09\x69\x5a\x04\x67\xda\
\x85\xcd\x4d\xc6\x74\x8c\x5e\x71\x98\x84\x4c\x3c\x8c\x18\x58\x23\
\x23\x0f\x37\x79\xb5\x49\x58\x47\x13\x90\xde\x5e\xa8\x72\xf1\x7c\
\xeb\x05\x66\x4c\xca\xe7\xa3\x88\x06\x69\x9d\x98\x32\x29\x07\x85\
\x81\xd9\x6a\xa1\x23\xfc\x9a\xaf\xe3\x91\x84\x31\x1d\x81\x79\x24\
\x04\x38\x26\x27\xcc\x37\xe9\x48\x42\xc2\x1d\x73\x10\x3d\x79\x29\
\x02\x7a\xfa\x8c\x0c\xfa\x81\x30\x8f\xde\x70\x0a\xa4\x89\x22\x91\
\x99\x29\x42\x1d\x72\x74\x20\x4f\x55\x9d\x7c\xeb\x65\x60\x1e\x45\
\xb4\x13\x8f\x24\x8c\xe9\x08\x31\xa6\x11\x91\x8b\xf5\xc6\x3d\xc5\
\x60\x92\x57\x9a\x82\x64\xa6\x31\x95\xb4\x9e\x46\x65\xc5\xb0\xf9\
\xfc\x56\xf9\x08\x76\x7e\x2b\xd0\x1e\x75\xc4\x72\x15\x86\x5c\x31\
\xd7\x34\x1a\xa9\xaa\x53\x75\xc5\xb8\x4c\xa6\x5d\x38\x76\x53\x4b\
\x99\xa4\x37\xd3\x99\xe1\x98\x8f\x37\xd3\x19\x93\xe2\xd8\x4d\xc6\
\x18\x63\x1a\xc7\x4a\xc2\x18\x63\x4c\x16\x2b\x09\x63\x8c\x31\x59\
\xac\x24\x8c\x31\xc6\x64\xb1\x92\x30\xc6\x18\x93\xc5\x4a\xc2\x18\
\x63\x4c\x96\xda\x4a\xe2\xab\x4f\x3f\x2d\xcc\xf8\xf8\xea\x93\x4f\
\x7a\x6f\xf7\xf9\x9f\x58\xfa\x5d\x3b\x5f\x5b\x33\x0e\xbe\xfc\xf0\
\xc3\xa2\x0e\xb5\x95\xc4\xf5\xdf\xfe\xb6\x30\xe3\xe1\xcb\x0f\x3e\
\x28\x3e\x7b\xef\xbd\x9e\x79\x7a\xad\xa1\x30\xed\xa6\xdf\xb5\xbb\
\xfe\xda\x6b\x85\x31\x4d\x82\x4c\xa9\x2b\x33\x6a\x2b\x89\x2b\x2f\
\xbe\xe8\x1e\xcf\x98\xb8\xf2\xc2\x0b\x7d\xf3\x7c\x74\xea\x54\x79\
\xe1\xcd\x64\x31\xc8\x73\xc3\xc3\x6c\x45\x61\x9a\x64\x10\x99\x92\
\xa3\xb6\x92\x40\x40\xb1\x2a\xd8\x82\xaa\x59\x7e\x7f\xf4\xe8\xc0\
\xab\x22\x7d\xfe\x27\x0b\x14\xc4\xa0\x0f\x6b\xdd\xd5\xb1\xc6\xa4\
\x0c\x23\x53\xaa\xa8\x1d\x96\x43\x2c\xb9\xf7\xde\x32\x3c\xc4\xb2\
\x87\x1e\x2a\x4c\x7d\xb0\x17\x7e\xfc\xca\x2b\xb5\x84\x3e\x21\x1c\
\x96\xde\x77\x5f\xb1\xf8\xce\x3b\x0b\xd3\x3e\x18\x39\x30\x32\xa8\
\x33\xdc\xd7\xb3\xc5\x73\x66\xcc\x30\x60\xb2\x46\xa6\x8c\x6a\xf1\
\x19\x59\x49\x18\x63\x8c\xe9\x2e\x76\x81\x35\xc6\x18\x93\xc5\x4a\
\xc2\x18\x63\x4c\x16\x2b\x09\x63\x8c\x31\x59\xac\x24\x8c\x31\xc6\
\x64\xb1\x92\x30\xc6\x18\x93\xc5\x4a\xc2\x18\x63\x4c\x96\x46\xde\
\x71\x8d\x7f\x3e\xbe\xdc\x8b\x97\x2d\x2b\xcc\xf0\x10\xa7\x89\x75\
\x12\xfd\x42\x71\xe4\xf0\xf9\x6f\x37\x65\x48\x84\xb7\xde\x2a\xea\
\xc0\xb5\x5d\xbe\x71\x63\x61\xcc\xb0\x8c\x72\xdf\x45\x46\x52\x12\
\xdc\xc0\xdf\xfa\xe1\x0f\x7d\x13\x37\x44\x9d\x55\xec\xab\x9e\x7a\
\xaa\xb8\x7b\xfb\x76\x2f\xa4\x6b\x39\x5c\xd3\xf7\x7f\xf6\xb3\xa1\
\x16\xd4\xdd\xbd\x6d\x5b\xb1\xea\xe9\xa7\x7d\x6d\x4d\x6d\xb8\xef\
\x58\x71\x3d\x4a\x98\x97\xda\x8b\xe9\xb8\x71\x1f\xf8\xf9\xcf\xbd\
\x12\xb4\x61\x58\x1d\xf9\xce\xf7\xbf\x3f\x90\xa2\xf8\xe6\x33\xcf\
\x94\x82\xc4\x4c\x0e\x74\x02\x06\x51\x14\x28\x7f\x14\x84\x31\x4d\
\x30\xe8\x7d\x57\x45\xed\x39\x09\x84\x93\x15\x44\xf3\x94\xa3\xb3\
\x1f\xfc\xa0\x6f\x3e\xcc\x4b\x56\x10\x93\xc7\x20\xd7\x96\xe7\xca\
\x0a\xc2\x34\xc9\x20\xf7\x5d\x8e\xda\x4a\xc2\x26\xa6\xf1\x41\xbc\
\x9e\x25\xf7\xdc\xd3\x33\xcf\x5d\x7f\xfa\xa7\x85\x99\x3c\x14\xeb\
\xac\x17\x77\x3d\xfa\x68\x61\x4c\x93\x70\xdf\x11\xdf\xad\x0e\xb5\
\x95\xc4\xd2\xfb\xef\x2f\xcc\xf8\x58\xb2\x6a\x55\xef\xed\x7d\x94\
\x88\x69\x2f\xfd\xae\x9d\x47\xe8\x66\x1c\xcc\xbb\x92\x30\xc6\x18\
\xd3\x7d\xac\x24\x8c\x31\xc6\x64\xb1\x92\x30\xc6\x18\x93\xc5\x4a\
\xc2\x18\x63\x4c\x16\x2b\x09\x63\x8c\x31\x59\xac\x24\x8c\x31\xc6\
\x64\xb1\x92\x30\xc6\xcc\x71\xed\xda\xb5\xf2\x63\xfe\xc0\x85\x0b\
\x17\xb2\xdb\xa6\xe5\x5c\x59\x49\x18\xd3\x21\xce\x9e\x3d\x5b\xec\
\xdd\xbb\xb7\x38\x78\xf0\x60\x31\x3b\x3b\x3b\xcc\xae\x65\xfe\x35\
\x6b\xd6\x94\x65\x6c\xdb\xb6\xad\x38\x75\xea\x54\xd1\x66\x68\xe7\
\x96\x2d\x5b\x06\xce\xdb\xeb\x78\x74\xec\x29\x94\x9f\xdb\xef\xc4\
\x89\x13\x03\xd7\x3f\xc9\x34\x12\x05\xd6\x18\xb3\xf0\xd0\xab\xdd\
\xbe\x7d\x7b\x71\xe0\xc0\x81\x52\x28\xf2\x39\x79\xf2\x64\x29\xe4\
\x76\xee\xdc\x59\x6e\xd7\x6f\xbe\xd7\xaf\x5f\x5f\xe6\xd9\xbc\x79\
\x73\x31\x33\x33\x53\xee\xb7\x62\xc5\x8a\xf2\xf7\xf5\xeb\xd7\xcb\
\x0f\x90\x07\x21\xaa\x7c\xec\xcb\x6f\xca\x63\x1b\xe5\xb1\x5d\x79\
\xd8\xce\xb6\x98\x9f\x6f\xa5\xa9\xad\xa4\x53\xdf\xb6\x5b\xe1\x65\
\xd8\x9f\xf2\xc8\xab\x7c\xaa\xbb\x2a\x4d\xfb\x00\x3d\x7e\x3e\x31\
\x5f\xe4\xc8\x91\x23\x65\x9d\xd4\xc7\x76\xca\xe0\xbf\xda\xc5\xb7\
\xea\x8f\xc7\x7a\xe8\xd0\xa1\xb9\xfc\xaa\x4f\x6d\xde\xba\x75\x6b\
\xb1\x7a\xf5\xea\xa2\xeb\x78\x24\x61\x4c\x87\x90\xf9\x03\xe1\x76\
\xe6\xcc\x99\xf2\xff\xae\x5d\xbb\xe6\xb6\xe9\xf7\xbe\x7d\xfb\x4a\
\x85\x82\xf0\xd3\xe8\x41\x4a\x21\x9a\x50\x0e\x1f\x3e\x5c\xee\x73\
\xee\xdc\xb9\x62\xc3\x86\x0d\x65\x3e\x04\xee\xe9\xd3\xa7\xcb\xdf\
\x6c\x43\x38\xa3\x60\x2e\x5f\xbe\x5c\x96\xcb\x28\x46\xbd\x7c\xca\
\x22\x7f\xda\x23\x67\xb4\x43\x19\xf4\xc6\xd9\x07\xe1\x4b\xf9\x94\
\x45\x99\xec\xa3\xdf\x94\xab\xb4\xe3\xc7\x8f\x97\xed\x66\x1b\xff\
\xd5\x5e\xca\x57\x3e\x09\xf4\xf4\xbc\xe8\x43\xfb\xc8\x47\xfd\xec\
\xc7\x7f\x41\x7b\x94\x0e\x6c\xa3\x2e\xd2\x63\x5b\xf8\xaf\x73\xd1\
\x75\xac\x24\x8c\xe9\x08\xf4\x70\xcf\x9f\x3f\x5f\x7e\x10\xb8\x51\
\xf8\x55\x81\x22\x41\xe8\x32\xa2\x40\xf8\xd1\x33\x4e\x7b\xe2\x08\
\x43\xf2\x1d\x3b\x76\xac\x1c\x31\x20\x14\xe9\x45\x23\x38\x35\xa2\
\x40\x81\x5c\xbc\x78\xb1\xd8\xb4\x69\x53\xa9\x54\x28\x0f\xc5\x83\
\x40\x46\xe0\x02\x4a\x84\x6d\x82\x3c\x94\xc1\xfe\x7b\xf6\xec\x29\
\xcb\xa5\xee\x95\x2b\x57\x96\xdb\xc8\x4b\xdd\xa4\x29\xbf\x4c\x46\
\x28\x18\xb6\x53\x66\x3c\x76\x29\xab\xaa\x91\x04\x69\x94\x21\x33\
\x9a\x8e\x29\x96\x01\xa4\xf1\xa9\x32\xd5\x71\xfc\xfb\xf7\xef\x2f\
\xbf\xab\x14\x51\x57\xb1\x92\x30\xa6\x23\x48\x28\x23\x40\x11\xfe\
\x7c\xe2\xb6\xdc\x24\x2b\x02\x36\x07\xdb\x50\x00\x70\xf5\xea\xd5\
\xf2\x3f\xca\x04\x41\x8b\x62\x41\x68\x6a\x84\x80\x40\x67\x3b\x26\
\x18\x14\x06\x02\x99\xef\xaa\x3a\x64\xca\x41\xa1\x31\x92\x90\x32\
\x20\x3f\x1f\x14\x81\xe0\x3f\x02\x1e\x41\x8f\x12\x49\x4d\x4d\x40\
\x59\x28\x1b\x29\x97\x7e\xc7\xab\x63\xa2\xfe\xaa\xed\xbd\xe8\xb7\
\xbd\x6b\x78\x4e\xc2\x98\x0a\x64\xbf\x1e\x76\xdb\x42\x42\x9b\x68\
\x1b\xa3\x08\xbe\x11\x9a\x1a\x19\xd0\xb3\xaf\xd3\x66\x84\x2f\xe6\
\x1d\x29\x1c\x4c\x58\x52\x06\xb2\xef\xb3\x9d\xde\x35\xa0\x34\x64\
\x8e\xd2\xfc\x46\x15\x08\x78\x99\x6a\x76\xec\xd8\x51\x7e\x10\xf0\
\x28\x0c\xda\x4e\xbd\x28\x23\xcc\x3e\x32\x47\x21\xd0\x95\x96\x1e\
\x8f\x14\x0d\xfb\xae\x5b\xb7\xae\x6c\x0f\xed\xa2\x5c\x40\xd1\x68\
\xce\x85\xf3\xa2\x63\xd2\x71\x98\x3c\xb5\x5f\x3a\xb4\xfe\xe5\x97\
\x0b\x33\x3e\xfa\xbd\x24\x64\xed\x73\xcf\xf5\x0d\x39\x2d\x78\x70\
\xd4\xbb\xe2\xa1\xc9\x3d\xb8\x93\x02\xc7\x82\xd0\x40\x20\xf5\x43\
\x26\x91\x9c\x20\xa8\x2a\x0b\xb3\x05\x82\xf6\xc6\x8d\xea\x47\x83\
\x1e\x32\xdb\x07\xa9\xbf\x8a\xf7\x9f\x7f\xbe\xf8\xf8\xd5\x57\xb3\
\xdb\x89\xfd\x7f\xd7\x63\x8f\x15\x75\x51\x0f\x3a\x1e\xb3\x26\x7f\
\xe3\xb7\x04\x64\xec\x71\xc7\xc9\xdc\x58\x86\xf6\xab\xaa\x23\x96\
\xa5\x6d\x2a\x27\xd7\x9e\xaa\x7c\xaa\x27\x15\xdc\xb9\xb4\x78\x3c\
\x69\x3e\x14\x09\x0a\x2d\xad\x4f\xed\x50\xdd\xfa\x5d\x55\x56\x3c\
\x4f\x22\x77\xbe\x26\x81\x7e\xf7\x5d\x8e\xc5\xbb\xd7\xae\x3d\x50\
\xd4\xc0\x2f\x45\x19\x2f\x5c\xcc\x5e\x6f\xa7\x43\x88\x0c\x1a\x52\
\x7a\xe3\xc6\x8d\xc5\xf2\xe5\xcb\x8b\x77\xde\x79\xa7\x78\xee\xa6\
\x72\xd1\x50\x1e\xbb\x2a\x02\xf1\xc1\x07\x1f\x2c\xff\x73\xc3\xbf\
\xf4\xd2\x4b\xb7\x3d\x90\xca\xb3\x6a\xd5\xaa\xe2\xed\xb7\xdf\x2e\
\xbf\xe5\x01\xa2\x7d\xd9\xef\xd7\xbf\xfe\x75\x71\xc7\x1d\x77\x7c\
\x6d\x3f\x95\x2d\x7a\xd5\x51\xb5\x7f\x9a\x46\xbd\x98\x0a\xf8\x46\
\x58\x57\xe5\x8b\x75\x21\x2c\x30\x51\xd0\x8e\xcf\x3f\xff\xbc\xac\
\x5b\x02\x82\xff\xd8\xd3\x25\x08\x24\x18\x28\xeb\xdb\xdf\xfe\xf6\
\x9c\x1d\x5c\x75\xab\x0e\xca\xe2\xb3\xaa\x4f\x38\xf7\x1c\xbc\x4a\
\xb2\xd7\xfb\xcc\x79\x57\xcb\x28\xa1\xf8\x69\x27\x9f\x88\xce\x4d\
\xfc\x56\x1e\xe5\x8f\xe7\x30\x2d\x23\x3d\xb7\x71\x7b\x2c\x4b\xdb\
\x62\xfe\xaa\xf6\x54\xe5\xab\x2a\xab\x57\x5a\xda\xae\x98\xaf\xaa\
\x63\x10\xdb\xa1\xba\x63\x1b\xd2\xb2\x62\x99\xe9\xbe\xe9\xf9\x9a\
\x04\xfa\xdd\x77\x39\x6c\x6e\x9a\x12\x16\x2d\x5a\x54\x0e\xe1\x05\
\x3d\x61\x09\x6a\x86\xfd\xb8\x4a\x92\xc6\x70\x9e\x09\x4f\x26\xef\
\x10\xa0\x98\x00\x64\x52\xe0\x9b\x74\x7e\x23\x40\x11\xaa\xe4\x8d\
\x3d\xb3\x4b\x97\x2e\x95\x43\x7f\x04\x37\xe9\xfc\xc6\x4c\xa0\x87\
\xa9\xaa\x0e\x4d\x9e\xe2\x35\x42\x5e\x7a\xf7\x72\x9b\xd4\xfe\xe4\
\x27\x9f\xdc\x11\x51\x10\x98\x34\x50\x78\x98\x12\xc8\x47\xdd\x11\
\x2d\x84\x22\x3f\x79\xe4\xd9\x43\xb9\xa4\x69\x22\x55\x36\x75\xad\
\x31\xc0\x5c\x81\x69\x82\x51\x17\x4a\x46\x02\x47\x6d\xd1\x24\x2b\
\x6d\x36\xed\x64\xd2\x47\xcb\x6d\xc2\x13\xd7\x53\x00\x0a\x80\x49\
\x47\x04\xb4\x5c\x0b\xe5\x59\xa2\xde\xb2\x04\x2a\x6e\x90\x08\x48\
\xd2\x11\x9e\x08\x72\xf6\x8f\x5e\x20\x28\x03\x86\xf2\x7c\xd8\x8f\
\x3c\xfc\x56\x2f\x1f\xe1\x2b\x21\x2a\x5f\x7a\xed\x57\x55\x87\xda\
\xc1\x3e\x28\x08\x79\xc8\x68\x7f\xa5\x51\x07\x6d\x91\xfd\x9b\xd1\
\x11\x70\x5c\xb4\x21\x45\xc2\x1d\x1b\x34\xd0\x56\xf6\xe7\x13\x85\
\x88\x94\x5f\x9c\x84\x8d\xa0\x5c\xd9\x47\x65\x18\x33\x4d\x78\x24\
\x31\x05\xa8\xc7\x8d\x60\x66\xc2\x4f\x8b\x97\xe8\x31\x03\xe9\xf2\
\x36\x01\x7a\xcc\x80\x80\xc6\x83\x05\x62\x2f\x3d\xed\xa5\x55\xf5\
\xda\x18\x2d\x68\xf4\xa0\x1e\x37\xff\xab\xea\x90\x37\x0c\xdb\x69\
\x13\x23\x86\x98\xa6\x6f\x29\x19\x14\x1e\x23\x23\xb5\x59\x8b\xc8\
\x68\x63\xd5\xf0\xbf\xca\x6e\x1c\xed\xca\xf6\x66\x69\x2f\x5a\x74\
\xc7\x3d\xeb\xeb\xb0\x30\x58\x49\x4c\x01\x08\x55\x84\xa8\xbc\x51\
\xe4\x62\x28\x41\x2d\x81\xce\x7f\xf5\xde\xe9\xa5\xd3\x03\x27\x1f\
\x42\x7b\xd0\x09\x3a\xf6\xa3\x47\x4e\x59\x32\x67\x69\x82\x97\x32\
\xd2\x3a\xd8\x86\x29\x09\x45\xa6\x11\x8a\xfc\xe6\x95\x46\xfb\xc8\
\x87\xe9\x47\xfb\x72\x1c\x8c\x5c\x30\x21\x91\x26\x01\xc2\xfc\x03\
\x26\x21\xb5\x15\xa5\x43\x9d\x8c\x04\x64\x3e\x4a\x27\x1f\xeb\xa2\
\xd0\x17\x55\xa3\x98\x69\xa6\x49\xef\x2f\xee\x3f\x79\x53\x8d\x4a\
\x5b\xbd\xd2\xda\xce\xc4\x78\x37\x75\xcd\x43\xa7\x1f\x4d\x7a\x37\
\x01\xc2\x8c\x73\x17\xed\xe8\x32\x9d\xc4\x34\x4c\x43\x51\xe8\x6a\
\xbf\x34\x7c\x41\xea\x05\x52\xf5\x3b\xad\x6f\x90\x3a\xd2\xb4\xb8\
\xbf\xfc\xe2\xe3\xa4\x22\x79\x54\xaf\x56\xc6\xa6\x42\x3b\x7a\xbd\
\x28\x74\x43\x4a\x9c\x57\x49\xbd\x80\x52\xef\x19\x81\xe2\xa5\xae\
\x61\xef\xc5\x71\x7b\x37\xa5\xc8\x3d\x94\xe7\x06\xe5\x5b\xd7\x2b\
\x2b\x07\xe7\x05\x85\x8e\x72\xd7\xa8\x35\x9d\x1f\xaa\x83\x56\x74\
\x37\x51\x16\x23\x68\x99\x35\x69\x6f\x9c\x9f\x6b\x23\x74\x66\x68\
\x63\x93\xf3\x5e\x9d\xf7\x6e\xda\xbd\x7b\x77\xf1\xc6\x1b\x6f\x94\
\xbd\xcf\x3f\xff\xf3\x3f\x2f\xff\xe3\x5d\x90\x7a\xb7\xc8\x7b\x26\
\xf6\x7c\xa3\x87\xce\xeb\xaf\xbf\x3e\x37\x71\x49\x7e\x79\xe5\x40\
\xce\x43\x67\x21\xbc\x18\x9a\xf4\x6e\x02\xda\x9f\x7a\xe3\xf0\x3f\
\x4d\x93\x77\x4f\xba\x5f\x3f\x2f\x90\xaa\xdf\x39\xef\x9f\x5e\x75\
\xf4\xda\x5f\x82\x3e\xf5\x34\x89\xfb\x62\x96\xe8\xe5\x1d\xa3\xbc\
\xe9\x47\x65\x55\x79\x01\xa5\xe5\xe8\xc3\x03\x9c\x7a\x6f\x0d\xc2\
\x38\xbd\x9b\xe2\xfd\xaf\x7b\xf7\x37\xbf\xf9\x4d\xf9\x7d\xe5\xca\
\x95\xb9\x91\x1c\xed\x46\x58\x62\xca\xe1\x5b\xff\xd9\x47\xca\x58\
\x31\x98\xf4\xac\xc4\xe7\x8b\x3c\x94\x27\xcf\x36\x46\x55\x94\xa1\
\xd5\xd6\x80\x37\x9c\x3a\x17\xec\x23\x01\x1d\xeb\x04\xc5\x99\x52\
\x1d\x02\x85\xc6\xf5\x92\x79\x34\xcd\x47\x39\xba\x9e\xfc\xe6\x9b\
\x72\xa9\x57\x9e\x70\xd4\xc1\xb6\xa3\x47\x8f\x96\x42\x17\x0f\x3f\
\xda\x4d\x99\xf1\x58\xc8\xa7\x78\x4e\x94\xa9\xf2\x40\x6d\x57\xfd\
\x92\x2d\x9c\x2b\xea\x4a\xbd\xf8\xd2\x76\xa6\xf5\xc4\xeb\x54\x95\
\x06\xb4\xf7\xf1\xc7\x1f\x6f\xb4\x33\xdc\x79\xef\x26\xf5\x2a\x65\
\x02\x91\x79\x24\xf5\xa2\x61\x12\x93\x1e\x03\x37\x2d\xb6\x76\x7c\
\xdd\xd9\xa6\x34\x79\xe0\xa0\xa9\xb9\x51\xd2\x5e\x6c\xf4\x60\x49\
\x3d\x6c\x3c\x54\x6d\x37\xf3\x3d\xba\x6c\xa3\x77\x13\xf7\xbf\xee\
\xe5\xe8\xc1\x05\x32\xb1\x31\xcf\xc4\x7d\xcf\x33\x80\x29\x8f\xde\
\x3f\x69\x74\xc0\x64\xbe\x63\x84\xc4\x6f\x9e\x1b\xe6\x87\x78\x76\
\x78\x6e\x48\x63\x5f\xcc\x78\x8c\xda\xa2\x43\x03\x65\x50\x2f\x69\
\xf2\x82\x63\x1f\x9e\x23\x9e\x27\xca\xaa\xaa\x93\xb2\x79\x16\x55\
\x87\xe0\xd9\x96\x93\x82\x46\x15\xfc\xa7\x0c\xad\xd4\xa6\x1e\xca\
\xa5\x7c\x05\x1a\xc4\x3c\xaa\x3a\x70\xa4\x50\x10\x3e\xcd\xaf\x81\
\x62\x45\x31\xba\x22\x1f\x5e\x76\xea\x3c\x6a\x01\x21\x72\x86\x72\
\x38\x4e\xa0\x7d\xd4\x21\xd9\x42\x19\x72\xd2\x90\x22\xa3\xee\xf4\
\x78\x24\x93\x90\x45\xb4\x13\x93\xaa\xd2\x14\xdb\x8a\xe3\x90\x39\
\x55\x6b\x77\xda\xc2\xc4\x78\x37\x71\x31\xb0\xad\x6b\x05\x26\x27\
\x37\xf5\xa2\x51\x9c\x18\xe0\x22\xea\x02\xf3\x1b\x9b\xb4\xbc\x5c\
\x84\xc2\x02\x68\xf8\x19\x3d\x58\xaa\x3c\x6c\x8c\x69\x33\xea\xe5\
\xca\x0b\x2c\xed\xd4\x48\x90\xf1\x1c\xe8\x7e\x8e\xb1\x92\x80\xdf\
\xb1\x43\x44\x59\x08\x3e\x79\xae\x21\xf0\x29\x5b\x82\x18\xe4\x58\
\x10\x9f\x2f\x99\x76\x14\xe3\x09\x81\x5b\x55\x67\x5c\x70\x97\x2e\
\x7e\x8b\x44\x93\x1f\xcf\x6a\xaf\x0e\x9b\xca\xa6\x4e\x79\xf1\x81\
\x56\x5f\x03\x6d\x21\x9d\x7c\x1c\x0f\xdf\x6c\xe7\x1c\x72\x9c\x6c\
\x63\x5f\x94\x07\xe7\x4d\x4a\x44\x6d\x91\x17\x1c\xf9\x62\x68\x8f\
\xf4\x78\x62\x14\x5b\x05\x52\x8c\x73\x7c\x52\x4c\x1a\x79\xd0\x16\
\xf6\x6b\x53\x87\x74\x62\x46\x12\xf2\x61\xe7\x62\x72\x93\x71\x43\
\x72\x22\xb9\x21\xe4\xa5\xc3\xcd\x8a\x46\x96\x76\xe6\xe2\xd0\x53\
\xc9\x4d\x52\xc6\x9e\x67\xd5\x45\x89\x1e\x36\x7a\x20\x8c\x69\x2b\
\x71\x3e\xa7\xdf\xe4\xbc\x4c\x21\xdc\xdf\x3c\x23\x12\xa4\x83\x78\
\x7a\x49\xe8\xd1\x33\xd7\x7a\x9b\x2a\xd4\xc3\x57\x3c\x29\x4d\x1c\
\xc7\x3a\xa3\x63\x03\x42\x54\xf1\xa1\x60\x26\xac\xfc\x06\x3a\x7b\
\x1a\xed\xcc\x24\xab\xb9\x63\xcf\x5b\xfb\xf7\x7a\xf6\xe3\xf9\xd1\
\xf1\x48\x9e\xd0\x56\xda\xc4\x68\x82\x3c\x0a\xf8\xa7\xb6\xc7\x39\
\xba\xaa\xc5\x80\xf1\x78\xa4\xf8\x90\x51\xe4\x67\x24\xa2\x8e\x27\
\x65\x51\x2e\x69\x9a\xff\x8a\xd1\x6a\xdb\xc2\x44\x99\x9b\xe4\xa1\
\x33\x73\x2b\x1e\x8d\x02\x7a\x45\x2f\x1a\x2d\x98\xd2\x85\xe7\x42\
\xf4\x7a\x71\x48\x8e\x18\x83\x46\x1e\x36\x66\x3c\xd8\xeb\xa4\x19\
\x10\x3e\x08\x9c\xb8\x50\x32\xa2\x67\x87\xe7\x41\xbd\xe7\x18\x2b\
\xa9\x9f\x60\x92\x37\x1a\xfb\xc7\x0e\x96\x7e\x93\x1e\x27\xc5\x79\
\x3e\xe9\xd0\xd1\x13\xd7\xc4\x79\x5a\x27\x68\x41\xe6\x4c\xe2\xc5\
\xa4\x75\x34\x1a\xa1\x28\xf6\x92\x3e\x8a\xc1\x24\xa1\x3b\x0c\x6a\
\x0b\xed\x8b\x82\x1d\xb9\x22\xcb\x83\x56\xf4\xcb\xc9\x22\x5a\x31\
\x10\xfe\x39\xeb\x42\x3c\x1e\xca\x93\x27\xa1\xe2\x69\x51\x1e\x69\
\xc8\x2a\xa5\xe9\xfd\x15\x28\x96\x99\x86\xbc\xb9\x9a\x62\xa2\x62\
\x37\xc9\x93\x25\xf5\x78\x49\xbd\x60\xf4\xe2\x92\x2a\x4f\x9b\x9c\
\xd7\xca\x4c\x45\xfc\x97\xd9\x1e\x1e\x3a\xe3\xa6\x69\xef\xa6\xb6\
\xc2\xd0\x9b\x87\x8d\x87\x92\x07\xbe\x97\xc9\xa1\x2b\x8c\xdb\xbb\
\x29\xf5\xc2\x12\x71\xa4\x51\x75\xbf\xa7\xb1\x94\x72\xcf\x48\x2a\
\x90\xd3\x72\x73\xe5\xa7\xed\x4b\xd3\x66\x2a\xd6\xb2\x20\x34\xb9\
\x37\x34\xd2\x99\xad\x88\x13\x55\x45\xce\x5b\xed\x5a\x45\x4c\xaa\
\xb4\xbc\x38\x52\x88\xe7\xa3\xea\x7c\xc5\xb2\x22\xb3\x3d\x62\x5d\
\xf5\x4a\x8b\xa3\xc0\x2a\x45\x3f\x0a\x75\xbd\x9b\x1c\xe0\xaf\xa5\
\x34\x1d\xe0\x4f\x93\xf0\xe9\x9b\xc1\xd4\x83\x01\xd9\xb4\x65\xbb\
\x8e\x79\xe2\xc3\x06\xb2\xf5\xca\x3e\xab\x35\x18\xb9\xb2\xd3\xb6\
\x68\x9b\xbc\x70\xd4\x8b\xca\x05\xd5\xeb\x12\xf3\xed\x02\x3b\xc9\
\x68\x4e\x23\x7d\xef\x83\x19\x9e\xba\x4a\xc2\x61\x39\xa6\x00\x86\
\xc9\x4c\xbc\xe9\xed\x5e\x3c\x74\x08\x64\xd2\xd8\x26\x2f\x18\x86\
\xc4\x7a\x6f\xaf\xbc\x3f\xf4\x9f\x0f\x0f\xac\xde\x68\x86\x19\x8e\
\x32\x48\x27\x0f\x69\xf2\xca\x60\x3f\x95\x1d\xdf\xdc\xa5\x7a\xd9\
\x97\x3c\xfc\xe7\xd3\xef\xe5\x38\x66\x7a\x61\x14\x6f\x05\xb1\xb0\
\x58\x49\x4c\x01\x1a\xbe\x62\x07\xc5\x16\xab\x80\x7a\x32\xc9\xc5\
\xd7\x40\x32\x8a\xc0\x3e\x8b\x87\x07\xdb\x30\xff\xa4\x2f\x66\xa1\
\x1c\xc5\x50\xa2\x1c\xfd\xd6\xeb\x1c\x65\x8f\x8d\x51\x54\x81\x6d\
\xb2\xf7\xf2\x6d\x8f\x31\x63\xda\x8f\xc3\x72\x4c\x01\x08\xfd\xb8\
\x62\x9d\xc9\x3a\x62\x1f\xc9\x73\x6b\xc5\xad\x98\x49\x72\xc7\x43\
\x80\xb3\x8f\x4c\x4b\xa9\xb7\x45\xd5\x02\xba\x68\xa3\x95\xc3\x00\
\xde\x61\xd4\x23\xa2\xb7\x49\xdb\x3c\x38\xcc\x60\x68\x71\x9d\x4c\
\x92\xa6\xfb\x58\x49\x4c\x01\x98\x92\xb4\x90\x08\xe1\x2d\xaf\x10\
\xbd\xe4\x9d\x91\x82\x16\x3c\x69\x74\xa1\xc5\x40\x7a\x03\xd8\xa0\
\x13\x68\x94\xad\x97\xcb\xcf\x26\xe1\x0f\x50\x3e\xd4\xab\x15\xb7\
\x8a\x22\x6b\x26\x07\xee\x03\xee\x13\xee\xa7\x74\xdd\xd1\x20\x34\
\xe9\xc9\x66\xaf\xb8\xf9\xc1\x13\xd7\x2d\xa5\x69\xef\x26\xad\x4c\
\x8f\x1e\x2a\xa4\x55\xc5\x50\xaa\x8a\xe5\x94\x3e\x90\xa9\x77\x47\
\xea\xa9\x91\xc6\x67\x12\x31\xd6\x52\xce\x03\xa5\xeb\x8c\x73\xe2\
\x5a\xbe\xf9\xfd\xce\xa3\xd6\x12\xc9\xf5\x13\xa5\xae\xb5\x47\xfd\
\xd0\xbc\x53\x2e\xea\x6e\xaf\x76\x69\x25\x73\x5c\xd8\x56\x17\xbd\
\x1d\x50\x0b\xdd\xea\x28\xad\x69\xa2\xee\xc4\xb5\x47\x12\x53\x42\
\xea\xc6\x1b\xbd\x91\x44\x95\x60\xe9\xb5\xc8\xaa\xca\xec\x94\xee\
\x57\xb5\x4f\x6c\x4b\x1c\xa5\x4c\x83\x82\x18\x37\x08\x70\x3e\x28\
\x69\x79\x90\x69\x35\xaf\x56\x40\x4b\x31\x33\xb2\xc3\x24\xa8\xc9\
\x61\xf2\x48\x78\xcb\x63\x4d\x31\x8e\xe4\x1d\xa7\x0f\xfb\xe0\x80\
\x50\x25\xec\x95\x5f\xfb\xab\x5d\x80\x20\x67\x34\xcb\xbc\x98\xc2\
\x7f\xc7\xf6\x29\x5e\x54\xea\x19\x17\xcb\xd4\x7c\x9a\xd6\x17\x68\
\x2d\x93\x19\x0f\x9e\xb8\x36\xa6\x63\x30\x2a\x40\xf0\x2a\x0c\x04\
\x73\x51\x0a\x59\xc3\xb7\xe6\xa6\x00\xb3\x51\x5c\x79\xac\x51\x82\
\x22\xea\x6a\xc1\x17\xdf\x8a\xdb\x04\x5a\x73\x94\x12\xbd\xdb\x18\
\xa9\x60\x7a\x8c\x50\x26\xdb\xf8\x96\xc3\x84\xca\xc5\x73\x8e\x34\
\xda\xcc\x7e\x51\xf0\xcb\x8b\x0e\x45\xa1\x6d\xfc\xb7\xb9\x72\xfc\
\x78\x24\x61\x4c\xc7\x50\x88\x69\x1c\x14\x62\x3c\xb3\x88\x46\x7a\
\xe9\x0a\x69\xbc\xda\x40\xce\x0d\x0a\x51\x01\x31\xf8\x5e\xce\xcc\
\x24\xaf\x38\x85\xc7\xa1\x9c\x2a\x65\xa2\xf7\x88\x28\x92\x01\xa3\
\x0a\x4c\x51\x0a\x51\x41\xbb\x35\x52\xd1\x9b\x14\xb5\x86\x06\x25\
\x94\x3b\x2e\xd3\x3c\x1e\x49\x18\xd3\x31\xd4\x03\x8f\x42\xbd\x2a\
\xad\x0a\xbd\x12\x16\x93\x10\x1e\x6f\xcc\x1f\x54\x11\x83\x00\x46\
\x25\xc0\xfe\xea\xdd\xf7\x5a\x91\x2c\xd3\x17\x8a\x22\x9a\x34\x49\
\xa7\x6e\x94\x06\xdf\x71\xff\x18\xdb\x48\x91\x5d\xcd\xf8\xf1\x48\
\xc2\x98\x8e\xa1\xf8\x65\xc0\x48\x00\xe1\x2a\xaf\x32\x50\x60\x3d\
\xad\x72\x47\x71\x90\x46\x0f\x1d\xe1\xcf\xef\x18\x57\xa8\x0a\x46\
\x0c\x0a\x97\x8d\xf9\x47\xca\x87\x7d\x19\x0d\x30\x82\x00\x46\x0c\
\xb9\xf9\x2c\xf2\xd1\x3e\xad\xc3\x21\xaf\xa2\xd1\xce\x84\xb0\x3a\
\x7c\xb3\x8d\xf6\x01\xa3\x0f\x85\xfe\x37\xe3\xc7\xde\x4d\x2d\x65\
\x5a\x62\x37\x4d\x23\xe3\xf4\x6e\xaa\x8a\x9f\x04\xfd\xe2\x2d\xa5\
\xbf\xab\x62\x1c\x69\x9b\x56\xed\xe3\xad\x84\xd9\x87\xdf\xe9\xdb\
\x00\x73\xfb\xa7\x1e\x71\x69\x6c\xa4\xaa\xb4\xdc\xb6\xdc\x31\x99\
\x6a\xec\xdd\x64\x8c\xb9\xad\xf7\x1d\xc9\x09\xd0\x99\x8a\x68\xae\
\x55\xf9\xe3\x36\x46\x0d\x52\x0a\x98\x84\x64\x16\xea\x55\x9f\xf6\
\x4f\x3d\xe2\xaa\x22\xd5\xe6\xda\x9a\x6e\xfb\xff\xdb\x3b\x9b\x98\
\x3b\x8a\x2b\xef\xb7\xc5\x0c\x8a\x05\x92\x71\x24\x82\xa3\x91\xc0\
\x06\xeb\x4d\xb2\x40\x98\x55\xc2\x6c\x00\x29\xa3\x90\x95\xed\x55\
\x12\x05\x09\x58\x41\x94\x05\x10\xa4\x49\xb2\x40\x18\x65\x83\x17\
\x60\x90\x66\x14\x58\x19\x24\x90\x92\x95\xcd\x8a\x48\x8e\x04\x6c\
\x82\xb2\x88\x0c\x64\x93\x48\x01\x3f\x66\x12\xbd\x7c\x48\x60\x6b\
\xe0\x25\x61\x84\xfc\xe6\xd7\xc3\xef\x49\xd1\xbe\x75\x3f\xfa\xde\
\xfb\x3c\xf7\xe3\xff\x93\xae\xee\xbd\xdd\xd5\xd5\xd5\x55\xdd\xe7\
\x54\x9d\x3a\x75\x3a\x4a\x61\x6b\x88\x92\x08\x21\x4c\x44\xf9\xb6\
\xbb\x08\xea\xd5\x27\x13\xd7\x21\x84\x10\xaa\x44\x49\x84\x10\x42\
\xa8\x12\x25\x11\x42\x08\xa1\x4a\x94\x44\x08\x21\x84\x2a\x51\x12\
\x21\x84\xb0\x06\x7c\xfa\xd1\x47\x4d\x1f\x7a\x2b\x89\x4f\xde\x79\
\xa7\x09\xf3\x63\x54\xfd\xa6\xfe\x97\x97\x4f\xde\x7d\x77\xe8\xfe\
\x8f\xdf\x7c\xb3\x09\x61\xd6\xf4\x95\x19\xbd\x95\xc4\xfb\xa7\x4e\
\x35\x61\x3e\xb0\x88\x6e\x54\x83\xf6\x59\x14\x13\xb6\x1f\xda\x75\
\xd8\x22\x49\xc8\xb3\x15\x66\x0d\xf7\x5d\xdf\xce\x47\x6f\x25\xf1\
\xde\xc9\x93\xe9\xcd\xce\x01\x86\x84\x6f\x3d\xf6\xd8\xc8\x74\x08\
\x9a\x28\x8a\xe5\xe3\x2f\x4f\x3d\x35\x32\x0d\xf7\xc0\x38\xe9\x42\
\x18\x07\xee\x27\x22\x38\xf4\xe5\x92\x7b\xf6\xef\x3f\xd2\xf4\xe0\
\xc2\xff\xfc\x4f\x73\xfe\x95\x57\x9a\x4b\x2e\xbf\xbc\xd9\x79\xed\
\xb5\x4d\x98\x1e\x04\xff\xd9\xa3\x47\x9b\xbf\xfd\xd7\x7f\x8d\x95\
\x9e\xfa\x6f\x76\xec\x48\x78\x8e\x25\x80\x0e\xd5\x99\x9f\xfd\xac\
\xf9\xef\xdf\xfd\x6e\xac\xf4\xff\xef\x0f\x7f\x68\xcd\x52\x3c\x5b\
\x3c\x63\x21\xf4\x61\x52\x99\x32\x88\xde\xb1\x9b\x4a\x2e\xbd\xea\
\xaa\xdc\xcc\x53\xc2\x50\xf0\xe3\x37\xde\x68\xfa\x90\xfa\x5f\x6c\
\xc6\x31\x31\x0d\x23\x9d\x80\xd0\x07\xee\xbb\x59\x58\x7b\x66\xa2\
\x24\x42\x08\x21\xac\x26\x71\x81\x0d\x21\x84\x50\x25\x4a\x22\x84\
\x10\x42\x95\x28\x89\x10\x42\x08\x55\xa2\x24\x42\x08\x21\x54\x89\
\x92\x08\x21\x84\x50\x25\x4a\x22\x84\x10\x42\x95\xa9\xdf\x4c\x77\
\xc9\x65\x97\xb5\xef\xe3\xcd\x82\xba\xe9\x60\x9d\x04\x8b\xe3\xfa\
\xf8\x35\x5f\x7e\xfd\xf5\xcd\xae\x7f\xfd\xd7\xb6\x2d\xc2\xe2\x41\
\x9b\xb2\x3a\xbe\x4f\xdb\xf2\x6c\xd1\xbe\xac\x85\x09\x61\x12\x5a\
\x99\xf2\x9b\xdf\x34\x1f\xfe\xfe\xf7\xcd\x34\x4c\xb5\x4e\x62\xe7\
\x75\xd7\x35\xfb\x1e\x7c\x30\x37\xf0\x0c\x79\xfb\xd9\x67\x9b\xb7\
\x9f\x7b\x6e\xac\xb4\xd4\xfb\xd5\x3f\xfa\x51\x16\x5b\x2d\x09\x93\
\xb6\x2d\xcf\x16\xcf\x58\x08\xd3\x30\xc9\x7d\x37\x88\xde\x61\x39\
\xb8\x89\xff\xcf\xb1\x63\xcd\x3f\xef\xde\xdd\x84\xd9\x81\xc0\xa7\
\x07\xf0\xb7\x3f\xff\x79\x64\xda\xaf\xfc\xe7\x7f\x46\x88\x2c\x11\
\xb4\x2d\x71\x74\x08\xb9\x31\x8a\xfd\x47\x8f\xa6\x6d\xc3\x4c\x98\
\xe4\xbe\x1b\x44\xef\x39\x89\x3d\xb7\xdf\x1e\xf3\xc6\x9c\xb8\xfa\
\x81\x07\x46\xa6\xc1\x0c\x91\x11\xdc\xf2\x31\xce\x73\xb3\xeb\xa6\
\x9b\xa2\x20\xc2\x4c\x99\x46\x5e\xf7\x56\x12\xdc\xc8\x61\x3e\xd0\
\x98\x97\x7e\xe9\x4b\x43\xd3\xa4\xfe\x97\x13\xda\x76\x94\x79\x30\
\xe6\xc3\x30\x6b\xb8\xef\xfa\x76\x3c\x7a\x2b\x89\x8c\x22\xe6\xcb\
\xa5\x7b\xf6\x0c\xdd\x9f\xfa\x5f\x5e\x46\xb5\x5d\xda\x36\xcc\x83\
\x51\x1d\xcf\x1a\x71\x81\x0d\x21\x84\x50\x25\x4a\x22\x84\x10\x42\
\x95\x28\x89\x10\x42\x08\x55\xa2\x24\x42\x08\x21\x54\x89\x92\x08\
\x21\x84\x50\x25\x4a\x22\x84\x10\x42\x95\x28\x89\x30\x77\x36\x36\
\x36\x9a\x59\x73\xee\xdc\xb9\xf6\x13\x46\x43\xfd\x3f\xf3\xcc\x33\
\xcd\x76\x31\x8f\xf6\x2f\xf3\xae\xdd\x07\xb3\xbc\x47\xb6\xbb\x0e\
\xb7\x93\x28\x89\x35\xe0\xbe\xfb\xee\x6b\x9e\x78\xe2\x89\xcd\xff\
\xdc\xf0\xb7\xde\x7a\x6b\xf3\xea\xab\xaf\x8e\x9d\xc7\xc3\x0f\x3f\
\xdc\xbc\xf4\xd2\x4b\x4d\x1f\xf6\xed\xdb\x37\x73\x41\x71\xf2\xe4\
\xc9\xe6\xf0\xe1\xc3\x4d\xf8\x07\xb4\x27\xed\x2a\xb4\x17\xff\xa9\
\xfb\xbe\x6d\x37\x2d\x9c\x9b\xf6\x9f\x17\x77\xdd\x75\x57\xf3\xfc\
\xf3\xcf\x0f\xdc\xc7\x3d\x7f\xff\xfd\xf7\x37\xb3\x80\xfa\xdb\xae\
\x3a\xdc\x6e\xa6\x8e\x02\x1b\x16\x9f\xd7\x5e\x7b\xad\xed\x05\xdd\
\x71\xc7\x1d\xcd\x15\x57\x5c\xb1\x79\xc3\xd3\xcb\x7a\xfa\xe9\xa7\
\xdb\x6d\x87\x0e\x1d\x6a\x05\xef\xf9\xf3\xe7\xdb\x74\x28\x05\x1e\
\xf0\x83\x07\x0f\x36\x7b\xf7\xee\x6d\xd3\xf9\x90\xf0\x9f\xfd\xbb\
\x76\xed\x6a\x05\xc0\x35\xd7\x5c\xd3\xec\xde\xbd\xbb\x15\x52\xe4\
\x79\xef\xbd\xf7\xb6\x69\x79\x78\x6f\xb9\xe5\x96\x8b\xca\xc3\x3e\
\xca\xc3\xf1\x47\x8e\x1c\x69\xcf\xef\xf9\x48\xcf\xf9\xc9\x87\x87\
\x7c\xd0\xb6\x0f\x3e\xf8\xa0\x3d\x9f\x74\x8f\x5d\x57\x68\x17\xda\
\x80\xfa\xa5\x2e\x68\xb3\x03\x07\x0e\x34\x3b\x76\xec\x68\xbf\xa9\
\x3f\x84\x26\xbf\x69\x6b\xda\x89\x76\xa7\xee\xac\x43\xb7\x91\x0f\
\xdb\x68\x1b\xf2\xbd\xe1\x86\x1b\xda\x3c\xa9\x7f\xf3\x27\xbf\x63\
\xc7\x8e\xb5\x82\xda\x34\x1c\x3b\x08\x8e\xe3\x9c\x77\xde\x79\x67\
\xdb\x46\x9e\x93\x3c\xc8\x8b\xf3\x70\xaf\x71\x3f\x70\xbf\x9a\xce\
\x72\xc0\x43\x0f\x3d\xd4\x96\x9d\xf3\x93\x1f\xc7\x74\x47\x0a\x65\
\xbe\xec\x07\xf2\xe0\x7e\xf3\x1c\xde\x47\x40\xf9\x29\xbb\xe5\xa3\
\x2c\x9c\xa7\x3c\x2f\x69\xb8\xcf\x79\x36\x6a\x75\x38\xa8\xbe\x48\
\xd3\xad\xd7\x65\x24\x23\x89\x35\x81\x9b\xd7\x07\x83\x1b\x97\x1b\
\x19\x5e\x7e\xf9\xe5\xf6\xa1\x04\xbe\x15\xee\x7c\xf3\x90\xf2\x40\
\xf8\xb0\x71\x0c\x1f\x7a\xa7\x2a\x08\x1f\xea\x33\x67\xce\xb4\x23\
\x16\x04\x38\x0f\x0c\xbd\x7c\x1e\x92\xd3\xa7\x4f\x5f\x54\x16\x84\
\xca\xcd\x37\xdf\xdc\x3e\x70\x9c\xcb\x51\x0a\x0f\xf0\xe3\x8f\x3f\
\xde\x3e\xd0\x6c\x23\x1f\xca\xc0\x39\xd8\x4f\xfe\x3c\x98\xe4\x8b\
\x00\x04\x8e\xe7\x18\xd2\xf1\x3d\x4f\xd3\xc6\xa2\x43\x3b\x21\x5c\
\xed\x59\xf3\x8d\x70\xa2\x6d\xa8\x37\x3b\x05\xfc\xa7\xae\x69\x07\
\xb6\xd9\x9e\x08\x47\xb7\xd1\x7e\x28\x7f\xda\x89\x7a\xa5\x8d\xb9\
\x7f\x38\x9e\x3c\x69\x1b\xf2\x04\xb6\x51\xef\x9c\x9f\xdf\xb4\x1d\
\x1f\xf7\x03\xe7\xa4\x8d\x68\x43\xda\x92\xfc\x39\x27\x79\x91\x3f\
\xdb\xb8\x17\xf9\x20\x94\xc9\xc7\x72\x90\x86\x72\x38\xfa\xe5\x1b\
\x21\xcc\xb6\xee\x68\xd8\xf2\xdb\x51\x01\xfe\x73\x0e\xee\x4d\xaf\
\xb7\x9b\x27\xf7\x18\xe7\xe5\x7e\xe5\x5a\xbc\x47\x39\x0f\xf5\xd8\
\xad\x43\xf2\x2a\xeb\xd0\xfa\xf2\x3e\xb4\x63\xc6\x3e\xea\x75\x99\
\x4d\x55\x19\x49\xac\x09\x3c\x9c\x3c\x08\xdc\xc8\xf4\x96\x86\x09\
\x53\x1e\x0c\x7b\x64\x1c\xa3\x72\x70\x54\xc0\x3e\x1e\x04\x28\x1f\
\x52\xf6\xb3\x9d\xe3\xe8\x35\xf1\x20\x42\x69\xea\x02\xf6\x91\x86\
\xf4\x3c\x88\x0a\x04\xd2\xf1\xcd\xc3\x6d\xbe\xf6\x0a\x15\x20\xc7\
\x8f\x1f\x6f\x8f\xa3\x57\xc7\x43\xcb\xf1\x94\x0d\x65\x86\x80\x54\
\xf9\xad\x2b\x08\x2e\x04\x16\x75\x64\xbb\x75\xb1\xed\xa8\x33\x84\
\x19\xed\xc9\x37\x1f\x04\x3d\x02\xad\x6c\x63\x85\xbd\x8a\x9a\xf6\
\x63\x74\xc2\x6f\x41\x10\x72\xae\xd2\x24\x63\xe7\xa2\x3c\x27\x79\
\xd1\x8e\xb4\x2f\x6d\x89\xc2\xa7\xdd\x38\x1f\xf7\x1d\xc7\x50\x7e\
\xb7\x79\x1f\x9a\x1f\xc7\x72\x1e\xee\x4b\xe8\xde\x5b\xa4\xf7\x1e\
\x31\x0f\xe0\x18\x95\x11\x98\xa7\xf9\x96\xf5\xc6\x7f\x84\x3d\x79\
\x73\x1c\xca\xa3\xab\x8c\x3c\x7f\x59\x87\x5e\xa3\x23\x06\xf2\xe0\
\x7a\xbd\x37\x97\x95\x8c\x24\xd6\x04\x6e\x7c\x1e\x48\x6e\xd8\xd2\
\x24\xc3\x76\x27\xff\x7c\x10\xf8\xcf\x43\xc0\xc3\x56\x3e\x68\xf4\
\x9e\x3c\x46\x53\xd0\x20\x3b\x2d\x0f\x3b\xdb\xd9\x6f\x8f\xbf\x5b\
\x96\x17\x5f\x7c\x71\x53\x31\xa8\x80\x4e\x9c\x38\xd1\x0a\x1e\x94\
\x8b\xca\x8c\x6d\x94\x85\x32\x93\x8e\x5e\x9d\x8a\xc4\xb2\x52\x46\
\xd3\xd9\xc3\x5d\xd7\x49\x6d\x85\x1c\x75\x51\x0a\xf1\x1a\xd4\xb3\
\xe6\x46\x84\xa1\x26\x3b\xdb\x98\x7a\x76\xa4\xa9\x09\x8b\x3a\xa6\
\xbe\x6b\xe7\xa7\x3d\xf8\x94\xa6\xc6\x32\x2f\x4d\x57\x28\x23\xf2\
\xf2\x1e\x39\x7b\xf6\x6c\x5b\x0e\xdb\x12\x45\x44\x39\x50\x40\x7c\
\x2c\x1b\x6d\x6e\x7e\x5d\xe1\xed\x3d\x52\xbb\xf7\x78\x06\xc8\x93\
\x6b\xd5\xa4\x05\x9c\x8b\x7b\x52\x73\x1d\xc7\x53\x0e\xca\x5a\x2a\
\x94\x61\x75\xe8\x88\xd8\x7b\x93\x6f\xce\xc1\xb9\x6c\x0b\x3b\x44\
\xcb\x44\x94\xc4\x1a\xc0\x83\xa3\x39\x41\x81\x6c\x0f\x53\xd3\xc1\
\x8d\x37\xde\xd8\xde\xbc\xa4\x73\x0e\x82\xa1\xb8\xc2\x99\x9e\x96\
\x0f\x35\xca\x83\xfd\xf4\xbc\xec\xfd\xf9\x01\x1e\x74\x1e\x0e\x8e\
\xe7\x81\xed\xf6\x66\x2f\x5c\xb8\xd0\x1e\xab\xad\x56\x1b\x30\x65\
\x40\xc0\xdb\xeb\x73\x1b\x0f\x1b\xdb\x38\x2f\xbf\xd9\x46\x39\xb5\
\xff\xf2\x70\x73\x2e\x04\x00\x1f\x4d\x00\xeb\x0a\x75\x4a\xdd\x30\
\xca\x02\x7e\xd3\x4e\x50\x0a\x6e\x15\x0a\xf5\x47\xbd\x53\x6f\xb6\
\xa7\x6d\x5c\x9a\x26\xc9\x97\xfd\x3a\x0c\x98\x97\xf9\xd4\x70\xe4\
\x4a\x07\x45\xdb\x3c\xf9\xd3\xbe\x6c\xe3\xde\xa2\xdd\xc8\x1b\x73\
\x0f\xf9\x73\x4f\xf0\x9f\x74\x9a\xaf\x48\xc7\x79\x10\xde\x96\x8d\
\xfb\x0c\x21\x2d\xe6\xcb\xb5\x98\x2f\xc7\x58\x56\xaf\x8d\xfd\xe4\
\x41\x59\xb8\x3e\x47\x30\xfc\xe6\x18\xd2\x3b\x4a\xa0\x2c\xe3\xd4\
\x21\xf7\x66\x59\x5f\xec\xb3\x5e\x1d\x8d\x38\x97\xb2\x4c\xf4\x7e\
\x33\xdd\x81\x17\x5e\x68\xc2\xfc\xf8\xd3\x8f\x7f\xdc\x7c\xf8\xfa\
\xeb\xd5\xfd\xbc\x94\x26\x21\xa5\x2f\xc6\x61\xbf\x43\xff\x45\xe4\
\xad\x47\x1f\x6d\x5f\x67\x5a\x83\xb7\x0d\xf2\xbe\x90\xed\x04\x81\
\x89\x00\x45\xd0\xa2\x94\x11\x72\xcb\x3a\xf1\xba\x15\xa0\x08\x50\
\x0a\xd6\x97\xa3\xdf\x92\xd2\x31\x64\x3b\x18\x75\xdf\xd5\xc8\x48\
\x22\xac\x14\x8e\x42\xc2\x74\x38\x01\x8b\x73\x02\x82\x2f\x0a\x62\
\x38\x3a\x5d\x50\x5f\x8c\x44\x06\x29\x02\xea\x70\x19\xbd\xef\x32\
\x71\x1d\x42\xb8\x08\x04\x5a\x14\xc3\xf8\xac\x72\x7d\x65\x24\x11\
\x42\x08\xa1\x4a\x94\x44\x08\x61\x6d\xc0\xa1\x81\xf9\x83\x49\xa2\
\x0d\xac\x3b\x51\x12\x63\x90\x38\x41\xd3\x33\x2c\xc6\xce\x3c\x17\
\xc0\xad\x5b\xdb\xf5\xa9\xcb\xad\xaa\xa3\xbe\xed\xec\xfa\x99\x59\
\x80\x2b\x2a\xde\x50\xcc\x1b\x4c\x73\xdf\xb9\x80\x70\x1d\xee\xaf\
\xa5\x50\x12\xae\xb2\x2c\x7d\xf2\x75\xc1\x9c\x24\x0f\x7a\x10\x7d\
\x48\x9c\xa0\xff\x85\x3a\x2f\x57\xd1\x4e\xc2\xb0\x18\x3b\xdd\xb6\
\x9d\x25\xb8\x31\xce\x2a\x7e\xcf\x32\xd0\x27\x4e\xd6\x2c\x63\x1c\
\x0d\xa3\x4f\xd9\x10\xc0\xb3\x5a\xf7\x62\x90\x3e\x17\xb6\x4d\x73\
\xdf\xe1\x1a\xab\x4b\xeb\xaa\xdf\x5f\x4b\x31\x71\xed\xe2\x29\xfd\
\x97\xa1\x5c\xe0\xa2\x1f\x32\xfe\xc7\xfe\x76\xc1\x0d\xfe\xf4\xf4\
\x1e\xb8\x39\x8c\x53\xe4\xb2\x7f\x56\x6f\x92\x27\x8d\xcd\x36\xdc\
\xd6\x5c\xcd\x8b\xb7\xc2\xa0\x38\x41\xcb\x88\x31\x65\xb8\x4e\xae\
\x0f\x7f\x6f\xae\x8d\x6b\xc7\x6f\x9d\x7a\xa0\xbe\xf0\xbc\x70\x35\
\x2c\xdb\xad\x23\x5d\xfb\xcc\x07\xd8\xe6\xaa\x53\x1e\x7e\xfd\xc8\
\xa9\x67\xd7\x55\xb8\x58\x8e\xf3\x8c\xc2\xf8\x3a\x65\xfc\xa5\x32\
\x7e\x54\x19\xae\xc1\x32\x75\x63\x3c\xe9\x85\x53\xae\x7e\xe5\xf7\
\xba\xad\xc2\xb6\x3e\xf4\xa6\x29\x63\x33\xb9\x80\xcc\xb6\x54\xf8\
\x1a\x8a\xc2\x78\x4c\xc6\xe7\xe2\xb9\x2b\x57\xcf\xc3\xa0\x38\x45\
\x3c\x23\x2e\x42\x2b\xf3\x28\x63\x3d\x75\x41\xf8\x1b\x53\xc9\xb5\
\x32\x08\x5f\x9e\x39\xbe\x59\xcf\xe0\xaa\x71\x17\x7d\x76\x63\x21\
\x19\xc7\x09\x6a\x71\x98\x84\x3c\xcb\x35\x42\x40\xc7\xa5\x5c\x59\
\x4d\xd9\x0d\x35\x53\xc6\xa7\x32\x4f\xeb\xa2\x5c\x17\xb4\xea\x2c\
\x8d\xb9\x89\x06\x29\x63\xa7\x94\x94\xab\x18\xfd\xcd\x0d\xef\x4a\
\x48\x04\x86\x0b\x6e\x58\x60\x64\xbc\x20\x7e\x73\x93\x79\x8c\xdb\
\x55\x2c\xdd\x38\x41\xcb\x0a\xd7\x68\x08\x0b\xae\xcb\xb8\x34\xd4\
\x0b\x37\x3f\x71\x69\xec\x51\x19\xa3\x86\xff\x2e\x74\x72\x61\x9b\
\x0f\x2c\x1f\xf2\x51\xc9\x1a\xee\xc0\x18\x39\xa4\x35\xd2\x2c\x75\
\x59\xae\x90\x76\xc1\x11\x9f\x32\xa4\x02\xc2\x82\x32\xf1\x80\xba\
\x9f\x7a\x67\x9b\x71\x80\x5c\x90\x45\x99\x5c\xf9\xcb\xb5\x94\x71\
\x74\x8c\x0b\x04\x28\xaf\x75\xb4\x3d\xb3\x58\x91\xfa\x70\xb5\xbc\
\x71\x92\x10\x98\xc6\x4e\xf2\xbe\x57\x60\x96\xc1\x1c\x49\xcf\x7e\
\xda\x12\x01\x69\xdd\xcb\xa0\xb8\x4e\xdc\x37\xe4\x67\x1e\xb4\x93\
\x61\x3c\x50\x4a\xae\xd6\x2f\xa1\xbd\x10\xba\xe4\xe5\x6a\x6c\xf2\
\x30\x5c\x0b\xeb\x0d\xc0\xe7\xd3\xfb\xc9\x0e\x8b\x16\x86\x51\x71\
\x98\xc4\x7b\xb8\x44\x85\xc3\x35\x92\xa7\xf7\xb5\xb1\x9f\xd8\x5e\
\xe6\xc9\xa2\x39\x23\x0d\xb0\x42\x7c\x1d\x58\x2a\x25\xc1\x4d\x8f\
\x60\x29\x87\x8c\x35\xb8\x31\x49\x47\x43\xd2\xf0\xf6\x66\x8d\xd8\
\x68\xcc\x18\x1a\xbe\xc4\x45\x43\xf6\x5c\x49\x53\xf6\x46\x96\x15\
\x43\x25\xe8\xaa\x67\xd8\x84\xda\x30\xde\xd5\xcb\x0a\x65\x7b\x60\
\x6e\x2f\xeb\xa7\x6c\x0b\x57\xb4\xfa\x1b\x21\x62\xf4\xce\x61\x94\
\x79\x19\x1a\x81\x07\x93\xff\x8e\x58\x5c\x45\x4c\x99\x54\x56\xc6\
\x02\x52\xe1\xd0\xde\x1c\xcf\x71\x3c\xe8\xcb\x1c\x33\xa7\x2f\xdc\
\xef\xc6\xb1\x42\xa0\xd9\x43\x77\x35\xb0\x6d\xae\x00\x07\xda\xd7\
\x5e\xb2\xcf\x87\xf1\x8c\xec\xc9\x83\xf1\x94\x68\x57\xce\xe1\xaa\
\x6e\xe0\x18\xf2\x60\x64\xc1\x39\x36\x3e\x8b\xcc\xcb\x36\xdb\xb0\
\x84\x73\xb1\xdd\x91\x61\x99\x07\xdb\xcd\x03\x68\x57\xcf\x4b\xb9\
\x51\x00\x5e\x07\xd7\xa5\x29\xb3\x8c\xc3\xc4\xe8\x66\x54\x6f\x9f\
\x32\x18\x4a\x84\xeb\x56\x5e\x50\x06\x43\x69\x38\x32\x1e\x37\xcf\
\x55\x63\xa9\x26\xae\xed\x41\x72\xb3\x94\x37\xa7\x43\xd1\xb2\xd7\
\x68\x2c\x16\xf6\x95\x91\x4c\x37\x3e\x8b\x56\x69\x6f\xb7\x66\x27\
\x2f\xe3\x04\xd5\xd2\xac\x12\x9a\x0a\x8c\xd3\xa3\xb9\x82\x3a\xe4\
\xfa\x11\xc6\x65\x9c\xa7\xb2\x7e\xca\x7a\x2f\x23\xc6\xda\xe3\xb2\
\xae\x41\x13\x00\x9f\xd2\x84\x51\xe6\x55\x2a\x80\x8d\x4e\x7c\x28\
\x7a\x8b\xc6\xd8\xe1\x18\x95\xbd\x71\x9f\xb8\x2f\x28\x83\xf9\xf5\
\x9d\x43\x59\x25\x14\xbc\x28\x62\x95\x7c\x17\xdb\x49\xd3\x0b\xf7\
\x81\x21\x4f\x54\xda\xa0\x99\xa5\x1b\xd7\xc9\x7d\x25\x7b\x8b\xd0\
\xe5\xdd\x40\x7c\x80\x40\xf6\x19\xd5\x7c\x6c\x39\x54\x68\xf6\xfc\
\xb5\x0a\x78\x5e\xee\x03\x95\xd7\xa8\x38\x4c\x42\x1e\xdd\x39\x91\
\x32\xce\x93\x9d\x20\x47\xc3\x5a\x10\xb8\x8f\x6a\x79\x0a\x79\xac\
\xea\xbd\xb6\x14\x4a\x42\xdb\xa7\xf1\x5d\x7c\x07\x41\x19\x53\xc6\
\x09\x4a\xb7\x31\x2c\x45\xf3\xd3\x70\xdc\x3c\xf6\x8c\x18\xe2\x96\
\xc3\x53\x7a\x24\x1e\x53\x0e\x45\x07\xc5\x09\x5a\x56\x8c\xdd\x04\
\xa5\x2d\xd5\xdf\xf6\xfe\x7c\x41\x8d\x75\x4b\xdd\xb0\xcd\xe0\x80\
\xc6\xf7\x67\x84\xc6\x83\x69\xfd\x18\xf3\xa9\x6c\x13\xbe\x51\x04\
\xb6\x0b\xc7\x5b\x86\x41\xe5\xe3\xbc\xe6\x65\x3c\x27\x4d\x0c\x98\
\x2a\x4a\xbb\xb4\x65\xa2\x0d\x8d\x31\x64\x3b\x91\x0e\x85\x41\xbb\
\x1b\x52\xba\x76\xde\x55\xa4\x8c\xa3\x64\x1c\x26\xeb\xc3\x58\x5b\
\x3e\x4b\x9a\x60\xf9\xe6\xd9\xa0\x9d\x0c\xde\x47\xdd\x32\x37\xe7\
\x48\xc2\x85\x62\xdd\xb8\x4e\xa4\x53\x80\xab\x7c\x9c\x9f\xa2\x2c\
\x3e\x9b\xb4\x61\x37\xc6\x13\xc7\x92\xbf\xe1\xb4\xc1\xd1\x2b\xf7\
\x96\x23\xd2\x6e\x8c\x29\x47\xb7\xc6\xf3\xe2\xff\xb0\x38\x4c\xa2\
\x15\x41\x45\x41\x19\x29\x17\x69\x29\x8b\x1d\x17\xe3\x53\xed\x2d\
\xe2\x9c\x95\x79\xb2\xcd\xfa\xd3\x53\xca\x10\xfb\xab\x48\x62\x37\
\x2d\x28\x89\xdd\xb4\xba\x2c\x43\xec\xa6\xed\xc0\x49\x69\x95\xc3\
\xbc\xce\x31\x2c\x8a\xed\x34\xf9\x1a\x0c\x73\x51\xe9\x1b\xbb\x29\
\x61\x39\x42\x08\x0b\x01\xbd\xf5\x79\x8f\xfa\x18\x2d\xe8\x00\x33\
\x4b\xeb\xc0\x2a\xcc\x5b\xd6\x88\x92\x08\x21\x2c\x04\xe5\x1c\xd5\
\x3c\x49\x4c\xaa\xc9\xc8\x8a\xeb\x10\x42\x08\x55\xa2\x24\x42\x08\
\x2b\x03\xf3\x0d\x78\xb9\x25\x8c\xce\xec\x88\x92\x08\x63\x63\x9c\
\x9a\xb8\x96\x86\x69\x98\x67\xbc\x23\x3c\x8d\x70\x57\x1d\xf5\xca\
\xd1\x30\x3e\x51\x12\x61\x6c\x74\xa3\x34\xe4\xc9\x2c\x1f\x74\x57\
\xc9\x87\xd5\x84\x05\x73\xc6\x38\x9a\x77\xbc\x23\x26\x91\x59\xeb\
\x90\xd1\xc4\x6c\xc8\xc4\xf5\x1a\xe0\x4a\x55\xfc\xde\x7d\xcf\x75\
\x19\xdf\x88\xe1\xb9\xa1\x36\x7c\xa7\x74\x37\x36\x52\x19\xc3\xaa\
\x8c\xa7\xc3\x31\x86\xbf\xe0\x18\xfc\xc6\x6b\x31\x98\xdc\x86\x4f\
\x3b\x65\x21\x94\x83\x79\xb0\xcd\xc5\x4b\xbe\xd7\xb8\x3c\x26\x8c\
\x87\x0b\xd1\xc0\x58\x46\xb6\x11\x18\x66\x85\x45\x70\x2e\x40\x33\
\xdc\x09\xb8\x26\xc1\xf8\x4e\xc6\x6e\xf2\xdd\xe6\xae\x42\x66\x21\
\x9c\xeb\x20\xbc\x47\x06\xc5\x79\x12\x43\xb7\x94\x61\x40\xca\x58\
\x51\xe4\xef\xab\x3d\xed\x84\xb8\x98\x93\x34\x9c\x8f\x7b\x97\x7b\
\x84\xb2\xbb\x30\x70\xd0\xf5\xba\x66\x83\x75\x0b\xb9\x77\xa6\x27\
\x23\x89\x35\x80\x45\x65\xe0\x22\x21\x17\xa4\x01\x82\xdf\x45\x6c\
\xae\xac\xe6\x01\x33\xc6\xcf\xa0\x18\x56\x65\xfc\x2c\x8e\x41\xd8\
\xbb\xf2\xd9\x80\x7e\x1e\xef\x02\x2d\x1e\x56\x16\x41\x1a\x46\x03\
\xa1\x81\x90\x29\x03\xac\x81\xb1\xb5\xc8\xdf\x57\x68\x6e\xcc\x31\
\x94\xf8\x2a\x61\xbb\xd2\xce\xc6\x3e\x2a\xdb\x15\x05\xee\x68\xad\
\x8c\xe3\x64\x2c\x26\x84\xbb\xc2\x5c\xa5\xcd\x36\x57\x24\x83\x0b\
\xc6\x0c\xa9\xe1\x3d\x42\x1b\xdb\x83\x1f\xb4\xba\x9a\x7b\x82\x36\
\x36\x52\x82\xb1\xa2\x70\x79\x35\x22\x82\x73\x09\x86\xe4\xe0\xbe\
\x22\x2f\x17\xb4\x71\x6d\xc6\x75\xe2\x37\x69\x28\xbb\x8b\x63\xbd\
\x5e\xcf\x97\x91\xc4\x6c\xc8\x48\x62\xc5\x31\xfe\x4d\x39\x5a\x28\
\x83\xf1\x81\xc1\xf2\xc0\x58\x36\x08\x15\x7a\x6f\xf6\xda\x8c\xad\
\xc3\x28\xa1\x0b\x3d\x3e\xf6\x93\x5f\xf7\x78\x43\x18\xd0\xdb\xe3\
\x9c\x28\x08\x30\x8e\x14\xf9\x1b\x81\xd6\xed\xfa\xb0\x23\x3c\x8c\
\x41\x14\x46\xe3\x6a\x79\xe3\x24\x21\x60\x6d\x57\x04\x38\xed\xe2\
\x0a\x67\xc3\x6e\x18\xeb\x8a\x51\x82\xe1\x3b\x6c\x27\xe3\x7c\x19\
\xaa\x42\x6c\x6f\xb6\x73\x3c\x69\x39\xbe\x8c\x81\xd4\xa5\x5c\x95\
\x8d\xa2\x31\xa6\x13\xe7\x72\xe4\xc9\x3e\x7e\x93\x1f\x23\x08\x23\
\x3f\x93\xce\x00\x9f\x96\xc7\x45\x71\x46\x86\x05\xa3\xda\xf2\x3d\
\x28\xa0\x60\xe8\x47\x46\x12\x2b\x8e\xa1\x37\x0c\x07\x4e\x4f\xd2\
\x5e\x96\x71\x68\x86\x85\xd3\x36\x0e\xd2\xb0\x38\x57\xc3\x40\x38\
\x20\x00\x58\xe1\x8a\xf0\x1a\xe5\x0b\xef\x83\x6f\x3c\x26\x8e\xc9\
\x5b\xc4\xc6\xc3\x17\xe9\x18\xc5\x77\x50\xbb\xd2\x16\x7c\x34\xd7\
\x30\xea\x50\x38\x53\xcf\x3a\x24\xb0\xcd\x08\xa8\x83\x46\x06\x25\
\xc6\xf1\x72\xc4\x41\x9e\x83\x62\x1c\x8d\x9a\xb0\x36\xb0\x5f\x19\
\xb3\x69\xd4\xf5\x1a\xbb\x09\x25\x68\xa8\x0e\x40\x79\x19\x76\x24\
\x4c\x47\x94\xc4\x1a\x80\xb0\xa5\x27\xa8\x29\xc2\xf8\x3b\x28\x0c\
\xdf\xbf\xd1\x7d\x30\x8d\xf7\x64\x0c\x2b\xc3\x34\x97\x01\xfc\xca\
\xef\x41\xbf\x49\x6f\xb0\x34\xe7\x3a\xb4\x19\x97\xf1\xa3\x8c\xb9\
\xc4\x68\xc2\xf8\x38\xf4\x24\x39\x67\x2d\x20\x5d\xb8\x18\xe3\x34\
\x21\xd4\xe9\x5d\xf3\x7b\xef\x67\xef\x7b\xb0\xbe\x69\x4f\xda\xc3\
\x38\x4e\xd4\x2d\xe9\xd8\xc6\xc8\xcd\x11\xa3\xef\x6b\xe0\xfe\x20\
\xf4\xb8\xdb\xcb\xbc\x8c\x5f\x44\x9e\xf4\xdc\x69\x2f\xda\x90\xd1\
\x2a\xed\x5e\x86\xd2\x76\x34\x80\x12\x30\xde\x91\x65\x26\x4f\x70\
\x0e\xcc\xc8\xbd\xe5\x3e\x7e\x97\xef\xa4\x70\xee\xc4\xd8\x4d\x5c\
\xaf\xfb\x8d\x54\x3b\xe8\x1d\x16\x61\x72\x12\xbb\x69\x41\x49\xec\
\xa6\xd5\x65\xd1\x62\x37\x69\xae\x41\x31\xa0\x3c\xba\x2f\xeb\xe9\
\x03\x82\x7e\xd2\xf7\xb0\xd0\x89\x40\x29\x31\x17\x31\xed\xb9\x51\
\x8e\x83\xc2\x93\xaf\x33\x7d\x63\x37\x65\x24\x11\xc2\x9a\x83\x99\
\x06\xd3\x92\x1e\x50\xb3\x08\x8f\xd1\xe7\x45\x5d\x98\xac\xa6\x15\
\xec\x8c\x44\xca\xb7\x26\x86\xe9\xc9\xc4\x75\x08\x6b\x0e\xa6\x1f\
\xc2\xc2\x6f\x37\xdd\x17\x80\xf5\xc1\x97\x93\x85\xd9\x91\x91\x44\
\x08\x21\x84\x2a\x51\x12\x21\x84\x10\xaa\x44\x49\x84\x10\x42\xa8\
\x12\x25\x11\x42\x08\xa1\x4a\x94\xc4\x92\xf2\xe9\x47\x1f\x35\x61\
\x39\x49\xdb\x85\xed\xe0\x93\x77\xdf\x6d\xfa\xd0\x5b\x49\x0c\xf3\
\xe1\x0f\xd3\xf3\xf1\x1b\x6f\x0c\xdd\xff\xc9\x3b\xef\x34\x61\x39\
\x19\xd5\x76\x1f\xbf\xf9\x66\x13\xc2\xac\xe9\x2b\x33\x7a\x2b\x89\
\x3e\x8b\x32\xc2\x78\xbc\x7f\xea\xd4\xc8\xde\xe6\x7b\x27\x4f\xa6\
\x47\xba\x84\xd0\xb9\x1a\xa5\x04\x68\xff\x74\x02\xc2\x2c\x99\xe6\
\x9e\xea\xaf\x24\xfe\x7e\xd2\xf7\xf2\xe2\x99\x99\x43\x43\xfe\xe5\
\xa9\xa7\xc6\x4a\xf7\xf6\xb3\xcf\x36\x61\x79\xa0\xcd\xde\x7a\xec\
\xb1\x91\xe9\x50\xfe\x67\x7e\xf6\xb3\x74\x02\xc2\x4c\xc0\x2a\xf1\
\xf6\x73\xcf\x35\x7d\xe9\x1d\x96\x43\x08\x1f\x70\xe5\xc1\x83\xcd\
\xce\xeb\xae\x6b\x42\x7f\x10\x08\x28\xdd\xf7\x4e\x9c\x98\x48\x38\
\xec\xbc\xf6\xda\xe6\x5f\xee\xbe\x3b\x21\x3a\x16\x18\xda\x93\x4e\
\x15\x4a\x7d\x92\xb6\xbd\xf4\xaa\xab\x9a\x3d\xb7\xdf\xde\xec\xba\
\xe9\xa6\xe6\x92\xcb\x2e\x6b\x42\x98\x04\x3a\x25\x58\x7c\x26\x95\
\x29\x5d\xa6\x56\x12\x25\xdc\xd4\x61\x72\x3e\xfd\xf0\xc3\x99\xf4\
\x1a\x53\xff\x8b\xc7\xac\xda\x36\x84\xed\x62\xa6\x61\x39\x62\x47\
\xdd\x5e\x52\xff\x21\x84\x59\x13\x17\xd8\x10\x42\x08\x55\xa2\x24\
\x42\x08\x21\x54\x89\x92\x08\x21\x84\x50\x25\x4a\x22\x84\x10\x42\
\x95\x28\x89\x10\x42\x08\x55\xa2\x24\x42\x08\x21\x54\x99\xca\x05\
\xf6\xf2\xeb\xaf\x6f\xae\x3c\x7c\xb8\x5d\xd0\x15\xfa\xd3\x2e\x7a\
\x39\x75\x6a\xe2\x50\x27\xac\x8b\xb8\xf2\xd0\xa1\x76\xb1\x55\x58\
\x4c\xa6\x6d\x5b\x16\xab\x66\x21\x5d\x98\x14\x56\x59\x9f\x7f\xe5\
\x95\xa9\x56\x5a\x4b\xef\xc5\x74\x7b\xbe\xff\xfd\x76\x35\x68\x98\
\x1d\x08\x93\x71\xc2\x36\x00\x2b\xdc\xf7\x1f\x3d\x1a\x01\xb2\x24\
\xf0\xd0\xfe\xe9\xc7\x3f\x1e\x6b\x61\x5d\xda\x36\xcc\x0a\x3a\x29\
\x7f\xfc\xe1\x0f\xa7\x5a\xd0\xd9\xcb\xdc\x44\xcf\x35\x0a\x62\xf6\
\xd0\x6b\x44\xf9\x8e\x82\x5e\xe6\xbe\x07\x1f\x8c\x10\x59\x22\x10\
\xfc\x57\x3f\xf0\xc0\x58\x69\xd3\xb6\x61\x56\x20\x2b\xc6\xbd\xef\
\x6a\xf4\x52\x12\x0c\x83\xc3\x7c\xc0\x7c\x37\x4a\x40\xa0\xa4\x13\
\x82\x63\xf9\x18\x27\x06\x13\x1d\x85\xb4\x6d\x98\x25\xd3\xc6\xfe\
\xea\xa5\x24\x12\x4c\x6e\x7e\xd0\x98\xa3\x84\x44\xe6\x20\x96\x97\
\x51\x6d\x97\xf9\xbd\x30\x0f\xa6\x91\xd9\xf1\x6e\x5a\x40\x2e\xb9\
\xfc\xf2\x26\xac\x27\x31\x33\x85\x79\xb0\xe5\x23\x89\x10\x42\x08\
\xeb\x41\x94\x44\x08\x21\x84\x2a\x51\x12\x21\x84\x10\xaa\x44\x49\
\x84\x10\x42\xa8\x12\x25\x11\x42\x08\xa1\x4a\x94\x44\x08\x21\x84\
\x2a\x51\x12\x21\x84\x10\xaa\x44\x49\x84\x10\x42\xa8\x12\x25\x11\
\x42\x08\xa1\x4a\x94\x44\x08\x21\x84\x2a\x51\x12\x21\x84\x10\xaa\
\x44\x49\x84\x10\x42\xa8\x12\x25\xb1\x26\x9c\x3b\x77\x6e\x64\x9a\
\x93\x27\x4f\x36\x1b\x1b\x1b\xcd\x56\xf3\xd2\x4b\x2f\x35\xaf\xbe\
\xfa\x6a\xfb\xe1\xf7\x3c\xd8\xae\x6b\x0b\x61\xd9\x89\x92\x58\x71\
\x10\x8c\xb7\xde\x7a\x6b\xb3\x7b\xf7\xee\x66\xc7\x8e\x1d\xcd\xc3\
\x0f\x3f\x5c\x4d\xfb\xc4\x13\x4f\x34\x2f\xbf\xfc\x72\x33\x6b\x38\
\xef\x30\x01\xfd\xcc\x33\xcf\x34\xcf\x3f\xff\x7c\xfb\xe1\xf7\x3c\
\x98\xd7\xb5\x85\xb0\xea\x44\x49\xac\x38\x77\xdd\x75\x57\x73\xf3\
\xcd\x37\x37\x17\x2e\x5c\x68\xce\x9c\x39\xd3\xf6\xd4\x11\xd8\x2a\
\x8f\x7d\xfb\xf6\x35\xf7\xdf\x7f\xff\xe7\x8e\x29\xf7\x71\x3c\xa3\
\x10\x84\xec\xe1\xc3\x87\x9b\x1b\x6f\xbc\xb1\xdd\xa6\xb2\x79\xfa\
\xe9\xa7\xdb\xed\x42\xfe\x1c\x47\x3a\x04\x3e\xc7\x01\xf9\x91\x2f\
\xff\xcd\x97\x34\x8c\x1e\xba\x90\x8e\x34\xe4\x65\xfa\x61\x69\xbb\
\x65\xed\x73\x6d\xa4\xe3\x3a\xd8\x66\x99\xb9\x36\xfe\x87\xb0\xce\
\x44\x49\xac\x38\x08\xda\x43\x9f\xbd\x49\x70\xef\xde\xbd\xcd\x8b\
\x2f\xbe\xd8\x7e\x23\xfc\x0e\x1e\x3c\xd8\xfe\x27\x0d\xe6\x18\x39\
\x72\xe4\x48\x9b\x06\xa5\x82\x72\x41\x68\x22\x4c\x11\xd2\x0f\x3d\
\xf4\x50\x73\xc7\x1d\x77\x34\x8f\x3f\xfe\x78\x9b\x16\x45\x70\xa8\
\x78\x53\x21\xff\x6f\xb9\xe5\x96\xe6\xf8\xf1\xe3\xed\x31\xa4\x05\
\xfe\x23\xa0\xc9\xfb\xc4\x89\x13\xed\x76\xf2\xeb\x9a\xc1\xf8\x8f\
\x10\x67\x3f\xf9\x70\x9e\xfb\xee\xbb\xaf\x3d\xef\xa0\xd1\x88\x65\
\x3d\x7d\xfa\x74\xfb\x4d\x9e\x08\x7b\xaf\x8d\xeb\xea\x5e\xdb\x81\
\x03\x07\xda\x6b\x53\x69\x71\x4e\xd2\xdc\x7b\xef\xbd\xed\x79\x49\
\x53\x5e\x4b\x08\xeb\x4c\x94\xc4\x8a\x73\xc5\x15\x57\x7c\x4e\x10\
\x23\x18\xed\x6d\x23\x04\x51\x16\xdd\x34\x67\xcf\x9e\x6d\x15\x07\
\xc2\x9a\xdf\xec\x07\x04\x26\x0a\x81\x6f\x04\x32\xc7\x93\x8f\x8a\
\x00\x10\xe6\x28\x16\x7b\xe9\x1e\x4b\x7a\xd2\xf2\x8d\x90\x26\x0f\
\xf7\x95\x38\x27\xa1\xa0\x3e\x76\xec\x58\x2b\xc0\xbb\x23\x82\xb2\
\xac\xe6\xc5\xb9\xf9\x5d\x5e\x1b\xe7\xeb\xa6\x27\x3f\xae\xcd\xfa\
\x01\xaf\x4b\xa5\x30\xe8\xda\x42\x58\x47\xa2\x24\x56\x1c\x04\xa7\
\x26\x14\x04\x2d\x66\x1b\x84\xb7\xc2\x9a\xde\x33\x82\x92\xdf\xa2\
\xd0\x75\xdf\x0d\x37\xdc\x70\x51\xbe\x08\xd5\x3b\xef\xbc\xf3\xa2\
\x9e\x36\xc2\x15\x53\x0e\xfb\xec\xc1\x93\x87\xbd\x72\x7a\xfa\x98\
\xaa\x28\xcb\xa0\xc9\x74\xf2\xc5\x3c\xa6\x99\xc7\x91\x0a\xdb\x98\
\xb3\x60\x5e\x41\x73\x90\x65\x65\xb4\xc1\xb9\xb8\x36\xbe\x55\x42\
\xb5\x6b\xe3\xda\xbb\xd7\x56\x2a\x2c\x46\x2e\x94\xff\x50\xde\xe5\
\x1e\xc2\x72\x2b\x89\x51\x1e\x3b\xf4\x04\x4b\x53\xc3\x3a\xa2\xa9\
\x06\xe1\x4c\x0f\x5f\xb3\x0c\x26\x9f\x5d\xbb\x76\xb5\x82\x97\xde\
\x32\x82\x14\xa1\x78\xcd\x35\xd7\xb4\xe9\x11\xa2\xec\xb3\x87\x8d\
\x30\x2d\x15\x02\xe6\x1c\x20\x6d\x09\x79\x7d\xf0\xc1\x07\xed\xf9\
\x30\x31\x81\xa6\x26\x04\x31\xe7\xe5\x37\xe7\x51\x50\xa3\x00\xc8\
\xdf\x73\x68\xca\x22\x0f\x46\x12\x98\x86\x1c\x29\xd0\x9e\xa5\x40\
\x2f\xcb\xca\xb5\x52\x5e\xce\xc1\xb5\x7a\x6d\x5c\x6f\x79\x6d\x6c\
\xeb\x5e\x5b\xa9\x08\xbd\x36\xf2\x5d\x36\x1c\x25\x8e\xe3\xcd\x36\
\x4f\xe8\x08\xcc\xc3\x09\xa1\xf6\x4c\x73\xbd\xcc\x21\x8d\x83\xde\
\x74\xe3\xa0\x29\x72\x9d\xd9\x71\xfa\xb6\xdb\x2e\x34\x13\x72\xe0\
\x85\x17\x9a\xed\x84\x9e\x24\xe6\x08\x1a\x10\xe1\x86\x50\xe8\x9a\
\x15\x80\x9b\x81\x1e\x29\x42\x66\x99\xf8\xd3\x8f\x7f\xdc\x7c\xf8\
\xfa\xeb\xd5\xfd\xfb\x8f\x1e\x9d\xea\xc5\xe6\xb3\x80\x07\x92\x5e\
\xbd\x8a\x60\xab\x40\xf8\x74\x15\xd3\xac\x71\x94\x33\x8f\x6b\x7b\
\xeb\xd1\x47\x9b\xf7\x7f\xfd\xeb\xea\xfe\xab\x7f\xf4\xa3\xe6\x8b\
\xff\xf6\x6f\x4d\x1f\x10\xca\x28\x4a\x94\xa8\xf3\x3f\xb3\xaa\x2b\
\xcc\x73\x8c\xae\xc6\x31\xbf\xa9\xb0\x9d\xff\x9a\x25\xb5\x67\x5a\
\x67\x07\x3a\x07\xa3\xd0\x0c\x39\x4e\xdd\xe8\xe8\xb0\x6c\x32\xa4\
\xcb\xa8\xfb\x6e\x18\x4b\x37\x92\x40\x38\xd1\xd3\xa4\x47\xcc\x0d\
\x41\xaf\xcf\x1e\x04\x02\x44\x4f\x98\xee\x24\x67\xe9\x25\xa3\xcf\
\xbc\x1e\x2e\x1c\xa7\x19\x06\x6a\x9e\x34\xe1\x1f\x60\xdb\xdf\x8e\
\x9e\xf6\xbc\x15\x04\x68\x6a\x5b\x26\xb8\x9f\x11\xcc\x74\x98\x10\
\x68\x3c\x1f\x3e\x03\xdc\xfb\xb8\x40\x73\xbf\x23\xf0\xf8\xaf\xb7\
\x9a\x5e\x64\x6c\xe7\xa3\x47\x19\xe9\xf9\xf0\x6c\xd8\xf3\x26\x7f\
\x9e\x1d\x9f\x33\x3e\x83\x9e\x13\x94\x13\xe7\x46\x59\x70\xac\x79\
\x39\xaf\xc4\x08\x4e\xb7\x6c\x9f\x3b\xce\xc9\x6f\xcb\x69\xbe\x94\
\xb1\xbb\x6d\x18\xe4\x8b\xcb\x35\xc7\xe9\x6c\x41\xbe\x6c\x73\x9e\
\x4c\x34\x51\x96\xdb\xca\xba\x72\x24\xa4\x33\x45\xe9\x42\xde\xad\
\x23\xd2\x70\xcc\x2a\xca\x90\xa5\x53\x12\xf4\x5e\xb9\xc9\xec\xa1\
\x70\x43\xf2\x41\x51\xf0\xe1\xe1\xc0\x84\x50\xba\x2e\xd2\x58\x28\
\x16\x7a\x36\x98\x2f\xdc\xc7\x8d\x8c\xc9\x45\x81\xc0\x4d\xad\xc2\
\x29\xed\xd8\xe1\x62\x10\xd6\xab\x5a\x47\xcb\x78\x6d\x9a\xf3\x34\
\x09\x52\x7e\x3d\xcc\x54\x1e\xdc\xff\x7a\x94\x29\x40\x1d\x2d\x21\
\xcc\xb9\x6e\xf2\x20\x3d\xcf\x11\x1f\x9e\x1b\xe7\x75\xf8\xcd\xb3\
\xc7\x33\xc2\xa8\x42\x33\x62\x17\x9e\x27\xe7\x84\x78\xd6\x78\x3e\
\xc9\x0b\xa1\xcc\x79\xce\x9f\x3f\xdf\x9a\x18\x31\x4b\x3a\x5f\xa5\
\x70\x65\x1b\xe7\x40\xf0\x72\x1e\xca\xc8\xb1\x94\xad\xe6\xbc\x50\
\x42\xb9\x50\x92\x1c\xa7\xf3\x02\xa3\x1f\x3a\x94\x3a\x34\x00\x69\
\xd8\xc7\x35\x68\xbe\x54\xd1\x72\x3e\xea\x4b\x21\xef\xa8\x92\xfa\
\xd3\x82\xd1\xad\x23\xd2\x22\x93\x50\x1e\x5c\xa3\x56\x8e\x55\xe0\
\x9f\x9a\x25\xc3\xa1\xb4\x78\x73\xd1\xb3\xe5\xb7\x3e\xfb\xe5\x30\
\x97\x06\xe4\x18\x95\x03\x8d\xe7\x71\xda\xbf\xb9\xb9\xb8\x29\x51\
\x1a\xdc\x00\x21\x2c\x13\x7a\xa8\xe9\x51\xa6\x12\x50\x00\x72\xcf\
\x3b\xff\x23\x7a\x73\x21\xd4\x78\x5e\x74\x2c\xe0\xb7\xcf\x4f\xd7\
\xf3\x0d\x14\x96\x3c\x2f\xa3\x9e\x15\x9e\x3b\x47\x22\xe5\x9c\x16\
\xbd\x6e\xe0\x3c\xe6\xaf\x50\x65\x7e\x88\xf4\x3c\xd3\x60\xef\x7d\
\x1c\xa1\x8b\x65\x41\x87\x04\xe7\x67\x4a\xc5\xa9\xec\xa0\x43\xc8\
\xff\x32\x4f\xbd\xef\xbc\x76\xd3\x97\xdb\xc0\xf2\x96\xe9\xd8\xa6\
\x22\x43\x01\xe9\x9d\xb7\x0a\x2c\xdd\x48\x82\xde\x09\x37\x1d\x8d\
\xc1\x4d\xca\xb0\x0e\x41\xef\xcd\x6f\x2f\xb0\x6c\x7c\x47\x1e\x7a\
\xe3\xf0\xbb\xeb\x7e\xa9\xdf\xfe\x6b\xaf\xbd\x16\xb7\xc7\xb0\x74\
\x70\xbf\x23\x20\x79\x1e\x10\xaa\x98\x47\x78\x46\xd8\xee\xba\x18\
\xb6\x8f\x5a\x75\xae\xe0\x23\xbd\x3d\x77\xf3\x60\x24\xc0\x33\xe2\
\x42\x48\x9e\x39\x84\x68\xd7\xe3\xac\xa4\x14\xd0\x1c\x3b\x49\xef\
\x9a\xfc\xed\x91\x97\xee\xd4\x32\x68\xa1\xa3\xd7\x89\x12\xa0\x3e\
\x38\x3f\xff\x29\x1f\xf2\x42\x39\xa1\x72\x2b\x47\x27\x96\x8d\x6d\
\x7c\x54\x64\x5d\x54\x1a\x9e\xcb\xeb\xd2\xfd\xda\x73\xaf\x0a\x4b\
\xa7\x24\x5c\x38\xc5\xf0\x91\x9b\x53\x73\x13\x0d\x84\x29\x89\xe1\
\x24\xa3\x81\xd2\xab\x85\x9b\xcb\x45\x63\x0c\x67\x1d\x56\xa3\x34\
\xc4\x5e\xd6\xba\x2e\x9e\xe2\x01\x9a\x95\x47\x4c\xd7\xf6\x3b\x0e\
\x35\xef\x94\x49\x3c\x51\x06\x31\xcb\xeb\x5a\x74\xb8\x56\xe7\x6c\
\xb8\xb7\xb9\xe7\x81\x6f\x3c\xbb\xb8\xc7\x31\x9b\x70\x9f\xf3\x51\
\x90\xf1\x9c\x28\x34\x7d\x56\xd8\xc6\x33\xc6\x6f\x3d\xcb\x14\xa2\
\xe4\x41\x6f\xd9\xc9\xdf\xd2\x64\x03\xa4\xf3\xd9\xc2\x6c\xc3\x79\
\x48\x6f\x3a\x9e\x4d\xbd\xc9\xd8\xd7\x2d\x8f\xc7\xf3\x2c\x72\x7e\
\x8e\xd5\x7c\x65\x59\x35\xe9\x08\xf9\x22\x07\xc8\x83\x67\x9c\xe3\
\x74\x6a\xf1\xfc\xfc\x46\x1e\x78\x4e\xfe\x97\x96\x09\xaf\x9d\xeb\
\x56\xce\x68\x7e\x2b\xcf\x61\x9d\x92\x86\x73\xe9\x31\x08\xe4\xab\
\xcc\x59\x15\x96\xd2\xbb\x69\x1e\x38\x91\xed\xcd\xbf\x9d\x6c\x87\
\x77\x13\x93\x72\x5c\x3b\x3d\xa3\x71\x3d\x3f\x6a\xf0\x50\xf1\x99\
\xa4\x1e\x6b\xde\x29\x93\x78\xa2\x0c\xc2\xeb\xda\xee\x36\x95\x79\
\x7a\x37\x6d\x17\x5b\xe1\x71\xd6\x05\x25\xd1\x5d\x03\xb3\xdd\x70\
\x0f\x33\xc2\x2a\x95\xc6\xa2\xb0\x56\xde\x4d\xf3\x82\x5e\x09\x23\
\x91\x45\x6b\xdc\x69\xe9\xc6\x3e\x2a\x63\x17\x31\x7f\xe3\xca\x63\
\x70\x35\x32\xe6\xbb\x41\xe6\x83\x6e\x5e\x0c\xab\xf5\x8a\xd1\xcc\
\x01\x6c\x07\xd2\x74\xf7\x95\x79\x0c\xf2\xa3\x77\x98\xdf\x35\x25\
\x8c\x8a\x27\x55\x7a\x93\x98\x47\x69\x4a\x18\x15\x03\x2a\xf4\x67\
\xab\x15\x04\x30\xb2\x58\xb4\x89\x61\xee\x49\x47\x3b\xab\xc4\xd2\
\x4d\x5c\xcf\x8b\xee\x3c\xc6\xaa\x80\xc0\x67\x88\x8c\x09\x4e\xfb\
\xb1\xc3\x6a\x04\x67\xb9\x50\x08\x93\x04\xc3\x65\x6e\xf2\x41\xf3\
\x32\xc6\x51\x22\x5d\x19\xde\x43\x4f\x10\x84\x37\x0f\x89\xc3\x77\
\x04\x38\xff\xf5\x56\xd1\x8d\x52\x9f\x73\x84\xb6\x13\x8d\x65\x19\
\xc8\x8f\x63\x4b\x45\xc5\x6f\x63\x4f\x61\x8a\x20\x3f\x8e\xd3\xfb\
\x85\xff\x7c\x5c\xe9\x4d\x1e\x65\xd8\xf1\x6e\xd9\xe3\xbd\x16\x66\
\xcd\xaa\xca\x90\x8c\x24\x56\x1c\x46\x47\xd8\xaa\xed\x55\x23\xa0\
\x9d\x88\x1c\x34\xb9\xa6\xef\xf7\x20\x9b\x6a\x19\x47\x09\x37\x46\
\x70\xc8\x8f\x70\x56\x68\x0b\xc2\x58\xa7\x81\x72\x61\x1a\xca\x84\
\x8f\x13\x7d\x25\xe4\x43\x7e\x7a\xa7\x88\x11\x6c\x8d\x27\xa5\x59\
\xca\x10\x22\xa6\x77\x12\x91\x4f\xe9\x79\x33\x2a\x06\x54\x08\x61\
\x30\x51\x12\x2b\x4e\x19\xfb\x88\x51\x04\xe6\x16\xd7\x94\x0c\x7a\
\xb7\x84\x82\x9e\x4f\x77\xa4\x51\xe6\x65\x2f\xbd\x8c\xc5\x34\x28\
\x4e\x92\xfe\xee\x8c\x1a\xd8\xaf\x33\x81\x5e\x66\xdd\x9e\x17\xca\
\xc3\xd5\xdc\x65\xa8\x8c\x6e\x3c\xa9\x5a\x5c\x25\xcb\x66\xac\xaa\
\x41\x65\xd7\x1c\x16\x42\x18\x4d\x94\xc4\x8a\x53\xc6\x3e\x42\xc0\
\x1a\xeb\x08\x21\x8c\x49\x49\x61\xeb\x48\x80\x7d\x9a\x64\x10\xd6\
\xa5\x10\x37\x2f\x26\x83\xb5\x43\xeb\x0d\x46\x2f\x5e\x6f\x11\xf3\
\x62\xf4\x80\x99\xcb\xf0\x1d\x9a\x8b\x0c\xd3\x5d\xae\x6a\xf6\x38\
\x46\x37\xa4\x77\xe1\x96\x71\x9d\x18\x15\x18\xa3\x49\x2f\xb4\x32\
\x9e\x14\x79\xbb\x9d\x72\x3a\xa2\xb0\x2c\xdd\x18\x50\x21\x84\xf1\
\x88\x77\xd3\x02\xb2\x28\xb1\x9b\xb4\xe3\xd7\x40\x89\xd0\x43\xd7\
\xd5\x32\x8c\x66\x15\xbd\x9b\xc2\xe2\x13\xef\xa6\x30\x17\x46\xad\
\xa6\xad\x85\x11\x0f\x21\xac\x0e\xf1\x6e\x0a\xbd\xc1\x1c\x94\x77\
\x2e\x84\xb0\xda\x64\x24\x11\x42\x08\xa1\x4a\x94\x44\x08\x21\x84\
\x2a\x51\x12\x21\x84\x10\xaa\x44\x49\x84\x10\x42\xa8\x12\x25\x11\
\x42\x08\xa1\x4a\x94\x44\x08\x21\x84\x2a\x51\x12\x21\x84\x10\xaa\
\x44\x49\x84\x10\x42\xa8\x12\x25\x11\x42\x08\xa1\x4a\x94\x44\x08\
\x21\x84\x2a\xbd\x94\xc4\xa7\x1f\x7d\xd4\x84\xed\x23\xf5\xbf\xbc\
\x8c\x6a\xbb\xb4\x6d\x98\x07\x9f\xbc\xfb\x6e\xd3\x97\x5e\x4a\xe2\
\xe3\x37\xde\x68\xc2\x7c\xf8\xe4\x9d\x77\x86\x46\x80\x85\x51\xfb\
\xc3\xe2\xf2\xf1\x9b\x6f\x0e\xdd\x7f\xfe\x95\x57\x9a\x10\x66\x09\
\x1d\x8f\x69\x64\x76\x2f\x25\xf1\xf6\x73\xcf\x35\x61\x3e\x8c\x13\
\xce\xf7\xfd\x53\xa7\x5a\x65\x12\x96\x8b\xf7\x4e\x9e\x1c\xd9\x6e\
\x74\x00\xd2\x09\x08\xb3\x84\xfb\x6e\x9a\x11\x6a\x2f\x25\xc1\x4d\
\xfc\xd6\x63\x8f\x35\x61\xb6\xa0\x7c\xdf\x7e\xf6\xd9\x91\xe9\x68\
\x70\xde\x39\x11\x45\xb1\x3c\x30\x42\xf8\xcb\x53\x4f\x8d\x95\x96\
\x67\x2b\x6d\x1b\x66\x01\x0a\x62\x1c\x99\x32\x8c\x5e\x2f\x1d\x92\
\x4b\xaf\xba\xaa\xd9\x73\xfb\xed\xcd\xa5\x5f\xfa\x52\x13\xfa\x83\
\x40\x60\x04\x31\x69\x0f\x92\xfa\xe7\xe5\x43\x5f\xfc\xe6\x37\x9b\
\xb0\x98\xa0\xd0\x79\x50\xfb\x8c\x0e\x78\xf9\xd0\xae\x9b\x6e\x6a\
\x2e\xb9\xec\xb2\x26\x84\x49\xc0\xac\x49\xc7\x64\x16\xa3\xd2\xa9\
\x94\x44\x08\x21\x84\xd5\x26\x2e\xb0\x21\x84\x10\xaa\x44\x49\x84\
\x10\x42\xa8\x12\x25\x11\x42\x08\xa1\x4a\x94\x44\x08\x21\x84\x2a\
\x51\x12\x21\x84\x10\xaa\x44\x49\x84\x10\x42\xa8\x12\x25\x11\x42\
\x08\xa1\xca\x3f\x35\x53\x70\xf9\xf5\xd7\x37\x57\x1e\x3e\xdc\xec\
\xbc\xf6\xda\x26\xf4\xa7\x5d\x4c\x77\xea\xd4\x58\x21\x39\x4a\x58\
\x4c\x77\xe5\xa1\x43\xed\x82\xab\xb0\x98\x4c\xdb\xb6\x2c\xa8\xcb\
\x62\xba\x30\x29\xc4\x6a\x62\x31\xdd\x2c\x42\x28\xf5\x5e\x4c\xb7\
\xe7\xfb\xdf\x6f\x57\x5b\x87\xd9\x81\x30\x19\x37\xdc\xc9\xce\xeb\
\xae\x6b\xf6\x1f\x3d\x1a\x01\xb2\x24\xf0\xd0\x12\x4a\x65\x9c\x18\
\x3a\x69\xdb\x30\x2b\xe8\xa4\xfc\xf1\x87\x3f\xdc\xfa\xd8\x4d\xf4\
\x5c\xa3\x20\x66\x0f\xbd\x46\x94\xef\x28\xe8\x65\xee\x7b\xf0\xc1\
\x08\x91\x25\x02\xc1\x7f\xf5\x03\x0f\x8c\x95\x36\x6d\x1b\x66\x05\
\xb2\x62\xdc\xfb\xae\x46\x2f\x25\xc1\x30\x38\xcc\x07\xcc\x77\xa3\
\x04\x04\x4a\x9a\xc6\x0f\xcb\xc5\x38\x71\x98\xe8\x28\xa4\x6d\xc3\
\x2c\x99\x36\xfe\x57\x2f\x25\x41\x50\xb9\x30\x1f\x68\xcc\x51\x42\
\x22\x73\x10\xcb\xcb\xa8\xb6\xcb\xfc\x5e\x98\x07\xd3\xc8\xec\x78\
\x37\x2d\x20\x97\x5c\x7e\x79\x13\xd6\x93\x98\x99\xc2\x3c\xd8\xf2\
\x91\x44\x08\x21\x84\xf5\x20\x4a\x22\x84\x10\x42\x95\x28\x89\x10\
\x42\x08\x55\xa2\x24\x42\x08\x21\x54\x89\x92\x08\x21\x84\x50\x25\
\x4a\x22\x84\xb0\x76\x6c\x6c\x6c\x34\x37\xde\x78\x63\xfb\x1d\x86\
\x13\x25\x11\xc2\x0a\x71\xee\xdc\xb9\x56\xf0\xf1\x2d\x27\x4f\x9e\
\xfc\xdc\xff\x79\xf1\xc4\x13\x4f\xb4\x9f\x69\xa0\x9c\xf7\xdd\x77\
\x5f\x5b\xe6\x79\x96\xfb\xc8\x91\x23\xcd\xc1\x83\x07\x9b\xbd\x7b\
\xf7\x7e\x6e\xfb\x2c\xae\x61\xd5\x88\x92\x08\x61\x45\x78\xe6\x99\
\x67\x9a\x7d\xfb\xf6\x35\xb7\xde\x7a\x6b\xb3\x7b\xf7\xee\xe6\xe1\
\x87\x1f\x6e\xb7\xdf\x7f\xff\xfd\xcd\xab\xaf\xbe\x3a\xf0\x18\x14\
\xca\x8e\x1d\x3b\x9a\x69\x79\xe9\xa5\x97\x5a\xc1\x7b\xf3\xcd\x37\
\x37\xd3\xc0\x35\xbc\xfc\xf2\xcb\xcd\x2d\xb7\xdc\x32\xb4\xdc\xd3\
\xc0\x35\x73\x9e\x3b\xef\xbc\xf3\xa2\x7d\xd7\x5c\x73\x4d\x73\xc3\
\x0d\x37\x34\xe1\x1f\x44\x49\x84\xb0\x02\x20\xf8\xe8\x81\x1f\x3f\
\x7e\xbc\x39\x73\xe6\x4c\x73\xfa\xf4\xe9\x8b\x4c\x29\x08\x5d\x7b\
\xc9\xfe\xe6\x18\x40\xb9\x80\x0a\x86\xff\x08\x68\x84\x3f\xdb\xf8\
\xcf\xf6\x5a\x2f\xfb\xf1\xc7\x1f\x6f\x7b\xfd\x08\x5f\xf2\xe6\x18\
\xcd\x39\xfc\x46\x11\xf9\xdf\x6d\xe4\xd7\x35\xf9\xa0\x68\x14\xe2\
\xe5\xb5\x99\xc7\xe1\xc3\x87\xdb\xf3\x50\x0e\xce\x03\xfe\xb6\xac\
\x7c\xca\x72\xf3\x29\x47\x24\xaf\xbd\xf6\x5a\xab\x84\x1c\x45\x90\
\x8e\x7c\xc9\x03\x05\xc5\xfe\x5a\xb9\xf9\x4d\xb9\x2d\xc7\x3a\x10\
\x25\x11\xc2\x0a\x80\x00\xbb\xe2\x8a\x2b\x9a\x43\x87\x0e\xb5\x23\
\x08\x85\x79\x29\x80\x11\x6a\x0a\x36\x7f\x23\xdc\x01\xc5\xf2\xf4\
\xd3\x4f\xb7\xbf\x51\x30\xe4\xa3\x10\x26\x0f\xb6\xb1\xdf\xf4\x0a\
\x5f\x3e\x98\x85\x50\x36\x08\xdd\x63\xc7\x8e\x6d\x9e\xe3\xc4\x89\
\x13\x6d\x39\x28\x17\xf9\xd3\x43\xa7\x6c\x28\x02\xb6\x91\x27\xc7\
\x94\x8a\x87\x7c\x38\xf7\xbd\xf7\xde\xbb\xb9\xed\xae\xbb\xee\x6a\
\x47\x28\x17\x2e\x5c\xd8\x54\x10\x83\xae\x05\x50\x0e\x0f\x3d\xf4\
\x50\x9b\x3f\xbf\x51\x9a\xfc\x2f\xeb\xe1\x83\x0f\x3e\x68\xf7\x77\
\xeb\x8e\x74\xe6\xc5\x39\x28\x1b\xe7\xbc\xe3\x8e\x3b\x5a\x85\x49\
\x39\x50\x2e\x2a\xe0\x52\x91\xad\x32\x53\xbd\x4f\x22\x84\xb0\x18\
\x20\xe4\x14\x70\xd8\xda\xf9\xa6\xb7\x8b\x80\x1b\x97\xb3\x67\xcf\
\xb6\xc2\x4f\x33\xd5\x81\x03\x07\xda\x6f\x84\x25\xf9\xef\xda\xb5\
\x6b\x33\xed\x8b\x2f\xbe\xf8\xb9\x73\x77\xcd\x42\xf6\xd4\x9d\x23\
\x21\x4f\x7a\xe5\x98\x73\x48\x7b\xfe\xfc\xf9\x76\x1b\xc7\xb2\x6d\
\x18\x1c\xaf\xd2\x20\x5f\xfe\x77\xe7\x12\x84\xed\xa4\x01\x14\x04\
\xc2\x9e\xf3\xa1\xb0\x86\x41\x3d\x95\x8a\x83\x72\x7b\x0e\x47\x5b\
\x2a\x4d\xca\x4d\xdd\x94\xe9\x57\x99\x8c\x24\x42\x58\x01\x10\x5a\
\x28\x07\xcc\x21\xcf\x3f\xff\x7c\x2b\xc8\x4a\x81\x09\xfc\x67\x34\
\xc0\x87\x5e\x76\x09\xe9\xe9\xad\x23\x1c\xc9\x6b\x98\x20\x36\x2f\
\x3f\xc3\x84\xa5\x79\xf2\x8d\xb0\x66\xe4\xa1\xa0\x77\xdb\xb0\xf3\
\x00\x73\x07\x8e\x8e\x28\x3b\xc7\xa3\x58\xb8\x06\xb7\x75\x71\x34\
\xa0\xb2\xc2\x84\x54\xd6\x55\xf7\xfa\x07\x95\x9b\x7c\xc9\x83\x32\
\x3b\x87\x51\x5e\x0b\x65\x20\x0d\x23\xa9\x55\xe6\x92\x7b\xf6\xef\
\x3f\xd2\x4c\x48\xde\x25\x31\x5f\x78\x8b\x19\x2f\x0b\xa9\xb1\x15\
\xe1\xa4\xb9\xf1\x7f\xf1\x8b\x5f\x7c\x4e\xc8\x0c\x82\x87\xe5\xa7\
\x3f\xfd\xe9\xe6\x83\xf7\xd5\xaf\x7e\xb5\x99\x05\x08\x91\x71\x04\
\x48\x09\x65\xfe\xed\x6f\x7f\xbb\xd9\x03\x5e\x44\x78\x5b\xd8\xc7\
\x6f\xbe\x59\xdd\x4f\x94\x58\xde\x3d\xd1\x07\xcc\x34\x08\x6c\x7a\
\xe9\xd4\x01\xa6\x9f\x2f\x7c\xe1\x0b\x6d\x0f\xfe\x1b\xdf\xf8\xc6\
\xe7\xf6\x7f\xeb\x5b\xdf\x6a\xd3\xf0\xa1\x8e\xd9\x86\x10\xbc\xed\
\xb6\xdb\xda\x76\xbc\xe9\xef\xe5\xb0\xf7\x8e\x0d\xde\x3a\xe5\x37\
\x79\x0d\xa2\xdc\xc7\x7d\x40\xbe\xf6\xb8\x69\x4b\x47\x36\xa4\x29\
\xb7\x7d\xf7\xbb\xdf\xfd\x5c\x3e\x1c\xc7\xf1\x65\xb9\xb9\x8e\x3f\
\xfc\xe1\x0f\xcd\x4f\x7e\xf2\x93\xf6\xbf\xf9\xbe\xf3\xf7\xe7\x84\
\xff\x98\xb2\x38\xc6\x32\x90\x9e\x6f\xaf\xe5\xee\xbb\xef\xde\xcc\
\x7f\xcf\x9e\x3d\xcd\x2f\x7f\xf9\xcb\xcd\x32\x7a\x1e\x95\x1d\xdb\
\xad\x2b\xce\xf9\xbd\xef\x7d\xaf\x2d\x37\xcf\x02\xf9\x52\x6e\x46\
\x17\xfc\xc7\x04\xc5\xef\x45\x1f\x55\x8c\xba\xef\x86\xd1\xeb\xcd\
\x74\x07\x5e\x78\xa1\x09\xf3\x83\x37\x98\x7d\xf8\xfa\xeb\xd5\xfd\
\xbc\xb5\x6c\xdc\xd0\xbf\x4c\xbe\xf1\xf0\x4f\x62\x76\x00\x27\x2d\
\x1d\x6a\xd7\xa0\xe7\x4a\xcf\x8a\x87\x8a\x07\x06\xdb\xf3\x2c\xa0\
\x87\x46\xef\xad\x34\x6b\x8c\x02\x25\xe1\x04\xee\xa2\xf2\xd6\xa3\
\x8f\x0e\x7d\x95\xe9\xd5\x3f\xfa\x51\xdb\x09\x08\xf3\x85\x7b\x9b\
\xfb\x95\xfb\x6b\x92\x8e\x48\x17\xe6\x68\x16\xf9\x7e\x93\x51\xf7\
\xdd\x30\x62\x6e\x5a\x23\x10\xa0\x7a\xb1\x00\xbf\xf5\xe2\xe0\x81\
\xd1\x7d\x92\x6d\xd8\xa7\xf5\xf2\x70\x3b\x0a\x41\x7b\x35\x60\xd6\
\x40\x99\x74\x27\xf0\x1c\xa2\x93\xde\x7d\x1c\xaf\xdd\xda\xdf\xd8\
\x78\x39\x2f\xff\x6b\xe8\xa5\xd2\x2d\x7f\x59\x66\x3d\x4d\x28\x33\
\x1f\x8e\xe1\xdc\x96\x79\x5d\x26\x18\xc3\xf8\x38\x01\x3d\xed\x08\
\x60\x19\x14\xc4\xb4\x44\x49\xac\x19\xa5\x97\x87\xbf\x5d\x7c\x45\
\xaf\x0a\x3b\x2b\x8a\x00\x0f\x90\x72\x3f\xa6\x0b\xbc\x3f\xf4\x6e\
\x01\x46\x10\xf4\xc2\x98\x20\x2c\xf3\xd4\x15\x93\x0f\xa3\x18\xdd\
\x07\xf5\x40\xf1\x37\x1f\xbd\x51\xfa\x94\x99\xb2\x32\x21\x39\xc8\
\xe3\x85\xfd\x9c\x9f\x11\x94\x0f\xb2\xee\x91\x7c\x56\xdd\x8e\x1c\
\x46\x83\x82\x58\x97\xc9\xe7\x69\x88\x77\x53\x68\x41\x98\x3a\xd1\
\x49\xcf\xbb\xbb\x28\x4a\x1b\x70\xe9\x1b\xee\x03\xd6\x75\x27\x2c\
\x27\x4c\xf9\xbd\x31\x24\xf4\x01\x4a\x64\xd4\xbc\x47\x0d\x8e\xa3\
\x5c\x7c\x33\x32\x29\xe7\x22\x28\x13\xe7\x2e\x5d\x39\x4b\x65\xb4\
\xc8\xf3\x16\x21\x2c\x12\x51\x12\x6b\x00\x42\x9a\x1e\xbb\x9e\x28\
\xf4\xba\xbb\x82\x9b\xd1\x03\x0a\x80\x6f\xbc\x64\xfa\x82\xf0\x35\
\x1f\x15\x8a\x5e\x30\x28\x1f\x47\x15\x5d\x10\xf2\xf4\xee\xf1\xa1\
\xef\xe6\x47\xfa\x5a\x99\xd9\xc6\xfc\x85\x8b\xb0\x86\xd1\x57\x19\
\x85\xe5\x84\xfb\xcf\xb5\x0d\xe5\xba\x8b\x30\x19\x6b\x69\x6e\xd2\
\x77\x7a\x1d\xa0\x27\xed\xc2\x1f\x14\x04\x26\x18\x7b\xdd\xf4\xe2\
\x1d\x05\x60\x92\x61\xb5\x29\x23\x0a\x4c\x4a\x08\x75\x46\x13\xec\
\x37\x7c\x41\xf9\x5b\x50\x28\x65\xaf\xdd\x45\x52\x98\xab\x78\x48\
\x31\x07\x69\x92\xc2\xcf\x5e\x9f\x77\xd2\x91\xbf\x21\x10\x0c\x29\
\x21\xe5\xf9\x2d\x33\xdb\xca\xf3\xb3\xdf\x32\xf3\x21\x2f\x5d\x1e\
\x29\x4b\xad\xcc\xeb\x04\x9d\x83\x79\xde\xeb\x76\x40\x16\x11\xda\
\x1e\x33\x29\x1d\x88\xda\xea\xe8\xad\x8a\x6b\xb5\xcc\x2c\xad\x77\
\x93\x93\x98\xac\x88\x9c\x14\x7b\xcb\x8b\x6a\x72\x98\xa5\x77\xd3\
\x38\x50\x8f\x08\xe2\xed\xec\x69\xa3\xb8\xbb\x0b\x9a\x86\xb1\x08\
\x65\xee\xc3\x56\x7b\x37\xd1\x93\x46\x69\x8e\x9a\xf7\xe9\x4b\x1f\
\x2f\xb4\x79\xd3\xbd\x66\xe6\xa0\xba\xab\xb8\x65\x59\xef\xa3\x49\
\x89\x77\x53\xd3\x7c\x2e\x96\x0b\x5e\x37\xdc\x28\x7a\xee\x18\xc3\
\xc5\xfd\x2e\xab\xe7\x18\x3c\x63\xf4\xc4\x19\x65\xae\x58\x55\xe8\
\x81\x6f\xf7\x04\x9e\xa3\x8b\x71\x59\x84\x32\x2f\x1a\x74\x7e\x8c\
\xbb\xd4\x9d\x9c\xe7\x99\x28\x63\x19\x91\xd6\x38\x44\x86\xc5\xe0\
\x9b\xff\x65\x70\x40\xe3\x1a\x95\x71\x93\x5c\x14\x37\x2c\x96\x13\
\x78\x9c\x71\xa0\x06\xc5\x43\x22\x3f\xb7\xe9\x6d\x37\x28\x9d\xe5\
\xf7\xfa\x34\x5d\x76\xbd\xf5\x18\x59\x72\xdd\x8c\x86\x2d\x1b\x0a\
\x62\xd4\x68\x8a\xfd\x5e\xbb\x72\x82\x7c\xca\xfa\x64\xbb\xb2\x05\
\x4a\xcf\x3b\x65\x08\x65\x36\x76\x15\xbf\x4d\x4b\xfe\xd6\xb7\xdb\
\xf4\x02\x34\xb4\xc9\xa2\xb2\x32\x4a\xa2\xf4\x6c\x29\x3d\x73\xf4\
\x9e\xc1\xec\xe1\x4a\x53\x16\x0e\xf1\x31\x64\x00\x4a\xc3\xb8\x32\
\xeb\x08\x37\xe8\xb2\x4d\xe4\x2e\x63\x99\xe7\x09\x42\x08\xb3\x0a\
\xf7\x32\xbd\x7a\x43\x5f\x88\xcf\x04\xfb\x31\xbf\x21\x44\x79\x26\
\xf8\x38\x9f\x83\xc9\x91\xfd\x7c\xd8\xaf\x60\xc7\xac\xc7\xf1\x3c\
\x3b\x08\x49\x84\x20\xa3\x3e\xb6\xd5\x22\xa6\xf2\xac\x71\x3c\x69\
\xe8\x00\xb8\x3a\xda\x78\x48\x2e\x44\xa3\x1d\x51\xf6\x6c\x23\x1d\
\x42\x9e\xf2\x94\xe9\x4a\x6f\x3b\xd6\xe1\x58\x7e\xe8\x7a\xbe\xe1\
\xf1\x86\x52\xe0\x5a\x1c\x39\x68\xe6\x1c\x06\x65\x21\x3d\xd7\x4e\
\x59\x29\x17\xd7\x89\xec\x70\xed\x0f\xf2\xa2\x94\x2d\xe5\xf9\xf5\
\x00\x34\x06\x16\x96\x0a\x7e\x93\x4f\x37\xee\x93\x6e\xe3\xec\xe3\
\x5a\x06\xad\x18\x5f\x24\xd6\x62\x4e\x42\x2f\x18\x3e\xf8\xd1\x97\
\xe8\xb5\x93\x49\xcd\xb0\xcc\x18\x6b\x68\x58\xa8\x0c\xb7\x3b\xd7\
\x63\x5a\x3b\x58\xdd\xe3\xed\x74\xf9\x8c\xa8\x94\x11\x88\xfe\xa6\
\x77\x3c\x08\x9e\x33\x9e\x29\x8e\x43\x60\xf3\x41\x68\xba\x70\xcd\
\xf8\x52\x28\x85\x32\x46\x12\xca\xc7\x63\x2d\xb3\x82\xb8\x2c\xff\
\xac\xe7\x11\x38\x07\xeb\x82\x8c\xcb\xe4\x36\xe7\xb6\xca\x0e\x49\
\xed\xdc\x65\xdd\xb9\x92\xbd\x8c\xa9\xb5\xf1\x59\x0c\x2b\xf6\xa1\
\xb8\x8c\xd8\x8b\xa2\xe8\xca\xa5\x45\x62\xe9\xbd\x9b\x9c\x34\x33\
\xea\xa3\xf1\x56\xca\x87\x84\x1e\x41\x19\x15\x72\xd1\x35\x77\x08\
\x93\xa2\x57\x19\x3d\x56\xee\xf5\x49\x4d\xa7\x0a\x6a\x8f\x37\xcf\
\x41\x20\xd4\x78\xa6\x10\x6c\x3a\x39\x94\x5e\x66\x80\x20\x67\x1f\
\x79\xb0\xdd\x55\xf9\x06\xf5\x63\x9f\xa1\x2e\x30\x4b\x91\x07\xdb\
\xe8\xcd\xa3\x40\xc8\x87\x91\x04\xdb\xfc\xdd\xc5\x75\x0e\x9a\x87\
\x4a\x78\xd6\x39\x27\xf9\xf3\xdb\x6b\xa9\xcd\x47\xaa\x94\xd8\xce\
\x39\x19\x15\xf8\x4e\x0b\xbe\xb9\x06\xca\xef\xb5\x22\x63\x26\x31\
\x11\xe9\x40\x42\x99\x28\x03\xf9\x53\x8f\x2a\x59\xf2\x5a\x54\x0f\
\xac\xa5\x8e\xdd\x44\xdc\x16\xb4\x3f\x37\xab\x93\x54\xc4\xee\x21\
\x2e\x0d\xf1\x59\x68\x70\x86\xc7\xdf\xf9\xce\x77\xda\x74\xa4\x21\
\x46\x0b\xc3\xf0\xaf\x7c\xe5\x2b\xed\x0d\xf6\xe5\x2f\x7f\x79\xf3\
\x01\x2b\x63\xd4\x6c\x27\xb3\x8c\xdd\xc4\xcd\x47\xbc\x99\x79\xd8\
\xef\x19\x36\x13\xdb\x66\x9a\xb0\x06\x5d\x36\x7a\xc4\x6c\x5a\x26\
\xe6\x15\xbb\x89\x36\x26\x06\x92\xb6\x6f\x05\x21\xcf\x81\x31\x8a\
\xbc\xd7\xa1\x8c\xb3\xb4\x73\xe7\xce\x36\x66\x13\x82\x8c\x67\xe9\
\xe3\x8f\x3f\x6e\x9e\x7c\xf2\xc9\xf6\xd8\x6e\x5c\x23\x8e\xe7\x3c\
\xc6\x35\xba\xe7\x9e\x7b\x9a\xaf\x7d\xed\x6b\xed\x33\xc5\xb3\x67\
\xcf\x9b\xf3\x19\x07\x0a\xfb\x3c\x82\xde\x11\x89\xf1\x90\x0c\x2f\
\xce\x79\xdc\x46\x7e\x65\x6c\x27\xe3\x26\x41\xb7\xfc\x08\x6f\xca\
\xf2\xc7\x3f\xfe\xb1\x7d\xe6\x0d\x1e\xe8\x33\xee\x3d\x84\x50\xfe\
\xf9\xcf\x7f\xde\xe6\x89\x12\x7c\xe4\x91\x47\x36\xeb\xcd\xeb\xe3\
\xbc\x7f\xfd\xeb\x5f\x37\xe3\x43\x51\x67\xe4\x85\x8c\xa1\x3e\xf8\
\xff\xb7\xbf\xfd\xad\x2d\x33\xe5\x65\x3b\x75\xcc\xb5\x73\x3c\xf9\
\x18\xdb\xa9\xac\x33\x7f\x53\x4e\xf2\xe7\x9a\xcc\x9f\xed\x06\x1e\
\xa4\x4c\xf3\x9c\x63\x4b\xec\xa6\x0a\x4e\x80\xcd\x2a\x9e\xd0\x56\
\xb1\x08\xb1\x9b\xc6\x81\x87\x0f\x21\x30\x4b\xcf\x96\x3e\xde\x32\
\xcb\xe4\xa1\xb2\xaa\xb1\x9b\x9c\x23\x5a\x34\xe5\xce\x48\xc0\x11\
\x89\x1d\x10\x15\xd9\x28\x78\x76\x10\xdc\x3c\x3b\xe4\x83\xa2\x9b\
\xc7\x73\xb4\x15\xc4\xbb\x69\x08\x99\x6b\xf8\x5f\xc1\x5b\x7a\x70\
\xe9\x51\xc2\x36\xe3\x1f\x81\xde\x16\xec\xd3\x86\xda\xf5\x0c\x73\
\x1b\x79\x75\xfd\xe3\xcb\x37\x83\x95\x71\x9e\x8c\xb3\x44\x1e\x65\
\x9e\x6c\x2b\xcf\x53\xc6\x59\x2a\x3d\x57\xca\xdf\x08\x23\xaf\x85\
\xfc\x19\x29\xb2\x1f\x93\x05\x02\xa0\xbc\x86\x75\xf5\x56\xdb\x0e\
\x34\xc5\x2c\x1a\x98\x70\x9c\xe4\x2e\xd7\xcf\x8c\x03\x1d\x0f\x26\
\xc2\xb9\xc7\xc8\x67\x59\x15\xc4\xb4\xac\xf4\x8a\xeb\x6e\x5c\xa1\
\x75\x85\xde\x10\x3d\x73\xdd\x84\xb5\xab\xba\x4d\x61\xaa\x77\x8b\
\x5e\x2d\xa4\xc5\x86\x4a\x3a\x84\xae\xb1\xfb\x19\x66\x97\xe1\x2e\
\x4a\x1c\x59\x70\x4e\xcd\x1e\xe4\x85\x17\x0c\x0f\x9a\x6f\x19\xc3\
\x26\xcb\x6f\xf2\xe4\x18\x17\xcd\xd1\x5b\x73\x12\x6f\x90\x17\x09\
\xe7\xe4\x58\x7a\xad\x28\x09\xf2\xdc\xfb\xd9\x1b\xd1\xf8\xe6\x9c\
\x5e\x43\x16\x49\x85\x69\x14\x97\xf3\x24\xeb\x4e\x02\xfc\xad\x01\
\xf6\xf2\x10\xd4\x8e\x24\x30\x41\xb1\xad\xec\x1d\x21\xa4\x11\xc2\
\x8e\x00\x4a\xff\x74\xc0\x23\xc3\x97\xd2\xf0\x19\xd4\x2b\x33\x6e\
\x93\xa6\x07\x05\x75\x39\xe9\xe7\x7e\x27\xf3\xf8\x94\xb1\xa3\x6a\
\x98\xd6\xbc\x28\x6f\x19\x3f\x4a\x45\x53\x5e\x43\x08\x61\x3a\x12\
\xbb\x69\x0d\xa0\x37\x84\x5d\x96\x5e\x3b\xc2\x59\x0f\x0b\x87\xd2\
\x82\xa9\x87\xc9\x7d\xcd\x38\x28\x12\x7a\xe4\x08\x70\xf6\xe9\xe2\
\x67\xc4\x55\x3d\x5b\x4a\x74\xf3\x2b\xdd\x2a\x4b\x3c\xbe\xf4\x86\
\x61\x5b\x19\x3b\x4a\xd7\xc1\x6e\x9c\x29\xcf\x6f\xda\xf2\xb5\x94\
\x94\x97\x6b\xeb\x5e\xc3\xba\xad\xa5\xc0\x1c\x47\x9d\x51\x2f\xab\
\xb8\xd8\x90\x7b\x86\xc9\x5e\x46\x8e\x61\x6b\xc8\x9b\xe9\x16\x90\
\x59\x7a\x37\xe1\xe5\x61\x8c\xa3\xaf\x7f\xfd\xeb\xad\x50\xd6\xf3\
\x82\x6d\x78\x7e\xe1\xdd\x62\xdc\x25\xde\xd8\xc5\x88\x03\xd3\x13\
\xe9\xf4\x65\xd7\xfb\x85\x0f\x1e\x20\x78\x94\x60\x4a\xc2\xd3\xc3\
\xde\xff\xc6\x67\xef\xa1\xe0\x78\xbe\xf1\x28\xc1\x8b\x83\xed\xe4\
\x45\x5a\x57\xbf\x72\xbc\x13\xea\x08\x72\xca\xc9\xc3\x6f\x68\x0e\
\xce\xc7\xb1\x9c\x9b\x6f\x8f\xe5\xe3\x82\x48\x94\x81\xa3\x0f\x3d\
\xa2\x48\x5b\x5e\x03\xde\x26\x8b\xc4\x3c\xdf\x4c\x47\x3d\xe3\x0d\
\x84\x82\xe0\xba\x79\xb3\xe0\x56\x2b\xc9\x69\xbc\xe9\x9c\x5b\x72\
\x81\x19\xed\xd9\x6d\x3f\xae\xe7\xe8\xd1\xa3\xad\xd7\x50\x16\x53\
\x8e\x4f\xbc\x9b\x56\x8c\xad\x8e\xdd\x34\x2b\x10\xde\xf4\xe0\x17\
\x29\x8e\xcf\xa2\x31\x4f\xef\xa6\xd2\x33\x6c\x63\x8a\xd8\x66\xd3\
\x30\xa9\x37\x5d\x59\x4e\x3a\x24\x94\x9f\x79\x26\x94\x40\xb9\xf8\
\xae\x64\x11\xe3\x45\x2d\x3a\xf1\x6e\x0a\x0b\x01\xbd\xc7\x5a\x98\
\x86\x30\x7f\x18\x75\x75\xe7\x74\xba\x31\x84\x50\xe4\xdd\x18\x45\
\x08\xdc\x41\x31\x8a\xf4\x42\x2b\x63\x34\xb9\x0d\x07\x81\x61\x8e\
\x01\x08\x7f\x63\x15\x19\xf3\xc9\x98\x46\x9e\x4b\x6f\x34\xf0\x7f\
\x77\x81\x1a\x9d\x0e\xe3\x1b\x19\x7f\xc9\x05\x72\x61\x6b\x88\x92\
\x08\x33\xc3\xd5\xaa\x61\x7b\xd8\xf8\xec\x85\x4f\x25\xf4\xca\x8d\
\x21\x84\x32\x40\x59\x18\xe3\x09\x41\xcb\x87\xff\x98\xee\xec\x99\
\x97\x31\x8a\x48\xc7\xfe\x72\x9d\x01\xe6\x2c\xdf\x38\x58\xa3\x8c\
\x55\x54\xbe\x39\x90\xf2\x91\x37\x26\x50\xb6\xb9\xca\xd8\xb5\x4c\
\xdd\x3c\x19\x35\x70\x2e\xe6\x20\xca\xb9\xa9\x41\x69\xc3\x7c\x88\
\x92\x08\x61\x45\x28\xbd\xc9\xc4\xf7\x6b\x20\x94\xf5\x0e\xd3\x2c\
\xd8\x8d\x51\x44\x3a\x3c\xd8\xca\xfc\xca\xd1\xa1\xae\xc6\x8c\x08\
\x50\x1a\xa3\xe6\x1d\x50\x28\x3a\x22\x28\xd8\xfd\x2e\xa3\xb7\x0e\
\x03\xc5\x85\x02\x31\x0c\x08\x94\x2f\xb3\x0a\xf3\x27\x4a\x22\x84\
\x15\x01\xa1\xdf\x0d\x89\x4d\x8f\x5e\x4f\x2f\x63\x25\x99\xd6\x98\
\x46\xc6\x28\xa2\x67\x8f\xc9\xaa\x86\xe6\x21\xe7\x1b\xfc\x3f\x28\
\x0c\x37\x79\x22\xcc\x51\x4e\xec\x2f\x95\x4f\x89\x8a\xa6\xe6\xb2\
\x4c\xf9\x31\x5b\xa9\xe4\x3c\x6f\x26\xad\xb7\x8e\x78\x37\x2d\x20\
\xb3\xf4\x6e\x0a\x8b\xc5\x3c\xbd\x9b\xf0\xec\xfa\xc1\x0f\x7e\xd0\
\xc6\x21\xc2\x2b\x08\xaf\x35\x3c\xda\xf4\x04\x2b\xd7\xb6\xd4\x62\
\x14\x11\x63\x88\x74\x6c\xef\xc6\x4a\xe2\x58\xf2\x35\xa6\x12\x69\
\x8d\xb7\x54\x8e\x2a\x8c\xef\x64\x5a\xbc\xcc\xf0\x56\xb3\x8c\xe5\
\xa8\xc2\xf5\x34\x94\x91\x72\x18\x53\xca\x58\x48\x1c\xf7\xab\x5f\
\xfd\xaa\xf5\x6e\xa3\xbc\xe4\x89\xf9\x8b\xed\xc6\x9e\x0a\xa3\x89\
\x77\xd3\x8a\xb1\xac\xde\x4d\x61\x34\xf3\x8e\xdd\xc4\x88\x80\x1e\
\xfc\x56\x45\x1a\xc0\xec\x84\x12\xd8\x2a\x7c\xcf\x03\x66\xa8\x98\
\x9b\xc6\x67\x1a\xef\xa6\x2c\xa6\x0b\x61\x85\x28\x27\x78\xb7\x82\
\xad\x54\x10\xe0\x64\x78\xde\x4a\xb8\x75\x44\x49\x84\xb0\x62\xac\
\x72\x0f\x3b\xca\x61\xeb\xc9\xc4\x75\x08\x21\x84\x2a\x51\x12\x21\
\x84\x10\xaa\x44\x49\x84\x10\x42\xa8\x12\x25\x11\x42\x08\xa1\x4a\
\x2f\x25\xf1\xe9\x47\x1f\x35\x61\xfb\x48\xfd\x2f\x2f\xa3\xda\x2e\
\x6d\x1b\xe6\xc1\x27\xef\xbe\xdb\xf4\xa5\x97\x92\xf8\xf8\x8d\x37\
\x9a\x30\x1f\x58\x44\x37\x6c\x8d\x04\x8c\xda\x1f\x16\x97\x51\x0b\
\x9a\x58\xf4\x14\xc2\x2c\xa1\xe3\x31\x8d\xcc\xee\xa5\x24\xde\x7e\
\xee\xb9\x26\xcc\x87\x71\x16\xbc\xbc\x7f\xea\xd4\xd0\x15\xd9\x61\
\x31\x79\xef\xe4\xc9\x91\xed\x46\x07\x20\x9d\x80\x30\x4b\xb8\xef\
\xa6\x19\xa1\xf6\x52\x12\xdc\xc4\x6f\x3d\xf6\x58\x13\x66\x0b\xca\
\xf7\xed\x67\x9f\x1d\x99\x8e\x06\x67\x55\x76\x14\xc5\xf2\xc0\x08\
\xe1\x2f\x4f\x3d\x35\x56\x5a\x9e\xad\xb4\x6d\x98\x05\x28\x88\x71\
\x64\xca\x30\x7a\x85\xe5\x10\xe2\x07\x11\xc7\xe9\xd2\x2f\x7d\xa9\
\x09\xfd\x41\x20\x30\x82\x98\xb4\x07\x49\xfd\x13\x9e\xe3\x8b\xdf\
\xfc\x66\x13\x16\x13\x14\x3a\x0f\x6a\x9f\xd1\x01\xe1\x39\x88\xe5\
\x74\xc9\x65\x97\x35\x21\x4c\x02\x66\x4d\x3a\x26\xb3\x18\x95\x4e\
\xa5\x24\x42\x08\x21\xac\x36\x71\x81\x0d\x21\x84\x50\x25\x4a\x22\
\x84\x10\x42\x95\x28\x89\x10\x42\x08\x55\xa2\x24\x42\x08\x21\x54\
\x89\x92\x08\x21\x84\x50\x25\x4a\x22\x84\x10\x42\x95\xa9\x5f\x3a\
\x94\x35\x12\xd3\x31\x4d\x4c\x15\x48\xfd\x2f\x2e\xac\x91\x98\x66\
\xa5\xeb\xce\x6b\xaf\xcd\x1a\x89\x30\x31\xc8\x94\x59\x2e\xc6\xec\
\xad\x24\xf6\x7c\xff\xfb\xcd\x95\x87\x0f\xe7\x26\x9e\x01\x84\xd9\
\x60\xb5\xf5\x24\x0d\xcb\x22\x2b\xda\x60\xe7\x75\xd7\x35\x61\x71\
\xe9\xdb\xb6\x57\x3f\xf0\x40\x9e\xad\xd0\x1b\xa3\x62\xcc\x42\x59\
\xf4\x5a\x4c\x37\xed\xcb\xda\xc3\xc5\xd0\x98\xe3\x86\xda\x40\x39\
\xb0\xd2\x3d\x2c\x07\x69\xdb\xb0\x1d\xb4\xe1\x7b\xfe\xfd\xdf\x47\
\x06\x95\x1c\xc5\xc4\x73\x12\x28\x87\x28\x88\xd9\x43\x88\x0d\x94\
\xef\x38\xe9\x22\x44\x96\x8b\xb4\x6d\xd8\x0e\x18\x89\xfe\xcb\xdd\
\x77\x37\xd3\x32\xb1\x92\xb8\xf2\xe0\xc1\x26\xcc\x07\xe2\x30\x8d\
\x32\x31\x5c\x79\xe8\x50\x13\x96\x0f\xda\x96\x39\x86\x61\x60\x66\
\x0a\x61\x96\x8c\x73\xdf\x8d\x62\x62\x25\x11\x1b\xf8\x7c\x19\x55\
\xbf\xd3\x36\x78\xd8\x3e\x46\xb5\x5d\xda\x36\xcc\x83\x2d\x57\x12\
\x21\x84\x10\xd6\x87\x28\x89\x10\x42\x08\x55\xa2\x24\x42\x08\x21\
\x54\x89\x92\x08\x21\x84\x50\x25\x4a\x22\x84\x10\x42\x95\x28\x89\
\x10\x42\x08\x55\xa2\x24\x42\x08\x21\x54\x89\x92\x58\x61\x5e\x7d\
\xf5\xd5\xe6\xa5\x97\x5e\x6a\x3f\xe7\xce\x9d\x1b\x98\xe6\xc6\x1b\
\x6f\x6c\x9e\x79\xe6\x99\x91\x79\x9d\x3c\x79\xf2\xa2\x74\xb7\xde\
\x7a\x6b\x73\xff\xfd\xf7\x8f\x3c\x96\x73\xef\xdb\xb7\xaf\x2d\xcf\
\xc6\xc6\x46\xfb\x99\x96\x3b\xef\xbc\xb3\x79\xe2\x89\x27\x9a\x10\
\xc2\x7c\x99\x3a\x0a\x6c\x58\x5c\x4a\x01\x8e\x60\x3e\x72\xe4\x48\
\x73\xc7\x1d\x77\xb4\xbf\xf7\xee\xdd\xdb\x0a\x6f\x84\xed\xc1\xcf\
\x56\xd1\xf3\x9f\x0f\xfb\x44\xe5\xf2\xda\x6b\xaf\xb5\xc7\x71\x3c\
\xa8\x7c\x8e\x1f\x3f\xbe\x99\x86\xef\x2b\xae\xb8\xa2\xfd\xcd\x77\
\x99\xdf\x7d\xf7\xdd\xd7\x1c\x38\x70\xa0\x39\x74\xe8\x50\xfb\x9f\
\xb2\x90\x86\x3c\xf9\xf6\xb8\x12\xcb\x59\xfe\xf6\x5c\x94\xdb\x73\
\x94\x94\xf9\x0c\xcb\x3b\x84\x30\x1e\x51\x12\x2b\x0e\xc2\x14\xc1\
\x8e\x40\x3f\x7c\xf8\x70\xfb\x9b\x5e\x3d\x82\xf3\xf1\xc7\x1f\x6f\
\x47\x08\x37\xdc\x70\x43\x2b\x6c\x51\x2a\x08\x62\x84\xeb\xe9\xd3\
\xa7\xdb\x7d\x77\xdd\x75\xd7\xa6\xa0\xbe\xe5\x96\x5b\x36\xf3\x75\
\x54\x41\x1e\xbb\x77\xef\x6e\x9e\x7e\xfa\xe9\xf6\xff\x43\x0f\x3d\
\xd4\xee\x7b\xf1\xc5\x17\xdb\x91\x03\xc7\x9f\x39\x73\x66\x53\x49\
\xa0\x6c\xf8\xf8\xdb\x51\x0e\xfb\xef\xbd\xf7\xde\xcf\x95\x9d\x63\
\x29\xff\x35\xd7\x5c\xd3\x8e\x5a\x28\xd3\xcb\x2f\xbf\xdc\x96\x4f\
\xe5\xc3\xbe\x87\x1f\x7e\xb8\xbd\x1e\xce\x47\x79\xc8\x87\xf4\x2a\
\xa9\x41\x79\x87\x10\xc6\x23\xe6\xa6\x35\x01\x01\x8f\xc0\xd4\xd4\
\x73\xe2\xc4\x89\xcd\x51\x01\x20\x68\xe9\xe5\x23\xe4\x11\xb8\x08\
\x7a\xcc\x39\x08\x7f\x84\xfc\xcd\x37\xdf\xfc\xb9\xfc\x3c\x16\xa1\
\x0c\x08\x7d\xd2\x0d\x03\x81\x4e\x39\x10\xfc\x7c\x10\xea\x1c\x77\
\xec\xd8\xb1\xcd\xd1\x4c\x09\xe5\x21\xcd\xf3\xcf\x3f\xdf\xa6\x43\
\x41\xa0\xb8\xba\x69\x51\x16\x28\x10\x46\x35\xec\x27\x3d\xd7\x4a\
\xbe\x9c\x87\x51\x4b\x08\xa1\x1f\x51\x12\x6b\x02\x3d\x76\x84\xa9\
\xa3\x82\xd2\xa4\x04\x2a\x10\x04\x31\x02\x19\x81\xce\xb6\x5d\xbb\
\x76\xb5\xfb\x19\x7d\x0c\x83\x63\xca\xbc\xc6\x01\xe1\x8d\xf2\x61\
\x04\x83\x60\xef\x82\x32\x40\xe8\xa3\x28\x18\x09\x70\x0d\x94\xb1\
\x1c\xd1\x0c\xba\x96\x0f\x3e\xf8\x60\xf3\x5a\xf8\x7d\x28\x41\x11\
\x43\xe8\x4d\x94\xc4\x8a\xc3\x48\x00\xb3\x0d\x1f\x46\x09\x35\x10\
\xc2\x08\x63\x84\x2a\x82\x19\xa1\xcf\x36\x04\x38\xc7\x3a\x62\x18\
\x05\x02\x19\x01\x8d\x69\x8b\xe3\xba\x20\xd0\x29\x13\xe7\x40\x49\
\x38\x4a\x70\xc4\x50\x1e\xa3\xf0\x47\xe9\x90\x2f\x4a\xa2\x54\x46\
\xc3\xca\xe0\x7c\x07\x8a\x02\x45\x47\xfe\x98\xa0\x42\x08\x93\x91\
\x39\x89\x15\x06\xa5\xe0\xe4\x2d\xa6\x17\x27\x70\x31\xcb\xf8\x9b\
\x34\x08\x63\x7a\xe7\x08\x60\x27\xb8\xd9\x8f\x2d\xdf\xc9\x62\x14\
\x46\x39\x42\x20\x2d\xf9\x40\x69\xfe\xe1\x38\x4c\x3f\x08\x74\xce\
\x89\x70\x2e\xcf\xc9\xf9\x98\x03\x21\x5f\xe6\x2d\x50\x16\x2a\x01\
\x4c\x5e\xdd\x51\x82\xe7\xe0\x58\x7e\xab\x38\x30\x77\x39\x29\x5d\
\xce\x99\xb8\xcd\x39\x11\xd2\xb1\x1d\xd3\x19\xa6\xa7\x55\xc5\x39\
\x21\xa0\x6d\xc6\x51\xa6\x25\xd4\x15\x26\x46\xda\x6c\x10\xb4\x0d\
\x1d\x05\x3a\x11\xa3\xc0\x63\x8e\x7b\x87\xfb\x82\xfb\x69\xd2\xb2\
\x0c\x83\xfb\xe5\xfc\xf9\xf3\x6d\xbb\xaa\xf4\x69\xeb\x41\x70\x4d\
\xdc\x1b\x93\x38\x2e\x90\x27\xc7\x78\xdf\x85\x1e\x6f\xa6\x3b\xf0\
\xc2\x0b\x4d\x98\x1f\xbc\xc1\x8c\x57\x0f\xd6\xd8\x7f\xf4\x68\x1b\
\x23\x7e\x15\x41\xb1\x74\x95\xc4\x2c\xf3\x2e\xcd\x6d\xdb\xc1\x5b\
\x8f\x3e\xda\xbc\xff\xeb\x5f\x57\xf7\x4f\xf3\xc6\xc7\x1d\x3b\x76\
\xb4\x82\x19\x81\x88\x09\xaf\xf4\xea\x52\xd1\x3b\x07\xe4\x76\xfe\
\xb3\x9d\x3a\xa7\x7e\x18\xc5\xa1\xe0\xd9\x5e\xb6\x83\x2e\xcc\x7a\
\xc7\x99\x8f\x79\x98\xd6\x91\x9e\x75\xcd\xc8\x10\xa1\x8e\xc0\x75\
\xb4\xe8\xf9\x06\x61\x19\x6d\xa7\x52\xc8\xf3\xdb\xb9\x32\xbd\xec\
\x10\xe8\x28\x08\xe7\xdb\x2c\x97\xdf\x65\x99\xcd\x63\xd8\xf9\x51\
\xb4\x8c\x9c\xc9\xd3\x3a\x22\x3d\x79\x75\xcb\x36\xa8\xbc\x8b\xca\
\xa8\xfb\x6e\x14\x19\x49\x84\x85\x61\x5e\x0a\x62\xde\x79\x2f\x0a\
\x8c\xf6\x14\x56\x08\x50\x7b\xf1\x08\x49\x14\x00\x75\x80\x50\x43\
\x08\x32\xb2\xd2\xb3\x8c\x11\x16\x8a\x85\xdf\x98\x09\x75\x37\xb6\
\x87\x4e\x3a\x40\x88\x32\x0a\x24\x8d\xa3\x42\xf2\xbd\x70\xe1\xc2\
\xe6\x39\x71\x5e\x70\xd4\xe6\x1c\x12\xc7\x51\x0e\x46\x23\x7e\x77\
\x7b\xff\xa4\x63\x04\x62\x19\x51\x56\x9c\x07\x05\xc3\x36\x84\x77\
\x39\x12\xc4\x8c\x08\x8e\x44\x49\xeb\xb1\x8e\x9c\x2d\xb3\xf3\x5e\
\x9e\x87\x74\xe4\x5b\xae\xd7\xe1\x18\xf2\x24\x2f\xbe\x5d\x63\xe4\
\xa8\x82\x6b\x53\x01\xe2\xf4\x01\x5c\xbb\x4a\x89\x6d\xb3\x1c\x31\
\x2d\x12\x99\x93\x08\x61\x45\x40\x90\x95\xf3\x2e\x28\x07\x84\x17\
\x42\x1b\xc1\x88\xf9\x07\xa1\xc7\x7f\x5d\x88\x11\xf4\xa5\xb9\x10\
\xe1\xcd\x31\x2a\x06\x70\x8e\xa7\x34\x45\x21\xc4\x47\x29\x5e\xce\
\x8f\xe0\x2c\xe7\xb3\x38\xa6\xf4\xaa\x13\x4d\x99\xec\x1f\x36\x77\
\x56\xe6\x0d\xe4\xcd\xf5\x70\x0c\x65\xd7\x93\xad\x2c\x33\x79\x73\
\x3d\x1c\x83\x22\x45\x71\xa0\x20\xac\x2f\x3e\xee\xa7\x4e\x74\x97\
\xa6\x2c\x2a\x54\xae\x83\x7a\xd2\x74\xc9\x79\xdd\x66\x9d\xae\x2a\
\x19\x49\x84\xb0\x22\x20\xd0\x4a\xb3\x47\xe9\x91\xa6\xf9\x04\x21\
\xc7\x68\xc0\x5e\x31\x26\x21\x4c\x38\xba\x3e\x97\x69\x6b\x68\xca\
\x1a\xb4\x88\xb2\x86\x42\x9b\x9e\x3f\x3d\xf5\xee\xfc\x90\x23\x17\
\xf6\xd1\xeb\xd7\x2c\x76\xf6\xec\xd9\x66\x14\x38\x26\x60\x6e\xf3\
\xf7\xa0\xf2\x0a\xe9\x9c\x73\xeb\xba\x6c\x97\x8a\xd1\x32\x79\x7d\
\xa5\x12\xe3\x58\x47\x13\x6e\xa3\x4e\x57\x95\x28\x89\x10\x56\x1c\
\xbd\xd4\x00\x21\xed\x42\x49\x7b\xc8\x7d\x57\xa4\xeb\xf0\x80\x99\
\x68\x90\xa9\xc5\x79\x05\xce\x8d\x4b\xb5\xe7\x03\x84\x2e\xc7\x29\
\xa8\xf5\x88\x73\x3f\x65\xa2\x67\x8f\x40\xa7\xac\x08\xf0\x9a\xe3\
\x01\xdb\x39\x96\x73\xe9\x28\xe1\xf9\x39\xb7\x26\x2b\x14\x22\xe7\
\x71\xce\x66\x5c\xa8\x3f\xf2\xe7\x78\xa3\x0c\x30\xff\xc3\x36\xd0\
\x84\xb7\xaa\x2c\xcd\xc4\x35\x37\x15\x37\x8b\x37\x66\x0d\x1a\x8f\
\x0f\x60\x33\x64\xb8\x49\x63\xa2\xf9\xed\xfd\x2c\xb2\xed\x70\xbb\
\x27\xae\xb5\xd3\xd6\x26\xe2\x78\x50\xa8\xdf\x51\x0b\xe7\xba\x50\
\xef\x4e\x34\xae\x6b\x98\x8c\x79\x4e\x5c\x77\x27\xfd\xbb\x9e\x3d\
\xc6\xcc\x2a\x95\x02\xc7\xf0\xdb\x89\x59\xf7\x3b\x21\x5b\xe6\x57\
\xba\x1f\x77\x3d\x96\xdc\xe7\x31\xe5\xb9\x5d\x1d\x5f\x4e\x5c\x97\
\x0b\x23\x4b\x2f\xa2\x61\x65\x84\x32\x2c\x8b\x13\xd1\x96\xb1\x5c\
\x85\x5f\x96\xcf\xb2\x91\xbe\xbc\xde\x41\x94\x75\xe0\xdc\x46\x19\
\x16\xa6\x5b\xb6\x41\xdb\x16\x91\x69\x27\xae\x97\x42\x49\xd8\xeb\
\xb0\xf1\x10\x52\xf4\x32\xca\x38\x43\x4e\xb6\x31\xc4\xe6\xc6\xc3\
\xee\x88\xab\x1c\xbf\x19\x4e\xdb\x2b\x61\xf8\xaa\x3b\xe6\xa0\x58\
\x45\xdb\x1d\xef\x67\xd6\x4a\x62\x9c\x6b\xec\xc6\x72\x2a\x63\x2b\
\x75\x17\xc6\xf1\x1f\x45\x41\xef\xca\x7c\x06\xc5\x7b\x1a\xd4\x36\
\xf4\x24\x3d\xce\x87\x79\xd8\x71\xe5\xb6\xae\x29\xa4\x9b\x87\x65\
\x31\xcd\x28\x65\xb7\x1d\xcc\x53\x49\x2c\x1b\xdb\xfd\x9c\xad\x13\
\x6b\xe1\xdd\xa4\xc6\x76\x48\x67\x4f\xc7\xb8\x40\xec\x43\x39\xe8\
\x65\xe1\x22\x2a\x30\x9e\x0f\x13\x4c\x86\x6b\x40\x69\x30\xfc\xed\
\xc6\x2a\xc2\xeb\x82\xde\x0d\xac\x42\xbc\x1f\x7d\xdb\xed\x3d\x31\
\x9a\xe2\x9a\x4b\xaf\x16\x6c\xd1\xc6\x72\xc2\x6e\x5c\xc6\x56\x42\
\xa1\x7a\x3c\x38\xe9\x68\x7c\x24\x8e\x53\x08\xbb\x3e\x42\xd8\x87\
\x4f\xbd\xee\x93\xc6\x6f\x32\xae\x92\x02\xc2\xba\xa7\x4c\x65\x7b\
\xb8\xce\x81\x51\xa0\xbd\x52\xd7\x4a\x38\x39\x6b\x6f\x92\xbc\xb9\
\x17\x54\x18\xb4\xb5\xf1\x9c\xbc\xc6\xb0\x58\x2c\x92\xf2\x0e\xc3\
\x59\x0a\x25\x81\xc0\xe2\x41\x57\xb8\x8c\x5a\xe8\xa2\x49\xaa\x6b\
\x9a\x42\x60\x20\x48\x10\x54\x2e\xf8\x61\xc2\x09\xe1\x84\xe2\x40\
\xd8\x18\xa9\x74\x15\x26\xa2\x18\x0d\x20\x80\xa9\x07\xed\xba\x8c\
\xb0\x50\x16\xba\x0d\xaa\x08\xa9\x53\xae\xdb\x80\x7e\xd4\x95\xa3\
\x32\xb6\xd7\xec\xc1\xe4\x45\x7a\x82\xfc\x29\xa4\x69\x23\xea\x9d\
\x3a\x65\x22\xd1\xb6\x28\x71\x34\x48\x3b\xa0\xbc\x29\x17\xe7\x41\
\xc0\xd3\x1e\xba\x68\x62\x2e\x24\x2d\xdb\x74\x4b\x84\xb2\x73\x20\
\x1c\x4f\x7a\xd2\xaa\xd0\x22\x8c\x42\x98\x8e\xa5\x70\x81\x75\x01\
\x0c\x82\x41\x9f\xe9\xee\xfe\x3e\x79\x22\x70\xca\x58\x45\xe4\x8b\
\x90\xa2\xa7\x3c\x28\x96\xd0\x32\x51\xda\x6e\x15\xda\x8e\x08\xb8\
\x66\x46\x0b\xa5\xe0\x1f\x64\xa7\x1d\xc7\x6b\xa5\x66\x32\x40\x40\
\xfb\x0e\x8a\x41\x0a\x86\xfa\xf6\x78\xcf\x55\xc6\x8e\xd2\x36\xbe\
\xb7\x13\x6b\x0a\x13\x62\x4d\xf0\x7b\x0d\x28\x3e\x95\xd4\x38\xef\
\xbb\x08\x21\xd4\x59\x9a\x75\x12\xc6\x1f\x42\xb0\xeb\xc2\x67\x6f\
\x78\x5c\x41\xe0\xe4\x15\xc2\x63\x50\xac\x22\x63\x09\x91\xff\xc6\
\x0c\x5e\x8c\xb3\x9d\xe8\x1d\xc2\xe8\x8b\x3a\x72\x31\x90\xe6\x1c\
\xea\xc1\xc9\xb9\x92\xbd\x45\x6c\x25\x84\xbb\xf5\x3e\xa9\xd2\x34\
\x82\xab\xa1\x31\x46\xe1\x4a\x5e\xdb\x03\x0f\x94\x41\xb1\xa3\x4c\
\x57\x8b\x0d\x05\xb4\x2f\xd7\xc0\x28\x46\xd3\x64\xe2\x36\x85\xd0\
\x8f\x4b\xee\xd9\xbf\xff\xc8\x24\x07\xec\xb9\xfd\xf6\x66\xab\xf9\
\xc2\x17\xbe\xb0\xe9\x67\xcd\xf7\x3d\xf7\xdc\xd3\x6e\xfb\xee\x77\
\xbf\xdb\x7e\xfb\xae\x02\x85\xe0\x57\xbf\xfa\xd5\xf6\x9b\xff\x7b\
\xf6\xec\xd9\xdc\x66\x7c\x22\xf2\xe1\x58\x7e\x73\xfc\x93\x4f\x3e\
\xd9\xa6\x43\x28\xf2\x9f\xdf\xe4\xc9\xef\xad\x86\x09\xa6\x4f\xde\
\x79\xa7\xba\x9f\x89\xcd\x4b\xaf\xba\xaa\x19\x07\x5f\xf0\xc3\x07\
\x21\xcb\xf5\x50\x77\x40\x7d\x3c\xf2\xc8\x23\xed\x36\xeb\x8a\xdf\
\x9a\x86\x34\x39\x59\x77\xd4\x07\xdf\xa4\xe3\xbb\xac\xe3\x6e\x1e\
\xc0\xf7\x37\xbe\xf1\x8d\xe6\xb6\xdb\x6e\x6b\xd3\x82\x69\xcc\x53\
\xef\x11\xb6\x91\xae\xdb\x1e\xb6\x9d\x0e\x09\x28\x37\xca\x3f\xa8\
\xdd\x2d\x9b\xa3\x26\x8f\xe7\x1a\x5d\x39\x4b\x79\xb6\x93\xf3\xaf\
\xbc\xd2\x7c\xfc\xe6\x9b\xd5\xfd\xbb\x6e\xba\xa9\xd9\x79\xdd\x75\
\xcd\x2c\x41\xb9\x7f\xfb\xdb\xdf\xde\xf4\xf8\x5b\x04\x50\xda\x47\
\x8f\x1e\x6d\xdb\x7c\x12\x0c\x56\xe9\x3d\x2c\xae\x7c\x9e\x66\x12\
\x1c\xb3\x27\xf7\x8b\xf7\xea\x2a\x31\xea\xbe\x1b\x45\x62\x37\x2d\
\x18\xeb\x1c\xbb\xa9\x8b\xab\x69\x51\x56\x08\x08\xe3\xf0\x4c\x4a\
\xd7\x9d\x71\xbb\x98\x97\x77\x53\xd7\xcd\xd4\x6b\xf5\xb7\xde\x68\
\x2a\xcb\x6e\xb8\xf5\x41\x31\x8d\x46\xd5\x59\x37\x56\x92\xf1\x9f\
\xfc\xaf\x72\x77\x44\xae\xf9\xd3\x45\x7c\x3a\x9d\xd4\xce\xef\x31\
\x7a\x41\x79\x3d\x98\x49\xf5\x6c\xf4\x3c\x74\x20\x8c\xe1\xa4\x93\
\x8b\x79\x95\xa3\x65\xaf\xa5\x74\x8b\x75\x7f\xd7\x85\x58\x53\xeb\
\xde\x21\x71\x9a\x06\xd5\x41\x79\xce\xd2\x5c\x5b\x5e\xff\x56\x93\
\xd8\x4d\x61\x65\x31\x0a\x2d\x82\xc1\x05\x51\x7d\x58\xd5\x98\x3a\
\x82\x50\xc4\x2c\x67\xbc\x23\x43\x5b\x18\xfb\xa8\x7c\x5b\x9f\x8e\
\x05\x08\x2d\xd2\xfb\x62\x29\xea\xc8\x00\x7f\xc6\x66\x42\xd8\x0d\
\x52\xcc\x98\x03\xbb\xb1\x92\x10\xd2\x9a\x34\xf5\x5a\x63\x1b\x5e\
\x66\xae\x4f\xd8\xf8\x2c\xc2\x70\xe9\x14\x42\x0f\xde\x7d\x3a\x1e\
\x78\x4d\x3a\xaa\xf8\x76\x41\xcc\x87\x98\x12\x31\x45\x96\x1e\x72\
\xc2\xb9\xba\xd7\x42\xbd\xb8\x96\xc1\x55\xd2\x6c\xe3\x3c\x94\xdf\
\x3a\xe2\x58\xea\x86\xfc\x55\xa6\x7c\xbb\x8a\xbd\x8c\x2b\xc5\xb1\
\xe4\xc7\x36\x15\x06\xdb\xf1\xae\x64\x5b\xe9\x1a\x4e\xdd\xf3\x9f\
\xef\xbd\x9f\xbd\x1c\x6b\xd9\x48\xec\xa6\xb0\xd0\xf8\xb6\xbc\xbe\
\x0a\x62\x1d\x30\xc4\xbb\xc2\x98\x6f\x14\xeb\xa0\x3a\x43\x50\x22\
\xa8\xec\xa5\x23\xb4\xcb\xf7\x9c\xeb\x26\x4e\x3e\xbe\x14\xaa\xcb\
\xa0\x58\x49\x65\xfe\x0a\x56\xe7\xb1\x28\x07\xe7\x44\x80\x97\x71\
\x9c\x9c\x17\x33\xa6\x12\xfb\xec\x71\x2b\xa8\x39\x8e\xfc\xca\x72\
\x70\x6d\xc0\xbe\x32\x3c\x06\xc7\x77\xaf\x05\x8c\x61\x25\xdc\x53\
\x2a\x03\xcb\x57\x62\xcc\x26\x14\x93\x6f\x68\xd4\xb5\x9a\x72\xb0\
\xcd\x37\x39\x52\x06\xeb\xc0\x80\x86\x8c\x90\xf8\x94\x0a\xcc\x3a\
\x58\x46\xa2\x24\x42\x58\x72\x5c\x07\xa3\x27\x19\xff\x11\xc8\x83\
\x94\x44\xb9\xe0\x50\x65\xe0\x36\xa3\xc1\x22\x6c\xf9\x46\xf8\xf9\
\x2e\xf3\x92\x51\xb1\x92\xdc\x5e\x7a\xd8\x0d\x4a\x5b\x9e\xdb\x98\
\x4a\x82\x17\x5b\x99\xae\x04\xe7\x86\xae\x19\x47\x5c\x2b\xe5\xb5\
\x40\xf7\xad\x8a\x28\x24\xc3\x92\x0c\xaa\xa3\x72\xed\x4f\xb7\x0c\
\x8c\x14\x7c\xd3\x61\xf7\xba\x86\xcd\x89\x2c\xf3\xa2\xc1\x28\x89\
\x10\x56\x00\x04\x97\xa1\xbc\x11\x7c\x83\xde\x05\x3e\x08\x7b\xf0\
\xae\x55\x71\x04\xc1\x7f\x7e\x23\x00\x11\xa6\xa5\x27\x99\xef\x0d\
\xc7\x54\x43\x8f\xba\x84\x74\x98\x82\x9c\x3b\x00\xf2\x25\x2d\x9f\
\xd2\x74\xa5\x13\x83\xe7\x2e\x85\x3f\xe9\x8c\xe7\x84\x90\x77\x91\
\xab\xd7\x6a\x98\x97\xb2\x5c\x8c\x6e\x50\x6a\xe6\x57\x43\xa5\x4a\
\xcf\x7f\xdc\x88\xb3\x94\x85\x7c\xb9\x6e\xea\xc4\x45\xa5\x5e\x97\
\xd7\xa3\x19\x8a\xb2\xf5\x71\xcd\x5f\x44\x32\x71\xbd\x60\xac\xd3\
\xc4\xb5\x71\xfb\xcb\x95\xed\x3e\xf4\x7d\xde\x0c\xc6\x43\x69\x40\
\xb7\x45\x64\x9e\x61\x39\xca\x78\x4b\xe5\x44\x76\x19\x8f\xa8\x9c\
\x9c\xed\xc6\x34\x82\x5a\x5c\x27\x84\xb2\x36\x75\xe9\xc6\x4a\x22\
\xad\x2b\xeb\xcb\x78\x46\x2e\xce\x34\xa8\x5e\xb7\x4c\xdd\x73\x0d\
\xba\x26\xf7\x95\xd7\x55\xc6\x4d\x2a\x5f\xa6\x54\xc6\x87\xf2\xff\
\xde\xbd\x17\xbf\x9d\xae\xcc\xab\xac\x8f\x72\xa2\xbc\x0c\xed\xe2\
\xf9\xca\x09\x79\xcb\xc6\xa8\x07\xc5\xe9\x5b\xfb\x6a\xf1\xa6\xb6\
\xcb\x71\x62\x2d\x62\x37\xad\x13\xb3\x54\x12\xe5\x04\x9a\x43\xfb\
\xb2\x77\x53\xc6\x41\xea\x4e\x02\x8e\xb3\x6d\x9c\xb8\x50\xb5\x78\
\x4c\xe0\x62\x3b\xc3\xad\xf0\xd0\x19\x19\xd4\x87\x6b\x58\x2c\xa7\
\xee\x39\xa0\x1b\x9e\xa5\xb6\xd8\x6f\x3b\x58\xd6\xd8\x4d\xe5\x9b\
\xe8\x6a\x74\x43\xe3\x88\x4a\x62\xd5\x42\xa3\xa0\x08\x18\x41\xb8\
\x1e\x48\x33\xdd\x22\x12\xef\xa6\x50\xc5\x78\x46\xf6\xa8\x10\xc6\
\xfc\xc7\x44\xa0\x77\x8b\x69\xf4\x20\xf1\x6d\x63\xf6\x2e\xe9\x21\
\xb9\x28\xaf\xf4\x34\xc1\x94\xa1\xb7\x8c\x93\x75\x08\x78\x20\x0d\
\xbd\x79\x7b\xf6\x7b\x47\xc4\x63\x12\x27\x1a\x9d\x80\x34\x7f\xf2\
\x31\x8a\x6f\x59\x8e\x41\xdb\xc4\xb2\x70\x5e\xd2\x65\xe2\xbb\x3f\
\xe3\x78\x87\xd5\xc2\xe5\xf8\xea\xd0\x55\xc3\x89\x68\x5f\x56\xb4\
\xca\xf7\x57\x94\xc4\x8a\xa3\x5b\x21\x8a\x81\x8f\x36\x61\x84\x3a\
\xe6\x1e\x05\xbc\x3d\x41\x6c\xda\xf4\xf0\x19\x3a\x3b\xa4\xd6\xd3\
\x04\x05\xc2\x31\x08\x71\xc2\x6a\x20\x94\x4b\x53\x91\xde\x32\xec\
\x23\x3d\xca\xa6\x8c\xc7\xc4\xa8\x81\xbc\xb1\x17\x53\x0e\xe3\x31\
\x89\x91\x7a\xc9\x1f\xc1\x4f\xde\xfc\x27\x1d\x65\x37\x0e\x94\x2e\
\x8b\xbe\x9c\xc6\x6d\x94\xd3\x95\xd5\xdd\xb2\x84\xf9\x62\x30\xc5\
\x2e\xab\x2c\x3c\x5d\x70\xba\xea\x64\xe2\x7a\xc5\x19\xe4\xa9\x61\
\x2f\xbe\x9c\x28\x2c\x29\x3d\x60\x10\xc2\xd8\x5c\x7d\xf7\x2f\xc7\
\xd8\x73\x42\xf9\x20\xf4\x11\xd6\xbe\xef\xc3\xd1\x83\xef\x0b\x2e\
\xe3\x31\xa1\x80\xd8\xa6\x37\xc8\x30\xe1\x4d\x1a\xbd\x52\x1c\x4d\
\xe0\x01\xe3\x31\x2a\xa9\x6e\x79\xa5\x5b\x96\x10\x42\x3f\x32\x92\
\x58\x71\xe8\x4d\xd3\x5b\x47\x68\xd2\x43\x2f\x6d\xc6\xf4\xf2\xe9\
\x91\xfb\xf2\x7b\x03\xe3\x81\xdb\xb0\xb5\x62\x5e\x72\x51\x90\xc3\
\x6b\xf2\xe4\x58\x7a\x52\xfa\xd6\xf3\xbb\xec\x39\x92\x0e\xcf\x18\
\x04\x3a\xe7\x67\x24\x62\x3c\x26\xdf\xf2\x55\x53\x14\xe4\x43\xd9\
\x49\xe3\xcb\x69\x50\x02\x96\xcb\xeb\x21\x6f\x46\x0f\x4e\x2c\x42\
\x59\x96\x55\x34\x75\x84\xb0\x95\x44\x49\xac\x38\x9a\x5c\xec\xfd\
\x6f\x74\x5e\xce\xe3\x3c\x81\x31\x8f\x60\xd8\xb6\xd2\xfe\x8a\xad\
\x9f\x6d\x86\x23\x1f\x94\x46\x8f\x11\x5f\x62\xe4\x2a\x6a\x4d\x55\
\x1b\x45\x20\xc5\xd2\xae\x4d\x3a\x57\xb8\x96\xf9\x0d\xb2\x03\x63\
\x2e\xd3\x73\x47\xcf\x92\x41\x65\x09\x21\x4c\x4e\xbc\x9b\x16\x8c\
\x59\x7a\x37\xd1\xc3\x76\xe2\x39\x6c\x3f\x79\x33\x5d\xd8\x0e\xe2\
\xdd\x14\xaa\x60\xde\xc9\xa4\x6d\x08\x61\x1a\xa2\x24\x56\x98\x98\
\x59\x42\x08\xd3\x12\xef\xa6\x10\x42\x08\x55\xa2\x24\x42\x08\x21\
\x54\x89\x92\x08\x21\x84\x50\x25\x4a\x22\x84\x10\x56\x98\x4f\x3f\
\xfa\xa8\x99\x86\x89\x95\xc4\xb4\x27\x0c\xc3\xf9\xf4\xc3\x0f\x87\
\xee\x1f\xf6\xfe\xeb\xb0\xd8\x7c\xf2\xee\xbb\xc3\xf7\xa7\x6d\xc3\
\x1c\xd8\x72\x25\xf1\xfe\xa9\x53\x4d\x98\x0f\x08\x89\x51\x2f\x2c\
\xe7\xa5\xe6\x61\xf9\xa0\x6d\x87\xad\x7f\x81\x0f\x7f\xff\xfb\x26\
\x84\x59\x32\xce\x7d\x37\x8a\x89\x95\xc4\x7b\x27\x4f\xa6\xc7\x33\
\x27\xfe\xf2\xd4\x53\x23\xd3\xa0\x24\xa6\x6d\xf4\xb0\xf5\xbc\x57\
\xbc\x34\xa7\x06\xed\x3a\x4e\xba\x10\xc6\x65\x1c\x99\x32\x8a\x4b\
\xee\xd9\xbf\xff\xc8\x24\x07\x30\x74\x41\x50\xed\xba\xe9\xa6\xe6\
\x92\xcb\x2f\x6f\xc2\xf4\x50\xa7\x7f\xfe\x8f\xff\x68\xce\x8d\x19\
\x88\x8e\xfa\xff\xe7\x2f\x7e\xb1\xd9\x79\xed\xb5\x4d\x58\x6c\x68\
\xdb\xff\x7b\xfc\xf8\xd8\xc2\xff\xbf\x7f\xf7\x3b\xde\xe5\xb9\x32\
\x2f\x96\x0a\xdb\xc3\xa4\x32\x65\x18\x13\x87\xe5\x28\x41\x51\x44\
\x50\x4d\x07\x76\xea\xf3\xbf\xf9\x4d\x2f\xbb\x21\x82\xe4\xf2\xeb\
\xaf\x6f\xc2\x62\x42\x9b\x62\x9e\xed\xd3\xb6\x97\x5e\x75\x55\xfb\
\x6c\xe5\xf9\x0a\x93\x32\x8d\x4c\x19\xc4\x54\x4a\x22\x84\x10\xc2\
\x6a\x13\x17\xd8\x10\x42\x08\x55\xa2\x24\x42\x08\x21\x54\x89\x92\
\x08\x21\x84\x50\x25\x4a\x22\x84\x10\x42\x95\x28\x89\x10\x42\x08\
\x55\xa2\x24\x42\x08\x21\x54\x89\x92\x08\x21\x84\x50\x25\x4a\x22\
\x84\x10\x42\x95\x28\x89\x10\x42\x08\x55\xa2\x24\x42\x08\x21\x54\
\x89\x92\x08\x21\x84\x50\x25\x4a\x22\x84\x10\x42\x95\x28\x89\x10\
\x42\x08\x55\xa2\x24\x42\x08\x21\x54\x89\x92\x08\x21\x84\x50\x25\
\x4a\x22\x84\x10\x42\x95\x28\x89\x10\x42\x08\x55\xa2\x24\x42\x08\
\x21\x54\x89\x92\x08\x21\x84\x50\x25\x4a\x22\x84\x10\x42\x95\x28\
\x89\x10\x42\x08\x55\xa2\x24\x42\x08\x21\x54\x89\x92\x08\x21\x84\
\x50\x25\x4a\x22\x84\x10\x42\x95\x28\x89\x10\x42\x08\x55\xa2\x24\
\x42\x08\x21\x54\x89\x92\x08\x21\x84\x50\x25\x4a\x22\x84\x10\x42\
\x95\x28\x89\x10\x42\x08\x55\xa2\x24\x42\x08\x21\x54\x89\x92\x08\
\x21\x84\x50\x25\x4a\x22\x84\x10\x42\x95\x28\x89\x10\x42\x08\x55\
\xa2\x24\x42\x08\x21\x54\x89\x92\x08\x21\x84\x50\x25\x4a\x22\x84\
\x10\x42\x95\x28\x89\x10\x42\x08\x55\xa2\x24\x42\x08\x21\x54\xf9\
\xff\x5b\x19\xd3\x0b\xa2\x9c\xe8\x6d\x00\x00\x00\x00\x49\x45\x4e\
\x44\xae\x42\x60\x82\
"

qt_resource_name = b"\
\x00\x03\
\x00\x00\x70\x37\
\x00\x69\
\x00\x6d\x00\x67\
\x00\x06\
\x06\x7f\x57\x47\
\x00\x61\
\x00\x6c\x00\x2e\x00\x70\x00\x6e\x00\x67\
"

qt_resource_struct_v1 = b"\
\x00\x00\x00\x00\x00\x02\x00\x00\x00\x01\x00\x00\x00\x01\
\x00\x00\x00\x00\x00\x02\x00\x00\x00\x01\x00\x00\x00\x02\
\x00\x00\x00\x0c\x00\x00\x00\x00\x00\x01\x00\x00\x00\x00\
"

qt_resource_struct_v2 = b"\
\x00\x00\x00\x00\x00\x02\x00\x00\x00\x01\x00\x00\x00\x01\
\x00\x00\x00\x00\x00\x00\x00\x00\
\x00\x00\x00\x00\x00\x02\x00\x00\x00\x01\x00\x00\x00\x02\
\x00\x00\x00\x00\x00\x00\x00\x00\
\x00\x00\x00\x0c\x00\x00\x00\x00\x00\x01\x00\x00\x00\x00\
\x00\x00\x01\x94\xd1\xf2\x23\xd5\
"

qt_version = [int(v) for v in QtCore.qVersion().split('.')]
if qt_version < [5, 8, 0]:
    rcc_version = 1
    qt_resource_struct = qt_resource_struct_v1
else:
    rcc_version = 2
    qt_resource_struct = qt_resource_struct_v2

def qInitResources():
    QtCore.qRegisterResourceData(rcc_version, qt_resource_struct, qt_resource_name, qt_resource_data)

def qCleanupResources():
    QtCore.qUnregisterResourceData(rcc_version, qt_resource_struct, qt_resource_name, qt_resource_data)

qInitResources()
