# -*- coding: utf-8 -*-

# Resource object code
#
# Created by: The Resource Compiler for PyQt5 (Qt v5.15.2)
#
# WARNING! All changes made in this file will be lost!

from PyQt5 import QtCore

qt_resource_data = b"\
\x00\x02\x05\xe7\
\x89\
\x50\x4e\x47\x0d\x0a\x1a\x0a\x00\x00\x00\x0d\x49\x48\x44\x52\x00\
\x00\x01\x89\x00\x00\x09\x3e\x08\x06\x00\x00\x00\x4b\xfd\xa2\x17\
\x00\x00\x00\x09\x70\x48\x59\x73\x00\x00\x0b\x13\x00\x00\x0b\x13\
\x01\x00\x9a\x9c\x18\x00\x00\x00\x01\x73\x52\x47\x42\x00\xae\xce\
\x1c\xe9\x00\x00\x00\x04\x67\x41\x4d\x41\x00\x00\xb1\x8f\x0b\xfc\
\x61\x05\x00\x02\x05\x7c\x49\x44\x41\x54\x78\x01\xec\xbd\x6d\xac\
\x5d\xd7\x79\xdf\xb9\xaf\x44\xc5\x96\x8b\x9a\xd4\xd8\xa9\xed\x3a\
\xb1\x2e\xd3\x19\x58\x02\xda\x92\x9c\x0f\x96\x83\x22\x21\x59\x14\
\xb0\x0c\xb4\x43\x2a\xf3\xc1\x02\xd2\x82\x22\xda\xc6\x06\x5a\x97\
\xe2\x87\x89\x6d\xa4\x00\x49\xa0\x19\x3b\xe9\x07\x92\x72\x8b\x44\
\x9d\x29\x48\x22\x0d\x60\x0d\x30\x21\x89\x74\xa6\x11\x50\x0c\x2f\
\x53\x14\x63\xf9\x0b\xc9\x24\x80\x25\xcc\xc4\xbc\x52\x9a\x89\x3d\
\x71\x87\xa4\x83\xca\x56\xf4\x72\xe7\xfc\xb6\xef\xff\xfa\xb9\x8f\
\xd6\xda\x67\x9f\x73\xcf\xdb\xbd\xfc\xff\x80\x83\x73\xce\xde\xeb\
\xe5\x59\xaf\xcf\x7a\xd9\x7b\x3d\x4b\xaf\x5f\x79\x6e\xad\x31\xc6\
\x18\x63\x0a\x3c\xd0\x18\x63\x8c\x31\x15\xac\x24\x8c\x31\xc6\x54\
\xb1\x92\x30\xc6\x18\x53\xc5\x4a\xc2\x18\x63\x4c\x15\x2b\x09\x63\
\x8c\x31\x55\xac\x24\x8c\x31\xc6\x54\xb1\x92\x30\xc6\x18\x53\xc5\
\x4a\xc2\x18\x63\x4c\x15\x2b\x09\x63\x8c\x31\x55\xac\x24\x8c\x31\
\xc6\x54\xb1\x92\x30\xc6\x18\x53\xc5\x4a\xc2\x18\x63\x4c\x15\x2b\
\x09\x63\x8c\x31\x55\xac\x24\x8c\x31\xc6\x54\xb1\x92\x30\xc6\x18\
\x53\xc5\x4a\xc2\x18\x63\x4c\x15\x2b\x09\x63\x8c\x31\x55\xac\x24\
\x8c\x31\xc6\x54\xb1\x92\x30\xc6\x18\x53\xc5\x4a\xc2\x18\x63\x4c\
\x15\x2b\x09\x63\x8c\x31\x55\xac\x24\x8c\x31\xc6\x54\xb1\x92\x30\
\xc6\x18\x53\xc5\x4a\xc2\x18\x63\x4c\x15\x2b\x09\x63\x8c\x31\x55\
\xac\x24\x8c\x31\xc6\x54\xb1\x92\x30\xc6\x18\x53\xc5\x4a\xc2\x18\
\x63\x4c\x15\x2b\x09\x63\x8c\x31\x55\xac\x24\x8c\x31\xc6\x54\xb1\
\x92\x30\xc6\x18\x53\xc5\x4a\xc2\x18\x63\x4c\x15\x2b\x09\x63\x8c\
\x31\x55\xac\x24\x8c\x31\xc6\x54\xb1\x92\x30\xc6\x18\x53\xc5\x4a\
\xc2\x18\x63\x4c\x15\x2b\x09\x63\x8c\x31\x55\xac\x24\x8c\x31\xc6\
\x54\xb1\x92\x30\xc6\x18\x53\xc5\x4a\xc2\x18\x63\x4c\x15\x2b\x09\
\x63\x8c\x31\x55\xac\x24\x8c\x31\xc6\x54\xb1\x92\x30\xc6\x18\x53\
\xc5\x4a\xc2\x18\x63\x4c\x15\x2b\x09\x63\x8c\x31\x55\xac\x24\x8c\
\x31\xc6\x54\xb1\x92\x30\xc6\x18\x53\xc5\x4a\xc2\x18\x63\x4c\x15\
\x2b\x09\x63\x8c\x31\x55\xac\x24\x8c\x31\xc6\x54\x59\x78\x25\xf1\
\x1b\xff\xc7\x4b\xcd\x5f\xfe\xf9\x2f\x34\xff\xe2\xb7\x57\x1a\x63\
\x8c\x31\xb3\x65\xa1\x95\xc4\xef\xdd\xfe\x4f\xcd\x67\x9f\xfb\xcd\
\xe6\xee\x7f\xf9\x7e\xf3\xdb\x2f\xfd\x5e\x63\x8c\x31\x66\xb6\x2c\
\xac\x92\x78\xf5\xff\xfd\xcf\xcd\x67\xbe\xfc\x3f\x6f\xfc\xff\xe7\
\x7f\xff\xbf\x6f\x8c\x31\xc6\xcc\x96\x85\x54\x12\x28\x88\x27\xff\
\xe9\x57\x07\xdf\xff\x5f\xfb\xff\x57\xff\xfe\xcf\x35\x7f\x7d\xef\
\x47\x1b\xb3\x7d\xf8\xdd\x3f\xf8\xbf\x9a\x5f\x78\xee\xdf\x34\xff\
\x66\xb0\x5c\x68\xa6\x03\xed\x84\x3c\xfe\xe5\xaf\xfd\xef\x8d\x31\
\xd3\x62\x57\xb3\x80\x30\x83\x90\x82\xf8\xa5\xa7\x3f\xdd\xfc\xe3\
\xbf\x73\xa8\x31\xd3\xe3\xee\x7f\x79\xbd\xb9\x37\x58\xd2\x83\x47\
\xff\xd2\x07\x8a\x6e\xe8\xec\x7f\x63\xbd\xc3\xa7\x3c\xfe\xce\x13\
\x7f\xbd\x1a\x1e\x61\xa1\xe4\x7f\xe8\xef\x1b\xcd\xc7\xfe\xd2\x7f\
\xd5\xfc\xec\x5f\xfd\x6f\x9a\x69\x43\xa7\x09\xbb\xff\xc2\xc3\xcd\
\x9e\xbf\xf0\xbe\x66\xa7\xf3\xf4\xa0\x9d\xdc\xba\xfd\xc7\xed\xef\
\xdd\x83\xf4\xba\x9d\x98\x69\xb0\x70\x4a\xe2\x17\xff\xf5\x6f\x0d\
\xf6\x22\x7e\x58\xf1\xff\xd1\xa0\xd2\xa3\x24\xcc\x74\x60\xcf\xe7\
\x7f\x18\xe4\xf7\x7f\xf8\x83\xff\x7b\xd3\xf5\xbf\xfb\x37\x3f\xd1\
\xe6\x7b\x54\x18\x28\x6d\xb9\xfb\x7b\x7f\xf3\x89\xa1\x61\xd3\x51\
\x4b\xf1\x4c\x13\x66\x2c\xbf\xfc\xb5\x7f\xd7\xfc\xfe\xa0\xce\xdc\
\x0d\xf1\x31\xf3\xa4\xd3\xfc\xbb\x3d\x64\x5d\x14\x1e\xff\x85\xd3\
\x1b\x83\xa3\x2e\xfe\xd5\x3f\xf9\xf9\x36\x5d\xef\x1f\xe4\xb1\xd8\
\x1d\x7e\x1b\x33\x49\x16\x4a\x49\xd0\xd8\xf5\x14\xd3\x5f\x1b\x34\
\xf2\x7f\x3e\x58\x66\x32\xd3\x41\x4b\x7a\x77\x0b\x1d\x39\xa3\x7f\
\x14\xc2\xef\xfc\xb3\xcf\x57\x67\x16\x5d\xd0\x61\x7d\xfd\xec\x0f\
\x9f\x48\xa3\xb3\x9e\xd6\x2c\x82\xfa\xc2\xa7\x04\x03\x8d\x5f\x78\
\xee\x37\x5b\x19\x7e\xe7\x9f\xfd\x93\xc1\xcc\x62\xe7\x75\xa2\xff\
\xea\x9f\xfc\xdd\x36\x7d\xa4\xed\xef\x6d\x23\x65\x68\xb6\x17\x0b\
\xa3\x24\xa8\xec\x6a\xf0\x2c\x4f\xfc\x2f\x5f\xfa\x87\x8d\x99\x1e\
\xbf\xb0\xfe\xd4\x18\x30\x63\xfb\xc7\x7f\xe7\x60\x3b\x8a\xe5\xfa\
\x6b\x83\x6f\x7e\xff\xf2\xd7\x7e\xa7\x1d\xb5\x0e\x43\xcb\x3c\xf0\
\xa3\xa5\x9e\xb5\x36\xcc\x48\x5c\xd6\x92\x3b\xae\x11\x17\xd7\x47\
\x51\x26\x59\x41\xfc\xcc\x5f\xfd\xaf\xdb\x25\x30\x3a\xcc\xdf\x1d\
\x28\x38\xed\x85\xa0\x2c\x3e\xf3\xe5\xff\xa9\x79\x71\xa0\x28\x6a\
\xb2\x13\x3f\xf2\xec\xdb\xfb\x13\x1b\xd7\x84\x94\x64\x97\xec\xf2\
\x57\x0a\x17\xfa\xa6\xeb\xf9\x90\xd7\xc4\xa5\x07\x37\x7e\x66\xe0\
\xff\x97\x9e\x7e\x72\xe3\xde\x5f\x5f\x8f\x6f\xf7\x5f\x78\xef\xbb\
\xf2\x38\xca\x1f\x97\xdd\x6e\x0d\x66\x8d\x84\x19\xd3\x59\x43\x6e\
\x47\x91\xdd\xec\x5c\x16\x42\x49\xb0\xec\xc1\x32\x13\xa0\x20\x68\
\xd0\x8f\x0e\xbe\xcd\xf4\x88\x4b\x4c\x9a\xb1\xd1\x21\xa2\x14\x78\
\xec\x18\x62\x67\x59\x23\x76\xd6\x74\x40\x94\xdd\x9e\xbd\xef\x6b\
\x95\x8d\xe2\x78\xfd\xca\x73\xed\x37\x1d\xb6\xf6\x2a\x58\x2e\xa1\
\x8c\xff\xe5\x60\x70\x20\x65\x45\x07\xdf\x67\x89\x11\xb9\xa2\x82\
\xa0\x73\x8d\x23\x69\xc2\x26\x8c\x4f\x9e\xfc\x95\xb6\xb3\xfb\x0f\
\xeb\x4a\x23\x2e\x3d\xf1\x48\x35\x75\x2e\x2e\xef\x20\x0f\xb3\x27\
\x3d\x34\xc1\xff\x6f\xfe\xab\xd3\xed\xbd\x7f\xfb\xd2\xef\xb7\x69\
\x02\xc2\x26\xad\xff\xe3\x40\x06\xbe\xe5\x06\x18\xec\x70\x3d\xce\
\xd0\x08\x47\x32\x75\x11\x3b\xe4\x2c\x57\xa9\xb3\xfe\xc5\x7f\x7d\
\x79\x43\x19\x22\xb7\xdc\x3c\xfe\x0b\x67\xda\x6f\x14\x27\x71\x52\
\x9e\xa5\x74\xe6\x59\xe2\x56\x64\x37\x3b\x97\xb9\x2b\x89\xfc\xa8\
\x2b\x33\x08\x2b\x88\xe9\x13\xf7\x0c\x28\x03\x75\x18\x74\x34\xb1\
\xd3\xeb\x02\xe5\x9e\x3b\xeb\xbe\x4f\xa1\xfd\xdb\x41\x27\x9d\x97\
\xba\xf8\xff\xcb\xeb\x1d\x6f\xd7\x26\xec\xbf\xfc\xed\xeb\x1b\xbf\
\xe9\xbc\x4a\x4b\x2d\xd4\xa1\x17\x06\x75\xe9\xb5\x75\x45\xf7\xb1\
\xd0\x21\xa2\x20\x62\x9d\x13\x74\xa4\x9f\x3c\xf9\xab\xcd\x30\xe8\
\x98\xd5\xe9\xc6\xbd\x00\x94\x4e\xe9\xa5\xcf\x1f\xce\xca\xfe\x5d\
\xbb\x7f\x52\x9b\xd1\x4c\x03\xe2\x95\x52\xce\xd7\x49\x27\x8a\x42\
\xb3\x0a\xd2\xa4\x81\x5a\x76\xdb\xa7\x4c\xcc\xce\x65\xae\x8f\xc0\
\xfa\x51\xd7\xf9\x11\xf3\x99\x0e\x83\x47\x29\xe9\xc4\xfa\x92\x95\
\x3b\x9d\xf5\x7f\xd7\xf1\xc4\x53\x06\x85\xc0\xac\xe1\xeb\x67\x7f\
\xb1\xfd\xc4\x91\xea\x2f\xa7\xd1\x6c\x86\xe5\x10\xf1\xb7\x3b\xe2\
\xfc\xd9\xc1\x48\x9a\x51\x30\x1f\x7e\x03\x8a\x31\x76\x86\x8c\xb6\
\x5f\xf8\xd2\x3f\x68\x3b\x4c\x3a\x41\xee\x0f\xdb\x70\xd7\xf2\x14\
\x79\xf8\x33\xeb\xe1\xd2\xc9\x4a\x41\x7c\x6c\x7d\xa4\xce\x0c\x8a\
\xb4\x29\xaf\x99\xd1\xcc\xf2\xe4\x80\xd7\xd6\xe5\x24\x6f\x91\x87\
\x74\x7e\x6c\x7d\x00\x96\xf3\xe1\x37\xc2\xa3\xca\xff\xe7\x40\x66\
\x64\x67\xb0\x20\x25\xf8\x2f\x7d\xe2\xc1\x7d\xcb\x5c\x67\x12\x7e\
\xd4\x75\x7e\xb0\xe9\xf9\xa9\x7f\xfa\x5c\xdb\x91\xd0\x61\xb0\x59\
\xcd\x87\x11\xb8\x96\x29\xba\x36\xad\x73\xd9\x8d\xba\x1c\x41\x67\
\x15\x1f\x4c\x60\x9d\x1d\x25\x45\x47\x8a\x3c\x84\xbd\xa7\x32\x60\
\x78\x2d\x2c\x9d\xec\x1b\x71\x50\xc1\x2c\x42\x72\x6b\x69\x53\x30\
\x8b\xe2\x5a\x69\x44\x9d\x65\xcf\x4b\xa2\xf1\x44\x80\x78\x8f\x74\
\xf1\xff\xb1\x5f\x38\xdd\xa6\x0b\x77\xb3\xac\xe7\x0c\xbc\xe2\x4c\
\x8b\x34\x3e\x31\x58\x86\x7b\x6d\xfd\x69\x35\xf2\x9c\x6b\xdf\xdb\
\xb4\xdf\xf2\x43\xc5\x90\x67\x63\xe6\xfe\x64\x6e\x4a\x22\x3e\xea\
\x0a\x8c\xc4\x26\xfd\xe2\x15\x15\x9e\x25\x90\x61\x1b\x75\xf7\x23\
\x74\x00\x2f\x0f\x46\x8a\xbf\xb1\x9e\xef\xda\x3f\xa0\x03\x7d\x75\
\xfd\xe9\xa6\xaf\x0d\x46\x9e\xa5\xbc\x63\x34\xac\xb2\x1b\x77\xbd\
\xba\xb4\xc6\xce\x35\xc9\xf1\xfb\x83\xd9\xc2\xbe\x29\xcc\x2a\x63\
\x9d\x2b\x3d\x3d\x47\x87\xca\x4c\xa6\x6b\x36\xc1\x06\x79\x5e\x12\
\xfd\xdd\x75\xb9\xa9\x73\x5d\x2f\xb7\xe5\xc7\x8d\xa7\x09\xca\x2c\
\x2f\xc5\xed\x5e\x7f\x12\x4a\xcb\x84\xe4\x07\xf9\xfe\xf3\x83\x6b\
\xb7\x06\x6d\x92\x74\xb3\xa7\xc1\x40\x81\x99\xe1\xdf\x7e\xe2\xaf\
\x6d\xcc\xc2\xcc\xfd\xc9\xdc\x94\x44\x9e\x76\xf7\x79\x3e\x7c\x1c\
\x58\xbf\xee\xf3\x84\xce\xfd\x0a\x1d\x06\x1f\x9d\x8f\x45\xe7\xa1\
\xa7\x9b\xd8\xf0\xe4\x51\xd6\x4c\xec\x68\x7f\x75\x0e\x8f\x29\x33\
\xd2\x7d\x75\xfd\xb7\x36\x98\xfb\x12\x97\xb1\x4a\xef\x16\x68\x24\
\xdd\xa5\x24\x4a\x8f\xd3\xca\xbd\x66\x65\x8b\x40\x2d\x5f\xe2\x75\
\xc9\xad\xa5\x36\x06\x0d\x9a\x65\xf0\xe1\x3d\x1a\x14\x06\x6d\x68\
\x9c\xc7\xa1\xcd\xf6\x67\x6e\x4a\x82\x4a\x19\x15\xc5\xb4\x36\xab\
\xfd\x54\x46\x3f\xf4\xac\x3d\xa3\x47\x2d\x8d\xfc\xde\xfa\x0b\x6a\
\xb9\x53\xe4\x1d\x96\xdf\x5f\x57\x14\xbf\xf8\xaf\xff\xd7\x76\xe9\
\x6a\x96\xb0\x0f\xa1\x37\x8d\x99\x05\xd5\xca\x98\x8d\x75\x29\x34\
\xbd\xf5\x1d\xd3\xa2\x51\x74\x44\x4b\x5d\xa3\x42\xfd\xd5\x5e\x05\
\x6b\xff\x8b\x40\x54\xe6\xb5\xeb\x51\x51\x6a\xd9\x90\x25\xa8\xdf\
\x7e\xe9\xf7\xdb\x41\x83\x14\x06\x4f\x76\xcd\x72\xd3\xdd\x2c\x0e\
\x73\x53\x12\x8c\x40\xd9\x80\xd4\xf4\xdb\x8f\xd9\xcd\x96\x8f\xfc\
\xfc\x17\x36\x46\x91\xff\xcf\x6f\xfe\xca\x46\xe7\x49\xa7\xb1\x3c\
\xe8\xf0\x6e\x55\x3a\x18\xf8\xfc\x40\xc1\xd3\x81\xd0\x91\x30\x6a\
\xc6\xef\xaf\xce\xf0\x00\x46\x0d\x30\xee\xad\x3f\x0d\x55\x5a\x56\
\xc9\x2f\x0b\xea\x1d\x04\x96\x4f\x34\x38\xd1\x63\xb1\x51\x71\x8c\
\xbb\xb1\xcc\xe6\xb4\xde\xf7\x80\xcd\x8f\xb3\xfe\xe7\x8d\xd9\xc5\
\xc7\x66\xf8\xe4\x1e\xb2\x90\x9e\xb8\x07\x82\x2c\x71\xff\xe4\x67\
\xd6\xe5\x8c\x8f\x31\xe3\x1e\xf9\x59\x8e\x63\xef\x09\xf7\xb4\xd3\
\x51\x67\x6d\x66\x67\x30\xd7\x8d\x6b\x1e\x77\xd5\x26\x9a\x1f\xb3\
\x9b\x2d\x74\x6a\x52\xd0\x3c\xd9\x44\xbe\x93\xff\xbf\x39\xe8\xcc\
\xa4\x20\x70\x53\x7b\x53\x99\xd9\x83\xca\xee\x5f\x0c\x96\xf4\x38\
\x3b\x68\x56\x4a\x5e\x4f\xec\x68\x83\x99\x65\x31\x3a\xb2\x83\x83\
\x8e\x8d\x7b\x0c\x3e\x48\x87\x14\x04\xcb\x25\x52\x22\xec\xb1\xd0\
\x51\x23\x37\x23\xea\x9f\x1e\xa4\x41\xef\x3d\x10\xc6\xb8\x4b\x45\
\xff\xa8\x55\x9c\xbf\xbf\x21\x0f\x61\x12\xaf\x96\xed\x34\x3b\x79\
\x7e\xc6\x4b\x9f\x3f\xdc\xfb\xfb\x4f\xad\x32\x64\xf6\x87\xd2\x90\
\x2c\xc8\xa7\x7d\x1f\xd2\x1e\x67\x18\xd4\x07\x14\xca\xef\x85\x27\
\xc9\x7c\xf4\xc7\xfd\xc9\x5c\x95\x84\x5e\xbe\xd2\x53\x36\x54\xe8\
\x69\x1e\xe3\x60\x7e\x44\x7c\xba\x89\x17\xc5\xfe\xed\x7a\x07\x27\
\x7e\xb8\x6c\x52\x7f\xeb\x5d\x65\xa7\x17\xd6\x66\xad\xe4\xb5\x86\
\xae\x11\x70\x29\x0d\xf0\xc3\x47\x5c\xff\xe1\x26\xb9\x59\x5f\xd7\
\xfb\x03\x7a\xcb\x5c\xa0\x40\xfa\x3c\x06\x9b\xf9\xd9\xf6\xad\xe8\
\x4f\xb7\xf2\xe4\x30\x05\x8a\x64\x96\xc7\x67\x28\x2d\x7a\x72\x2d\
\xf2\xc3\x7c\xf8\xd1\x32\x21\x33\x7b\xe5\x09\xed\x30\x3f\xe1\x85\
\xec\x3b\xf1\x68\x13\x33\x9c\xb9\x1f\x15\xfe\x68\x7b\x04\xc7\x3f\
\xd8\x18\xa5\xfc\xf0\xd1\x4a\x3f\x72\x37\x6d\x1e\x5d\x7f\x8c\x93\
\x11\x66\x1e\x21\xd2\xb1\xf6\x79\xeb\x9d\xfb\x71\xe3\x9a\x8e\x65\
\x96\xc6\xa1\xe8\x94\x79\x96\xbf\x96\x06\x46\xed\x2f\x16\xce\x6d\
\xd2\x0b\x83\xf9\x9d\x1c\xa5\x7b\xdc\xce\x10\x79\x4a\x2f\x14\xee\
\x6e\x97\xe3\x7e\x6e\xe6\x67\x91\x51\x3e\x3c\x78\x50\x4a\x27\xd7\
\x63\xf9\x2a\x4f\x7e\x26\x3d\xc9\xa4\x59\x9b\xcf\x51\xbb\x7f\x59\
\x7a\xfd\xca\x73\x6b\xcd\x02\xc0\x53\x15\x3a\x0e\xa2\x76\x6c\x80\
\x99\x1e\x3f\x3a\xef\xe7\x7d\xdb\x76\xc4\xa8\x34\x8c\x52\x6f\xee\
\xb6\xb3\x86\xd7\x27\x9e\x6e\x85\x3b\xaa\x3c\x93\xe0\x7d\x47\x7f\
\xb8\xc1\x2c\xa5\x17\xe5\xe9\x93\xce\x79\xca\x6e\x16\x8f\x85\x39\
\xe0\x8f\x69\xb8\xf6\x26\x98\xae\x33\xa3\xd8\xa9\xa7\x77\x2e\x22\
\x3b\xa1\x33\x18\x27\x0d\x7b\xc2\xcb\x63\x93\x64\x5a\xe1\x8e\xcb\
\x28\xf2\x2c\x9a\xec\x66\xbe\x2c\x94\x65\xba\xf8\xd6\x35\x9b\x68\
\x3c\x5e\x69\x8c\x31\x66\x7e\x2c\x9c\xf9\x52\xd6\x6e\x7f\x74\x1e\
\xce\x37\xaa\xf6\x02\x8c\x31\xc6\x4c\x9f\x85\xb4\x71\xcd\xa3\xb1\
\x7a\x9e\x3c\x1a\x22\x32\xc6\x18\x33\x5b\x16\x66\xe3\x3a\xc3\xbe\
\x84\x1e\xd1\x84\x78\x5e\xbe\x31\xa6\x8e\x4e\xf3\xdd\xd3\x9e\x54\
\xeb\x73\xcb\xcc\xd6\x58\xc8\x99\x04\xe4\x47\x63\xff\x45\xb0\x21\
\x60\x8c\xa9\xc3\x60\x8a\x8f\x15\x84\x99\x04\x0b\xab\x24\x80\x4a\
\xae\xe7\xf0\x7d\x12\xa5\x31\xc6\xcc\x9e\x85\x5d\x6e\x32\xc6\x18\
\x33\x7f\x16\x7a\x26\x61\x8c\x31\x66\xbe\x58\x49\x18\x63\x8c\xa9\
\x62\x25\x61\x8c\x31\xa6\x8a\x95\x84\x31\xc6\x98\x2a\x56\x12\xc6\
\x18\x63\xaa\x58\x49\x18\x63\x8c\xa9\x62\x25\x61\x8c\x31\xa6\x8a\
\x95\x84\x31\xc6\x98\x2a\x56\x12\xc6\x18\x63\xaa\x58\x49\x18\x63\
\x8c\xa9\x62\x25\x61\x8c\x31\xa6\x8a\x95\x84\x31\xc6\x98\x2a\x56\
\x12\xc6\x18\x63\xaa\x58\x49\x18\x63\x8c\xa9\x62\x25\x61\x8c\x31\
\xa6\x8a\x95\x84\x31\xc6\x98\x2a\x56\x12\xc6\x18\x63\xaa\x58\x49\
\x18\x63\x8c\xa9\x62\x25\x61\x8c\x31\xa6\x8a\x95\x84\x31\xc6\x98\
\x2a\x56\x12\xc6\x18\x63\xaa\x58\x49\x18\x63\x8c\xa9\x62\x25\x61\
\x8c\x31\xa6\x8a\x95\x84\x31\xc6\x98\x2a\x56\x12\xc6\x18\x63\xaa\
\x58\x49\x18\x63\x8c\xa9\x62\x25\x61\x8c\x31\xa6\xca\xae\x66\x8a\
\x3c\xf0\x81\x8f\x36\x0f\x3d\xf6\x44\xb3\xb4\xfb\x83\xcd\xd2\x43\
\xef\x69\x8c\x31\xc6\x4c\x96\x77\xbe\xfb\xc7\xcd\x5b\xaf\x7d\xb3\
\x79\xfb\x8f\xbe\xd9\x4c\x83\xa9\x29\x09\x94\xc3\xae\x8f\x7f\xa2\
\x31\xc6\x18\x33\x3d\x1e\xf8\xe0\x47\x9b\x1f\x1b\x7c\xde\x7a\xdf\
\xfb\x9b\x37\x5f\x79\xa9\x99\x34\x53\x59\x6e\x7a\xf0\x27\x1f\xb7\
\x82\x30\xc6\x98\x19\xb2\xeb\xb1\x4f\xb4\xab\x37\x93\x66\x2a\x4a\
\x62\xd7\xc7\x1e\x6f\x8c\x31\xc6\xcc\x16\x56\x70\x26\xcd\x54\x94\
\x04\xd3\x1f\x63\x8c\x31\xb3\x85\xfd\xdf\x49\xe3\xa7\x9b\x8c\x31\
\x66\x87\x30\x8d\x07\x84\xac\x24\x8c\x31\xc6\x54\xb1\x92\x30\xc6\
\x18\x53\xc5\x4a\xc2\x18\x63\x4c\x15\x2b\x09\x63\x8c\x31\x55\xac\
\x24\x8c\x31\xc6\x54\xb1\x92\x30\xc6\x18\x53\xc5\x4a\xc2\x18\x63\
\x4c\x15\x2b\x09\x63\x8c\x31\x55\xac\x24\x8c\x99\x30\x67\xce\x9c\
\x69\x9e\x7d\xf6\xd9\xe6\xee\xdd\xbb\x8d\x31\xdb\x1d\x2b\x09\xb3\
\x10\xd0\xa1\x5e\xbc\x78\xb1\xed\x60\xcf\x9f\x3f\xdf\xdc\xbc\x79\
\xf3\x5d\x6e\x8e\x1f\x3f\xde\x2c\x2d\x2d\x35\x97\x2e\x5d\x6a\x16\
\x15\xe4\x3e\x7d\xfa\x74\x9b\x86\x95\x95\x95\xc6\x98\xed\xce\x54\
\xed\x49\x18\xd3\x87\x93\x27\x4f\x36\xe7\xce\x9d\x7b\xd7\xf5\x67\
\x9e\x79\xa6\x39\x75\xea\x54\xb3\xbc\xbc\xdc\x6c\x17\xf6\xef\xdf\
\xdf\x1c\x3b\x76\xac\xb9\x77\xef\x5e\xfb\xdb\x98\xed\x8e\x95\x84\
\x99\x2b\x52\x10\x7b\xf6\xec\x69\x3b\x57\x3a\x56\x46\xe3\x57\xaf\
\x5e\x6d\x67\x16\xfc\xbe\x71\xe3\x46\x67\x18\xcc\x42\x34\x6a\xc7\
\x7f\x49\xa9\x64\x37\xc4\xa7\xd9\xca\xa1\x43\x87\xda\x6f\xdd\xe7\
\x3f\xf7\x56\x57\x57\x5b\x77\xba\x1f\xe1\x1e\xee\xb9\x9f\xe3\x44\
\xb9\x01\xf7\x80\xb0\x88\x5f\x4a\xe3\xca\x95\x2b\xad\xfb\x52\xb8\
\x92\x43\xee\x71\x17\xfd\x2b\x4c\x63\x66\x85\x95\x84\x99\x1b\x74\
\x86\x9a\x41\x5c\xbb\x76\x6d\xd3\xc8\x9b\x35\xfd\xa7\x9e\x7a\xaa\
\xed\x1c\xe9\x54\x8f\x1e\x3d\x5a\x0c\x83\xe5\x29\x96\x77\x22\x74\
\xd2\x67\xcf\x9e\xdd\xe8\x50\x59\xfa\xc1\x8d\xf6\x08\xd4\x41\xa3\
\x84\xf8\x7d\xfb\xf6\xed\xb6\xd3\x3f\x7c\xf8\xf0\x86\x7f\xee\x09\
\xdc\x5e\xbe\x7c\x79\x23\x3c\x96\xbd\xe2\x7d\xe0\x3f\x4a\x0e\x14\
\x0e\xe1\xe2\x87\x74\x10\x3e\x69\x90\x02\x90\x1c\xa4\x5b\x0a\x46\
\x32\xf0\x1d\xf3\x81\xf4\x73\x0d\xb7\x35\xc5\x62\xcc\xb4\xf0\x9e\
\x84\x99\x1b\xcc\x16\x80\xce\x33\x2f\xcd\xd0\x71\x32\x83\xa0\xa3\
\xad\x29\x08\x3a\x66\x3a\x7f\x3a\x62\x96\xa5\x50\x38\xf8\xd3\xde\
\x06\xd0\xb9\x6a\x13\x99\x0e\x16\xf7\x72\x53\x83\x8e\x1c\x77\xea\
\xf4\xf9\x8f\xa2\x91\xcc\x52\x2e\x17\x2e\x5c\xd8\x50\x50\x7d\x36\
\xaa\xe9\xec\x09\x53\x32\x20\x1b\x0a\x47\x48\x41\x90\x9e\x13\x27\
\x4e\xb4\x6e\x49\x53\x54\x1a\xc6\xcc\x1a\xcf\x24\xcc\xdc\xd0\x72\
\xcf\xb8\x6b\xf7\xea\xb8\xe9\xac\xa5\x48\x8e\x1c\x39\xd2\xec\xdd\
\xbb\xb7\xed\x5c\x51\x1c\xea\xc4\x89\x83\x91\x38\x70\x9d\xd9\x42\
\x6d\x03\x9c\x59\x83\x64\x22\x2c\xc2\xa0\x83\xc7\xdf\x9d\x3b\x77\
\xda\xeb\x9a\x8d\xf0\xbd\x6f\xdf\xbe\x5e\x4f\x32\x45\x79\x0e\x1e\
\x3c\xd8\x2a\x05\xcd\x2c\xb4\xbc\x05\x28\x47\xcd\x2e\x90\x53\x33\
\x13\x63\xe6\x81\x67\x12\x66\x6e\x6c\x75\x43\x5a\x4a\x86\x7d\x0d\
\x3a\x73\x3e\xb1\x43\xa5\xd3\x7d\xf5\xd5\x57\xdb\xdf\xda\x27\x10\
\x2c\x01\xd5\x88\x4a\x8b\xce\x1c\xa4\x04\x50\x46\xc8\x4d\xe7\xae\
\xf8\xd8\xa4\x46\x61\x0c\xdb\x2f\x88\x4b\x45\xf1\x37\x61\xdf\xba\
\x75\x6b\xe3\x7a\xcc\x97\x3e\xe1\x1a\x33\x4d\x3c\x93\x30\x73\x43\
\x9d\x31\x1d\x2e\xa3\xec\x8c\x36\x6c\xe9\x34\xbb\x14\x4a\x6d\x43\
\xb7\xab\x73\xdd\xbd\x7b\x77\x33\x0e\x84\xc9\x12\x18\x4b\x4e\x2c\
\x3d\x21\x3b\x0a\x48\xcb\x63\xe3\x76\xe8\x92\xc7\xef\x56\x98\x45\
\xc3\x33\x09\x33\x37\x58\x73\xa7\x53\xa5\xa3\xd5\x1e\x82\x60\x29\
\xe9\xc0\x81\x03\xef\xda\xc8\x8d\x68\x34\x4e\x38\x2c\x39\xf1\x61\
\x2d\x5f\x4a\x85\x8f\x14\x11\x9d\x7a\xec\x80\xb5\x54\x35\x2a\x2c\
\x3b\x21\x2b\x72\xb3\x2c\xc5\xf2\x13\x71\x20\x63\xe9\xdd\x8e\xbe\
\x48\x09\x12\x46\x0c\x07\x39\xad\x38\xcc\x3c\xf1\x4c\xc2\xcc\x0d\
\x6d\x38\xb3\x5c\xc4\x5a\x3d\x1d\x79\xee\x70\xb9\x5f\x7b\xa2\x07\
\x85\x80\x82\x61\xe9\x88\xd1\x3c\xa3\x71\xf6\x19\xe8\x54\x35\x33\
\xc1\x8d\x1e\xa5\x45\xe9\x10\x96\x1e\x5f\x1d\x57\x66\x6d\x96\x6b\
\x89\x48\x4a\x6c\x2b\xcb\x67\xc8\xc5\x07\xb9\x90\x93\x65\xad\xf8\
\xd8\xae\x31\xf3\xc2\x33\x09\x33\x57\x78\x2a\x48\x8f\xbf\xd2\xd9\
\x32\x52\xa7\x43\xa7\x13\xe6\x31\xd6\xfc\x78\x6b\x84\x8e\x14\x37\
\x7a\x5a\x49\xb3\x03\x14\x83\xfc\x71\x8f\x11\xbf\x9e\x26\xc2\x1d\
\xdf\xf8\x1b\x07\x3a\x72\x29\x20\xe2\x50\x3c\x92\x63\x2b\x30\x13\
\x62\xe3\x1d\x94\x0f\x93\x08\xd7\x98\xad\xb0\xf4\xfa\x95\xe7\xd6\
\x9a\x09\xf3\xf0\x91\xcf\x37\xc6\x8c\x0a\x23\xe7\xf8\x0e\x41\xed\
\x3e\x0a\x24\xaf\xfd\xeb\xc5\x36\xfc\xd5\xf6\x05\xe2\xcb\x6f\x90\
\x67\x00\xb5\x19\x41\xed\x7a\x2d\xce\x5a\xb8\x59\xee\xae\xf8\xf8\
\x68\xaf\xe5\x91\x47\x1e\x69\xd3\xed\xf7\x24\x4c\x1f\xbe\x7f\xf5\
\xab\xcd\x24\xb1\x92\x30\x66\x01\x40\x09\xb0\xcc\x04\xcc\x28\xe2\
\x5b\xe0\x7a\x62\x8b\xfd\x0f\x3f\xe9\x64\x86\x31\x69\x25\xe1\x3d\
\x09\x63\x16\x00\x3a\x7f\x96\xcf\x78\xbf\x03\xa5\xc0\x6f\xae\xb1\
\xec\x04\x2c\xa1\x59\x41\x98\x79\x60\x25\x61\xcc\x82\xa0\x7d\x12\
\xf6\x4d\xa4\x1c\xb4\xb9\xdf\xb5\x37\x63\xcc\x34\xf1\x72\x93\x31\
\x0b\x88\x36\xef\x4b\xfb\x2f\xc6\x74\xe1\xe5\x26\x63\xee\x03\x7c\
\xcc\xb8\x59\x14\xfc\x08\xac\x31\xc6\x98\x2a\x56\x12\xc6\x18\x63\
\xaa\x58\x49\x18\x63\x8c\xa9\x62\x25\x61\x8c\x31\xa6\x8a\x95\x84\
\x31\xc6\x98\x2a\x53\x51\x12\x6b\x6f\xbe\xd1\x18\x63\x8c\x99\x2d\
\xd3\xe8\x7b\xa7\xa3\x24\xee\x7d\xb7\x31\xc6\x18\x33\x5b\xde\xf9\
\x93\x6f\x35\x93\x66\x2a\x4a\xe2\xcf\xff\xe0\x77\x3d\x9b\x30\xc6\
\x98\x19\xf3\xe6\x2b\x2f\x35\x93\x66\x6a\x33\x89\x37\x6f\xfc\xfb\
\x66\xed\xf5\x3f\x6b\x8c\x31\xc6\x4c\x17\x06\xe5\x7f\x3e\xa5\x3e\
\x77\x6a\x6f\x5c\xbf\x3d\x98\xf6\xbc\x33\x50\x16\x0f\x7c\x64\x6f\
\xf3\xe0\x07\x7e\xa2\x59\x7a\xe8\x3d\x8d\x31\xc6\x98\xc9\x81\x72\
\x78\xe7\x7b\x7f\xda\xbc\xfd\x87\xb7\xa6\xb6\x7a\x33\xd5\x63\x39\
\xd6\x5e\xff\x5e\x2b\x3c\x1f\x63\x8c\x31\xdb\x0f\x3f\x02\x6b\x8c\
\x31\xa6\x8a\x95\x84\x31\xc6\x98\x2a\x56\x12\xc6\x18\x63\xaa\x58\
\x49\x18\x63\x8c\xa9\x62\x25\x61\x8c\x31\xa6\x8a\x95\x84\x31\xc6\
\x98\x2a\x56\x12\xc6\x18\x63\xaa\x4c\xed\x3d\x89\x07\x3e\xf0\xd1\
\xe6\xa1\xc7\x9e\x68\x96\x76\x7f\xd0\x2f\xd2\x19\x63\xcc\x14\x78\
\xe7\xbb\x7f\xdc\xbc\xf5\xda\x37\x9b\xb7\xff\xe8\x9b\xcd\xb4\x98\
\x8a\x92\x40\x39\xec\xfa\xf8\x27\x1a\x63\x8c\x31\xd3\xe3\x81\x0f\
\x7e\xb4\xf9\xb1\xc1\xe7\xad\xf7\xbd\x7f\x2a\xe7\x36\xb5\x71\x34\
\x13\xe6\xc1\x9f\x7c\xdc\x0a\xc2\x18\x63\x66\xc8\xae\xc7\x3e\xd1\
\xae\xde\x4c\x83\x89\x2b\x89\x5d\x1f\x7b\xbc\x31\xc6\x18\x33\x5b\
\x58\xc1\x99\x06\x13\x57\x12\x4c\x7f\x8c\x31\xc6\xcc\x16\xf6\x7f\
\xa7\x81\x9f\x6e\x32\xc6\x98\x1d\xc0\xb4\x1e\x10\xb2\x92\x30\xc6\
\x18\x53\xc5\x4a\xc2\x18\x63\x4c\x15\x2b\x09\x63\x8c\x31\x55\xac\
\x24\x8c\x31\xc6\x54\xb1\x92\x30\xc6\x18\x53\xc5\x4a\xc2\x18\x63\
\x4c\x15\x2b\x09\x63\x8c\x31\x55\xac\x24\x8c\x31\xc6\x54\xb1\x92\
\x30\xc6\x18\x53\xc5\x4a\xc2\x18\x63\x4c\x15\x2b\x09\x63\x8c\x31\
\x55\x16\x5a\x49\xac\xae\xae\x36\x77\xef\xde\x6d\x16\x99\x69\xca\
\x48\xb8\xc7\x8f\x1f\x6f\x6e\xde\xbc\xd9\xcb\x2d\xb2\x4c\x83\xed\
\x50\x0e\xa6\x99\x68\xf9\x4f\xab\x2e\xcd\x82\x45\xa9\xab\x7d\xda\
\xed\x76\x60\xee\x4a\xe2\xe2\xc5\x8b\xcd\x53\x4f\x3d\xd5\x1c\x3e\
\x7c\xb8\xed\x10\x63\xe5\xe4\x3f\xf7\x16\x89\x67\x9f\x7d\xb6\x39\
\x7f\xfe\xfc\xc6\x7f\xe4\xde\x8a\x8c\x54\x68\xc2\xd0\x87\xf0\x55\
\xb9\xc8\x0b\xf2\xe7\xd2\xa5\x4b\x43\xc3\x39\x79\xf2\x64\xb3\x77\
\xef\xde\x6a\x1c\xe4\xe5\x95\x2b\x57\xaa\xf7\xcf\x9c\x39\xb3\x51\
\x0e\xc8\x10\xcb\x81\x70\x63\x9a\xb7\x13\x4a\x5b\xe4\xfa\xf5\xeb\
\xd5\xbc\xd8\x4e\xac\xac\xac\xbc\xab\xbd\x4c\x8a\xdc\x16\x17\x19\
\xe4\x24\x2f\x04\x6d\x21\xfe\x1f\x85\x3e\x6d\xad\x2f\xa7\x4f\x9f\
\xde\x68\xcb\xdb\xb5\xfd\xc0\x5c\x95\x04\x85\x49\x65\xa4\x21\xef\
\xd9\xb3\xa7\x2d\xd8\x03\x07\x0e\xbc\x4b\x03\x73\x9f\x6b\xa5\x11\
\x42\xae\x20\x7d\xee\x29\xbc\x52\x23\xe0\x5a\x6d\x04\x80\xbf\xab\
\x57\xaf\xb6\x1d\x77\xf6\x3b\x4c\xc6\xae\x30\x25\xe3\xf2\xf2\x72\
\x1b\x3e\x79\xc0\xb5\xfd\xfb\xf7\xb7\xfe\x4e\x9d\x3a\x55\x74\x5f\
\x9b\x3d\xe4\x91\x3f\x61\x20\x73\xee\x54\x04\x8a\x81\x0a\x0d\x94\
\x03\x0d\x85\x6b\xb5\x4e\xa2\x2b\xff\xa2\x7c\xdc\x97\x9b\x28\x6b\
\x29\x9f\x86\x95\x49\x2e\xc7\x18\x9e\xc2\xaa\x95\x75\x0e\xf3\xf6\
\xed\xdb\xcd\xbd\x7b\xf7\x36\xb9\x29\x95\x5b\xdf\xd9\x59\xcd\x7f\
\x89\xae\xf0\xba\xc2\x29\xdd\x43\xd9\x0d\x0b\x6f\x92\xf2\x77\xd5\
\x87\x2e\xff\xb5\x99\x68\x57\xbe\x8f\x92\x0f\x84\x4f\x5e\x94\xdc\
\x8e\x2a\x33\xed\xa4\x8b\x51\x14\x27\x03\x11\xda\x30\x9c\x3b\x77\
\x6e\x4b\x61\xcd\x93\xa9\xd9\xb8\x1e\x06\x9d\x21\x19\x47\x07\xa8\
\x0e\x8a\x4c\xd3\x88\x57\x99\xcb\x35\x3a\x4d\x65\x28\x85\x78\xec\
\xd8\xb1\xb6\x80\x19\xf9\xc6\x0e\xf6\xec\xd9\xb3\xcd\xd1\xa3\x47\
\x3b\xef\xd1\x11\xd1\x01\xaa\x82\x10\x37\x32\x28\xee\xe8\xe7\xf2\
\xe5\xcb\x1b\x72\x00\x4a\x4d\x72\x30\xba\xa6\xb3\x91\x8c\xfc\x57\
\x98\x92\xb1\x4f\x98\xe2\x99\x67\x9e\xd9\xf0\x43\x58\x54\x7a\xdc\
\xe3\x56\x32\x32\x22\x56\x5e\x71\x8f\x0e\x9d\x38\x25\x07\x90\x36\
\xc5\x17\xfd\x01\xa3\x19\xf2\x3d\xba\x47\x56\xf2\x04\xb9\xc8\x1f\
\xc0\x3f\x7e\xf8\x46\xae\x08\x0a\x84\x99\x86\xd2\xca\x7d\xf2\x16\
\x59\xba\xe4\x23\xef\x28\x57\xae\x29\x0f\x29\xff\x13\x27\x4e\xb4\
\xff\xa3\x52\x22\x7c\xc2\xec\x2a\x47\x8d\x16\xb9\x26\x3f\x5c\x57\
\x98\x7d\x41\x66\x29\x70\x85\xaf\xbc\x22\xfc\x47\x1f\x7d\xb4\xb9\
\x75\xeb\x56\x7b\xbd\x54\x6e\xc8\x81\x7f\xa5\x17\x8e\x1c\x39\xd2\
\x1c\x3a\x74\x68\x93\x3b\xc2\xc2\x2d\x61\xec\xde\xbd\xbb\x79\xe4\
\x91\x47\xda\x6b\xd7\xae\x5d\xdb\x98\xe9\xe1\x7f\x6d\x6d\xad\x59\
\x5a\x5a\x6a\xcb\x8d\x30\xc9\x17\xfc\x70\x1d\x77\x28\xb7\x0b\x17\
\x2e\xb4\x71\x92\x9f\x7c\x53\xa6\x92\x3b\xa7\xab\x8f\xfc\xe4\x3b\
\x32\xbd\xfa\xea\xab\x6d\xd8\xca\x53\xa1\xbc\x50\xd9\x91\xbf\xaa\
\x2b\x31\xfd\xdc\xe3\x9b\xb4\x53\x97\xf9\x26\x9d\xc8\x40\xd8\xc4\
\xaf\x01\x8f\x66\x3d\xa4\x29\xe6\xbb\xe4\x91\xdc\x92\x87\xf4\xa8\
\xd3\x27\x7e\xe5\xaf\x66\x8a\xba\x17\xcb\x8f\x30\xb8\x4e\x38\xe4\
\xb3\xe4\x27\x0e\xd5\xcd\x7d\xfb\xf6\xb5\x6d\x8d\xfb\xf8\x51\x9b\
\xa5\x0c\x95\x46\xd0\x75\xdc\x93\x16\xee\x91\x46\xca\x07\xbf\xb1\
\x9c\x09\x8f\x74\xe2\x9e\x6f\xca\x47\x65\x4c\xb8\xe4\x43\x29\xac\
\x85\xe5\xf5\x2b\xcf\xad\x4d\xf2\xd3\x97\x41\xa3\x5e\x1b\x44\xbf\
\x76\xe7\xce\x9d\xaa\x9b\x41\x45\x68\xdd\x0c\x0a\x61\xed\xc6\x8d\
\x1b\x6b\x83\xca\xb2\x36\x28\xdc\xf6\xde\x20\x53\x37\xdd\x1b\x64\
\x7c\x7b\x8f\xf0\xba\xee\x0d\x3a\xb5\x8d\xdf\x83\x02\x6c\xe3\x90\
\x1f\xc2\x8f\x7e\xf8\x1f\xc1\x1d\xd7\xf0\x33\xe8\xf8\xda\x6b\xfc\
\xcf\x32\xca\x5f\x29\x4c\x3e\x11\xc2\xc1\xff\xa0\x72\xb7\xbf\x95\
\x2f\x83\xce\x7b\xe3\xde\xa0\xe3\xdd\xf8\xad\xb8\x07\x8d\xa7\xfd\
\xaf\xb8\x48\x17\xff\x49\x13\x71\x0d\x2a\xde\x46\xfe\xf2\x9f\xdf\
\x83\xc6\xb5\x21\x77\xcc\xe3\x2c\x53\x26\xca\x40\xde\x11\x36\xbf\
\x07\x8a\x65\xe3\x1e\x69\xe4\x37\x69\xe6\x1e\xe9\x29\xc9\x57\x2a\
\x13\xd2\xac\xdf\xa4\x4b\x69\x54\x18\xf2\x43\xbc\xb1\x1c\xb9\xc7\
\x37\x72\xe0\x5e\x32\xe6\xfc\xc5\x4d\x84\x38\xc8\x5f\xc2\x21\x2e\
\xa1\x32\x18\x74\xbe\x6d\x3e\xe6\x72\xcf\x10\x4e\x74\x87\x5f\x95\
\x77\x44\xf1\xc4\xba\x4e\x9a\x15\x37\x79\x46\x1a\x04\xfe\x25\x33\
\x6e\x90\x55\x90\xc6\x81\x22\xdc\xf8\x1d\xe3\x52\x78\x59\x2e\xe2\
\x2d\x95\x31\xe9\xe5\x13\xe5\x57\x18\x2a\x83\x28\x8b\xa0\x1c\x54\
\x56\xa5\x7c\x92\xbc\xfc\x8e\xe5\x41\x3a\x09\x8f\x6b\x84\x21\xa8\
\x97\x0a\xaf\x26\x0f\x69\x25\xcf\x4a\x10\x26\xf7\x05\xf2\xc6\x70\
\xe2\x7d\x64\xa0\x2e\x09\x7e\xab\x4f\x51\xba\x4b\xe0\x5f\xe9\x52\
\xfd\x2b\xb9\x8f\x71\xe1\x26\xf6\x13\xc3\xc2\x9a\x04\x93\xee\xcf\
\xf9\xcc\x6d\x26\xa1\x91\xa8\x46\x5f\x35\x18\x31\x68\xd4\xa0\x91\
\x22\x30\x3a\xe0\xbf\xee\x31\x82\xe5\x3f\x5a\x9b\x7b\xd1\x5f\xbc\
\x87\xf6\xd6\x3e\x08\xd7\x18\xa9\x20\x03\x7e\x90\x49\x6b\x92\x5c\
\xd3\xf2\x87\x46\x56\x51\xd6\x38\xda\xaa\xc9\x48\x7c\x10\xd7\x39\
\x73\x98\x82\xd1\x8d\x46\x38\x8c\x3e\x34\xab\x10\x1a\x4d\x33\x52\
\xc2\x2f\x23\x78\xc2\xcd\x53\x56\x8d\xe4\x19\xb1\x68\xa4\xa9\xb8\
\x18\xd5\xe5\x78\x47\x41\xcb\x06\x1a\xbd\x81\xf2\x29\xc6\x4f\x1c\
\x8c\xec\x91\x2f\x4e\xe9\x35\xca\x04\x46\x83\x5a\x6a\x3c\x78\xf0\
\x60\x9b\x67\xcc\x18\x91\x5b\xa3\x47\xf2\x4f\xcb\x5f\xa0\xb8\x95\
\x66\xee\xe1\x56\xc4\x65\xb9\x3e\xe0\x5f\xa3\x3a\xf2\x1b\x99\x81\
\x11\x25\xf7\xe2\xd2\x43\x1c\x29\x0b\xe4\x62\x06\x16\xdd\xc4\xd1\
\xa7\x20\x7f\x48\x77\xac\x3f\x4a\x3f\xa8\xbe\xc6\xf8\x62\x9e\x92\
\x3f\xf1\xb7\xea\x55\x0d\xcd\x42\x63\x78\x1a\x45\x47\xf9\x09\x27\
\x8e\x82\xb9\x17\xff\x2b\xac\x9c\x17\x92\x8f\x7b\x71\xd6\x86\xbb\
\x38\xf3\x64\x24\x9f\xdb\x09\x23\x67\xbe\x35\xb2\xc6\xbf\xda\x0b\
\xf5\x95\x91\x79\x8c\x2b\x96\x37\x75\xa3\x2f\x71\xd6\x84\x0c\xaa\
\x43\xe4\x75\xbc\xc7\xef\x3e\x6d\x82\xb8\x69\x9f\x40\x19\xc4\x7a\
\x37\x2a\x93\x0c\x6b\x16\xcc\x4d\x49\xa8\xa0\xe8\xfc\xe2\xd4\x9c\
\x0a\x12\x3b\x93\x48\x6c\x64\x79\x4d\x91\xe9\xb2\xbe\xb5\xc7\x51\
\xba\x47\x67\x20\x85\x41\xe5\xa4\x53\x63\x39\x04\x3f\xc8\xa4\x06\
\xc9\x37\x6e\x87\x29\xb1\x2e\x19\xf9\x4d\x5a\x62\x98\xd9\x4d\x4c\
\x37\x0d\x0f\x99\xf2\x12\x4f\xa4\x94\xe6\xad\x40\x9a\x89\x33\x76\
\x20\xda\x03\xc8\xe5\xa0\x75\x7c\x14\xad\xca\x8f\x34\x91\x1e\x1a\
\x7f\x46\x53\xfa\x61\x50\x1e\x94\x81\xca\x84\x06\xcd\x7f\xd2\x47\
\x18\xb5\x32\x19\xb5\x6c\x4a\xa0\x74\xd5\xe1\xa1\xf8\xd4\xe9\xab\
\xec\x84\x96\x7f\x22\xa3\xe4\x7f\x69\x0f\x26\xfe\xce\x61\x77\x75\
\x1c\x7d\xf2\x34\x77\xd0\x35\xf9\x73\x5b\x29\x81\xbb\xe8\x97\x8e\
\x9d\xf2\xa7\x9c\xc6\x2d\x03\x94\x91\x96\x66\x50\x16\xfc\x67\x10\
\x93\xe3\xd2\xa0\x68\x9a\xf4\x49\x03\xe9\x95\xcc\xf4\x19\x2c\x09\
\x93\xa7\x7d\xf3\xb0\x4f\x58\x8b\xca\xdc\x36\xae\x69\xec\x14\x3e\
\x15\x84\x91\x1b\x9d\xa4\x9e\x70\xea\xf3\xe8\x18\x1d\x29\x99\x8c\
\x5f\x46\x20\xf8\x53\xa7\x56\xbb\xa7\x51\x23\xb3\x08\x3a\x1c\xad\
\xad\x13\x1f\x7e\xf8\x66\x3d\x98\x02\xc7\x6f\xad\x11\xa8\x13\x1d\
\xd6\x58\x4b\x61\x6a\x74\x5c\x82\x8a\xc2\xbd\xd2\x53\x2a\x74\xa4\
\xba\xa7\x3d\x83\x61\x23\x4a\xa1\xf8\x90\x25\x6f\xee\xd2\xe0\xb9\
\x4f\xde\xab\x1c\xc8\x9f\x92\x0c\x52\x08\x1a\xa9\x32\x2a\xd3\x8c\
\x02\xc5\x01\xda\x43\x18\xe5\x09\x13\xdc\xaa\x4c\xb4\x17\xa1\x87\
\x18\xc8\x6b\x94\x53\x2c\x93\x52\xa7\x81\x3b\xc2\xc8\x75\x07\xb7\
\xb9\xac\xf8\x4f\x5c\x5a\x9f\xa6\x5e\x68\x9d\x1b\xff\x8c\xf4\xb8\
\xa7\x19\x22\xf7\x4b\x4f\xa7\x70\x2f\x3e\x39\x85\x9f\xd2\x53\x53\
\xf8\x2f\xc9\x20\x34\x28\x50\x7c\x9a\x45\xf5\xa1\x54\x07\x69\x5b\
\x71\x36\x5d\x93\x9f\xfc\x8d\xb3\x5c\xed\x0d\x45\xc8\x27\x8d\xfe\
\xf5\x51\x9a\xb9\x17\xc3\x45\x96\x61\x1b\xbf\x8a\x07\x7f\x84\x45\
\xbe\xa3\xd0\xb8\x46\x78\x51\x6e\xf2\x61\xd2\x4f\x05\x51\x4f\x63\
\xde\xaf\xa6\x87\x22\x6a\x6d\x9a\x7c\xd2\x80\x96\x34\xaa\x9c\xe9\
\xe0\x63\x9d\x2b\x6d\xa0\x43\x6c\xf3\xb5\xb0\x16\x95\xb9\xcd\x24\
\xc8\x34\xb4\x29\x9a\x54\xd3\x7c\xae\xd1\x49\xe8\x7f\x17\x54\x2e\
\x46\x9b\x72\x4b\x43\xd0\xd2\x11\x9d\x2d\x85\x9d\xef\x51\xe9\xb8\
\x47\x43\xa0\x81\x28\x1c\x35\x24\xc2\x8b\x0d\xb6\x34\x9a\xc3\x3d\
\x15\x97\x30\xe2\x06\x70\x97\x8c\x31\xcc\xbc\xc1\x98\xf3\x04\x99\
\xc9\x93\xb8\x29\x1b\xf3\x86\x06\x4a\xdc\x6a\x48\x7d\x9e\x90\x50\
\x9e\x68\x33\x33\xca\x4d\x1c\x83\x75\xd9\x56\x29\x28\xbf\x08\x97\
\xb2\xc9\xb3\x39\x95\x99\x1e\x95\xe5\xbf\x66\x66\x40\x1c\xca\x1b\
\x35\xf2\x3e\x90\x4f\x52\x0a\x8a\x9f\x30\xf5\x10\x42\x2c\xc7\x5a\
\xfe\x69\x23\x17\x3f\x79\x83\x96\xd9\x01\x32\x23\x8f\x96\xb7\xa2\
\x6c\xdc\xd3\xac\x47\x23\x3a\xe4\xd1\xf5\xb8\x21\x1a\x41\x2e\x94\
\x0c\xe9\x55\xd8\xa5\x25\x11\x2d\x8b\x45\x19\xa4\x54\x95\x7e\x3d\
\x5a\x2d\x39\xba\xea\x89\xd0\xb2\x05\x1d\x53\x74\x4f\xfe\x21\x7f\
\xdc\x1c\x2e\x8d\x54\xb9\x26\x05\xad\x78\x73\x9d\xcf\x61\x69\xe3\
\x58\x4b\x4b\xd4\xd5\x98\xfe\xd2\x0a\x40\x46\x4b\x77\x8a\x57\xcb\
\x7e\x7a\x48\x23\xe6\x7b\x9f\xa5\x18\xfc\xa9\x6e\x0f\x73\xaf\x99\
\xba\xf2\x1a\x05\x15\x65\xe6\x37\xf1\xc7\x7a\x0d\xd4\x19\xf2\x40\
\x4b\xa8\xda\x68\x26\x2f\x54\xae\x9a\x59\x96\x1e\x45\x8f\xe1\xd6\
\xc2\x5a\x54\x96\xd8\x98\x68\x26\xc8\xc3\x47\x3e\xdf\xcc\x9a\xae\
\xe9\x5e\xed\x5e\xd7\x9e\xc8\xa8\xd3\xc7\x3e\xf2\xd5\xe2\x1a\x85\
\xa8\x38\xb4\xfe\xcd\x28\x8f\x4e\x7e\xd6\x4c\x23\xff\xba\xc2\x2c\
\xed\xe3\x8c\x13\xfe\xa8\xf5\xa4\x6f\xbc\xc3\xd2\xac\xfb\xfa\xd6\
\x2c\x26\xee\x69\xf4\x09\x67\x54\xfa\x86\xd7\xc7\x5d\x57\x5e\x6c\
\xa5\xcc\x67\xd1\x06\x4b\xe1\xc3\xa8\x71\x4c\x52\xde\x69\xa4\xf1\
\xfb\x57\xbf\xda\x4c\x9a\x1d\xa1\x24\xee\x07\xa8\x50\x8c\x50\x34\
\xdb\xe0\x3f\xa3\x2e\x46\x45\x8b\xbe\xf1\x65\x7e\x38\x5b\x89\xeb\
\xeb\x8c\x7c\xf9\xbd\xe8\xa3\x48\xb3\xbd\x98\x86\x92\x98\xdb\x72\
\x93\x19\x0d\x94\x43\x5c\x16\xe2\x3f\x53\x5d\x3d\xcd\x64\x16\x1b\
\x14\x04\x65\xc5\xfe\x94\x96\xbc\xac\x20\xcc\x76\xc0\x33\x09\x63\
\x8c\xd9\x21\x4c\x63\x26\xe1\x53\x60\x8d\x31\xc6\x54\xb1\x92\x30\
\xc6\x18\x53\xc5\x4a\x62\x9b\xa2\xf7\x3b\x8c\xd9\x69\xf4\x3d\x98\
\xd0\xcc\x06\x2b\x89\x6d\x8a\x0e\x84\x33\x66\xa7\x41\xbd\x8e\x87\
\x69\x9a\xf9\x72\x5f\x2b\x89\xbb\x5b\x38\x1e\x7a\x9e\xf0\x96\x26\
\x2f\x63\x75\x3d\xbf\xdf\xe7\xe8\x86\xad\xb0\x1a\x8e\x7f\x9e\x76\
\x5c\xe3\x32\x4c\xae\x49\xcf\xc4\xee\xc7\x11\x70\xd7\x11\xf8\x5b\
\xc9\x0b\x9e\x06\xd3\xf9\x46\xb3\xa4\xab\x4e\x2c\x6a\x3d\x9f\x36\
\xf7\xb5\x92\xd0\x11\xc8\x11\xfe\x97\xce\x7e\xef\xa2\x66\xa7\x61\
\x5a\xf0\xa6\x66\xd7\xf9\x4e\x30\x6d\x63\x4d\xbc\xdd\xac\xbc\x5b\
\x34\xc3\x50\xa2\x54\xbe\x82\xce\x60\x12\x47\x3e\xc4\x63\x2d\xc8\
\x93\x3e\xc7\x52\xec\x24\xe8\xc8\xd5\x79\x4e\x32\x2f\x18\x00\xe9\
\x48\x95\x61\xe8\x18\xef\xad\x32\xac\x4e\xdc\xaf\xb3\x9b\x85\x37\
\x5f\x3a\x0e\x35\x8d\xbf\x5a\x31\x7e\x12\x89\xa7\xb8\xc6\xf0\xba\
\xfc\x0d\x33\xfe\x52\x93\xa5\xc4\xb0\xb8\xf4\x96\x66\xed\xfc\xa2\
\x2e\x7f\xe3\x8e\x84\x4a\x7e\x65\xbf\x61\xab\x74\xc9\xd5\x55\x5e\
\xd9\xdf\xb0\x91\x6b\xbe\xa7\xa3\x5a\x72\x98\xa3\x96\x4b\xec\x08\
\x75\x4c\x45\x1f\x7f\xc3\xee\x95\x18\x96\x1f\xa3\xc6\x31\x4a\x7e\
\xd5\xae\xcb\x4e\x03\x0c\xcb\x8b\xae\xb8\x4a\x32\x72\x94\x05\x67\
\x39\x0d\x03\x45\xa2\xcf\x28\xf4\xad\x13\xf7\xeb\x0c\x42\xcc\xed\
\x65\x3a\xb4\x72\x34\xce\x42\x81\xf1\x16\x2a\x85\x94\x8d\x9c\xd0\
\x19\xc9\x38\x8d\xdc\x08\x19\xf6\xd0\x6f\x9d\x9f\x93\x2b\x28\xa3\
\x5d\x19\x3f\xd1\xc1\x62\x11\xce\x0d\xe2\x1a\x9d\xaf\x8c\x86\xd4\
\x0c\xbe\xc4\xbd\x00\xe4\x8c\xc6\x5f\x88\x5b\xfe\x85\x0c\x93\xf0\
\x4d\x5a\x62\xda\xa2\x31\x98\x9a\xc1\x95\x08\xf1\xe4\xb3\x89\xb8\
\x46\xda\x65\xd0\x46\x67\x20\x41\x34\xc8\xc2\xcb\x5b\xe4\x6d\x3c\
\x0e\x9a\xc6\xcc\xa7\x74\xe6\x4e\x34\x86\x23\xe5\xa4\xd3\x44\x09\
\x97\x17\xc2\xa2\xf1\x17\xf2\x78\x2b\x61\xcb\x78\xd1\x6a\x32\x0c\
\xb3\x1c\x8c\xd2\x90\x87\x3a\x80\x8f\xb2\xd4\x29\xbb\x8c\x62\x4b\
\xf9\x26\xab\x7c\xbc\xc4\xa6\x43\xfb\x64\x64\x4a\x75\x29\x1a\xfc\
\x19\x66\xa4\x86\x70\x09\x93\xfb\x32\xf3\x2a\x63\x32\x3a\xfc\x50\
\xe1\x47\x7f\x31\x7d\x31\x0d\xb5\x7a\x15\xe9\x93\x1f\xc4\x9b\x8f\
\xf8\xd0\x79\x46\xd4\x89\x18\x47\xcd\x88\x10\xf9\xa4\x83\x05\xb3\
\xb1\xa2\xd5\x60\x74\x27\x5e\x57\xdd\x8e\x79\xa1\x63\xee\x29\x1f\
\xca\xa6\xd6\x1e\x56\x93\x21\x9f\x98\x2e\xe0\x7a\x9f\xc3\xef\x28\
\x7b\xd2\x86\xec\xf1\xc8\x7e\x64\x2a\xf5\x2f\xb8\x97\x01\x2c\x9d\
\xfe\x1c\x0d\x8f\xc9\x10\x54\x3c\x6b\xab\xcf\x99\x54\x3b\x95\xb9\
\x29\x09\x2a\x76\x2c\x54\x1d\x31\xa1\x53\x19\x63\x85\xa7\xb0\x86\
\xad\xc1\x03\x7e\x79\x2b\x39\x37\x36\x99\x02\x55\x45\xcd\x6b\x9d\
\x3a\xd7\x5e\xa7\xc7\x46\xf0\xa7\x37\x63\xa9\x64\x54\xb0\xa8\x60\
\x74\x18\x5d\xec\x30\x15\xde\x9e\x75\x93\xac\x51\x6e\x3a\x22\xa5\
\x4d\x87\x9c\x21\x33\x0d\x94\x86\xa9\x46\x52\x3b\xdb\x67\xb5\x62\
\x8b\x02\x77\xba\x5e\x5a\xcb\x55\x38\x34\xd8\x78\x3c\xbb\x94\x66\
\x09\x1a\x59\x3c\xe8\x2c\x36\xa2\x8c\x0e\x69\x1b\x25\x6c\xca\x23\
\x1e\x19\x4f\xfe\x92\x7e\xe2\x88\x1d\x3d\x33\x3b\xee\xa9\xfc\xf0\
\xa3\x43\xff\x28\xb3\xd8\x41\x2a\x1c\x0d\x24\xe8\xd0\xe2\x08\x97\
\x0e\x2a\x1f\xf0\x07\xe4\xbd\xc2\xd4\x09\xc2\xb2\x9a\x18\xe5\x94\
\xd2\x91\x5c\x52\x4a\xf2\x27\x72\x1a\xf0\xa3\x30\x81\x63\xb1\x15\
\x5f\xa9\x5e\x45\x46\xc9\x8f\x08\x1d\xa1\xce\xf5\xd2\x71\xf0\x4a\
\x43\x6e\x5f\xb1\x9c\x62\xfd\x54\xdd\x92\xec\xb2\x05\x41\x78\x71\
\xb0\x92\xf3\x42\x79\x84\xfb\x38\x90\x8b\xed\x21\xa7\x4b\xf9\xa0\
\xf6\xa6\x83\x00\xbb\x90\xbd\x14\xe2\x41\x46\x29\x64\xf2\xa3\xd6\
\xbf\x90\x2f\x39\xfd\xb9\x9d\xe2\x5f\xd6\x22\x95\x17\xaa\x0b\xf7\
\x1b\x73\x5b\x6e\xd2\x09\xa6\x9a\xca\xa9\x43\xa1\x60\xf3\x71\x05\
\xea\x08\x86\x41\xa5\x2d\x8d\xc6\xd4\x79\xc9\x3c\x61\x1c\xad\x50\
\x31\x51\x40\xb5\x35\xfe\x6c\xf0\xa5\xcf\xd4\x33\x2a\x1b\x1a\x4b\
\xac\x58\xb1\x31\xeb\xf8\x72\x64\xa2\x71\x30\xda\xc5\x7d\x97\x3d\
\xea\x8c\x14\xe0\x72\xb2\x1d\x10\x89\x27\x93\xf2\x5b\xeb\xae\xe4\
\x75\xd7\xde\x06\x0d\x30\x2e\x29\x69\x54\x55\xcb\x83\x51\xc2\x26\
\x6d\xb1\x93\xd1\x09\xb9\x5c\xcf\xcb\x69\x84\x13\x47\x94\xf9\xd4\
\xce\x1c\x4e\xcc\xb7\x5c\x97\x74\x8c\x76\x26\x86\x19\x3b\x27\x99\
\xdd\x14\x7d\x8c\xd4\x94\x96\x04\x73\x1a\x62\x99\x74\xd5\xab\x51\
\xf3\x23\xa7\x49\x47\xcb\x53\xef\x90\x5d\x47\xd5\xab\x9e\xa9\x33\
\xd7\x86\x6d\x36\xd6\x73\xe7\xce\x9d\xf6\x37\xf9\xa6\x4e\x5c\xe7\
\x86\xf5\xa5\xd4\x1e\xd4\xf6\xb9\x2e\x39\x98\xf1\x8c\xba\x64\x84\
\x72\x52\x19\xab\x9d\x2b\xed\xd1\x96\xfa\xa8\xfd\x0b\xee\xa3\x3b\
\xcd\x58\xef\x47\xe6\xba\x27\x41\xa1\x51\xe9\xa8\x20\xb1\x43\x89\
\x46\xea\xa1\xcb\xb8\x8b\x2a\x31\xd4\xa6\xeb\x3a\xe2\x1a\x65\x40\
\xe5\x8e\x23\x6d\xee\xe5\xf8\xb6\x0a\x23\x42\x35\x26\xc2\x8e\x0d\
\x3c\x77\x06\xc8\xcf\x35\xd2\x28\x43\x31\xfa\x94\x8e\x8b\x96\x52\
\x89\xf2\x8f\x42\x5c\x1e\x62\x14\xd7\x55\xf1\x4b\x61\x77\xc5\x37\
\x4a\xd8\x5d\xe4\x38\x74\x9c\xf4\x38\xe4\xfc\x66\x04\xdf\x27\xce\
\x9a\xff\x2e\xb7\x5d\x7e\xb2\xbf\x51\xd2\x33\x6e\x7e\x50\x7f\xe8\
\x90\x51\x8a\xb2\x21\x8e\x3f\x19\xf6\xd1\x47\x46\x84\xba\xe0\x3e\
\xa3\x6f\xfc\xd2\x86\x46\xd9\xf4\xd7\xf1\xfa\xb9\x3d\x48\xf9\xe9\
\x13\x67\xfb\x40\x27\x3f\x2c\x9d\x74\xee\x32\x18\x45\xf8\x51\x2e\
\x29\x8a\x71\xfa\x97\xd8\xaf\xdc\xef\xcc\x55\x49\xa0\xa9\xb5\xe1\
\xa4\x91\x15\x1d\x4b\x7e\x2a\x82\x82\x97\x45\xb2\x6c\x20\xa4\xcf\
\xc6\x16\xa3\x2e\x3a\x6d\x19\xf9\x88\x8f\xb9\x51\x81\x73\xe5\x1a\
\x87\xd8\x31\x68\x7d\x9b\x30\xf3\xe6\x6e\x36\xf2\x42\x85\xa5\x71\
\xe0\xae\x8f\xc1\x95\xfc\xc4\x87\xfe\x47\xc5\x31\x2c\x2d\xe4\x25\
\x8a\x32\x9a\x33\x8d\xa3\x2e\x41\xc7\x92\x0d\xb4\x0c\xeb\xa0\xfa\
\x86\xcd\xbe\x49\x0c\x3b\x1a\x87\x92\x89\xd7\x98\x9e\x51\x4c\x57\
\x46\xb2\xf1\x1e\x46\x9e\xa3\x84\x95\xeb\x5c\x36\xdc\x54\x52\x08\
\xcb\xc1\xc2\x9f\x20\x0d\xd1\x86\x44\x8d\x92\xd1\xa4\x71\xf3\x43\
\xf9\xa9\x3d\x07\xc2\xd1\xfa\xff\xa1\x82\x11\xa1\x2e\x70\xa3\xfd\
\xc1\x9a\xa1\x9c\x61\xca\x91\xba\xaf\xf6\x80\x5c\x52\x12\x92\x83\
\xfa\x1f\xd3\x8f\x9c\x72\x5f\x0a\x5b\x4b\x9b\xd4\x39\x3e\x5a\xae\
\x93\x5b\x29\x27\xe2\xd5\x80\x85\x7c\xab\xf5\x2f\x11\x96\xa0\x72\
\x5b\xed\xb3\x9a\xb1\x13\x99\xeb\x29\xb0\x5a\xc7\x56\xe7\x03\xb2\
\x12\x16\x0d\x99\xc4\x35\x64\x6d\x28\x2f\xaf\x1b\xf9\x18\x36\xf5\
\x07\x2a\x12\xd3\x6d\x55\xec\x3c\xc2\x65\xc4\x25\x9b\xd1\x8c\xe6\
\x47\xa5\x64\xfc\x85\xf8\x68\xa4\xd9\x30\x11\x32\x73\x0f\xe5\xb0\
\x1a\x8c\xaa\x10\x7f\x36\x00\x53\x9a\x49\x28\x9f\xb4\xa4\x21\x83\
\x36\xf1\xe5\xba\x61\x1d\x08\x0d\x8f\xb8\xe2\x03\x00\xfc\xcf\x7b\
\x0d\xe3\x18\xc3\xe9\x1b\x36\xe5\x98\xc3\x96\x1f\x46\xac\x71\xb6\
\x47\x99\x8c\xfa\x58\xb2\xa0\x53\xcc\x46\x81\xfa\xac\x75\x0b\x64\
\x8a\x72\x12\x5e\xcd\x48\x4d\x54\x9e\xf1\x39\xff\xbb\xeb\x46\x86\
\x86\xa5\x61\x75\xdd\x62\x5b\x7e\xc2\x66\xdc\xfc\xc0\x5d\xae\x4f\
\x52\x3a\xd1\x20\x51\x1f\x33\xbd\xb8\x91\xd2\xc1\x4f\x69\xff\x44\
\x79\x51\xba\x27\x9b\xde\xb1\x3d\x28\x8f\x34\xa8\xd2\xc9\xc6\x31\
\xdd\x5a\xd6\xa2\x7d\xc4\x8d\x68\xa0\xb3\x97\x4d\xf5\x28\xa7\xf6\
\x4f\x14\xae\x66\x2a\x20\xa5\x59\xea\x5f\x62\x9d\x50\xdd\xd7\x06\
\x37\x79\x39\x89\xa7\xf9\xb6\x23\x73\x3f\x05\x56\x85\x5f\x9a\xee\
\x96\x36\x69\xfb\xdc\xab\x31\xae\xa1\x91\x71\x60\x94\xa3\xa7\x2e\
\x84\x9e\xea\x90\x2c\xa3\x1a\xc0\x89\x61\x33\x42\xce\x1d\xf6\x30\
\x7f\x91\x28\x8b\x9e\xcc\xea\xda\x94\x9b\x56\xd8\x5d\x65\x32\x4a\
\x9c\xc3\xd8\x6a\x58\xe3\xd6\x9d\x51\xfc\x75\xd9\x77\x57\x58\x93\
\x34\xec\x33\x6e\x1b\x9a\x74\xfb\x29\x85\x59\x7a\x92\x71\xd2\xf4\
\x49\xff\x2c\xfb\x8c\x49\xb0\xe3\x4e\x81\xa5\x00\xf2\xc6\x60\xa4\
\xab\x00\x47\xad\xdc\xb0\x95\xb5\xed\x51\xc9\x1b\xd6\x25\x59\xc6\
\xb9\x07\xea\x44\xf2\x26\x5f\xdf\xb4\xe5\x35\x5a\x8d\x26\xbb\x98\
\x56\xd8\x5d\x65\x32\xc9\xb2\xda\x6a\x58\xe3\xd6\x9d\x51\xfd\x1d\
\xea\x78\xd4\x72\xdc\x34\xd4\xfc\x8d\xdb\x86\x26\x4d\x0e\x53\x8f\
\x47\x4f\xfb\x49\xa2\x3e\xe9\x9f\x65\x9f\xb1\xa8\xcc\x75\xb9\x89\
\x4e\x6e\xd8\x9b\xc3\xdb\x91\xd2\x86\x35\x8c\xd3\x28\x6b\xf4\xb1\
\x81\x5c\x23\x3f\xb7\x7e\x68\x82\xcf\x80\x4f\x33\xec\x9d\xce\x4e\
\x6c\x0b\xe3\xa0\x07\x4d\xcc\x62\x60\xa3\x43\xc6\x18\xb3\x43\xb0\
\xd1\x21\x63\x8c\x31\x33\xc5\x4a\xc2\x18\x63\x4c\x15\x2b\x09\x63\
\x8c\x31\x55\xac\x24\x8c\x31\xc6\x54\x99\xfb\x23\xb0\xdb\x39\xfc\
\x59\xb1\x53\xd2\xd1\x87\xed\x68\x92\x75\x56\xc6\xab\xf2\xdb\xde\
\xf1\xfa\x4e\x61\x9c\xa3\xb9\x95\xfe\x71\xfc\x9a\xe1\xcc\x4d\x49\
\xe8\x84\xc9\xed\x1a\xfe\x34\x89\xc7\x06\x6c\x25\x1d\x7d\x0f\x09\
\x9c\x25\x5d\x86\x68\x26\x65\x08\x68\xd6\xd4\x8c\x57\x5d\x9c\xa0\
\x01\x22\x5e\x48\x2c\xd5\x83\x98\x67\xfc\x9e\x95\xc2\x20\x7d\xd3\
\x88\x8b\x37\x9c\xf3\x51\x2a\xc3\x90\x89\x80\xed\x5a\x7f\x16\x9d\
\x85\x58\x6e\x5a\xed\x30\xa6\xb2\x3a\xc4\x90\x4e\xfc\x7d\x77\x0c\
\xe3\x35\xd1\x4d\x2d\x8e\x71\x8d\xc6\xd4\xee\x0f\xf3\x17\xcf\x8c\
\xc9\x32\x8e\x92\x4f\x7d\x8c\x21\x6d\x25\xef\x87\x85\x5d\x4a\x67\
\x2d\x6d\x3a\xd7\xbf\xf4\x86\xed\x56\x15\xdd\xb8\xfe\xc7\xc9\x17\
\xc1\x11\x0e\xa3\x18\x20\x1a\xe6\x8e\x0e\x50\x47\x75\x47\x62\x9e\
\xe1\x26\x9f\x65\xd6\x37\xce\x71\xea\x56\x9f\x73\xd3\xb2\x2c\xc3\
\xc2\x1d\x46\x49\xce\x92\x79\x00\xc5\xe7\x99\xc5\xd6\x99\xeb\xcb\
\x74\x14\xb8\x8e\xce\xa6\xd2\xf1\x32\x91\xce\x6e\x29\x19\x1e\xa2\
\xc0\x75\x76\x93\xec\x51\xe8\xac\x7b\x19\x57\xe1\xb8\xed\x68\x93\
\x81\x30\x09\x03\xb7\xc4\x95\xcf\x95\xd1\x48\x9d\xb3\x59\xa2\x0c\
\xd9\x28\x0e\xe8\xec\x1b\x19\x24\x89\xe7\x4d\x11\xbf\xe2\xe5\x38\
\x01\x9d\x05\x23\xbf\xd9\xe0\x8b\x8c\xba\x20\x7f\xac\xe0\x3a\x80\
\x90\xb8\xe9\x10\x38\x57\x66\x9c\x7c\xc2\x5f\x34\x86\x94\x5f\xbe\
\x8b\xe9\xce\x06\x5f\x74\x32\x2f\xd7\x38\xfb\x06\x39\x88\x77\x98\
\x81\x9e\x48\x29\x9d\x92\x27\xa6\x2d\x1a\x8a\x22\x5d\xd1\x10\x10\
\xd7\x90\x25\x1b\xc7\x89\x50\x17\x62\xe7\xa9\xd1\x64\xc9\x78\x95\
\xec\x03\xac\xf6\x34\x5e\x25\x7b\x1a\xb5\x3c\xcb\xc6\xab\xf0\x83\
\x3c\x84\xcb\xef\x68\xbc\x2a\x1a\x19\x52\x1d\x2d\x1d\x45\x51\x32\
\x54\x44\x9a\x94\x77\xf9\x08\x6b\xa5\x85\x78\xa4\x80\x49\x73\x4c\
\x3f\xed\xa2\x56\x4e\x7b\xf7\xee\x6d\xd3\x21\x37\x32\xca\x94\xeb\
\x16\xe5\xcd\xa1\x8c\x52\x56\x3a\xd3\x48\x71\xc5\xa3\x58\x54\x8f\
\x91\x35\xa6\x5f\x76\x3f\x56\xd7\xed\x92\xa8\x2d\xd1\x7e\xf0\xdb\
\x75\x4c\xf8\xea\x10\xc3\x4b\xf9\xe5\xbb\x68\x70\xa9\x96\xdf\xa6\
\x1f\x73\x57\x12\xb1\x93\xd4\x41\x69\x5c\xcf\x86\x51\xe8\x1c\xa2\
\xc5\x35\x2a\x89\x2a\x06\x15\x52\x07\x87\x71\xf0\x99\x0c\x91\x10\
\x8e\xdc\x70\x9d\x06\x91\x95\x84\x1a\x86\xae\xab\x33\x2e\x19\xdc\
\x91\x01\x16\x2a\x20\x95\x5e\x6e\xb9\x17\x0f\x5c\x93\xb1\x17\xbd\
\x61\x1d\x0d\xea\x70\x4f\x32\xc9\x4e\x74\xec\xf8\x74\xd0\xa0\x3a\
\x30\xc2\xae\xe5\x93\xa6\xd8\x31\x9f\xf0\xaf\x86\x9f\x8d\x21\x45\
\x6a\x06\x5f\x70\xcf\x08\x38\x1e\xc4\x96\x97\x39\x6a\x06\x7a\x22\
\x94\x89\x0c\xde\x28\x9d\xb5\xb4\x69\x24\x98\x47\x96\xd9\xda\x9a\
\x8c\xe3\xc4\xc6\x4e\xbc\xd1\xb8\x0c\xe5\x80\xfc\xa5\x3a\x44\x67\
\xc2\x41\x7b\xc3\x3a\x8b\x28\x53\x24\xd7\x95\xfc\x86\xb4\x8c\x4d\
\x45\xbb\x06\x82\x7c\x1e\x66\x64\x88\xf4\x45\xe3\x51\xe4\x9b\xf2\
\xb6\xab\x2c\x15\x3e\x75\x82\x0e\x51\x4a\x24\xd6\x35\x0d\x3e\x4a\
\xfe\x65\x6d\xb0\x59\xcf\x23\x0d\x92\x62\x19\x82\xea\x01\x6e\x91\
\x47\x71\xf6\x41\x87\x6c\x2a\x9f\xb2\x41\x26\x14\x4a\x17\xc3\x0c\
\x2f\x65\x72\x9f\xb0\x9a\xec\x97\x98\xfe\xcc\x75\xb9\x29\x1b\x09\
\xd2\x28\xa1\x64\x18\x24\x1b\x3a\x8f\x1d\x2b\xbf\xa3\x71\x15\x35\
\x84\xdc\x20\xb2\x41\x1a\xd0\x88\x9b\x46\x1b\x3b\xfb\x78\x4c\x31\
\xc4\x99\x81\xe2\x89\xf7\xa2\xdb\x6c\x98\x86\x78\xd5\xd8\x50\x2e\
\x92\x15\x3f\x7d\x4e\x96\xac\xe5\x13\x32\xe7\x13\x5f\xe9\x68\x86\
\x51\x32\x8a\x43\x63\x93\x41\x9e\x6c\xe5\x2c\x97\x45\xcd\x40\x4f\
\xf6\xd3\x27\x9d\x35\x43\x51\xb5\x78\xf3\x7a\x75\x36\x2e\x43\x27\
\x89\x4c\xd1\xc2\x59\x0c\xaf\xcf\x71\xcf\x59\x11\x89\x5c\x57\xe2\
\x9e\x83\xcc\xf1\xd6\x8e\xd6\x88\xe9\x2f\x19\x19\x2a\x95\x09\x7e\
\xfa\x98\xef\xac\x11\xeb\x5a\xcd\x8c\x6c\x3c\x21\x15\x34\x2b\xd6\
\xcc\x3b\xb2\x95\x23\x56\xd4\x41\xaf\x56\x8c\x28\x75\x29\x6e\xd9\
\x95\xc8\x7e\xba\x66\x1e\xb9\x4f\xb0\x82\x18\x9f\xb9\x2a\x89\xae\
\x83\xdd\x46\x59\x4b\x94\x71\x15\x2a\xa0\x8c\xab\x8c\x22\x03\xa3\
\x2d\x46\xc7\xd1\x20\x51\xc9\xe8\x88\xe4\x65\xea\x9d\x19\x66\xa4\
\x44\x86\x4e\x64\xb6\x53\xb2\xf6\xd9\xfc\xeb\xca\xa7\x51\x0c\x34\
\x09\x75\x48\x25\xfa\x18\x5b\xe9\x33\x6d\xef\x9b\xce\x51\x97\x00\
\x4a\xe9\xa3\x43\xd0\x12\x59\xec\xc8\xfa\x1a\x1c\x82\xbe\xe9\x2e\
\xd5\x15\xa0\x03\xdb\xaa\xf1\xaa\x3d\x23\x1a\x79\x1a\xc6\x56\xea\
\x5a\x29\x9f\xfb\xd4\xad\x3e\x8c\x9a\xa6\xd2\x21\x7b\xc3\xc2\xd8\
\x4a\x9f\x60\x36\xb3\x90\xef\x49\xb0\x24\x90\x9f\x52\xe8\x7a\x52\
\x44\xeb\x9b\x8c\x2e\x64\x5c\xa5\x2f\x5a\x0a\x91\x41\x22\x8d\x4e\
\x64\xf7\x56\xa8\x92\x51\x39\xb9\x17\xe5\x5b\x5d\x37\xfa\x2e\xb2\
\x91\x18\xc2\xd5\x48\x86\x8e\x45\xb2\xca\x0e\xef\xb8\x90\x4f\x25\
\x03\x2a\x91\x9a\x51\x9c\xbc\xf1\xac\x25\x10\x8d\x5e\xa3\xbf\xda\
\x66\x73\x17\xb1\x4c\xb4\x24\x34\x2a\x31\x5e\xe4\xc9\x76\x95\x45\
\x34\x5e\xa5\xd9\x03\xa3\xf5\x2c\xb7\x0c\x0e\xe5\x41\x88\xf6\x56\
\x86\x41\xbe\xf0\xc9\x75\x05\x58\xa2\x61\xb6\x38\x4e\x5e\x81\x3a\
\xbd\xd5\x31\x0c\x15\xd5\xd8\x4a\x5d\x93\x71\xa1\x48\xfc\x9f\x3b\
\xe9\xe5\x64\x0c\xab\x36\xca\x2f\xd5\xbd\x61\x4f\x24\x2d\x57\x0c\
\x2f\x75\x1d\x88\x58\xea\x13\xbc\x89\x3d\x1e\x73\xdd\x93\xa8\x41\
\x23\xa4\x92\xc9\x30\x08\x15\x92\xc6\x5d\x5b\xb7\x2c\x19\x57\x19\
\x25\x2e\x19\x95\x61\xa4\xa4\xe5\x9b\x92\xc1\x1d\xad\xa5\xeb\x9e\
\xe2\xc4\x5f\xec\xbc\x34\xb2\x8d\xcf\x6f\x6b\x6d\xbc\x8f\xac\xc8\
\x40\xda\xa9\xe0\x5d\x26\x40\xb5\xd4\x52\xcb\xa7\x92\x31\x24\xc1\
\xff\xb8\x79\x88\x5c\x5a\xdf\x25\x7d\xc8\xa8\xe9\xbd\x1e\x12\x18\
\x05\x3a\x37\xa5\x73\x35\x18\x57\xea\x9b\x36\xd0\xc6\x36\x68\xc3\
\x74\xb9\x70\x92\xae\x96\x22\x62\x27\x90\xf3\x46\x47\x96\xcb\x3f\
\x61\xb3\xc7\x45\xb9\xc9\x30\xcd\x30\x64\x33\x9a\xb2\x8d\x75\x45\
\xd0\x89\x12\x1f\x8c\x63\xbc\x6a\x1c\x43\x45\x11\xea\x1d\x79\x8e\
\x22\xa3\xbe\xc5\xba\x16\xcb\xa0\x0f\xf8\x21\xbf\x94\x7f\x40\x5e\
\x49\x99\x92\x7f\xc8\xaa\x8d\x6b\xca\x86\xbc\xe9\xf3\x08\xaa\xea\
\x9e\x14\x0d\x61\x0d\x9b\xa5\x90\x9e\xe8\x67\x98\xe1\xa5\x52\x3b\
\x53\x5b\x2e\x19\x45\x32\x75\x16\xfe\x14\xd8\xae\xa5\x91\xad\xb8\
\x2d\xf9\x85\x51\x8c\xdf\x94\xfc\xe4\x27\x67\x26\x69\xf0\xa5\x8b\
\x71\xc3\xeb\xca\xb3\x49\xc8\x38\x6e\x18\x7a\xda\x48\x1d\xfc\xb0\
\x72\x45\xe9\x64\x2b\x65\x7d\x64\x18\xa7\xce\x74\xd5\x95\x49\x30\
\xe9\xf0\xb7\x5a\x8e\xa3\xf8\x9f\x76\x7b\x1d\xd5\xcf\x56\xfa\x84\
\xed\xc8\x34\x4e\x81\x5d\xc8\x99\x44\x64\x94\x02\xde\x4a\x65\x18\
\xc7\x08\x50\x9f\xf8\x26\x69\xf0\xa5\x8b\x71\xc3\xeb\x4a\xc3\x24\
\x64\x9c\x44\x18\x7d\x9e\x46\xd2\x63\xbc\xa3\xca\x30\x4e\x9d\x99\
\x76\xa7\x33\xe9\xf0\xb7\x5a\x06\xa3\xf8\x9f\x76\x7b\x1d\x67\x3f\
\xc3\x6c\x0d\x9f\xdd\x34\x05\x26\xb5\xc1\x77\x3f\x33\x4a\xe3\x66\
\x59\xc9\x06\x7b\x8c\x99\x0e\x36\x3a\x64\x8c\x31\x3b\x04\x1b\x1d\
\x32\xc6\x18\x33\x53\xac\x24\x8c\x31\xc6\x54\xb1\x92\x30\xc6\x18\
\x53\xc5\x4a\xc2\x18\x63\x4c\x15\x2b\x09\x63\x8c\x31\x55\xac\x24\
\x8c\x31\xc6\x54\xb1\x92\x30\xc6\x18\x53\xc5\x4a\xc2\x18\x63\x4c\
\x15\x2b\x09\x63\x8c\x31\x55\xac\x24\x8c\x31\xc6\x54\xb1\x92\x30\
\xc6\x18\x53\xc5\x4a\xc2\x18\x63\x4c\x15\x2b\x09\x63\x8c\x31\x55\
\xac\x24\x8c\x31\xc6\x54\xb1\x92\x30\xc6\x18\x53\xc5\x4a\xc2\x18\
\x63\x4c\x15\x2b\x09\x63\x8c\x31\x55\xac\x24\x8c\x31\xc6\x54\xb1\
\x92\x30\xc6\x18\x53\xc5\x4a\xc2\x18\x63\x4c\x15\x2b\x09\x63\x8c\
\x31\x55\x16\x5a\x49\xac\xae\xae\x36\x77\xef\xde\x6d\x76\x22\xa4\
\xed\xf8\xf1\xe3\xcd\xcd\x9b\x37\x9b\x79\x73\xfe\xfc\xf9\xf6\x03\
\xc8\xc5\x67\x5a\x4c\x33\xec\x79\xb3\xb2\xb2\xb2\xb0\xf5\x75\x91\
\xda\xd2\xa4\xe5\x20\xbc\xad\xd6\xab\x9d\x5c\x2f\xb7\xca\xdc\x95\
\xc4\xc5\x8b\x17\x9b\xa7\x9e\x7a\xaa\x39\x7c\xf8\x70\xdb\x69\xc6\
\xc2\xe2\x3f\xf7\x16\x11\x3a\x77\x64\xce\x9f\x2b\x57\xae\xf4\xf2\
\x4f\x3a\x49\xfb\xf5\xeb\xd7\x9b\xad\x42\x23\x89\x32\x3c\xfb\xec\
\xb3\xcd\xa5\x4b\x97\x7a\xfb\x47\x8e\x73\xe7\xce\xb5\xbf\xc9\x73\
\xc2\xd8\x0a\x67\xce\x9c\xd9\x28\x3b\x64\x89\x65\xfa\xcc\x33\xcf\
\x34\x3b\x11\xd2\x35\x2b\x25\x41\x7e\x12\xd7\x28\x30\x08\x58\x84\
\x01\x09\xb2\x9f\x3c\x79\xb2\x99\x24\xe4\x05\x75\x78\x54\x3f\xf7\
\x43\xbd\x9c\x04\x73\x55\x12\x54\x16\x3a\x13\x1a\xd6\x9e\x3d\x7b\
\xda\x82\x3b\x70\xe0\x40\x67\x65\xa6\x60\x4b\xf7\x09\x83\xeb\x7c\
\xc7\x91\x45\xfc\x5d\x1b\x4d\xf5\x09\x33\x83\xbc\x87\x0e\x1d\x6a\
\xf6\xef\xdf\xdf\xca\xad\xff\xcb\xcb\xcb\x9b\xe2\xc9\xa3\x1c\xfd\
\xc7\xed\xb5\x6b\xd7\x9a\x63\xc7\x8e\xf5\x8a\xaf\x26\xa3\xfc\xa9\
\x83\x22\xfe\x5b\xb7\x6e\xb5\x95\x3e\x37\xc6\x18\x46\x94\x91\x06\
\x86\x2c\x39\xcc\x9c\x5f\x31\x2d\x84\x53\x1a\x7d\xa1\x60\x0e\x1e\
\x3c\xd8\x5c\xb8\x70\xa1\xb9\x7c\xf9\x72\x2b\x47\x56\xfe\x39\x9e\
\x5a\xc7\xda\x75\x2f\xa7\x61\x1c\xc6\x1d\x3d\xd6\xca\xe7\xf4\xe9\
\xd3\x6d\xfe\x47\x77\xc3\xe4\xaf\x85\x3f\xcc\xdf\xa8\x83\x8b\xb3\
\x67\xcf\xb6\x75\x2e\x87\x53\x8b\xbf\x4f\xde\x0c\x93\xb3\x4f\x5c\
\xa3\x86\x53\xe2\xe8\xd1\xa3\x6d\xde\x8f\x12\x26\xf9\x57\x92\xa9\
\xcb\xdf\xb8\xf5\x65\xbb\x33\x37\x25\x71\xf5\xea\xd5\x76\xf4\x7a\
\xea\xd4\xa9\xb6\x83\xa2\x43\xe1\x9b\x4e\xb7\x34\x1a\xa7\x80\xf6\
\xee\xdd\xdb\x7e\x50\x24\x7c\xab\xd0\x18\x25\xe9\x3a\x1f\x3a\x25\
\xfe\xc7\x7b\x74\x5e\x7c\x3f\xf2\xc8\x23\x1b\x9d\x67\x29\x4c\x55\
\x10\x46\xc3\xb8\xe5\x3a\xdf\xfc\x8f\xd0\x19\x20\xfb\x89\x13\x27\
\xda\xff\x54\x54\xfe\x73\x1d\x3f\x72\xaf\xf8\xb5\x9c\xc3\xc8\x9a\
\x11\x36\x71\x23\x13\xf9\x20\x77\xa5\xf8\xe4\x2e\xca\x58\x53\x16\
\xc8\x40\xe7\x4c\x3e\x22\x0b\xf9\xab\x11\x27\x69\x8e\x61\xf0\xad\
\x59\x1a\x32\x91\x67\x19\xdc\xc5\x74\xe3\x0e\x59\xa4\xcc\x73\x9e\
\xa0\x6c\x8e\x1c\x39\xb2\xa9\x33\xa2\x3c\xe9\xa0\x4a\x0d\x4c\x83\
\x04\x1a\x38\xe1\x46\xc5\xae\x99\x25\x1f\xe2\x51\x9e\xa9\xcc\x90\
\x85\xf4\xe1\x2e\xcb\xa1\xb0\xe3\x68\x5b\xcb\x7b\xc0\x2c\x8b\xf0\
\x14\x6e\xcc\xeb\x9c\x0f\x52\x70\x2a\x07\xdc\x6b\xd6\x25\x28\xbb\
\x57\x5f\x7d\x75\x63\xf9\xb0\x4b\x7e\xb9\x8f\xf1\xc7\x59\x5f\x2d\
\x4f\x04\x61\xe3\x8f\x36\x22\xd9\xa2\xcc\x84\x1d\xff\x2b\x1f\xa2\
\xa2\xce\xe9\x8f\xf1\x6b\x16\xa8\xbc\xad\x75\x8c\xf8\xc3\x1d\xe1\
\x2b\x9c\xd2\xec\x86\xb0\x55\x57\x18\x30\xc4\xb6\x4d\xd8\xf8\x2b\
\xa5\x59\xf5\x4c\x28\x0d\x25\xb8\xa7\x32\xc4\x1f\xb2\x13\x56\xad\
\x5e\xe3\x1e\x39\xc8\xab\x38\x90\xe2\x37\xfe\x94\x2e\xa1\x55\x03\
\xc2\x8d\xf5\xe5\xbe\xe1\xf5\x2b\xcf\xad\x4d\xf2\xd3\x97\x41\x01\
\xae\x0d\xa2\x5f\xbb\x73\xe7\x4e\xd5\xcd\xa0\xb3\x69\x3f\x30\xe8\
\x7c\xdb\xcf\xed\xdb\xb7\xd7\x6e\xdc\xb8\xb1\x36\x18\xb9\xb7\xf7\
\xf8\x4f\x38\x83\xce\x68\x6d\xd0\x39\xae\x0d\x3a\xc9\xf6\x1e\xd7\
\x60\x50\xe8\xed\xef\x41\xa7\xd9\xfa\x53\xbc\xfc\x1e\x54\x94\x8d\
\xdf\x84\x43\x78\x03\x65\xd5\x86\xc1\xf5\x41\xe7\xd6\x5e\x97\x1f\
\xc2\xcf\x28\xfe\x41\x07\xb9\x71\x6d\xd0\x51\x6e\xc8\xcd\x37\xf7\
\x07\x1d\xf8\x46\x3a\x08\x2f\xfa\x23\x5c\x7e\x0f\x14\xce\xbb\xe2\
\x1b\xcc\x34\x5a\x3f\xfc\x46\x4e\xd2\xc9\xff\x92\x0c\xa4\x55\x90\
\xaf\x5c\x23\x2c\xa5\x87\xf0\x09\x83\xbc\xe0\x7f\x94\x31\xfe\x56\
\xf8\xfc\x26\x2f\x09\x4b\x71\x0c\x1a\x7a\x7b\x6f\xd0\x60\xda\xb0\
\x22\xa4\x3b\x5f\xcb\x0c\x66\x19\xed\x37\x32\x21\x47\x4c\x83\x64\
\x40\x66\xf2\x3e\xde\x43\x0e\xbe\xf9\x20\x5f\xac\x37\xf8\xcb\xf5\
\x88\xfc\x52\x9e\x03\xf9\xc8\x35\xfc\xc7\xeb\xf9\x9e\xd2\x27\xf8\
\x5f\x8b\xb7\x94\xae\x3e\xf2\xe7\xf8\x25\x7f\x57\x9e\xe4\xb4\xc5\
\xb2\x8e\xe1\xf1\x3b\xff\xcf\xe9\xa0\x0e\xf5\x89\x9f\x6b\xd9\x2d\
\x90\xb6\x52\xfa\x72\xfb\x28\xe5\x19\x79\xa3\x3c\x56\xbe\xe7\x70\
\xf8\xe6\x3a\x6e\x05\x6e\xb9\x5e\x22\xe6\x87\xda\xb0\xe0\x7a\x6c\
\x9b\xf1\x7a\x8c\x5b\x7d\x4b\x94\x53\xf7\x73\xfd\x8a\xf7\x16\x8d\
\x49\xf7\xe7\x7c\x76\x35\x73\x42\x23\x76\x96\x69\x86\xa1\x91\x1c\
\xa3\x52\x69\x71\xfc\x71\x8d\xa5\x15\x88\xd3\x69\xae\xe5\xd1\x1e\
\xa3\x0a\xfc\x10\x2f\xf7\x70\xb3\x6f\xdf\xbe\xf6\x1a\xa3\x03\x46\
\xc0\x84\x41\x1c\x1a\x45\xe0\x86\x8f\x64\xe5\x77\x9e\xb2\x97\xd0\
\xbe\x80\x96\x81\x34\x82\x52\x3a\x88\x2b\xa2\xa5\x03\x46\x31\xc8\
\x83\x1c\x7c\x00\x59\x08\x27\x8e\xf6\x14\x4e\x5c\xda\xc8\x28\x5f\
\xf1\xab\x3c\x52\x9e\x90\xc6\x3e\x7b\x16\xcc\x46\x34\xdb\x19\xd4\
\xbf\x8d\x6b\xa0\x19\x54\x84\x19\x50\x9f\xf2\x04\xf2\x83\xb0\xe3\
\x5a\xb2\x96\x39\xc8\xb3\x81\xb2\xd9\xb8\x4e\x3a\x99\x25\xc5\xff\
\x31\x1e\xfe\x6b\xc9\x52\x50\x4e\x8c\x14\x75\x9d\x91\xbe\xae\xc5\
\xb0\x80\xf2\xa7\x0c\xba\xf2\x13\xc8\xb7\x3e\xe9\x63\xe4\xa9\xf2\
\xcb\xf2\x93\xb6\x1c\xbf\x96\xfa\x24\x43\x5e\x5f\x1f\x56\xd6\x5a\
\xf2\x54\xbe\xe4\xff\x11\xd5\xc7\xbe\xf1\xab\x9d\xc5\xf8\xa9\x0f\
\x71\x79\x32\x97\x8f\xa0\xde\xa9\xdd\x09\xea\x8d\xda\x70\x6e\x4f\
\x84\xa3\x78\xb8\x8e\x3b\x95\xdf\xbd\x7b\xf7\x86\x96\x8f\x88\xb2\
\xb0\xf4\xd9\x67\x69\x6e\xf7\xee\xdd\x9b\xc2\xa7\x6f\xa0\xce\x68\
\x36\x13\x67\x40\xc8\x43\x98\x7d\xfa\x82\x9d\xc0\xdc\x94\x04\x15\
\x19\x28\x84\x98\xd9\x54\x50\x0a\xab\x54\x00\x5c\xa7\xd0\x81\xef\
\x58\xf9\xe2\x3a\xe2\x40\xeb\xbf\xcb\x6f\xa9\x71\x23\x03\x9d\x11\
\x32\x50\xf1\x99\x16\xc7\xca\xaf\xb8\x20\x2f\xa3\x74\xc1\x3e\x03\
\x8d\x83\x0e\x49\x9d\x3e\xe9\xa2\x63\x56\xda\xe2\x34\x3e\x76\xe8\
\x52\x64\xf1\x37\x72\xc6\x74\x47\x3f\x35\x54\xb9\x89\x4b\xcb\x53\
\xb1\x23\xed\xb3\x06\xac\x3d\x17\x64\xc7\x3d\x9d\x4b\x57\x43\xe5\
\x1e\x71\x65\x37\xea\xfc\x55\xe6\x80\x42\xc9\x0d\x93\x7c\x2a\x75\
\x6c\x50\x2a\xd3\x61\x50\x66\x94\x01\xf1\x76\x6d\x4c\x22\x47\x1f\
\xfa\x2a\xc0\x92\xac\x7d\xe5\x7f\xf4\xd1\x47\x37\xe5\x89\x96\x30\
\xbb\xa0\xbe\x51\xb7\xc8\x63\x7e\x6b\x30\x45\x47\x17\xf7\xbc\x44\
\x57\x3a\xfa\xc6\x9f\x95\x72\xdf\x34\xc7\x7a\x57\xca\xf7\xac\xe8\
\xb5\xd7\x56\x52\x42\x93\xa4\x96\x27\x5c\xe7\x13\xf3\x20\x2a\xb3\
\xfb\x81\xb9\xed\x49\x50\x79\xc9\x68\xd6\xff\x68\xc8\x74\x44\x5a\
\xc7\xcd\x6b\xee\xea\x58\xd5\x01\x51\x68\x34\x02\x46\x22\x52\x16\
\x8c\xb8\xd1\xf6\x5c\xef\xfb\x64\x8f\xe2\x5c\x5a\x5a\xda\x18\x21\
\x33\x42\xd0\x48\x9f\x91\x04\xf1\x71\x8d\x70\xfb\x76\x12\xda\xc4\
\x66\xe4\xae\xd1\x27\xe1\xf0\xbf\xa4\x68\x68\xcc\x10\xd7\x8f\xb5\
\x3f\x42\xe7\x46\xba\x91\x91\x70\xc8\x2b\xd2\x57\x92\x05\x77\xa4\
\x49\x6b\xc4\xc4\x49\x5a\x94\x1e\xc2\x25\x7c\xcd\x4e\xfa\x40\xe3\
\xc4\x0f\x61\xab\xc3\xd1\x5a\x72\xde\x3b\x62\x94\x88\x7c\x79\xa3\
\x9e\x3c\xce\xf2\x52\x6e\x1a\x49\x6a\xc3\x5f\xfb\x36\x1a\xf1\x0b\
\xc2\xa3\x2c\x46\x45\xb2\xb3\xdf\x25\xe5\x4a\x1a\xf2\x48\x9d\xff\
\xaa\x8f\xf1\x09\x25\xcd\x04\x47\x25\xaf\xf3\x47\xf9\x91\x29\xc7\
\xcf\xe0\x04\x37\x5d\x79\x92\x89\xe5\xa7\x87\x25\x34\xe0\xd2\xe8\
\x3f\x0f\xc0\x26\x15\x3f\xf7\x6a\xe9\xcb\x71\x51\x47\xa2\xac\xd1\
\x1f\xf1\xe6\x7d\xa3\xf8\x9f\xfa\x84\x7b\xae\xa9\xee\xf5\xdd\x54\
\xef\x43\x9f\x36\x40\xfb\xd5\x00\x47\xf9\x52\xdb\xf4\xde\xa9\xcc\
\x6d\x26\x41\x45\x66\xd4\xae\x0d\x26\x5d\x63\x34\xa9\xff\x11\x36\
\x64\xf5\xa8\x2c\x50\x58\x54\x22\xfc\x70\x8f\x8e\x4f\x1d\x23\x1d\
\x6b\x9f\x47\xe2\xd4\x89\x68\x94\x49\x98\xea\x2c\x50\x1a\x84\x11\
\x97\x80\xfa\x2a\x09\x85\x15\x97\x16\xf8\x46\x49\xe4\xa5\x26\xb9\
\x25\x7c\x1a\xa4\x3a\x54\x8d\xaa\x49\xe3\x60\xad\x74\x93\x8c\xa4\
\xb7\x04\x0d\x92\x0f\xfe\x35\x9b\x91\xc2\x22\x3d\xda\xf0\x54\x07\
\xd0\x07\xe2\x47\x6e\x85\x03\x34\x2e\xc2\x41\xb9\xc5\x11\x9e\xca\
\x82\x78\xa5\xd4\x70\xab\xb4\x44\x48\x0f\x79\x4b\x99\xa9\x53\x53\
\xba\x88\x53\x1b\xfc\xdc\x63\xc4\x19\x67\x21\x7d\x91\xcc\x71\xb9\
\x84\x6b\x84\x4f\x3e\x6b\x99\x8a\xce\x51\xf7\xc9\x27\xd5\xa3\x3c\
\xd3\xe9\x8b\xe4\x57\x59\x44\xf9\x4b\xf1\xf3\x5f\xf5\xb6\x96\x27\
\x11\x2d\x89\xe2\x8e\xfb\x1a\xed\xc6\x4e\x2f\xce\x20\x73\x9e\x8c\
\x12\x7f\x5c\x36\x13\xe4\x91\xe2\x57\xbc\xcc\x40\x6a\x71\x29\x3f\
\x71\x47\xbd\xd4\xc3\x1a\x84\x43\x9c\x9a\x71\x13\x46\x54\x6a\x1a\
\x5c\xc5\x74\x51\x87\x69\x43\x5b\x1d\xc9\x53\xe6\x84\x45\x87\x5f\
\x4a\x63\x44\x7d\x4f\xac\x2f\xf7\xcb\x52\x13\x2c\xb1\x31\xd1\x4c\
\x90\x87\x8f\x7c\xbe\x99\x26\x5d\x7b\x19\xc3\xd6\x6e\x67\x19\xe6\
\xb8\x74\xc5\x97\xa7\xf8\xe3\x30\x6a\x18\x7a\x9a\x48\xa3\xed\x71\
\xc3\x19\x57\xa6\xad\xc6\x43\x27\xc4\xa7\xd4\xa8\xbb\xc2\x9e\x44\
\xb9\x0f\xdb\x77\x9b\x76\x59\x0f\x63\x12\xf1\xf7\x75\x37\x2c\x2e\
\x28\x85\x23\xc5\x25\xbf\x74\xd6\xcc\x0c\xe7\xc1\x2c\xca\x64\xab\
\x7c\xff\xea\x57\x9b\x49\xb3\xed\x94\x84\x99\x2d\x34\x52\x46\x7e\
\xcc\x66\x16\xbd\x81\x94\x60\xc4\x9c\xdf\x01\x31\xdb\x03\x3d\xde\
\x1b\xcb\x8f\xd9\xd9\xb4\xf7\x27\xb6\x33\xd3\x50\x12\x3e\xbb\xc9\
\x54\x61\xe4\xc4\x74\x9c\x19\xc4\x76\x54\x10\x74\x28\x7e\x93\x76\
\xfb\xc2\x72\x59\x2e\x3f\x2b\x88\xd9\xe3\x99\x84\x31\xc6\xec\x10\
\x3c\x93\x30\xc6\x18\x33\x53\xac\x24\x8c\x31\xc6\x54\xb1\x92\x30\
\xc6\x18\x53\xc5\x4a\xc2\x18\x63\x4c\x95\xfb\x4e\x49\x2c\xc2\x99\
\xfa\x35\xba\x8e\xcc\x1e\x17\xd2\x3b\xad\x34\x6f\xf5\x88\xe7\x69\
\x85\xb5\x13\x59\x2d\x1c\x7d\x3f\x69\xe2\xf1\x2d\xb3\x2a\x8b\x69\
\xbf\xb9\xec\x3a\xb5\x75\xee\x3b\x25\x31\xca\x91\x14\xb3\x06\xd9\
\x72\xa3\x59\xdd\x82\x91\x16\x5e\x80\x1b\xd5\x18\xcb\x28\xf0\x88\
\xa9\xde\x9e\xdd\x2a\x74\x50\xb5\x23\x28\x20\x1b\x89\xb9\xdf\xd0\
\xa3\xa0\x7a\xab\xbe\x44\x3e\x02\x63\x14\xf0\xa7\x7a\x36\xc9\x72\
\x1d\x46\xed\xf8\xef\x49\x41\x9d\x1a\xe7\x68\x15\xf3\x23\x16\x42\
\x49\x94\xce\xcc\x1f\xc7\xf0\x47\xf6\x53\x0a\x87\x17\x73\xf2\x33\
\xff\xab\x63\x1a\x7f\xe9\x13\x86\xc2\x99\x44\x1c\xa3\x1a\xe8\xe1\
\x1d\x07\x8e\x87\xc8\x47\x5a\xf4\xcd\xc3\x51\x46\xad\x5d\xee\xc6\
\xbd\x17\xa9\x9d\x97\xb3\xda\xd3\xf0\x50\x76\xd3\xe5\x6f\xb5\x60\
\x6c\x69\x94\x7c\xef\x23\x4b\x1f\x3f\xa5\xf4\xa2\x2c\xf2\xb1\x35\
\x0a\x8b\x8e\x7d\xdc\xfa\xaa\x63\x72\x46\x61\x16\x75\x7e\x52\x7d\
\x43\xdf\xf0\xa7\xed\x6f\x3b\x32\xb7\xb3\x9b\xf4\x36\xa5\xce\x6c\
\x91\x35\x35\x4e\x8e\xd4\x81\x61\xbc\x8a\xaf\x73\x55\xe4\x5e\xe7\
\xa7\xc4\x7b\x1c\x1b\xa1\x83\xf0\x78\x65\x9f\xff\xbc\x74\xc3\xf1\
\xd6\x39\x1c\x9d\xa9\xc4\x08\x9b\x38\x09\x57\xf1\xeb\xa8\x70\x60\
\x54\x15\x0f\x14\x84\xd2\x49\xb0\x3a\x30\x0f\x7f\x9c\xd1\xc3\xa1\
\x65\xb2\xf4\xc6\xd9\x30\xaa\x4c\x92\x85\x73\x60\x94\x86\x78\x1e\
\xcc\xb0\xb3\x60\x34\x03\xd2\xd1\x00\x3a\x4b\x4a\x33\x0d\xd2\x10\
\xd3\xca\x68\x50\x87\xd5\xf1\x32\x1c\xf9\xa1\x51\x95\xfc\x71\xae\
\x8e\xce\xaf\x42\x66\xfc\x93\x8f\xb8\x97\xdb\x52\xde\x44\x78\x13\
\x5b\xa3\xc1\xd5\x75\x8b\x7b\x3a\x2c\x51\xc6\x60\x38\xe3\x89\x7b\
\xe4\x8d\xee\x45\x59\x86\xa5\x5f\x46\x62\x28\x0f\x3a\x42\x19\x31\
\x22\xdd\xf2\x1f\xcb\x38\xc2\x1b\xd7\x94\x1b\x4a\x86\xba\xa1\x7a\
\xa4\xa3\xa0\x73\x3d\x42\x0e\xca\x91\x7b\x3a\x9c\x91\x78\x55\x7e\
\x84\x11\xf3\x5d\xf1\xab\x4c\x74\x3d\x76\xb8\x3a\xb7\x4b\xe5\x98\
\xfd\x94\x06\x2d\xd1\x5d\xcc\x77\xca\x89\x73\xb1\x28\xa3\x58\xef\
\xf9\xaf\xf2\x26\x6d\xd9\x52\x9b\xc0\x2d\x61\xeb\x50\xc0\x58\x5e\
\x84\x47\x79\x0e\x83\x43\xf7\x74\x78\x25\xf9\xc2\x37\x75\x84\xba\
\x2d\x4b\x93\xd4\x1b\x1d\x53\x4f\x9e\x29\xbe\x98\x2e\x1d\x6c\x99\
\x51\x19\x11\x06\x32\x91\x2e\x64\xa4\x0c\xe9\x1f\x72\xb9\x91\x26\
\xda\x92\xca\x2e\xb6\xc1\x08\xd7\xa9\xf3\x3a\x2f\xaa\x54\xbf\x63\
\xfe\x0a\xe5\x0b\xf7\x34\x80\xe0\xe8\xf2\x9c\x7f\x3b\x96\x79\x19\
\x1d\xca\x06\x49\xf8\xc6\xe0\x48\x34\x10\x92\x0d\x7f\x44\xa3\x20\
\x18\x3d\x91\xa1\x91\xe5\x64\x30\x64\xb9\xc3\x80\x48\x34\x7a\x13\
\x0d\xcc\x44\x03\x2f\x25\xe3\x2f\x25\xa3\x2a\xc8\x9c\x0d\x92\x20\
\x93\xc2\xe1\x77\x34\x9c\x12\x0d\xa9\x60\x44\x25\x1a\x47\x89\x06\
\x57\x72\x3e\xe5\xeb\xf8\x8b\x46\x56\xe2\x3d\x64\xd7\x3d\x19\x9a\
\xd1\xf5\x28\x4b\x94\x1d\xb9\xa2\x71\x19\x8c\x31\x65\xb7\xdc\xcf\
\x06\x77\x08\x33\x5f\x57\x5e\x97\xf2\x46\xf7\x6a\x86\x7f\xa2\x21\
\x9d\x4c\x36\x12\xd3\x55\x1f\x22\xb8\xeb\xf2\x17\x8d\xd2\x0c\x9a\
\xc3\xa6\x7b\xb8\x8d\xc6\x75\x30\xb4\xc4\x07\x90\x3f\xba\x8d\x65\
\xcb\x3d\xa5\x3b\xd6\xab\x6c\x38\x27\x1b\x0f\x12\xb9\xfe\x52\xde\
\xcb\xeb\x86\xa0\xc8\x73\xc9\x9b\xdd\xc5\xf2\x2e\x21\x59\x6a\x06\
\x74\x4a\x71\x94\xc2\x28\x95\xb9\xda\x12\xdf\x31\xcf\x72\x9d\x8f\
\x46\xa9\x64\x3c\xac\x14\xc7\x72\x30\xac\x45\x5c\xcb\xeb\x86\xb7\
\x44\x34\x58\x34\xac\x0d\xe2\x0e\xb9\x48\x97\x64\x8a\x6d\x3f\xd6\
\xd5\x52\xda\x63\xbe\x2c\x27\x83\x5f\x8b\x66\x80\x68\x1a\x46\x87\
\xe6\xba\xdc\x14\x8d\xb8\xc8\x58\x4a\xd4\xe0\xd1\xf0\x07\xf7\xe2\
\x01\x61\x1a\x41\x89\x7c\x78\xd8\x72\xc1\x80\x48\x29\xfe\xe8\x7e\
\x6d\xdd\xb0\x0e\x23\xa5\x38\xa5\xd7\x09\x99\x19\xe2\xd7\xd1\xcc\
\x22\x9f\xdf\x1f\x4f\x7d\x8d\x27\x73\xf2\x9d\x0d\xe9\xd4\x4e\x3a\
\xcd\xa7\xb6\xea\x08\x66\x58\x5d\x3f\x5e\x59\xfb\x0f\x8c\x72\x4a\
\x1b\xd5\x8c\x96\xa2\x6c\xc8\x4c\x38\x5a\x7b\x8e\xb2\x68\x0d\x57\
\x61\xea\x34\xd3\xda\xf2\x47\x4e\x3f\xf9\x87\x0c\x5c\xc7\x6f\xdc\
\x1b\x61\x34\x48\x9c\x25\xc3\x3f\x7d\x51\xd8\xb9\x3e\xd4\xd6\x9e\
\x35\x4b\xd1\x28\x30\xe6\x17\x23\x4f\xf9\x5b\x4e\x76\x02\x28\x8f\
\x58\x26\x94\x65\xdc\xdc\x8d\x6e\x0f\xad\xdb\x2c\x8f\x79\x00\xf1\
\x94\x61\xd2\x1e\xe3\x56\xd9\x45\x14\x6e\x2e\xef\xda\xb1\x28\xa3\
\x1c\x42\x48\x1d\xc8\x61\xe9\x38\xee\xad\x86\x11\xc9\xed\x2a\x1a\
\xed\x8a\xf7\x72\x9b\x8e\x94\x4e\x83\x8d\xd7\xf8\x1d\xfb\x86\x2e\
\x79\x34\x9b\x8d\xe5\x80\xfb\x58\xbf\xa1\xcf\x12\x52\x5e\xea\x43\
\x8e\x59\xed\xdf\xcc\x8b\xb9\x2d\x37\xc1\x28\xf6\x19\x4a\xeb\x90\
\x5b\xdd\x80\xae\xc5\xdf\xd7\x08\x4d\x49\x86\xbe\x32\x8d\x72\x16\
\x52\xc9\x6d\xb6\xcc\x16\xa9\x9d\x78\x5a\xba\x56\x3a\xe2\x59\x61\
\x2e\x27\xe3\x33\x7d\x8e\xeb\xd6\x32\x0a\xe4\xa3\xb6\x15\x66\xa9\
\x51\x8d\x92\xe7\x3a\x1a\x3b\x5f\xeb\xeb\x37\xe7\x57\xed\x3c\xa0\
\xae\x30\x4b\xf9\xc9\x12\x04\x90\xff\x2c\x97\xa8\x03\xce\x56\xdc\
\x22\xa5\x25\xb2\x69\x9d\x93\x55\x33\x02\x34\x89\x93\x85\xc7\x65\
\xab\x71\xf7\xf1\x2f\xcb\x76\x02\x79\x73\xdd\x94\x71\xa5\x61\x4f\
\x02\xe6\xf8\x46\xa9\xb7\xdb\x95\x6d\xf1\x74\x13\x9d\x13\x85\x17\
\x35\x3d\x6b\x8a\xd3\x3a\xbc\x8d\x4e\x23\x1a\x3b\x27\xde\xd2\x13\
\x25\x32\x13\x19\x1b\x49\xdf\xc7\x4d\xb3\xa1\x77\xe2\xa8\xf9\x95\
\xe9\x53\x41\xda\xb5\x9e\xab\xd1\x98\x0c\xa2\xc8\xe4\x6a\x26\x8e\
\x6e\x41\x23\xea\x52\xc7\xcf\x88\x59\xeb\xad\xb2\x4e\x57\x7b\xf2\
\x48\xb3\x97\xf8\x9f\xf3\xf6\xf1\xa3\x75\x7d\x85\xa3\x8d\x55\xc2\
\x2f\x19\xfe\x11\xb5\x7c\x50\x3c\x6a\xcc\xa3\xd6\x07\xed\x2f\xe5\
\xfc\x1a\xe7\x11\xe1\x3c\xb3\x92\x9d\x0e\xdd\x93\x75\xb8\xac\x24\
\x65\xe3\x82\x0f\xe9\xc9\x0a\x53\x9d\x50\x4e\xdb\x38\xe4\x74\x95\
\x8c\x00\x69\x6f\xa1\x6f\x18\x94\x6d\x0e\xa3\xef\xd3\x43\xd4\xd9\
\x2e\x23\x43\xe3\x40\x9e\x96\xda\x47\x04\x65\x8d\xbc\xaa\xff\xd4\
\x3f\x94\x46\xa9\x7e\x67\x45\x91\xd3\x5f\xaa\xb7\x25\x1b\x31\x3b\
\x89\xb9\xce\x24\x46\x81\xcd\x2f\x6d\x74\x03\x23\xe0\x69\x6d\x18\
\xd1\xd9\xb0\xc1\x16\x0d\xb3\x94\x2a\x82\x8c\xec\xc4\x0d\xe8\xbe\
\x15\x46\x86\x69\xa2\xc1\x95\xda\x88\x56\xcb\x42\x52\x48\x8a\x17\
\x18\x89\xb2\x49\x49\xa5\xe7\x3a\x4b\x66\xa5\xc7\x5e\xb5\x61\x2f\
\x43\x31\x54\x7e\x6d\xa2\xe7\x69\x76\x76\xbb\x5a\x31\x3e\x03\xa4\
\x37\x1b\x64\x51\x3a\xf0\x93\xef\xa9\x43\x42\x69\x29\x7f\x81\xeb\
\xda\x0c\xa4\x73\xcd\x36\x03\xb2\x91\x98\x52\x7d\xc8\x76\xcd\x4b\
\xe0\x57\x9b\xa7\xe4\x95\x0c\xe3\x8c\x8a\x0c\x5d\x81\xf2\x28\xca\
\x4c\xbe\xb0\x51\x1a\x37\x82\xb9\x4f\x99\xab\xac\xc8\x93\x92\x51\
\x21\xc9\x18\xd3\xde\x67\xc4\xaa\xb2\x90\x99\xd9\xbc\xe9\xad\x8d\
\xf2\x5c\x26\x25\x13\xa7\x40\x1d\x90\xa2\x8f\x61\x44\xc3\x4c\x7a\
\x30\xa2\x34\x30\xc9\x50\x3e\x5d\x46\x86\xc6\x81\x70\x54\x17\xba\
\xda\x20\xe9\xd6\x20\x42\x9b\xfc\xf1\x81\x0b\x3d\x40\xa0\xc1\x8c\
\xea\x7e\xde\x5c\x27\xbf\xb2\xc1\x2a\xf9\x41\x59\xd5\x0c\x82\x6d\
\x67\xb6\xa5\xd1\xa1\x69\x1f\x5b\x1d\x8d\xa0\x28\x3e\x3a\xa8\x2e\
\x8b\x54\xe3\xca\x15\xe3\xda\x8a\xdb\x51\xc3\xe9\x2b\xeb\x6a\x4f\
\xe3\x3b\x77\xc7\x34\x1c\x94\xc3\x47\xc1\x69\xbf\xa4\x0f\x5b\xc9\
\xf7\x49\xd4\xa3\x51\xf2\x7d\x54\x3f\x5b\x91\x31\x1b\xeb\x19\x27\
\xec\x49\x84\x51\xf3\x07\x93\x6e\xc7\xe3\xc8\x53\xab\xdf\x25\x19\
\xe3\x93\x4f\xb3\xe8\x87\xc6\xc1\xa7\xc0\x36\xcd\x4c\x0a\x86\x51\
\xb6\x46\x19\x52\x14\x25\x7b\xc1\x93\x90\xab\xb4\xbe\x3e\x8e\xdb\
\x51\xc3\xe9\x4b\x1f\x05\x31\x2c\xcc\xae\x7b\x39\xfc\x51\x14\xc4\
\xb0\xb0\xa7\xe1\xaf\x14\xce\xa8\x61\xf5\xf5\xb3\x15\x19\xc9\xc3\
\xae\xb2\xeb\x13\xf6\x24\xc2\xa8\xf9\x9b\x46\x3b\x1e\x27\xcc\x5a\
\xfa\x86\xc9\xb8\x88\x0a\x62\x5a\x6c\x9b\xe5\xa6\x59\x22\xbb\xc8\
\xd1\x86\xef\x30\x3b\xb8\x66\x32\xd8\xa8\xcc\x64\x98\x44\x3e\xba\
\x2c\x36\x73\x3f\x29\x86\x88\x8d\x0e\x19\x63\xcc\x0e\xc1\xcb\x4d\
\xc6\x18\x63\x66\x8a\x95\x84\x31\xc6\x98\x2a\x56\x12\xc6\x18\x63\
\xaa\x58\x49\x18\x63\x8c\xa9\x62\x25\x61\x8c\x31\xa6\x8a\x95\x84\
\x31\xc6\x98\x2a\x56\x12\xc6\x18\x63\xaa\x58\x49\x18\x63\x8c\xa9\
\x62\x25\x61\x8c\x31\xa6\x8a\x95\x84\x31\xc6\x98\x2a\x56\x12\xc6\
\x18\x63\xaa\x58\x49\x18\x63\x8c\xa9\x62\x25\x61\x8c\x31\xa6\x8a\
\x95\x84\x31\xc6\x98\x2a\x56\x12\xc6\x18\x63\xaa\x58\x49\x18\x63\
\x8c\xa9\x62\x25\x61\x8c\x31\xa6\x8a\x95\x84\x31\xc6\x98\x2a\x56\
\x12\xc6\x18\x63\xaa\x58\x49\x18\x63\x8c\xa9\x62\x25\x61\x8c\x31\
\xa6\xca\x8e\x53\x12\xe7\xcf\x9f\x6f\x3f\x25\xee\xde\xbd\xdb\xac\
\xae\xae\x36\x66\xba\x90\xcf\x7c\x86\xe1\xb2\x98\x0d\xf3\xca\xe7\
\xbe\xf5\x60\xd2\xdc\xbc\x79\xb3\x31\x93\x63\xee\x4a\x82\x4a\x74\
\xf8\xf0\xe1\xf6\x33\x09\x2e\x5e\xbc\xd8\x9c\x3b\x77\xae\x78\xef\
\xca\x95\x2b\xcd\xde\xbd\x7b\x9b\x95\x95\x95\x4d\xd7\x51\x2a\x4f\
\x3d\xf5\xd4\xa6\x6b\xcf\x3e\xfb\x6c\x73\xf2\xe4\xc9\x66\x18\x84\
\x79\xfc\xf8\xf1\x77\x5d\xa7\xa2\x92\x26\xee\x0b\xdc\xc5\x74\xca\
\x4d\x96\xa7\x04\xf2\x5c\xba\x74\xa9\x99\x24\x39\x7d\xc8\x73\xe6\
\xcc\x99\x66\xab\x10\x4e\x4d\x51\x47\x4a\xf9\x76\xbf\x40\x1e\xcd\
\xaa\x33\x7b\xe6\x99\x67\x9a\x79\x40\xdd\xbf\x7a\xf5\x6a\x33\x4b\
\xe8\x4f\xfa\xb4\xdb\x51\x98\x74\xbb\xdb\x6e\xcc\x5d\x49\x50\x91\
\xe8\x24\xf5\x11\x8c\x7e\xe2\x28\x44\xb3\x80\x78\x8d\xff\xb9\xa1\
\xa1\x24\xae\x5d\xbb\xb6\xc9\x1f\x6e\xba\x46\x34\xa5\x06\x7b\xeb\
\xd6\xad\x77\x5d\xcb\xf1\x11\x26\x32\x13\x67\x96\x6d\x79\x79\xb9\
\xbd\x77\xfd\xfa\xf5\x0d\xbf\xb8\x8b\xe9\xa4\x01\xf1\x1b\xb7\x51\
\x16\x8d\xfc\x14\x26\x1f\xdc\x92\x57\x71\x54\xa8\xb4\xe5\x91\x62\
\xf4\xa7\x4f\x69\x34\x99\xd3\x97\xdd\x75\x8d\x04\xa7\x3d\x3a\xdd\
\xea\x28\x74\x98\xff\x7c\xaf\x96\x87\x93\xa0\x96\xf7\xd4\xb1\x92\
\x5c\xb5\x78\xb7\x2a\xcf\xb8\xe5\xd9\x37\x2f\xfa\xd4\x89\x61\xf1\
\xd4\xa8\xd5\xe1\x7c\x7d\xcf\x9e\x3d\x9b\xda\x7f\x97\x5f\xdd\x1b\
\x96\xb6\x0b\x17\x2e\x14\xaf\xdf\x2f\x33\xe1\x5d\xcd\x9c\x41\x4b\
\xef\xdf\xbf\xbf\xcd\x70\x3a\xc2\x43\x87\x0e\xb5\xd7\x19\x65\x72\
\xed\xf6\xed\xdb\x1b\xee\x18\x4d\xf3\x5f\xb3\x0f\x15\x12\x9d\x2c\
\x15\x83\x6f\xdc\x00\xff\x69\x88\xcc\x10\xe4\x8e\x78\xc6\x01\xff\
\xa5\xf8\xf8\xaf\x11\x33\x33\x14\x94\xc0\xb1\x63\xc7\xda\xff\x54\
\x56\xd2\xa2\x8e\x58\x8a\x81\xeb\x74\x0e\xdc\xe3\x1a\x32\x11\x5e\
\x8e\x83\xd1\x1f\xe1\x49\xb1\x70\x9d\x0f\x8a\x62\x6d\x6d\xad\xbd\
\x46\xda\x54\xc1\x8f\x1e\x3d\xda\x56\x66\xfe\x23\x8b\xf2\x94\x59\
\x15\x1f\x7e\xdf\xb9\x73\xa7\xe9\x0b\xe9\x22\x8e\xdd\xbb\x77\x37\
\xf7\xee\xdd\x6b\xc3\x46\x76\x5d\xe7\x37\x61\x9e\x38\x71\xa2\x8d\
\xbb\x06\x69\x8a\x8d\x56\x8a\xf3\xd4\xa9\x53\x9b\xf2\x97\xf2\x56\
\x1c\xfc\xe6\x9b\x74\x12\xf7\xd9\xb3\x67\x37\xea\x07\xbf\x95\x3f\
\xa4\x53\xe1\xf0\xff\xf4\xe9\xd3\xed\x6f\x46\x92\xf8\x27\x2f\xc8\
\x07\xe2\x44\x06\x29\x74\xae\x93\x77\x8f\x3e\xfa\x68\xfb\x3f\x96\
\x0b\xe1\x33\x9b\xe2\xde\xab\xaf\xbe\xda\xfa\x8f\xb2\x2a\xfc\x23\
\x47\x8e\x6c\xd4\x55\xe4\x40\x76\xfd\x27\xec\xcb\x97\x2f\xb7\x75\
\x96\xf0\x29\x5f\xd2\xc2\x7d\xa5\x5d\xa3\x53\x64\xc2\x2f\xe9\x8b\
\x72\xf3\x8d\x2c\xaa\x47\x07\x0e\x1c\x68\xdd\x10\x6e\x2c\x23\xee\
\xab\xce\x91\xd7\xe4\x83\xfe\x4b\x0e\xc9\x8c\x0c\xa4\x09\x79\x94\
\x8f\xd4\x4f\xee\xed\xdb\xb7\x6f\x53\x7a\x55\x1f\x89\x9b\x3a\x80\
\xdc\x94\x73\xce\x8b\x58\x57\x54\x27\xa2\x0c\xb9\x8c\x73\x3c\x40\
\x5e\x50\x47\xb9\x86\x8c\x7c\x53\x16\xe4\x0b\x7e\x94\x1f\xdc\xe3\
\x3a\x69\x22\x0d\xb4\x05\xfc\x52\x56\xba\x8e\x3b\xd5\x39\xca\x51\
\x4a\x80\x34\x28\x4c\xfc\xaa\x0e\xe0\x1e\x88\x93\xbc\x20\x5f\xe2\
\xa0\x8d\xb4\x21\x2f\x72\x90\x17\xa4\x2b\xa7\x97\x7c\xa1\x1d\xec\
\x54\xe6\xaa\x24\xc8\x60\x35\x5c\x0a\x88\x6f\x2a\x0e\x99\x4f\xc6\
\xd3\xe1\xe3\x86\x42\xe3\x1e\x85\xc4\x6f\x1a\x25\xa8\xf3\xa1\xb0\
\x29\xc4\x3c\x82\xd0\x12\x92\xae\x77\x2d\x6f\x50\x69\xe2\x52\x8b\
\xe2\x05\x2d\x11\xc5\x70\x14\x1f\x95\x83\x4a\x83\xf2\x52\x85\x13\
\xc8\x4b\xc7\xa5\x19\x87\x3a\x11\x2a\x37\xfe\x48\xb3\x96\x02\x70\
\x47\x9c\x84\xa9\x8e\x52\x50\x71\xa5\x50\xd4\xb8\x55\x69\xf9\x4f\
\x38\xfc\x47\x0e\x35\x4e\xe2\x24\xcc\x83\x07\x0f\x6e\x74\xf4\xa3\
\x40\x83\x93\x62\x53\xf9\x90\x1f\x7c\xc7\x8e\x8a\x3c\x46\x8e\x9c\
\xf6\xbe\x44\x05\x41\xf8\x74\x58\x94\xbd\xd2\xa1\xfb\xe4\x4b\x5c\
\x46\x58\x5a\x5a\x6a\xaf\xa9\xa3\x21\x7d\xf8\xa7\xac\x14\x16\x90\
\x86\xb8\xfc\x48\x47\x71\xe3\xc6\x8d\x8d\x7b\xf1\x3f\x71\xd1\x19\
\xf3\x3f\x96\x3d\xb2\xc4\x8e\x03\x05\x41\xa7\x29\x45\x4f\x1e\xc7\
\xff\xc8\x4f\x58\xe4\xbf\x06\x39\x20\xf9\x09\x8b\x30\x49\x83\xd2\
\x19\xf3\x00\xa8\x23\x94\x27\xe9\xa3\x93\x92\xb2\x89\xe0\x97\x30\
\xf9\x26\x3e\xca\x80\xf8\xe3\x7f\xc8\xfe\xa9\x73\xaa\x8f\xf8\x57\
\xe7\x2a\x19\xe3\xec\x56\x8a\x4a\x79\x41\xbd\x8d\x65\xad\x36\x1c\
\xeb\x04\xee\xc8\xa3\x48\x4e\x1f\xf1\xd0\xc1\x93\x77\x94\x8f\xea\
\x7d\xcc\x27\x81\x1b\x0d\xfe\x88\x8b\x7c\x41\x2e\xbe\xd5\x26\x35\
\x43\xcf\x03\x16\xda\x81\x66\x02\xdc\xa7\x8d\xf3\x9f\xf0\x90\x51\
\xe1\x6a\x40\x95\x21\xbd\xa4\x4d\x61\x68\x35\x21\xa7\x17\xe5\xa7\
\xf6\xbd\xd3\x98\xab\x92\x50\x27\x44\x25\x60\x34\x40\x21\x31\x5a\
\xa4\x92\xf3\xd1\x3a\x3c\xbf\xa5\x44\x34\xa2\xc6\xad\x0a\x85\x4a\
\xcf\xff\xd2\xf2\x14\x0d\x55\xee\x68\x70\x35\x45\xa1\x8e\x3c\xfe\
\xaf\x85\xa3\x51\x2b\xd7\x1f\x79\xe4\x91\xf6\x5a\x6e\xc0\x4a\x17\
\x20\x3b\x9d\x88\x2a\x24\x7e\x89\x8b\xb0\xd5\x98\x48\x37\x15\x5c\
\x71\xd0\x08\xa4\x9c\xd4\x78\xf8\xd6\x32\x96\x94\x58\x54\x6c\xea\
\x20\x24\xa3\x46\x37\x25\xd9\x86\x81\x1c\xe4\x15\xe1\x49\x91\x69\
\xd6\xa4\xd1\xb7\x50\x99\x8d\x43\xee\x3c\x48\x03\x0d\x2e\xc6\xa1\
\xd9\x15\x32\xa9\xfc\x35\x60\xd0\x4c\x2d\x36\xd0\x98\x5e\xb9\x13\
\xb9\x13\x89\xff\x71\x47\xdc\xd9\x7f\x1c\x30\xe8\x5a\xcc\x0b\xca\
\x53\x1d\x1b\x79\x41\xbe\xa3\x7c\x54\xde\x82\xeb\xb5\x3d\x1f\x75\
\xb6\x42\x4b\x89\x80\x92\x2f\x95\xa1\x66\x1d\x80\x5f\x0d\x58\x54\
\x97\x55\x26\xb4\xad\x2c\x3f\x8a\x43\xa3\xe1\xb8\x6f\x06\xd4\x55\
\xdc\xf3\x89\x0a\x41\x33\xde\x38\x23\x2f\x75\xcc\x79\xb0\xa6\xe5\
\xaa\x98\x3e\x64\x52\xfc\xf8\x8f\xf1\xe4\x7c\x8a\xf1\x49\x06\xa0\
\xed\x50\x7f\xf8\xae\xcd\x66\x63\xbd\x24\xdd\x0a\x57\x8a\x33\x86\
\xdb\x35\x23\x16\xea\x8f\x72\x1c\x5a\x1d\xd8\x89\xcc\x55\x49\x68\
\xba\x1c\x3b\x6e\x2d\xd9\x68\x9a\xad\x8a\x04\x54\x86\xd2\xfa\x61\
\xd7\x32\x4a\xdf\x75\x5c\x2d\x21\x89\xbc\x91\x5e\x0a\x67\xd8\xe8\
\x59\x23\x6c\x29\x37\x94\x86\xa6\xbf\x4a\x7b\xac\x58\x7d\x65\x55\
\xbc\xc8\x2c\x45\xc4\xf7\xa8\xa3\xf9\xae\x34\x49\x09\x92\xff\x1a\
\x9d\x43\xee\xb0\x68\xd0\xa3\x2c\xe3\x95\x66\x34\x59\x8e\xdc\x21\
\x6a\xd4\x46\xf9\xd3\x09\x6b\x99\x8b\x8e\x86\xff\xc8\xac\x7c\x98\
\xd4\x3e\xc2\x30\xb4\x64\xc1\x6c\x40\x1d\xaa\x3a\x43\x29\xf2\xcc\
\x30\xd9\x72\xba\x55\x37\xba\xca\x55\x6d\x44\x33\x72\xed\xa5\xe9\
\x7f\x17\xb1\x1e\x45\x19\xba\x06\x15\xe3\xe6\xaf\x06\x38\x11\x3a\
\xe5\xda\xbe\x4c\x17\xba\xaf\x95\x06\xd5\x51\x06\x56\x7d\xeb\x62\
\xa9\xcf\xe8\xb3\x1c\x1b\x15\xb3\x60\xa0\x38\xea\x4c\x7d\x3b\x31\
\xb7\x8d\x6b\x6d\x16\x6b\xf4\xcc\x87\xdf\x1a\x61\x03\x23\x7f\xfe\
\xd3\x61\x31\x9a\x55\x45\xc3\x2d\x33\x07\x4d\xc9\x35\x0a\x8f\x8d\
\x49\x1d\x30\x0d\x05\xed\x8f\xdb\x71\x9e\xdc\xc9\xe1\xe8\xe9\x29\
\x29\x00\xc5\x89\x1c\xab\x85\x8d\x2c\x2a\x2d\xf2\x21\x37\xbf\xe5\
\x0f\x79\xa2\x82\xa0\x03\xd4\x54\xba\xeb\x89\xa9\xb8\x8f\xa1\x25\
\x20\x1a\x1a\x69\xab\x55\x54\xc2\x2c\x3d\xf1\x11\x47\x65\x80\x9c\
\x6a\x64\xc4\xcf\x7d\xad\x2f\x33\xba\x44\x46\x8d\x98\xf4\x19\x96\
\xa7\xb9\xc3\x8c\xd3\x74\xfd\x47\x36\xc9\x41\x39\x52\xfe\x0a\x1f\
\xff\x5a\xbf\x57\x87\xa8\x91\xbd\x46\xf9\x2c\x0f\x49\x6e\xf2\x36\
\x6e\xc8\x4f\xeb\x29\x22\xf2\x02\xb9\x55\x86\xfc\xa7\x5e\xa8\x3e\
\x90\x0e\xca\x31\x76\x28\x5d\x4f\xc9\xa8\x4c\x95\x6e\xd2\x55\xea\
\x40\x4b\x72\x10\x2e\xca\x0a\x28\x2b\xca\x51\xff\xbb\x88\x33\x03\
\xc5\x2b\x25\xdc\x17\xd2\x99\x95\x91\xf6\x4f\x62\x3c\x52\x9e\x8a\
\x87\xfa\x44\xb9\xa0\xdc\x73\x3e\xad\xf4\x78\xda\x0f\x58\xea\x54\
\x1d\xa5\xaf\x18\xe5\x49\x2a\xfc\xc6\xf2\x40\x5e\x3d\x64\x92\x89\
\xb2\x31\xd3\xcc\xe5\x48\xfa\xf3\xf2\xda\x4e\x62\x6e\x33\x09\xad\
\xff\x51\xb8\x71\xa9\x41\x9b\x51\x1a\xa1\x4a\x73\xc7\x29\x1e\xa3\
\x5a\x0a\x59\x7b\x0e\x5a\x9b\xcf\xe0\x4e\x9b\x79\xea\xec\x47\x69\
\x00\x31\x1c\x3a\x4d\x2d\xbb\x10\x8e\x46\xd6\x54\x0e\x2a\x09\xa3\
\x9a\xda\x68\x29\x4f\xc9\xd5\xb0\xe2\x35\x2d\x97\x29\x1c\x6d\x90\
\x09\x4d\xc1\x49\x0f\x1b\x78\xcc\x7a\xe2\xa3\xc3\xdc\xd7\x5a\x74\
\x46\x4f\x45\xe5\x3c\xe2\x7f\x54\x1e\x34\x80\xb8\x44\xa1\x8d\x3d\
\xe4\xd2\x86\x1e\xf1\xc4\xeb\x9a\xf5\xd5\xd0\x12\x9f\xd2\x92\xf3\
\x07\xbf\xca\x5f\xbe\x71\x4f\x3e\x53\x07\x62\xdc\xd1\x7d\x5e\x7e\
\x88\x8d\x58\x61\xe1\x8e\x34\xe4\xd9\xda\xa4\x40\x06\xf2\x41\x7b\
\x22\x5a\x9e\x93\x12\x24\x5e\xe5\x95\x64\x54\x07\x0e\x94\x3d\xf7\
\xb4\x71\x4d\x1a\x19\x0c\xa1\xe8\x95\xee\xac\x50\x4b\xa8\xa3\x97\
\x1c\x52\x92\x7d\x1e\x7b\x55\xde\x47\x19\xe9\xb4\x47\x69\x27\x4a\
\x27\xf5\x50\x61\xf0\xbf\x34\x1b\xd4\xc0\x03\x37\x94\x8d\xea\x3f\
\xb2\x47\x19\xfa\x76\xb8\xb8\x53\x5d\x44\xde\xda\x53\x48\x25\x90\
\x91\xb6\x46\xdb\xc0\x3f\x33\xe4\xda\x72\x13\x79\x19\x1f\x0a\xd0\
\xa3\xeb\x51\xde\xae\xd9\xd7\x76\x67\xe9\xf5\x2b\xcf\xad\x35\x13\
\xe4\xe1\x23\x9f\x6f\x66\x85\x3a\x87\x61\xcb\x2c\x7a\x3a\x62\x56\
\xf1\xcd\x32\x8e\x49\xc8\xd4\x95\x3f\xb5\x7b\x79\x9d\x7e\x2b\x71\
\x4c\xd2\xcf\x24\xfc\x4e\x9a\x51\xf2\x6a\x16\x75\xac\x16\xef\x56\
\xe3\xec\x93\xce\x71\xea\xda\x24\xe2\xad\xc5\x15\xf3\x1b\x25\xc1\
\x60\xad\x6f\x58\xe3\xc4\x3b\x6d\xbe\x7f\xf5\xab\xcd\xa4\xd9\xd6\
\x4a\xc2\x18\x63\xc6\x81\x19\x5c\x7c\xa4\x3a\x3e\x45\xb7\x9d\x99\
\x86\x92\x98\xfb\x7b\x12\xc6\x18\x33\x6b\xb4\xa4\x16\x97\x4e\x47\
\x59\xae\xba\x9f\xb0\x92\x30\xc6\xdc\x97\xb0\xc7\x30\xaf\x23\x4b\
\xb6\x13\x3e\x05\xd6\x18\x63\x4c\x15\x2b\x09\x63\x8c\x31\x55\xac\
\x24\x8c\x31\xc6\x54\xb1\x92\x30\xc6\x18\x53\xc5\x4a\x62\x8b\xf4\
\x39\x6a\x38\x63\xa3\x28\xc3\xa9\xe5\xab\xf3\xce\x98\xd9\x62\x25\
\x51\xa0\x8f\xc1\x1c\xd1\xd7\xc0\x4e\x24\x1e\x43\x31\x4f\x74\xc4\
\xc5\x22\x52\xca\xd7\x69\x18\x94\x31\xc6\x74\xb3\x10\x4a\x62\x14\
\x43\x2b\xe3\x8c\xdc\x57\x47\x34\xa8\x52\xb3\x6c\xd7\x37\xcc\x61\
\xf2\xc9\xf6\x45\x9f\xf0\x46\x49\xef\xa8\x79\xc3\x59\x35\xe3\x2a\
\x89\x52\xbe\xf5\xa1\xab\x9c\x87\x85\x37\xaa\x41\x19\x63\xcc\xd6\
\x99\xdb\x7b\x12\x34\x6c\xce\x22\xd2\x8b\x2c\xd9\xd0\x8a\xce\x46\
\x59\x5d\x37\xb4\xa2\x51\xa4\x8c\xc1\x2c\xaf\x1b\x4e\xd1\x68\x33\
\x1a\xfd\x90\xd1\x91\x9a\x41\x15\xe0\x10\x32\xfe\x73\x66\x4b\xbc\
\x27\xa3\x34\xd1\xc8\x48\x24\x1a\x1c\xd1\x41\x74\x31\x5e\xc9\x8c\
\x3c\x74\xc2\xf1\xdc\x21\x9d\xa6\xaa\x37\x3b\x75\xbe\x3d\x69\x92\
\x59\xd5\x68\xb0\x25\x1b\x37\xd1\x81\x77\x25\x83\x2e\x35\x83\x35\
\x35\xa3\x3f\x3a\x58\x8d\x3c\x8a\x6f\x9e\x46\x37\xd1\xc0\x8c\xc2\
\xc9\x71\xa9\x1c\x40\x07\xf0\x09\xf2\x52\x36\x13\x48\x1f\x69\xcb\
\x67\xf1\x03\x79\xc0\x75\xca\x82\x13\x35\xf3\x19\x53\xdc\xe7\xbc\
\x2a\x1d\xd7\xae\x13\x4e\x75\x0e\x92\x8c\xce\xc4\x23\xc7\x8d\x31\
\x93\x61\xae\x2f\xd3\xd1\x49\x45\x03\x2f\xd1\xd0\x0a\xc4\x4e\x9a\
\x37\x23\x63\x27\x40\x27\x41\xe7\x41\x67\x4c\xa7\x2b\x25\x11\xad\
\xdb\xd5\x0c\xaa\xe8\x6d\x4b\x59\xb8\x02\x19\x54\xa1\x23\x93\x61\
\x92\x4c\xc9\xc0\x8a\x3a\x4c\x11\x65\xe6\x90\x3a\x75\xda\x3a\xe7\
\xa5\x34\x83\x50\x27\x4e\xfc\x28\x2f\x1d\x04\x57\x32\x6e\x52\x7a\
\xf9\x27\xdb\x64\x20\x6f\x62\x3e\x96\xd0\xa9\xbb\x3a\xd0\x2d\xdf\
\x23\x4c\xf9\x5f\x09\x06\x93\x72\x5c\xcc\xba\xc8\xaf\xae\xb8\x04\
\xe9\x2a\xb9\x53\x3d\x50\x78\x71\x66\x40\x3a\xa4\x20\x32\x3a\xa0\
\x0e\x76\xca\xb1\x0a\xc6\x2c\x1a\x73\x5d\x6e\x3a\x54\x30\x08\x13\
\x0d\xa0\xc8\x46\x00\xac\x06\x2b\x76\x1a\xed\xd3\x89\x46\x43\x3c\
\x40\xa7\xaa\x93\x1a\x81\xf0\xe4\x07\xb7\x1a\x7d\xea\x68\xe6\x28\
\xcb\xb0\x4d\x51\x1d\x49\x9e\xd3\x10\x89\x32\x73\x4f\xc7\x0a\x47\
\xab\x71\x35\xff\x4a\x4b\x36\x1a\x23\x4a\xfe\x57\xd7\x2d\x90\xc5\
\xb4\xa0\x48\xb2\x21\x99\x51\x91\xf5\x32\x90\x8d\x8f\x98\xdf\xe3\
\xc4\x55\x1b\xe5\x4b\x29\x11\x1f\x27\x73\xc6\x41\x03\xca\xa3\xa4\
\x20\xe4\x2f\x86\x8d\x32\x31\xc6\x4c\x96\x85\x3b\x96\xa3\xeb\x14\
\xc8\xe5\x8a\x51\x16\x19\xa3\xe1\xbe\xcc\x58\xae\x06\x7b\xd4\xd1\
\xff\xa4\x97\x23\x58\x22\xa9\x41\xc7\xaa\x59\x8e\xec\xe7\xf6\x21\
\x5a\xc5\x8b\xe8\x18\xe9\xcc\x28\x27\x67\xf6\x35\x8e\x12\x8f\xb9\
\x8e\x79\x9a\xe3\x8a\x36\x35\xc6\x25\xda\xb0\x66\x56\x12\x8f\xdb\
\xee\x63\x17\xc1\x18\x33\x3d\xe6\x3a\x93\xc8\x4f\xd7\x30\xda\x66\
\xff\xa0\x44\x36\xca\xc2\x1a\xb4\x8c\xb2\x68\xf9\x28\x9a\xd1\xec\
\x32\x74\x32\x2e\xb2\x1d\x11\xe9\xb2\xfe\x25\xdb\x07\x74\x7c\xa3\
\x9e\x11\x23\xc5\x27\x48\x4b\x69\x43\x5d\xe9\xcc\xf9\xa8\x33\xf9\
\x97\x87\x18\xfd\xa9\x6d\x16\xab\xe3\xcf\x79\x4a\xfe\xd5\xe2\xd2\
\xb2\x9a\xe8\x63\x3c\x46\x7b\x4d\xb2\x55\x21\xfb\x1b\x40\x99\x31\
\x33\xeb\xb2\x4d\x5e\x0b\xd3\x18\x33\x19\xe6\x3a\x93\xa0\x43\xa0\
\x13\x52\xa7\xd0\x65\x68\x25\x1b\x65\x61\x69\x21\x76\xd0\xb2\x56\
\x17\x0d\xcf\x67\x43\x27\x28\xa0\x3e\x76\x6c\x65\x44\x25\x6e\x22\
\x83\x36\x8d\xb5\x41\x0d\x28\x81\xae\xd1\x39\x1d\x28\xfb\x0c\x51\
\xae\x3e\x68\x83\x56\x71\x91\xde\x9a\xa2\x89\xc6\x83\x94\xce\x68\
\xd4\xa9\x66\xf4\x87\x0e\x18\x05\x96\x37\xd8\x85\xfc\x96\xf2\x54\
\x4a\x44\xb6\xc9\x81\xef\x98\xdf\x7d\x66\x6d\x32\xf8\x92\x4f\xe3\
\x94\x32\x27\xcd\xda\x2c\xef\x3b\x13\x23\xac\x51\x4c\x59\x1a\x63\
\xea\xcc\xcd\x9e\x84\x9e\x6e\xd2\xc6\x63\x5f\x83\x23\xe3\x18\x65\
\x99\x86\x01\x9a\xbe\x06\x47\x72\x3a\xfb\x12\xd3\x29\xf9\xe3\xd3\
\x42\x35\x3f\x93\x34\xe8\x82\x02\x47\x41\xb0\x4f\x30\x4a\x78\x7d\
\xf3\x66\x94\x30\x8d\x31\xc3\x99\x86\x3d\x89\x85\x79\x99\xae\x6f\
\xe7\x30\xce\x1a\xf8\x34\x3a\x9e\xbe\x9d\x20\xb3\x9f\x5a\xa7\x3e\
\x0c\x46\xc4\xda\x07\xa0\x03\x65\x13\x3c\x6e\x8c\x67\xba\xd2\x39\
\x4e\x1e\x30\x33\xa8\xcd\xbc\x46\xd9\x3b\xea\x8b\x15\x84\x31\x8b\
\xc7\x5c\x97\x9b\xba\x36\x7d\x77\x02\x74\xec\x8c\xfc\xc7\xb1\xb1\
\xac\x77\x1d\x18\xc5\xf3\xee\x40\xcd\x76\xf0\xb4\xd0\xb2\xd5\xac\
\xe2\x33\xc6\x2c\x26\x36\x5f\x6a\x8c\x31\x3b\x84\x1d\xbd\xdc\x64\
\x8c\x31\x66\xf1\xb0\x92\x30\xc6\x18\x53\xc5\x4a\xc2\x18\x63\x4c\
\x15\x2b\x09\x63\x8c\x31\x55\xac\x24\x8c\x31\xc6\x54\xb1\x92\x30\
\xc6\x18\x53\xc5\x4a\xc2\x18\x63\x4c\x15\x2b\x09\x63\x8c\x31\x55\
\xac\x24\x8c\x31\xc6\x54\x99\xb8\x92\x58\x7b\xf3\x8d\xc6\x18\x63\
\xcc\xce\x60\xf2\x4a\xe2\xde\x77\x1b\x63\x8c\x31\xb3\xe5\x9d\xef\
\xfe\x71\x33\x0d\x26\xae\x24\xde\x7c\xe5\xa5\xc6\x18\x63\xcc\x6c\
\x79\xeb\x0f\xc7\x37\xa8\xd6\xc5\xc4\x95\x04\xda\xcc\x8a\xc2\x18\
\x63\x66\xc7\x9b\x2f\xbf\xd4\xbc\xfd\xed\x6f\x35\xd3\x60\x2a\x47\
\x85\xbf\xf5\xf2\x37\x9a\x77\xfe\xe4\x5b\xcd\xae\x8f\x3f\xd1\x3c\
\xb0\xfb\xc7\x1b\x63\x8c\x31\x93\xe7\x9d\x7b\x7f\xda\xbc\xf5\xad\
\x9b\x53\x5b\x6a\x82\xa9\xd9\x93\x78\x67\xb0\x37\xf1\xe7\xdf\xf8\
\xdf\x1a\x63\x8c\x31\xdb\x17\x3f\x02\x6b\x8c\x31\xa6\x8a\x95\x84\
\x31\xc6\x98\x2a\x56\x12\xc6\x18\x63\xaa\x58\x49\x18\x63\x8c\xa9\
\x62\x25\x61\x8c\x31\xa6\x8a\x95\x84\x31\xc6\x98\x2a\x56\x12\xc6\
\x18\x63\xaa\x58\x49\x18\x63\x8c\xa9\x62\x25\x61\x8c\x31\xa6\x8a\
\x95\x84\x31\xc6\x98\x2a\x56\x12\xc6\x18\x63\xaa\x58\x49\x18\x63\
\x8c\xa9\x62\x25\x61\x8c\x31\xa6\x8a\x95\x84\x31\xc6\x98\x2a\x56\
\x12\xc6\x18\x63\xaa\x58\x49\x18\x63\x8c\xa9\x62\x25\x61\x8c\x31\
\xa6\x8a\x95\x84\x31\xc6\x98\x2a\x56\x12\xc6\x18\x63\xaa\x58\x49\
\x18\x63\x8c\xa9\x62\x25\x61\x8c\x31\xa6\x8a\x95\x84\x31\xc6\x98\
\x2a\x56\x12\xc6\x18\x63\xaa\x58\x49\x18\x63\x8c\xa9\x62\x25\x61\
\x8c\x31\xa6\xca\xae\x66\x06\x2c\x3d\xf4\x9e\xa6\x79\xe8\xc7\x1a\
\x63\x8c\x31\x13\xe4\xcd\x3f\x6f\xd6\xde\x7c\xa3\x99\x26\x53\x55\
\x12\xbb\xfe\xca\xfe\x66\xd7\x4f\xed\x6f\x96\xde\xf7\x17\x1b\x63\
\x8c\x31\x93\x67\xed\xf5\xef\x35\x6f\xbe\xfc\x8d\xe6\xed\x3f\xfa\
\x66\x33\x0d\xa6\xb6\xdc\xf4\xd0\x5f\xfd\xd9\xc1\xe7\x67\xac\x20\
\x8c\x31\x66\x8a\x2c\xbd\xef\xfd\xcd\x8f\xfd\xb7\x7f\xab\xf9\xb1\
\x03\x7f\xab\x99\x06\x53\x51\x12\x0f\xfe\xe4\xe3\x83\x59\xc4\xbe\
\xc6\x18\x63\xcc\x6c\x78\xf0\x63\x8f\xb7\x7d\xef\xa4\x99\x8a\x92\
\x78\xc8\x0a\xc2\x18\x63\x66\xce\xae\x8f\x6d\x13\x25\xb1\xb4\xfb\
\xc7\x1b\x63\x8c\x31\xb3\xe5\x81\x0f\x7e\xb4\x99\x34\x7e\x04\xd6\
\x18\x63\x4c\x15\x2b\x09\x63\x8c\x31\x55\xac\x24\x8c\x31\xc6\x54\
\xb1\x92\x30\xc6\x18\x53\xc5\x4a\xc2\x18\x63\x4c\x15\x2b\x09\x63\
\x8c\x31\x55\xac\x24\x8c\x31\xc6\x54\xb1\x92\x30\xc6\x18\x53\xc5\
\x4a\xc2\x18\x63\x4c\x15\x2b\x09\xb3\xad\x59\x5d\x5d\x6d\x9e\x7d\
\xf6\xd9\xe6\xe4\xc9\x93\x23\xfb\xe3\x23\xce\x9f\x3f\xdf\x1c\x3e\
\x7c\x78\xd3\xb5\xad\xa0\xf0\x6e\xde\xbc\xd9\x18\xb3\x9d\x59\x7a\
\xfd\xca\x73\x6b\xcd\x84\x79\xf8\xc8\xe7\x1b\x63\x86\x41\x47\x7a\
\xf7\xee\xdd\x77\x5d\x3f\x76\xec\x58\xb3\xbc\xbc\x3c\xd4\x3f\x1d\
\xfa\x81\x03\x07\xda\x30\x70\x7f\xfb\xf6\xed\xa6\x2f\x4b\x4b\x4b\
\xed\xf7\xda\xda\x5a\x1b\xce\xde\xbd\x7b\xdb\xff\xa7\x4f\x9f\x6e\
\x4e\x9d\x3a\xd5\x3b\x1c\xfc\xae\xac\xac\x34\x7b\xf6\xec\x69\x8e\
\x1e\x3d\xba\x71\x9d\xf0\xb8\xf7\xcc\x33\xcf\x34\x17\x2e\x5c\x68\
\x8c\x99\x15\xdf\xbf\xfa\xd5\x66\x92\xcc\xc4\xe8\x90\x31\x25\xce\
\x9d\x3b\x57\x1c\xb9\x1f\x3c\x78\xb0\x97\x92\xb8\x74\xe9\x52\xab\
\x20\xf6\xef\xdf\xdf\x5c\xbe\x7c\xb9\x19\x17\xe2\x3a\x7b\xf6\x6c\
\x73\xeb\xd6\xad\x56\x41\x8d\x02\xf2\x1f\x3f\x7e\xbc\x0d\x23\x2a\
\x09\xc2\x43\xbe\x51\x14\x8e\x31\x8b\x88\x95\x84\x99\x3b\x28\x8b\
\x7d\xfb\x7e\x74\x72\x30\x9d\xbe\x96\x83\x18\xa1\xf3\x1f\x50\x08\
\x5a\xbe\xa1\x53\x96\x82\xd1\xef\xa8\x58\x34\xc2\xbf\x77\xef\x5e\
\x1b\xf6\xa1\x43\x87\x3a\x65\xe0\x3e\xf1\x10\x5f\x84\x30\x50\x1e\
\x8f\x3e\xfa\x68\xab\x04\x88\x5f\x33\x17\xdc\x72\x2f\xba\x95\xbc\
\xdc\x3f\x71\xe2\xc4\xbb\xe2\xc1\xef\x95\x2b\x57\xaa\x72\x11\x86\
\xf2\x80\xb8\x94\x07\x51\x01\x19\x33\x4b\xbc\xdc\x64\xe6\x86\x96\
\x64\xae\x5d\xbb\x56\xec\x2c\x59\xd3\xa7\x83\xbc\x71\xe3\x46\xdb\
\xe9\xb2\x74\xa3\xd1\x39\xcb\x45\x2c\x0d\x45\x58\x3a\x02\xf6\x27\
\x50\x3c\x11\xfc\x13\x8f\x14\x49\x5c\x6e\x2a\xc9\xc2\xef\xa7\x9e\
\x7a\x6a\xd3\x9e\x82\x14\x03\xd7\x2e\x5e\xbc\xd8\x2a\x0e\x64\x8c\
\xe0\x97\x30\xb8\x4e\x1a\x70\xa7\xd9\xc9\x99\x33\x67\xde\x25\x73\
\x4d\x2e\x94\x02\xca\xa4\xe6\xce\x98\x1a\x93\x5e\x6e\xf2\xc6\xb5\
\x99\x3b\xaf\xbe\xfa\xea\xc6\xcc\x41\x7b\x14\x74\xb6\x6c\x48\xf3\
\x9f\xe5\x1c\x3a\x5b\x14\x04\x9d\x24\x1d\xed\x91\x23\x47\x36\x46\
\xd7\xb8\xd5\xba\x3f\x1d\x31\x0a\x82\xce\x1c\x65\xc2\x6f\xcd\x34\
\x08\xa7\x2f\xc4\x81\x32\x88\xe1\x40\x54\x1a\x8c\xf6\x91\x11\x70\
\x87\x0c\xa5\xd9\x03\x20\x3f\x61\x96\xe4\xca\x8a\x46\xf1\xe0\x26\
\xba\x23\x6d\xc6\xcc\x1a\x2f\x37\x99\xb9\xc3\x0c\x41\x68\x24\x0e\
\x74\xa6\x8c\xa6\x19\x91\xab\x73\xd6\x3d\x3a\x68\x3e\xdc\xd7\x2c\
\x03\xe8\x8c\x81\x0e\x5b\x4a\x04\x85\xc2\x06\x37\xe1\xf0\x19\xb6\
\xf4\x84\x62\x42\x21\x29\x3e\x2d\x77\x29\x1c\x29\x32\x3a\x7c\xae\
\x49\x29\xc5\x74\x64\xd4\xc1\xe3\x56\x33\x0b\xbe\x35\x83\xc9\x72\
\x21\xbf\xfe\x6b\xbf\x43\x4b\x51\xc6\xcc\x12\xcf\x24\xcc\xdc\xa1\
\x73\x65\x94\xcd\x27\x76\xb4\x1a\x9d\x03\x1d\x33\xa3\xf6\xae\xe5\
\x96\xf8\x58\x6b\x5c\xc3\xc7\x8f\xfc\x31\x6b\x19\x86\x14\x52\xdc\
\x0f\x51\x38\xf1\x7f\x5f\x90\x5d\x72\xb1\x29\x2f\x08\x5f\xff\xaf\
\x5f\xbf\xbe\xc9\x4f\x4c\xa7\xf6\x6b\x26\xf5\x78\xae\x31\xa3\xe0\
\x99\x84\x99\x3b\x8c\xa8\x6b\xa3\xfb\xd8\x79\x8e\xf2\xce\x01\x1d\
\x73\xde\x84\x86\xdd\xbb\x77\x0f\xf5\x1b\xfd\xd5\xc2\x19\x85\x2e\
\xff\x6c\x60\x0f\x73\x63\xcc\x3c\xf1\x4c\xc2\x2c\x2c\x8c\x9c\x99\
\x5d\x68\x26\xc0\x72\x0b\xef\x56\xd4\x88\x23\xfd\xb8\x7e\xcf\x92\
\x94\x14\x4c\x9f\x99\x80\x36\xa8\x51\x10\x31\x3e\x2d\x57\x45\xfa\
\x76\xee\x52\x82\x31\x3c\x64\x52\x78\x2c\x5b\x19\xb3\x88\x58\x49\
\x98\xb9\xc3\xd3\x48\x6c\xde\xea\xa3\x0e\x5d\x1b\xba\x28\x0a\x2d\
\x3b\xf1\xbb\x6b\xd9\x45\xef\x25\xb0\xf6\x8f\x7f\xf6\x10\x78\x4a\
\x49\xf7\xfa\x3c\x1d\xa4\xcd\x65\xc5\x47\x18\x7c\x4a\x1b\xcc\x52\
\x28\xda\x80\xae\xbd\xf9\x5d\x92\x8b\x0f\xb0\xd9\xed\xa7\x96\xcc\
\xa2\x62\x25\x61\xe6\x8e\x46\xd4\xfa\x30\x82\x67\x26\x40\xc7\xcb\
\xc8\x5f\xcb\x51\xf1\x69\xa7\x1a\xec\x45\xa0\x50\x34\xf3\xd0\x13\
\x4a\xbc\xdc\x96\x1f\x3f\xed\x82\xb8\xe8\xd8\xf5\xc8\x2b\xb2\xd0\
\x99\xe7\x65\x31\x85\x1d\xe3\x2b\x81\x3f\x5e\xf8\xcb\x72\xc5\x27\
\xa7\x8c\x59\x44\xfc\x9e\x84\xd9\xb1\xa0\x50\xf4\xe2\xdb\x56\xd0\
\x0b\x6d\x93\xda\x37\x98\x94\x5c\xc6\x94\xf0\xb1\x1c\xc6\xf4\x64\
\x52\x1d\xfb\xa4\x3b\xf3\x49\x2a\x1c\x63\xa6\x8d\x97\x9b\x8c\x31\
\xc6\x54\xb1\x92\x30\xc6\x18\x53\xc5\x4a\xc2\x18\x63\x4c\x15\x2b\
\x09\x63\x8c\x31\x55\xac\x24\x8c\x31\xc6\x54\xb1\x92\x30\xc6\x18\
\x53\xc5\x4a\xc2\x18\x63\x4c\x15\x2b\x09\x63\x8c\x31\x55\xac\x24\
\x8c\x31\xc6\x54\x99\x8a\x92\x58\x7b\xf3\x8d\xc6\x18\x63\xcc\x6c\
\x99\x46\xdf\x3b\x15\x25\xf1\xf6\x6b\xdf\x6c\x8c\x31\xc6\xcc\x96\
\x77\xfe\xe4\x5b\xcd\xa4\x99\x8a\x92\x78\xeb\x5b\xb7\x3c\x9b\x30\
\xc6\x98\x19\x42\x9f\xfb\xe6\x2b\x2f\x35\x93\x66\x3a\xcb\x4d\xaf\
\x7f\xaf\x79\xe3\x3f\xfe\xd6\xe0\xfb\xcf\x1a\x63\x8c\x31\xd3\x65\
\x9a\x7d\xee\x54\x8e\x0a\x8f\x3c\xf8\xb1\xc7\x9b\x07\xde\xff\xc1\
\x66\xe9\xa1\xf7\x34\xc6\x18\x63\x26\xcb\xdb\xdf\xfb\xd3\xe6\x9d\
\xd7\x5e\x9e\xda\xea\xcd\xd4\x8f\x0a\x67\x7f\xe2\xed\xc6\x18\x63\
\xcc\x76\xc4\x8f\xc0\x1a\x63\x8c\xa9\x62\x25\x61\x8c\x31\xa6\x8a\
\x95\x84\x31\xc6\x98\x2a\x56\x12\xc6\x18\x63\xaa\x58\x49\x18\x63\
\x8c\xa9\x62\x25\x61\x8c\x31\xa6\xca\x54\x1f\x81\x5d\x7a\xdf\x5f\
\x6c\x1e\xf8\xc0\x4f\x34\xc6\x18\x63\x26\xcc\x9b\x6f\x34\xef\x7c\
\xef\x4f\xa7\xfe\xd2\xf2\x54\x94\xc4\xd2\xfb\xde\xdf\xfc\xd8\x81\
\xbf\xd5\x3c\xf0\xc1\x8f\x36\xc6\x18\x63\xa6\x07\xef\xa2\x71\x1c\
\xc7\xb4\x94\xc5\xc4\x97\x9b\x78\xb3\xfa\x3d\x7f\xe3\xe7\xac\x20\
\x8c\x31\x66\x06\x70\xaa\x05\x7d\xee\xb4\x4e\xb5\x98\xb8\x92\xd8\
\xf5\xf1\x27\xda\x65\x26\x63\x8c\x31\xb3\x81\xd5\x9b\x07\x7f\x6a\
\x5f\x33\x0d\x26\xae\x24\x1e\xfc\xe0\x5f\x6e\x8c\x31\xc6\xcc\x96\
\x5d\x83\x19\xc5\x34\x98\xfc\x72\xd3\xee\x1f\x6f\x8c\x31\xc6\xcc\
\x16\x66\x13\xd3\xc0\x8f\xc0\x1a\x63\x8c\xa9\x62\x25\x61\x8c\x31\
\xa6\x8a\x95\x84\x31\xc6\x98\x2a\x56\x12\xc6\x18\x63\xaa\x58\x49\
\x18\x63\x8c\xa9\x62\x25\x61\x8c\x31\xa6\x8a\x95\x84\x31\xc6\x98\
\x2a\x56\x12\xc6\x18\x63\xaa\x58\x49\x18\x63\x8c\xa9\x62\x25\x61\
\x8c\x31\xa6\x8a\x95\x84\x31\xc6\x98\x2a\x56\x12\xc6\x18\x63\xaa\
\x58\x49\x18\x63\x8c\xa9\x62\x25\x61\x8c\x31\xa6\xca\xb6\x53\x12\
\x77\xef\xde\x1d\xd9\xfd\xea\xea\x6a\x63\x8c\x31\x66\x74\xe6\xa6\
\x24\xe8\xbc\x57\x56\x56\x36\x7d\x86\x29\x80\xc3\x87\x0f\x37\x8f\
\x3c\xf2\x48\xeb\xb6\x8b\xf3\xe7\xcf\x37\x4f\x3d\xf5\x54\xfb\x9b\
\xef\xbd\x7b\xf7\xf6\x52\x14\xb8\x19\x47\x09\xc5\x34\xcc\x42\x21\
\x1d\x3f\x7e\xbc\x39\x79\xf2\x64\x33\x0e\xf8\x3d\x73\xe6\x4c\x33\
\x2e\xb9\xcc\xba\x20\xef\x4f\x9f\x3e\xdd\x0c\x43\x69\xb9\x78\xf1\
\x62\x5b\x76\xc3\x20\xcf\x47\x2d\xa7\x45\xa1\x54\x6e\xe4\xd3\x28\
\xf5\x86\x7c\xa2\x0c\x87\xe5\xc1\xcd\x9b\x37\x9b\x67\x9f\x7d\xb6\
\xfd\xd4\xc2\x8f\xd7\x71\x4f\xfd\xb8\x1f\x21\x8f\xba\xd8\xce\x75\
\x6e\xab\xcc\x4d\x49\x50\x21\xe9\xf4\xe3\x87\x6b\x35\xd4\x29\x9d\
\x3d\x7b\xb6\xd9\xbf\x7f\xff\xd0\xb0\x15\xd6\x89\x13\x27\x9a\x53\
\xa7\x4e\x35\xcb\xcb\xcb\xcd\x30\x90\x41\xca\xa5\x2f\x57\xae\x5c\
\xd9\x94\x06\x14\xd2\xb8\x1d\x78\x5f\xc8\x87\xae\xbc\x1a\xe6\x77\
\x5c\x45\x86\x3f\x3a\x27\xbe\x87\x29\x54\xe2\xd9\xb3\x67\x4f\x2f\
\x25\x71\xe3\xc6\x8d\xf6\xfb\xd0\xa1\x43\xcd\xb1\x63\xc7\x86\xba\
\x27\xed\xd3\xce\xe3\x69\x51\x2a\xb7\xbe\xf5\x53\x50\xff\xa9\x77\
\x5d\xf9\x4f\xf9\xd0\xe1\xd3\xf9\x3d\xf3\xcc\x33\xed\xef\x92\xfb\
\xa8\x14\x08\x97\xf6\x72\x3f\x72\xeb\xd6\xad\xce\xfb\x94\x5b\x9f\
\x01\xcc\x4e\x64\xee\xcb\x4d\xd7\xae\x5d\x6b\xd6\xd6\xd6\xda\x0f\
\x9d\x04\x9d\x90\x3a\x16\x55\x74\x3a\x1c\x15\xd0\xd5\xab\x57\x37\
\x1a\x1a\x23\x2a\x3a\x75\x3a\xe7\x4b\x97\x2e\x15\xc3\xa7\x61\xbc\
\xfa\xea\xab\x1b\xff\x35\xcb\x90\x52\x52\xf8\x6a\x74\xba\xa6\x91\
\x03\xf2\x48\x01\xd4\xe2\x80\xdb\xb7\x6f\xb7\x69\xa0\x51\x9e\x3b\
\x77\x6e\x43\x46\xc2\x56\x7c\x84\x1b\x3b\x68\xc9\xc2\x27\xca\x42\
\xbc\xfa\x2d\x08\xb7\x14\x7f\x94\x11\x3f\xb8\x51\x3c\x31\xcc\x3c\
\x5a\xbd\x7e\xfd\x7a\x7b\x2f\x76\x5a\xc8\x43\xde\xe3\xee\xc0\x81\
\x03\xc5\x99\x02\x9d\x19\x9d\x0e\x9f\xa3\x47\x8f\xb6\x6e\xa3\x22\
\x20\x7e\xfc\x21\x53\xee\xcc\x09\x5f\x1d\x57\x49\x51\x51\x4e\x59\
\x9e\xe8\x5e\x75\x80\x6f\xe2\x88\xf9\xa9\xff\xca\x83\x0c\xee\xf2\
\x75\xc2\x19\xe6\x9f\x3a\x16\x3b\x57\x7e\xeb\x3e\xf7\x94\xc7\xb9\
\xf3\x27\x5c\xe4\xee\x92\x47\xa3\x57\xea\x34\x10\x06\xf5\x90\xbc\
\xa3\xbc\x6a\xf9\x44\x67\x8e\x02\xee\x82\x38\x19\x50\x51\x5e\xb8\
\xa7\xac\x14\x4f\x4c\x9b\xda\x18\xee\x49\x9b\x3a\x4b\xa5\x0d\x19\
\x90\x45\x69\x88\xb2\xc5\x7c\x91\xdb\x9c\x5e\xd5\xcf\x5a\x3e\x08\
\xb9\xc9\x65\x9d\xd3\x14\xe3\xcb\xff\x55\x5f\xbb\xea\xc2\xb0\x7a\
\x22\x59\x62\x79\x92\x06\xe4\xa1\x6c\xa2\xb2\xed\x13\xd6\x4e\x60\
\xee\x4a\x82\x8e\x41\x23\x53\x38\x78\xf0\x60\x5b\x48\xea\xb0\x28\
\x08\x2a\xb9\x0a\x46\x8d\x43\x95\x8a\xeb\x5c\xd3\x68\x29\x43\x67\
\x48\x85\x07\xbe\x55\xb9\xf1\x43\xc7\xca\xb5\xa8\x44\x62\xe3\x53\
\x87\xbf\x6f\xdf\xbe\xe6\xd1\x47\x1f\x6d\xe3\x18\x56\x19\x34\x22\
\xd4\x5e\x08\x71\xf0\x1b\x05\xa8\xce\x5a\xf2\xc7\x86\x46\xa7\x2c\
\x59\xb8\x96\xe5\xa2\x81\x97\x3a\x6d\xc2\x20\x9f\x90\x1b\x7f\xc8\
\xa8\xc6\xaf\x70\x4a\xb3\x34\xd2\xa4\x0e\x09\xd4\x69\xa9\x3c\xfa\
\x4e\xaf\x49\xef\xbd\x7b\xf7\x36\x66\x28\xc4\xa3\x19\x01\x1d\x13\
\x1d\x15\x20\xd7\xee\xdd\xbb\x9b\x0b\x17\x2e\x6c\x74\x26\xb9\x03\
\x44\xd1\x2a\xcd\x28\x17\x94\x2e\xfe\x71\xcf\x7f\xe4\x05\x46\xbb\
\xc4\x41\x58\xc4\x4f\x1a\xf9\xe0\x96\x0f\xe1\xe4\x4e\x06\x77\x79\
\x56\x43\x78\x5c\x57\x07\x80\x5f\x46\xf5\x71\xd4\x48\xfd\xc9\x4a\
\x42\xe5\xc0\x3d\xdc\x95\x66\x02\xa4\x8f\x34\x23\x63\xec\xc0\x14\
\x86\xee\x83\xee\xa9\x33\xa2\x0d\x5c\xbe\x7c\xb9\xad\xf7\xe3\x2e\
\xff\x20\x13\x79\x24\x98\xad\x51\x87\x23\xc4\x8f\xdc\xc8\x48\x79\
\x95\xd2\x46\x9e\x71\x9f\xc1\x1c\x75\x57\xb2\xe1\x4f\x75\x99\x72\
\xa4\x7c\xe4\xf6\xce\x9d\x3b\x1b\x83\x03\xca\x8e\xba\xa6\x7c\x28\
\x2d\x75\xe2\x96\xba\x51\x2a\xeb\x48\xbc\x46\x3b\x54\xbb\x06\xda\
\x29\x32\x21\xbf\xea\x02\x71\xc6\xba\xc0\xf5\x5c\xce\x39\x1e\xe4\
\xa3\xde\xc5\xd5\x0a\xda\x16\x75\x8e\xfa\x4c\x98\xfc\xc7\xdf\xb0\
\x3a\xb7\x53\x98\xbb\x92\xa0\xa2\xb2\x44\x43\x47\x06\x54\x6c\xad\
\xa3\x52\x11\x54\x28\x14\x2a\xa8\x83\xa0\x80\x28\x34\x2a\x2f\x95\
\x96\x0a\xaa\xce\xb1\x06\x85\x48\x45\x92\x1f\x3e\x82\xb0\x88\x47\
\x8d\x06\x88\x5f\x23\x66\x35\xa8\x58\x31\x23\x34\x66\xd2\x80\x1c\
\x54\x30\x64\x54\xe7\x8d\xec\x34\x2e\xc2\x50\x87\xa1\x0e\x4a\xb2\
\x94\x1a\xc5\x30\x34\xaa\x25\x5c\xa5\xa7\xb4\xb6\xaa\x4a\x1c\x3b\
\x32\x29\x56\xcd\x5c\xd4\x39\xa8\x73\xc1\x3d\xe9\xce\x68\xe4\xcc\
\x87\x86\x29\x3f\x34\x2e\x3e\xa5\xe5\x0a\xfc\x2c\x2d\x2d\x6d\x74\
\x8a\xc8\x81\x9f\x5a\xa3\x92\x82\x25\x2d\xb9\x4c\x4a\x90\x07\xc8\
\x82\x5b\x2d\x71\x95\xca\x49\xe9\x05\x94\xae\xe4\x21\xef\xe5\x9f\
\xb8\xc8\xaf\x5a\x39\x67\x48\x2f\x7e\x4a\x23\x7b\x29\x97\xbc\x44\
\x4a\xde\xe1\xaf\xb4\x6c\x4a\x58\xea\xdc\x91\x6f\x98\xa2\x46\x4e\
\x95\x07\x9f\xd2\xf2\x1e\x79\x89\xf2\x8d\x4a\xa3\x0f\x28\x0e\xe5\
\xa9\xf2\x4a\x61\x50\x36\x28\x03\xa0\x1c\x49\xa3\xf2\x80\x7b\x94\
\x39\xb2\xb3\x87\x28\xc5\x8f\x9b\x5c\x3f\x34\x40\xec\x53\xd6\xe4\
\x97\xca\x0f\x3f\xd4\x4f\xfd\x27\x0e\xfc\x6a\x25\x42\xb2\x48\x71\
\x41\xac\x27\xa5\x3a\x28\x05\xd1\x67\x89\x54\x0a\x34\xd6\xb9\x61\
\x4b\x80\xdb\x95\x5d\xcd\x9c\xd1\x88\x29\x42\xe5\xa4\x30\xd5\xd9\
\x96\xa0\x92\xa8\xe2\x82\x46\x49\x5d\x4a\x42\x23\x7a\xd1\xb5\x0e\
\xac\x70\x34\xfa\x18\x06\x15\x96\x8a\x42\xf8\x52\x3e\x9a\x15\xc4\
\xd1\x20\x71\xaa\x13\x8c\x9d\x70\x1e\xe5\xf5\x41\x15\x32\xe6\x1f\
\xa3\xb6\x4c\x6d\x0f\xe7\xc8\x91\x23\x6d\x3e\x6b\x54\x86\x3c\xc3\
\xd6\xc6\x09\x2b\x37\x62\x1a\x09\xe9\xa6\x63\x28\xf9\x47\xce\x7c\
\x9d\xff\xb5\x7d\x15\xf2\x26\x77\xba\x5d\xcb\x2b\x1a\xc9\x66\x39\
\x33\x74\x50\x8c\x7e\x35\x0b\x91\x92\x2b\x31\x6c\x39\x67\x98\x3b\
\x85\xaf\x81\x89\x06\x39\x9a\x69\x95\x14\x30\xe4\x7c\x1a\x26\x87\
\x96\xfe\x6a\x68\x39\xa9\x4b\xc9\xd6\x88\x71\x97\x14\x21\x0a\x00\
\xb4\xa4\x14\xef\x33\x33\x00\xd2\x4d\xfb\x41\x46\x06\x0a\xfc\x8f\
\xee\x34\xab\xaf\xc5\x1b\xa1\xbe\xa2\xdc\x55\xdf\xe8\x27\x88\x57\
\x4b\x6a\x22\xcf\x56\x94\xa7\x5a\x1e\x2a\xdd\xd3\x7d\x06\x6d\x7d\
\x40\x99\xe4\xb2\x22\xcd\xa5\xf4\x6c\x77\xe6\x3e\x93\x90\x56\x8f\
\x19\x4e\x43\x56\x27\x52\x1b\x6d\xc6\x51\x05\xe8\x77\xd7\xa6\x36\
\x61\x52\x61\xa5\x00\x6a\x6b\xfc\x72\xab\x11\x14\xa3\x6a\xa6\xeb\
\x5d\x0d\x92\x0a\xcc\x68\x88\xf0\xa3\x2c\x84\x41\xc5\x23\x0c\x1a\
\x88\x66\x26\xda\x7c\x94\x2c\x79\xbd\x38\xa6\x29\x2e\xc7\x45\x34\
\x8a\x89\x4a\xac\x14\x4e\x0d\x1a\x9a\x66\x65\xe4\x75\x1c\xe5\xad\
\x0c\x79\x72\x29\x12\x65\xab\xed\x63\xe4\xeb\xf8\xa9\x95\x15\xee\
\x73\x7a\xbb\x94\xbf\x46\xff\x74\x84\xfa\x94\x06\x17\x6a\xbc\xa4\
\x95\x0e\x2e\xd6\xb9\x38\x02\xec\x8a\x7b\xb5\xe7\xa6\x3f\xee\x50\
\x12\x1a\x04\xa9\xae\xf1\x1b\x45\xbe\x95\x27\xcc\xfa\x12\x15\xc4\
\x30\xe5\x5f\xa2\x6f\x67\x47\xd8\xd4\x9d\x98\xff\xcc\xaa\xf1\xaf\
\xc1\x1c\x75\x4c\x9d\x7a\xf6\x9b\xf3\xb4\x36\x78\x20\xef\x70\xcb\
\x52\x18\xed\x4d\xe1\x53\xb7\xf8\x5f\x93\x45\xcb\x62\x5a\xfe\xd4\
\xf5\xbc\x24\x87\x7c\x7d\x97\xf7\x50\x78\x79\xd6\xc0\xb2\xeb\x38\
\xf9\xbc\xe8\xcc\x5d\x49\xe8\x11\x55\x3e\x52\x0a\x14\x3c\x1d\xab\
\xd6\xdb\x4b\x0d\x93\x02\xa6\x72\xd0\xd8\xf9\xd0\x08\xf3\x28\xa5\
\xe4\x87\x82\x55\x7c\x79\x24\x49\x25\x42\x06\xee\xe1\x0e\xf7\xb8\
\xd1\x53\x4b\xfc\x66\xd9\xa8\x06\x95\x93\xf8\xd5\x10\xf4\x1f\xff\
\xec\x39\x50\x01\x35\x45\x97\x2c\x5c\xcf\xb2\x68\xc9\x81\x86\xc5\
\x3d\xdc\x94\xd2\xa5\xa5\xac\x98\x0f\xa3\x3e\xf5\xa4\x34\xc7\x65\
\x0e\x14\x0d\x32\x97\x14\x74\x7e\xe4\x17\x28\x23\x1a\x18\x0d\xaf\
\xf4\xd4\x11\x61\x6b\xaf\x29\x6e\xce\xd6\x9e\xa4\x21\x5d\xb8\xd7\
\x86\x30\xf1\xc4\x70\xe9\x2c\x74\x1d\x79\x68\xf8\xd4\x23\xed\x8b\
\xe0\x4f\x23\xd9\x0c\xf9\xc5\xfd\xf8\x14\x15\x72\x68\x83\x5f\xfb\
\x46\x92\x0d\x77\xc4\xad\xf8\xba\x66\x1f\x11\xd2\x47\x9d\xd4\x3e\
\x4d\x2c\x3f\xf2\x4b\xfb\x0f\xd3\x02\x59\x29\x43\xd2\xa1\x8e\xb4\
\x54\x37\xc8\x27\xca\x63\xdc\xa7\xe5\x80\x38\x48\xaf\xf2\x9f\xfc\
\x52\x3d\xa7\x2e\xa9\x4d\xf3\x3b\xcf\x74\x55\xd6\x31\x8f\xbb\x14\
\x28\xee\x71\xa3\xce\x98\x3a\x4b\xf8\xaa\xbb\x5a\xfa\x2c\xc9\xa2\
\x72\x8e\x75\x2a\xce\xe0\x51\x66\xaa\x77\x19\x0d\x30\x4b\x75\x4e\
\x33\x14\x29\xaa\x9d\xc6\x83\xbf\xf4\xf4\xa7\x4f\x37\x13\xe4\xa1\
\xc7\x9e\xe8\xe5\x8e\xc2\x7e\xec\xb1\xc7\x9a\x27\x9f\x7c\x72\x63\
\x44\xcb\xff\x1f\xfc\xe0\x07\xcd\xd3\x4f\x3f\xdd\x7c\xf2\x93\x9f\
\x6c\x3f\xaa\x0c\x74\x0c\xdc\xd7\xe8\x9c\xdf\x14\xea\xc3\x0f\x3f\
\xdc\xba\xd3\x28\x5d\x61\x2b\x3c\xfd\xc6\x9f\x9e\xcc\xa1\x33\xe5\
\x9a\xd6\x8a\xf9\x8d\x3b\x64\xe1\x3f\xe1\xe9\x3a\x1f\x46\x0d\xdc\
\xa3\x13\xfc\xf0\x87\x3f\xfc\xae\x74\xe0\x56\x72\xe1\x0e\x37\xc4\
\xc5\xb7\x96\x70\x3e\xf2\x91\x8f\xb4\x32\x7e\xee\x73\x9f\x6b\xfd\
\x49\x16\xe4\x27\x0e\x2a\x30\x9d\x8a\x66\x19\xda\x03\x41\x49\x7c\
\xf9\xcb\x5f\x6e\xdd\x28\x3f\xf8\xf0\x9b\xf4\xf1\xcd\x3d\xc2\xff\
\xec\x67\x3f\xdb\x7c\xf1\x8b\x5f\xdc\x90\x07\x77\x31\xcf\x14\x6f\
\xcc\xd7\xf7\xbe\xf7\xbd\xcd\xf3\xcf\x3f\xbf\xb1\xbc\x07\xc8\x8d\
\x5c\x9f\xf9\xcc\x67\xaa\x6b\xed\x1a\x45\xe1\x96\x30\x08\x93\x6f\
\xe2\x53\x3c\xca\x03\x40\x46\xfc\x30\x0a\x7c\xe3\x8d\x37\xda\x34\
\xe9\x9e\xdc\x6a\x56\xa9\x32\xe3\xfb\xc5\x17\x5f\x6c\x47\x68\xe4\
\x1d\xee\x09\x5f\xf1\xbd\xfc\xf2\xcb\x1b\xd7\x70\x4f\xd8\xaf\xbc\
\xf2\x4a\xf3\xa9\x4f\x7d\xaa\x2d\x87\x12\x84\x4f\x7a\xbf\xf2\x95\
\xaf\x6c\x5c\x53\x3e\xd2\x89\x29\x2e\xfe\xc7\xfc\xd2\x3d\x06\x2e\
\x59\x5e\xe4\xc9\x68\xff\x09\x99\x90\x47\xcb\x4b\xb1\xde\x7f\xfb\
\xdb\xdf\xde\x90\x5f\xe1\xf1\x3f\xd6\xb1\x3c\xcb\xce\xd7\x4b\x71\
\x83\x66\x6a\xb4\x27\x95\x17\x6e\x73\x58\xca\x47\xdd\x53\xdd\x2d\
\xa5\x4d\xf7\x4a\x32\x68\xb9\x51\xe9\x8d\x7b\x18\xa4\x93\x72\x7c\
\xe2\x89\x27\x8a\x33\x71\xdc\x10\x06\x6e\x80\xb2\x51\x3e\x65\x54\
\x56\xca\x23\xe5\x9d\xdc\xe2\x8f\xfb\xc8\xf1\xd2\x4b\x2f\xb5\xb2\
\xd0\x9f\x48\x5e\xee\xbd\xf0\xc2\x0b\x6d\x59\xc6\x7d\x21\xa5\x25\
\xb6\x81\x98\x76\xc9\x43\xbe\x2a\x4e\xd5\xb9\xef\x7c\xe7\x3b\x9b\
\xe2\x99\x27\x6f\xbd\xf2\x8d\x66\xd2\x2c\xbd\x7e\xe5\xb9\xb5\x66\
\x82\x3c\x7c\xe4\xf3\x8d\x19\x0e\xa3\x18\x46\x20\x7a\x52\x44\x1b\
\x6e\xcc\xa0\x46\xdd\x60\xdc\x0a\x7a\x62\x2b\x6f\x6c\xef\x54\x98\
\x9d\xa1\xf4\xfb\xbc\x8f\x61\xcc\x76\xe3\xfb\x57\xbf\xda\x4c\x9a\
\xb9\x6f\x5c\xdf\xaf\x30\x8a\x61\xfa\xca\x4c\x41\x8f\xaf\xea\xc9\
\xad\x59\xa1\x77\x07\x34\x6b\xb9\x1f\xd0\x13\x73\xc6\x98\x7e\x58\
\x49\xcc\x09\x3a\x65\x36\xc3\xb5\xc6\x19\xf7\x04\x66\x85\x36\xd5\
\x87\xbd\xc1\xbe\x93\xd0\x0b\x66\xc6\x98\x7e\x78\xb9\xc9\x18\x63\
\x76\x08\xd3\x58\x6e\xf2\x51\xe1\xc6\x18\x63\xaa\x58\x49\x18\x63\
\x8c\xa9\x62\x25\x61\x8c\x31\xa6\x8a\x95\x84\x31\xc6\x98\x2a\x56\
\x12\x5b\x24\x1f\x59\x3c\x29\x08\xb3\xef\x5b\xb0\xbc\xd0\x93\xcf\
\x97\xc2\xef\xa8\xb6\x31\xc6\x45\x6f\x43\x8f\x22\xf3\x24\xe1\xe9\
\xb0\xed\x62\x5f\x62\x96\x07\xc0\xc5\x7a\x51\xcb\x9f\x9d\x72\x20\
\xdd\x6a\xc1\xbe\xc9\x3c\xea\xe2\x4e\xc4\x4a\x62\x8b\x4c\xcb\x3c\
\xea\xea\x6a\x7f\x2b\x79\xbc\x08\xc7\x1b\xa4\x11\x1e\x6b\xd5\xa1\
\x72\xd3\x46\x8d\x71\x14\x99\x27\x89\xec\x80\x6c\x07\x64\x0b\x63\
\x16\xc4\x7a\x21\xc3\x4e\x91\xd2\xc1\x88\xdb\x95\x92\xa5\xbe\x9d\
\x92\xb6\x79\x33\xb7\xf7\x24\x28\x50\x8e\x3a\xd0\x91\x01\x3a\xcb\
\x48\xe7\xbc\x70\xa6\x8c\x8e\xe2\xa5\x03\xe0\x1a\x06\x51\x74\x8a\
\x26\x2f\x9e\xd1\xd8\x34\x8a\x8f\x67\xfa\xe7\x70\x74\x94\x02\xd7\
\x38\x5f\x25\x3e\x27\x4f\x1c\xf1\x2c\x9d\xec\xa7\x24\xb7\xdc\x21\
\x47\x3e\xbd\x95\x37\x7a\x19\xc1\x11\x06\x2f\xa9\xc5\x77\x10\xf0\
\x87\xfc\x0a\x5f\x47\x2c\x43\x4c\x4b\xd7\xfb\x12\x72\x57\x93\x91\
\x91\x23\xa7\xcf\xf2\x46\x31\xf9\x45\xfc\xc8\xa4\xb3\x67\xb8\xc7\
\x11\x11\xb5\x37\x8e\xb3\x1c\xd1\x5d\x96\xbf\xeb\x7d\x83\x61\x72\
\x02\x61\x21\x1b\x1d\x19\x71\xe1\x56\xc7\x89\xe8\x44\xdd\x3e\xe5\
\x5b\x3b\x51\x95\xf4\xea\x70\xbd\x5c\xae\xaa\x7f\x9c\xe6\x49\x9e\
\x94\xea\x5f\x94\x9b\xeb\x5c\xc3\x0f\x65\xae\x23\xd9\xd5\x39\xc9\
\x7e\x86\x88\xf5\x40\xe1\x68\x64\x4f\xde\x10\x8e\xca\xbe\x4f\xbe\
\x76\xc9\xa6\xc3\x04\x95\x8f\x7d\xdf\x26\xd7\x79\x49\x9c\x3b\x24\
\xfb\x0a\xca\x7f\x41\x9c\x7a\xf1\x73\x79\xfd\xa8\x7c\xd2\xa9\x77\
\x7b\x64\x04\x2c\xd7\xa9\x5a\x3d\x52\x7b\x8b\x65\xa4\xe3\x30\x6a\
\x7e\x88\x53\xf5\x38\xb7\xa9\xbe\xc8\xa2\x62\xec\x57\x14\x76\x2e\
\xa7\x12\xb9\x8c\x48\xf7\x7d\x63\xc5\x8f\xf7\x24\x26\xf9\xe9\xcb\
\x60\x94\xb3\x36\x28\xa8\xb5\x6b\xd7\xae\xb5\xbf\xf9\x0c\x2a\x46\
\xfb\x1f\xf8\x1e\x54\xbc\x8d\xdf\x83\x8a\xb1\x36\x18\x0d\xb5\xff\
\x07\x8d\x6b\x6d\x50\x59\xd6\x06\x15\x7b\x23\x2c\xee\xdf\xb9\x73\
\xa7\xfd\x1f\xc3\xc1\x0f\xff\xb9\xc7\xb5\x41\x05\xd9\x90\x81\xff\
\x84\x93\xfd\x48\x16\x85\x17\xc9\x61\x23\xa3\xc2\xe4\x1b\x99\xf0\
\x47\x18\x83\x4a\xbe\xe1\x76\x50\xb1\x36\xdd\xc3\xdf\xa0\x42\x16\
\xe5\x27\x7d\xdc\x93\xdf\x98\x67\x92\x2b\xfa\xb9\x70\xe1\xc2\xda\
\xa0\xb2\x6f\x4a\x2b\xf7\x95\x36\xbe\x89\x4f\xe1\x23\x0b\xee\x33\
\x84\x33\xa8\xf8\xad\x3b\x3e\xd1\x1d\xbf\xb9\x1f\xe5\xe0\x5b\x79\
\xa2\xf4\x23\x33\x7e\x4b\x72\x96\xd2\x12\xcb\x34\xa6\x79\xdf\xbe\
\x7d\xd5\xf2\xe5\xf7\xe5\xcb\x97\x37\x85\x23\x19\x22\xc8\x43\xba\
\x63\x9d\x52\x38\xaa\x7f\x84\x13\xd3\x51\xaa\x37\x30\x68\x2a\x9b\
\xe2\x24\x5c\xf2\x24\xa6\xb1\xab\xac\x75\x4f\x79\x24\xba\xf2\x35\
\x12\xc3\xcf\xf5\x20\xe6\x23\x61\xa9\xdd\xa8\x5e\xc0\xc1\x83\x07\
\xdf\x15\x66\xac\x23\x25\xd9\x94\x27\xba\xa7\xfc\x21\x5e\xfe\xc7\
\x32\x21\xbd\x6a\x07\xe4\x13\x75\xbf\x74\x2f\xb7\x2b\xa5\x57\x6d\
\x29\xfa\x19\x28\xbe\xf6\xb7\xea\x2f\xee\x4a\x6d\x52\x6e\x72\xbe\
\x49\x76\xf2\x81\xfa\xa5\xdf\xe4\xb9\xd2\x54\x2b\xa7\x08\xee\xf1\
\x1f\xdd\x95\xea\xdb\x22\x30\xe9\xfe\x9c\xcf\x5c\x97\x9b\x74\x80\
\xde\xf2\xfa\x51\xd2\x8c\x12\x34\x8a\xd6\x75\x2d\x23\xe8\x90\x3e\
\x40\x93\xe3\x5e\x23\x12\xbd\xad\xac\xd3\x2e\xe3\xdb\xcb\xf8\xd1\
\xa8\x5d\x27\xab\x0a\x7e\xeb\x14\xd5\xe8\x87\xdf\x8c\x62\xf2\x5e\
\x03\xa3\x07\x46\x4c\x31\xec\x78\xf2\xa3\x64\xd2\xe1\x68\xb2\x27\
\xa0\xe5\x90\x78\x2f\x1e\x0d\x81\x7c\x9c\xe1\x14\x8d\xb6\x94\x46\
\x34\x3a\xbe\x43\xa3\x38\xde\x96\x96\x1f\x96\x16\x18\x19\xca\x48\
\x53\x46\x27\xd2\xea\x77\x69\xc9\x23\x1b\xef\x21\x6f\x18\x35\x6b\
\x49\x2d\x1a\x0d\x52\x9e\xd6\xa8\xc9\x29\x34\x8b\x8a\x65\x9a\x67\
\x04\xb1\x7c\x65\x30\x68\x65\xdd\x52\xa1\xdc\x2e\x07\x5b\x0d\x25\
\x62\x79\xf1\x4d\x38\x3a\x4e\x5d\xe1\x68\x44\x9c\xcb\x96\xff\x71\
\x64\x1b\xe3\x1c\xb4\xc7\x0d\xa3\x3c\x9a\xf9\x30\x73\xab\x95\x75\
\xed\x44\xdd\x9c\xaf\x25\x63\x4c\x4a\x73\xac\x9f\xe4\x9d\x66\x43\
\xf1\xa0\x3a\xc2\xd2\x11\xda\x93\x46\xed\x53\x65\x19\x4f\x5d\x56\
\x9b\x84\x68\x90\x07\xf8\x2d\x23\x44\x31\x7d\xc8\xa8\x83\xf5\x70\
\x13\x0d\x17\x45\x63\x41\xd0\x65\xdc\x69\x18\xcc\xb0\x64\xf8\x88\
\x34\x68\x06\x90\xdb\x2b\xf1\xe7\x36\x3f\xaa\x01\xac\x9d\xc8\x5c\
\x8f\xe5\x88\x05\x4e\x21\x46\x5b\x0c\xa0\x23\x7e\xb3\x5b\xc8\xcb\
\x3c\xea\x40\xb5\x0c\x94\xdd\x6a\x03\x4f\x9d\x0d\x8d\x4a\xd6\xac\
\xb4\x8c\x15\x8f\x08\x26\xee\xdc\x69\x95\x8c\xea\xf0\x5f\x15\x30\
\x87\xa1\xb8\xd5\x18\xb2\xbc\xa2\x74\x0e\xfd\xa1\x8a\x3d\x04\x2a\
\x28\x15\x9b\x43\xea\xe2\x94\x9c\xe9\xb4\x0e\x0b\x1c\x97\xbc\xa6\
\x1b\x8d\x09\x95\xd2\x56\x9b\xf6\x77\xc9\x29\x50\x6a\x5d\xc6\x66\
\xf2\x3d\xa6\xf9\xe4\x13\xe1\x95\xca\xa0\x46\xae\x27\x1a\x78\x70\
\x24\x74\xf4\xc7\xb5\x7c\x8c\x35\xff\x59\x8a\x28\xc1\x49\xc2\xd9\
\xc8\x4e\x54\x8c\x39\x5d\xa5\x4e\x3b\xda\x54\x8f\xe4\x7c\x2d\xd5\
\x0f\xb9\xd1\xd1\xeb\xd1\x8e\x08\x75\x77\x1a\x7b\x43\xa5\x36\x57\
\xfa\xbd\x56\x30\xc8\xc3\x35\x19\xfd\xa2\xae\xa2\x2c\x90\x59\xf5\
\x82\x34\xd6\x8c\x05\xe5\xdf\xa3\x82\x52\xd0\x32\x19\xe5\x16\x0d\
\x40\xe5\xbc\xcf\x47\xcc\x8f\x6a\x00\x6b\x27\xb2\x30\x67\x37\xa9\
\x81\xc6\x51\x21\x05\xab\xce\xbf\x2f\x1a\x15\xc6\x4e\x49\xfb\x18\
\xa0\x33\xe5\x99\x01\x68\x04\x47\xe5\xcf\x16\xd7\xe2\x99\xf5\x82\
\x8e\x25\x77\x1a\xb1\xf1\xab\x73\x8c\xf7\xa4\x58\x72\x1a\xa2\x3f\
\xad\xc7\x46\xc5\xc0\xff\x6c\xbb\x42\x56\xaf\x34\x1b\xa2\xd2\xcb\
\x8d\x66\x2d\x79\x4d\x79\x14\x24\xa7\x1a\x41\x34\xf0\x92\x47\x50\
\x1a\x19\x96\xa8\xc9\x19\xe5\xe2\x60\xc3\xac\x3c\x51\x1c\x5d\xf6\
\x3a\x80\xb2\xca\xa6\x45\xbb\x36\xad\x91\x7f\x58\xbe\x82\xca\x36\
\x0e\x0c\xf8\x3f\x6a\x5e\x96\xea\xeb\x6a\xc5\xc0\x92\x8e\x99\x1f\
\x96\xaf\xa5\x34\xab\x7e\x6a\x86\x11\xeb\xbb\xd6\xf0\x47\xdd\xcc\
\x47\x9e\x68\x57\x7d\xdc\xd9\x08\x8a\x3c\x97\x6d\x54\x74\x87\xd6\
\xed\xbd\xa3\xdc\x34\xaa\xe7\x5e\x36\xe9\x3a\xca\x53\x83\x52\xc4\
\xa5\xf2\x5a\x5d\xb7\x02\x49\x7b\xd7\x66\xbd\x66\xee\xb9\xbd\xe6\
\x34\x13\xde\xea\x08\x06\xb0\x76\x22\x0b\xf3\x74\x93\xec\xd5\x6a\
\x93\x51\x86\x43\x46\x6d\xa4\x54\x40\x46\x52\xda\x68\xa2\xc1\x68\
\xc3\x1a\xa8\x18\x8c\x6a\xa2\x22\xa1\x62\x72\x4d\x7e\x64\xf8\xa4\
\x34\xba\xe7\x9e\xdc\xf1\x1d\x47\x70\x28\x38\x1e\x3b\x55\x18\x28\
\x23\xd9\x72\x40\x09\xd6\x8c\xe8\x64\xa3\x2d\xa5\xb8\x45\x34\x8e\
\x43\xc3\x53\x87\xae\x0a\xcf\xfd\x71\x2b\x71\x36\xca\xc2\x6f\x3a\
\x28\x19\x86\x91\xd1\x20\xc9\xdf\x55\x36\x35\x39\x73\x9a\x55\xde\
\x84\xc7\x8c\x6e\x18\xe4\x27\xa3\xbd\x68\xc0\xa8\x36\xda\x07\x9d\
\x74\x8b\x5b\xe5\x71\x69\xa3\x5b\x33\x26\xb9\xd5\x53\x48\xa3\x1e\
\x29\x5e\x32\x98\x44\x9d\xd0\xe0\x87\xfb\xd4\x19\xae\xf7\xcd\x57\
\xa5\xb9\x54\x3f\x91\x8f\x3a\x1e\xdb\x4d\x5f\xe5\x10\x2d\xbb\x69\
\xf3\x9d\xc1\x86\x0c\x14\x8d\x6b\x3d\x8f\x65\x1b\x95\x3f\xe1\x90\
\xa6\xa8\x98\x29\x7b\xae\x45\xdb\x12\xe4\x8f\x8e\xcf\x57\x7d\x60\
\xd0\x50\x82\xb0\xb3\x22\x8d\x6d\x48\xf9\x18\x6d\x98\x2b\x5f\xe2\
\xcc\xa0\x54\xdf\x4b\xb3\xc0\x2e\x03\x58\xf7\x03\x73\x3b\xe0\x4f\
\x53\xed\xbc\xac\x42\x85\x67\x34\x43\xa7\xaa\xc6\xac\x65\xa4\x38\
\xca\xc8\x23\x6f\x59\xff\x52\x21\x53\x31\xe8\x74\xe8\xe4\x08\x27\
\x76\x52\x1a\xe1\xe7\xce\x42\x7e\x70\xab\xf5\xe6\x12\x92\x91\xca\
\x23\x93\x8a\x92\x4d\x9d\x12\x7e\xf3\x93\x54\xc8\x4c\x87\xa6\xf0\
\x63\x87\x25\xcb\x5d\xa0\x06\x15\xd3\x13\x65\x97\x3b\x85\x2f\xa5\
\xa0\xdf\x92\x47\xf9\x2b\x65\xab\xb0\x6a\x79\x3f\xaa\xfc\xca\x1f\
\xf2\x4d\x16\xee\x24\x73\x49\xce\x52\x5c\x84\xa9\xbc\xd4\x5e\x08\
\x6e\x73\xf9\xc6\x34\xc6\xb2\xa2\x9e\x28\x8d\xb9\x3c\xe9\x18\x08\
\x97\xf4\xaa\x2e\xa8\xe3\xa8\xe5\x41\xac\x37\xb1\x13\x53\x1a\x63\
\x5e\x44\x63\x4e\xb9\x8e\xd6\xf2\x4a\x61\x81\xc2\xeb\x72\x5b\x93\
\x2d\xd7\xe9\x58\x27\x95\xa6\x98\x67\x39\x3f\x63\xbe\xea\x9e\xca\
\x4d\xe5\x1f\xeb\x68\x6e\x5f\xf9\x7f\xce\x23\x95\x3f\xf9\x12\x65\
\x8a\x6e\xf3\xac\xb7\xe6\x27\xe7\x75\x2e\x8b\x61\xfe\xbb\xf2\x38\
\xa7\xb7\x96\xf7\x5d\x6d\x77\x91\x98\xc6\x01\x7f\x3e\x05\xd6\xec\
\x58\xa4\x24\x0e\xcd\xf8\x08\x76\x63\xe6\x85\x4f\x81\x35\xc6\x18\
\x33\x53\x6c\x74\xc8\xec\x58\xba\x96\x0f\x8c\x31\xfd\xb0\x92\x30\
\x3b\x96\x71\x9f\xf2\x32\xc6\xfc\x08\x2f\x37\x19\x63\x8c\xa9\x62\
\x25\x61\x8c\x31\xa6\x8a\x95\x84\x31\x66\xea\x6c\xe5\xfd\x1d\x33\
\x5f\xac\x24\x8c\x31\x53\x85\x77\x38\x78\x9f\xc5\x7b\x44\xdb\x93\
\x1d\xa7\x24\x16\xf9\x4c\xf9\x69\x19\x28\x9a\x34\x3a\x92\x7a\x9a\
\x50\x2e\xd9\x50\xd2\x38\x61\x4c\x02\xde\xa7\xe8\x13\x96\x8e\x07\
\xd7\x5b\xfc\x5b\xa5\x76\xac\x09\x75\x84\xbc\xe1\xfe\x81\x03\x07\
\xda\x6b\x25\xc3\x52\xe3\x50\x2a\xd7\xd2\x1b\xda\xf9\x9a\xce\xa5\
\x1a\x07\xd2\xa3\xbc\x1b\x46\x5f\x77\x93\x28\x7b\xe5\xf3\x56\x99\
\x45\x7b\x99\x27\x3b\x4e\x49\x50\x79\x62\x81\x2d\x92\x31\x9a\x69\
\x19\x28\x9a\x34\xb3\xc8\x33\x8e\x44\xd8\xea\x4b\x6e\x25\x43\x3a\
\xa3\xa2\x63\x20\x64\xdb\xa1\x0b\x1d\x1b\x72\x68\x04\x9b\x0d\x35\
\x56\x3b\x0c\xfe\x70\x4f\x47\x99\xe8\x6c\xa1\x92\x61\xa9\x51\x21\
\xad\x9c\x99\x15\x3b\x7b\xe2\xca\x0a\xaf\x74\x8d\xce\x7b\x1c\x4b\
\x87\xa3\xbe\x99\xdc\xe7\x68\x16\x98\x44\xd9\x2b\x9f\xb7\xca\x4e\
\xb7\x80\x37\x57\x25\x41\x65\x65\x14\xc7\x7a\xa5\xce\xcc\x89\x9a\
\x9d\x11\x1b\xf7\xa8\xa0\xb1\x20\x38\x5d\x54\x67\xad\x50\x71\xd5\
\xf1\xea\x14\x59\x1a\x5f\x69\xa4\x27\x3f\x8a\xaf\x26\x13\xf1\x65\
\x37\x51\x56\xee\x2b\x4e\xc9\xcc\x3d\xe2\x2c\x8d\xf8\xf2\xe8\x28\
\xa6\xab\x4b\x69\xd4\xdc\xe9\x1c\x9a\x7c\x82\x65\xcd\x5f\x34\xf2\
\x12\x21\x8c\x52\x5a\x61\x75\xfd\x78\x64\xf2\x37\xdf\x8b\xf9\x18\
\xcb\x25\xca\xa5\x72\x51\xbe\xe5\x70\xe2\x41\x76\xb5\xbc\x8d\x72\
\x48\x46\xf2\x77\xa5\x70\xcc\x79\x9f\x74\xc5\x3a\xa1\xba\xa2\xf3\
\x90\x62\x87\x3d\xac\x7c\x90\x37\xca\x50\xcb\x6f\xd5\x05\xa5\x3f\
\xc6\xaf\x73\x8a\x86\xad\xd5\x97\xea\x29\xd7\x14\x56\xcc\x3b\x1d\
\x4b\x5f\x03\x39\x6b\xc7\x96\x0f\x43\x07\xff\xc5\xf0\x73\xfb\x2d\
\x41\x1e\xe4\xd3\x75\x4b\x65\x5a\x32\xbf\xcb\x35\x3e\xb5\xb2\x28\
\xf5\x01\x59\x2e\xf9\xab\xa5\x99\x73\xde\x72\xfd\x2c\xb5\x19\xe4\
\x50\x5d\xaf\xd5\x7f\x19\x86\x22\x9f\x75\xee\x55\xad\x6e\x67\x53\
\xbf\xc4\x87\xbf\xac\x70\x6a\x6d\x77\x96\xcc\x55\x49\x50\x30\x1c\
\x9b\x40\xc5\xa5\x22\x91\x99\x1a\x49\xc8\x92\x14\x23\x3c\x32\x57\
\x07\x8f\x81\x1a\x38\xfe\x74\x98\x18\x85\x21\x7b\x00\x5c\xcb\x56\
\xa3\x70\x4f\x21\x70\x0f\x7f\x8c\xcc\x4a\x15\x07\x99\x08\x07\x37\
\x51\x69\x45\x59\x55\xc1\x35\x05\x27\x1c\xee\x31\xba\x24\xdc\x3c\
\x1a\x8a\x87\x00\xea\x34\xcf\x18\x4e\x69\x24\x42\x27\x42\xd8\x4a\
\x3f\xf1\x2b\xfd\x2b\xeb\x27\x68\x96\xec\x28\x68\x26\x15\xf3\x2d\
\xc6\x2f\x34\x92\xd5\xb9\xfd\x34\x96\xd8\x51\x52\x89\xb9\xc7\x69\
\x99\x31\x1f\x28\x17\x7e\x13\x3e\xf1\xc7\x72\xd1\xe1\x6a\xdc\xe3\
\x83\xcc\xb8\x27\x5f\x14\x8e\xf2\x9c\x3c\x52\x83\x89\x79\xcb\x79\
\x49\xfc\xd7\xac\x8b\xdf\x5c\xe3\x1e\x87\x30\x22\x53\x3c\xa9\x74\
\x94\x74\x45\xeb\x6e\xb2\x2f\x42\x3d\xa1\xbc\x35\x93\xe8\xca\x77\
\xa1\xb3\xa0\x86\xe5\x37\x75\x21\xa6\x1f\xf9\xd5\x79\xe0\x9e\xf8\
\x91\xb1\x6b\xad\xbe\xd4\x79\x12\x07\x61\x2a\x7f\x94\x77\x9c\xe9\
\x54\x1b\x38\x80\xac\x12\x8e\xba\xc4\x22\x8b\x70\xd9\xd6\x85\x0e\
\x19\x54\x7b\x2a\x1d\x08\xb8\x9a\x4e\x66\xe5\x3f\x32\xaa\x8d\x71\
\x70\x21\x65\x90\xdb\x8c\xec\x96\xf3\x5d\x6a\x2b\x52\xd4\xb9\x0f\
\x00\xdc\x12\xae\xfc\x75\x2d\x6d\x52\xcf\x55\x3e\x4a\x03\xf2\xa2\
\xb8\xa2\x42\x24\xdd\xcc\xec\x08\x47\xb6\x50\x08\x3f\x9a\x37\xd0\
\x00\x13\x34\xd3\xcc\x75\x5b\x72\x72\x4d\xf5\x92\x38\x75\x76\x56\
\x54\xb6\x3a\xd7\x6c\xde\xcc\x4d\x49\x0c\x33\xe0\x93\x0d\xb7\xf0\
\x5b\x15\x94\x29\x62\x34\x48\x43\x81\x94\x3a\xc2\x08\x0d\x2b\x1b\
\x42\x29\x19\x0f\x91\x5d\x00\x50\x43\x5e\x29\x18\x25\x92\xd1\x17\
\xc9\x1e\x8d\xb1\x74\x21\xc3\x37\x0a\x87\x86\xd7\xd7\xd0\x49\x6c\
\xa0\xc8\x9f\x3b\x97\x92\xc1\x1b\x99\x66\xcd\xa8\xa2\x47\xa3\x31\
\x31\xff\xe3\xdb\xca\x34\x62\xe5\x2f\x79\x21\xc3\x44\x84\xaf\x23\
\xca\x85\x8c\xde\x70\x8f\xdf\xf1\x60\x41\x19\x78\x8a\xe8\x70\xb9\
\x58\x0f\x94\xb7\xd9\x30\x51\x1f\xd3\x95\xa5\x74\xe9\x94\x53\xe2\
\xa7\xc3\x93\x71\xa6\x8c\x0e\x47\xec\xca\xf7\x51\xf3\x5b\x46\x8d\
\x24\x0b\x06\x98\xc6\x45\x86\xa5\x64\xc4\x69\x25\x19\xea\x52\x5c\
\xa5\x41\x87\x3a\x7a\xd9\x08\x89\xe5\xc0\xef\xc3\x87\x0f\x6f\x7c\
\xb2\xa2\xa1\x7e\xea\x0c\xac\xdc\xd9\x2a\xad\xa4\xbb\x8f\x39\x4f\
\xea\x51\x96\xb9\xb6\x8c\x55\x6a\x2b\xc3\xfa\x00\x2d\x21\xa9\xb3\
\x96\xbf\x1a\xaa\xa3\x4a\x83\xf2\x85\xb4\x94\x8c\x23\xe5\xfa\x95\
\xdb\xa1\x64\xe6\x5a\xa9\x8f\x93\x31\x33\xee\xd3\xde\x34\x93\x54\
\x1b\xd0\xec\x1b\x64\x14\x6d\xde\xcc\xed\x8d\xeb\x92\x91\x17\x32\
\x4e\x9a\x53\x53\xba\x88\x8c\x9e\x64\xe3\x27\x7d\x18\x66\xd4\x44\
\xd0\xe9\xf1\xd1\xc9\x90\x54\x88\x3c\x1a\x82\x78\xea\xeb\x28\x47\
\x3f\xe4\x70\x4a\x8d\xba\x14\x26\xf1\x0d\xdb\x38\xac\x19\xbc\x29\
\xe5\x57\xc9\xe8\x4f\xdc\x23\x58\xae\x8c\x6e\x6b\x86\x95\x62\x7c\
\x02\x85\x8b\x6d\x81\x78\xaf\x64\x6b\x21\xc7\x25\x39\x4a\xe9\xc9\
\x75\x26\xa3\xd1\x60\x94\x23\xca\x47\x03\x96\xcd\xef\x4c\xb4\xa5\
\x21\xba\xf2\xbd\x4f\x7e\x2f\x4f\xf0\x89\x1e\xd2\x15\xad\xfc\xd1\
\x56\x34\x7b\x13\xd1\x50\x57\x84\xfa\x2c\xc5\x48\xe7\x44\x07\x16\
\x2d\xf6\x65\xbb\x0a\x6a\x2b\xab\xe9\xf4\x5d\x29\x18\xcd\xd8\xa5\
\x7c\x28\xe7\x68\xa9\xae\x06\xe1\xc5\xc1\x08\x90\x5f\xa5\x11\x73\
\xa9\xad\x48\x9e\x5a\x1f\xb0\x5a\xb0\xdd\xd1\x35\xb0\xa8\xc9\x4b\
\xfa\x50\xc8\xa4\x09\x45\x20\xa5\x43\xfe\x96\xe4\xaa\xc9\x92\xc3\
\xd7\x2c\x05\x08\x13\x23\x48\xcc\x62\x62\xbc\x9a\xdd\xc8\x28\xda\
\xbc\x99\x9b\x92\x28\x19\x79\x59\x1d\x62\xc0\x67\x75\x0b\x9b\xbe\
\x1a\x51\xc4\x4c\x2f\xad\xa3\xae\xae\x1b\x95\x07\x1a\x92\x46\x51\
\xd9\x66\xc1\x4a\xc5\xd6\x05\x15\xb2\x34\x75\x8e\xfe\xe2\xe8\xa0\
\x54\xa9\x63\x63\x10\x25\xab\x78\x99\x92\x05\x34\xfe\x97\x1a\x60\
\xc9\xe8\x8f\x8c\xde\x77\xa1\x91\x7e\x3c\x6a\x79\x2b\x1b\x77\x1a\
\x71\x65\xa3\x39\x87\x82\xf9\xda\xe5\x74\x5c\x39\xa3\xdd\x1a\x3c\
\x0d\x94\x4f\x7e\xd5\x52\x01\xb2\x32\x12\x8e\x1d\x5d\x96\x65\x94\
\x7c\xaf\x29\xf8\x69\x2d\x11\x50\x6f\xb4\x1c\xc2\xa7\xcb\x50\x57\
\x96\x29\x76\xfc\x90\xeb\x61\x8d\x95\x75\xbb\x17\x1a\x18\xc8\x64\
\xaa\xec\x6f\xa0\x20\xf8\xc8\xfe\x44\x9e\xa1\xe9\xc8\x7a\xe5\x21\
\xdf\xb4\x8f\x7c\x8c\x37\xf5\xb1\x14\xf7\xb0\xb6\x92\xe1\xbe\x2c\
\xdf\x89\x71\xea\x27\x69\x96\x15\x4b\x06\x98\x8a\x57\x75\x24\xd7\
\xc9\x52\x5e\x96\x2c\x1b\x46\xbf\xc8\x49\x5b\xd2\xd2\x27\xd0\x0e\
\xc8\x6b\x06\x58\xf1\xa8\xfa\x79\x32\x37\x25\x21\x4d\x2d\xa3\x1e\
\xda\x90\x54\x61\xd0\x59\xc9\x58\x8b\x36\x7f\xfa\xd8\x96\x95\x51\
\x17\xd9\x7a\x10\x32\x6a\x22\x5b\xb9\xb2\xe2\x96\xd1\xbe\x08\xa3\
\x1d\xc9\x13\x8d\x12\xc9\x3e\x81\x46\x75\xab\x05\x4b\x56\x2b\xeb\
\xc6\x93\x70\x5b\x52\x44\xf8\x25\x7c\xad\x8d\xe7\x74\x45\x63\x34\
\xb8\xeb\x9b\x7e\xd9\x80\xa0\x92\x91\x4e\x2d\xd9\x94\x46\x5d\x32\
\xb8\x22\x99\x71\x97\x4d\x37\x96\x90\xbf\x51\xcb\xa5\xc6\xa1\x75\
\xbb\xe3\x32\x0c\x45\x3d\x20\xcf\x64\x8b\x98\x3a\x40\x23\x55\x5e\
\x0e\xeb\x80\xd5\xc8\x4a\xe9\xd2\x12\x23\xf9\x44\xb8\xb9\xfc\xc7\
\xc9\x77\xc5\x37\x2c\xbf\x33\xc4\x25\x23\x36\xd1\x56\x42\x17\x74\
\xa4\x5a\xd7\x46\x26\x06\x58\xc4\x47\x3a\x95\x3f\x8c\x74\x73\xe7\
\xb2\xb2\x6e\xcb\x39\x2a\x62\x3d\x64\x30\x6c\xe0\x41\xf8\xf9\x49\
\x22\xcd\xae\x68\x67\x7c\xc8\x2b\xe2\x2e\xcd\xf2\xb8\xa6\x65\x17\
\x40\x06\x94\xbc\x0c\x71\x71\x8f\x32\x2d\x29\x09\xc9\x39\x6a\x1b\
\xc8\x65\x98\xad\xfa\xf5\x85\x32\x45\x2e\x0d\x1a\x81\x7c\xa4\xee\
\x68\xa0\x84\xfc\xb5\x3c\x94\xa9\xd6\xd8\xc7\x31\x48\x51\xbf\xc1\
\x87\x76\x44\xfa\x35\x40\xd3\xb2\x65\x29\xdf\xe7\xc5\x83\xbf\xf4\
\xf4\xa7\x4f\x37\x13\xe4\xa1\xc7\x9e\xe8\xed\xf6\x73\x9f\xfb\x5c\
\xf3\xf2\xcb\x2f\x37\x2f\xbd\xf4\x52\xf3\xc4\x13\x4f\x34\x9f\xfc\
\xe4\x27\xdb\x0c\x23\x73\xf9\xcd\xe7\x85\x17\x5e\x68\x3b\x89\x2f\
\x7f\xf9\xcb\xcd\x87\x3f\xfc\xe1\xd6\x9f\x46\x52\x42\x19\xcb\x37\
\x7e\xb4\xa1\xfc\xd8\x63\x8f\xb5\xd7\xf4\xcd\x3d\x0a\x8a\xf8\x3e\
\xf5\xa9\x4f\x15\x1f\xcd\xa3\x81\x21\x13\xee\xa2\x1b\xbe\xbf\xfd\
\xed\x6f\x6f\x8c\x0c\xa8\x2c\xef\x7d\xef\x7b\xdb\x70\x91\x4b\xb2\
\x71\xed\xc9\x27\x9f\x6c\x15\xcd\x2b\xaf\xbc\xd2\x7c\xe6\x33\x9f\
\x69\xe3\x8d\x32\x28\x5d\x6f\xbc\xf1\xc6\xa6\x74\x45\x34\xb2\x78\
\xf1\xc5\x17\x87\xa6\x3f\x42\xd8\xc4\x23\x7f\x54\x42\xe2\x2e\x2d\
\x8b\x68\x34\xa8\xb4\xaa\x73\x51\x7e\x92\x16\x41\xdc\x5c\x23\xac\
\x58\x2e\x5f\xf8\xc2\x17\x36\x8d\x12\x6b\xe5\x12\xaf\x29\x2f\x08\
\x93\x6f\xe5\x2d\x32\xd3\xa1\xab\x51\x12\xbf\xd6\x69\x91\x91\x86\
\xa6\xf5\x5e\x85\xdd\x37\x5d\xd4\x07\xc2\x43\x76\x85\xfb\x83\x1f\
\xfc\xa0\xf5\x1f\xcb\xaf\x4f\xbe\xc7\x32\xef\xca\xef\x52\xfa\x15\
\x86\x64\xa1\xae\x29\x1f\x4a\x79\xa4\x3c\x8f\xe9\x55\x9e\x2c\xaf\
\xef\xfb\x28\xad\x74\xba\xa5\xf7\x0c\xf4\x50\x47\x84\x8e\x9e\x3c\
\x57\xfa\x73\x3e\x4a\x26\xc5\x1f\xe1\x3f\xf7\xa9\xe7\x84\x4d\xdc\
\xb4\xdf\xd2\xc8\x17\xff\xcf\x3f\xff\x7c\xeb\x96\x34\xf3\x79\xfa\
\xe9\xa7\x37\xda\x7d\x2c\x53\xc9\xa1\xd1\x3a\x4b\x58\x28\x95\x51\
\xfb\x00\xf2\x47\x72\x81\xf6\x8c\x72\x3a\x62\x3e\xe7\x6b\x80\xac\
\x5f\xfb\xda\xd7\x9a\xaf\x7c\xe5\x2b\x1b\x6d\x41\xe9\x26\x6c\xfa\
\x2a\xda\xb7\x8c\x27\xe1\x86\xfb\x31\x1e\xd2\xa6\x7e\xe3\x43\x1f\
\xfa\xd0\x46\xbf\x21\xa3\x67\x92\x17\x37\xf2\x47\xbf\x50\x2a\xb3\
\x3e\xbc\xf5\xca\x37\x9a\x49\x33\x57\xa3\x43\x64\x58\x7c\xc4\x0b\
\x8d\xaf\x8a\x61\x8c\xd9\x19\x30\x93\x61\xc4\xdd\xe7\x5d\x94\xe8\
\x87\x8e\x75\x9e\x1b\xb7\x7a\x1a\x6f\x2b\x33\xe5\x71\x40\xb1\x94\
\x1e\x4c\xe9\xc3\x34\x8c\x0e\xcd\xfd\xa8\x70\xa6\xce\x4c\x0b\x19\
\x79\x53\x31\xb6\xf2\xf4\x87\x31\x66\xf1\xd0\xcc\x67\xb5\xf0\x90\
\xc2\x22\xc3\x8c\xb6\xef\x1b\xe0\x93\x42\x4f\x67\x2d\x52\x3e\xcd\
\xdd\x7c\xe9\xea\xba\x8d\x5d\x4d\xa3\x8d\x31\x46\x4b\xc6\xf3\xec\
\x2c\x99\x49\x0c\xdb\x28\x9f\x34\x7a\x22\x6a\x94\x27\x26\x23\xb6\
\x71\x6d\x8c\x31\xa6\x8a\x6d\x5c\x1b\x63\x8c\x99\x29\x56\x12\xc6\
\x18\x63\xaa\xdc\x77\x4a\x42\x6f\x53\xef\x34\x74\xce\x8d\x59\x6c\
\xa8\x7f\x93\x38\x9e\xda\x98\x59\x71\xdf\x29\x09\x9e\x56\xd0\x59\
\xfd\x3b\x05\x5e\xd8\xe9\xfb\x42\x96\x99\x2f\xd4\xbf\x61\xa7\xb5\
\x1a\xb3\x48\x6c\x3b\x25\x11\x0d\xb1\x94\xc8\x47\xf0\x96\x88\x87\
\x77\x4d\x0a\xbd\x3d\x9b\xcf\xd2\xd1\xbd\x88\x0e\x86\xcb\xd7\xc6\
\xed\x38\x88\x4f\xef\x96\x6c\xc5\xb0\xd1\xb8\xc7\x9e\x4c\xca\xe8\
\xca\xac\x1f\x37\x1c\x87\x49\xd4\xbf\x7c\x9a\xaa\x31\x8b\xcc\xb6\
\x53\x12\xf9\x4c\xa7\x4c\x3c\x45\xb1\x86\x8e\x82\x98\x24\x3a\x32\
\x9a\x0f\xef\x7c\xd0\x91\xe8\x34\xd7\xdc\x21\xc4\x23\xb3\xc5\xb8\
\x46\x5d\xe2\x91\x07\xa0\x38\xc7\xa1\xeb\x98\xe9\x2e\x26\x65\x74\
\xa5\xaf\xc1\x99\x79\xb2\xa8\xf5\xcf\x98\x69\x31\xd7\x97\xe9\xe2\
\xf9\xfe\x34\x1c\x8e\x15\xe0\xb7\x3a\x3d\x1a\x12\x6f\x5d\xea\xb0\
\x2b\x3d\xb3\xcc\x68\x4d\xbf\x75\x4e\x12\xe4\xf7\x2c\x74\x0f\xff\
\x74\xc2\xcb\xe9\x48\xdf\xda\xcb\x3d\xb5\x78\x75\x1e\x0c\x32\xe7\
\xc3\x02\x21\x1e\x4b\x20\x85\xd1\x67\x09\x88\x7c\x88\x46\x5d\xe4\
\x27\xe7\x4f\xe9\x4d\x74\xd2\x98\x4f\xd5\x1c\x96\x76\x19\xda\x89\
\xf7\x48\xb3\xce\xfa\x57\x5c\x39\x7e\x9d\x1e\x5a\x92\x43\x07\x23\
\xca\x66\x01\x6e\x88\x83\x8e\x3f\xba\xd7\x19\x4d\x8a\x53\xf9\x1c\
\x67\x11\xf8\x93\xb2\x25\x2f\x98\xf9\x29\x7c\x5e\x34\x92\x2c\xdc\
\x23\x3c\x1d\x6b\xae\xc3\x06\x91\x21\x1e\x75\xce\x75\xe4\xce\x87\
\x17\xe6\x30\xfb\xd6\x3f\xae\x4d\xb3\xfe\x19\xb3\x48\x6c\x5b\xa3\
\x43\x20\x8b\x62\x32\x00\xc2\xe1\x66\xba\xa7\x53\x2f\xe5\x3f\x9f\
\x1c\xaa\xf3\x61\x32\x39\x5e\xfe\x47\xa3\x3a\x74\x36\x25\x05\x11\
\xd1\x68\xbe\xef\x1e\x01\x32\xd3\x09\xd1\xb1\xc5\x19\x06\xf1\x93\
\x2f\x32\x80\x54\x5a\xa2\xe0\x68\xec\xfc\xc2\x8f\x2c\x5c\xc9\xe8\
\x4a\x34\x9c\x43\x7e\x45\x83\x2c\x3a\xcf\x5e\xe7\xe7\x70\x5d\x9d\
\x3a\x79\x16\xcb\xa7\x64\x80\x47\xc8\x48\x91\x64\xd5\x0b\x92\x25\
\x0b\x5f\x5c\xd7\x01\x73\xca\x67\xfc\x47\x4b\x75\xd1\x90\xd3\x6a\
\x32\x54\xc3\x61\x8b\x9a\xf5\x20\x97\x7e\xc7\x43\x1b\xb3\xf1\x96\
\xd2\xc9\xa8\x31\x4c\xc2\xa1\x8e\xd5\xea\x9f\x2c\xc9\x29\x0d\x0a\
\x57\x75\x4c\xf5\x4f\x6e\x34\x83\x8c\xc6\x8b\x22\xb5\xfa\x67\xcc\
\xa2\xb1\xb0\x46\x87\x74\x72\x65\x34\x6e\x93\x91\xe5\xb4\x68\x60\
\x26\x76\x06\xf1\xad\xcd\xbe\x27\x2a\xe6\x78\x69\xfc\xf1\x88\x65\
\x3a\xad\x9a\x82\x90\x49\x43\x3a\xd7\x78\x00\x59\x36\xea\x92\x6d\
\x1b\xeb\xc4\x58\xf2\x23\x2e\xdd\x70\xd6\xbc\x66\x18\x74\x36\xa5\
\x11\xbc\x6c\x21\x47\xc8\xd3\x68\x74\x85\x34\xa8\x13\x96\x42\xd0\
\xbd\xda\xfa\x78\x36\x0e\x43\xf9\x74\xed\x19\xe8\x04\x4b\x8d\xfc\
\x65\x8f\x43\xc7\x2d\x83\x6c\x0f\x28\x4f\xa2\xf1\x22\xe4\x88\x9d\
\x66\x34\xe4\x44\x58\xdc\x97\x2c\x52\x68\x3a\xee\x9b\xdf\xe4\x3b\
\xa7\xaf\xf2\x9b\x7c\x8a\xca\xac\x34\xfb\x59\x59\xb7\xbd\x1c\xd3\
\x17\xf7\x1a\x50\x04\xb9\x1e\x64\x74\x2a\x69\xac\x7f\x11\x2d\x3d\
\xe1\xdf\xc7\xcd\x98\xed\xca\xc2\x1a\x1d\xca\xe8\xb4\xc4\x48\xe9\
\x8c\x93\x43\xc1\x7a\x1c\x0d\x98\x86\xce\xa1\x81\xb5\xe5\x9a\x48\
\x69\xfa\x4f\xbc\x8c\x5c\xa3\x8c\x35\x62\x47\xa2\x91\xa7\x8e\x1b\
\x89\xf7\xe2\x12\xc5\x6a\xb0\x7a\xa5\xf0\xd5\xf9\xd1\x31\x6a\x96\
\x51\x33\xea\xb2\x5c\x38\xdf\x3e\xcb\x48\x07\xa8\x0e\xab\x64\x34\
\xa8\x74\xf4\x00\xa3\xe2\x1c\x57\xd7\x11\xd8\xb5\x59\x93\x8e\xfb\
\x96\x55\xb3\x92\xb2\x2f\xc9\x11\xc3\x43\xf6\x5c\x76\xd4\x1d\xd5\
\x15\xee\xd1\xc1\xcb\xe0\x8e\x3a\x76\xcd\x20\x4a\xb2\xe1\x37\xd7\
\xbf\x78\xfe\x7f\x29\x9f\x4b\x65\x9f\xaf\xc5\x72\x8c\xf5\x8f\x01\
\xd0\x38\xa7\x7a\x1a\x33\x6f\xe6\x36\x93\x60\xe4\x9c\x37\x2a\xe3\
\x48\x72\xb5\x60\x3c\x27\x2f\x75\xa8\x23\x88\xac\x04\x7b\xb3\x34\
\x74\x19\x7f\xe7\x3b\x6e\x28\x32\xb3\x28\x19\xfb\x29\x19\x91\x89\
\xd6\xd5\xfa\x12\x3b\xb1\x2e\x34\xc2\xd7\x2c\x44\xeb\xe7\x8a\x5b\
\x96\xd4\xe8\x08\x4b\x36\x84\x4b\x86\x86\x4a\x79\xa2\x63\x94\x49\
\x33\xf9\xa1\x0f\x9d\x78\xc9\x0e\x40\x29\x2f\xc6\x35\xde\x22\xbf\
\xcc\x8c\xd4\x89\xd2\xa1\xc7\xf2\x58\xed\x30\x5e\x84\xcc\x25\xa3\
\x4f\x52\x5a\xb2\xba\x16\xf3\x47\xfb\x27\x28\xa5\x9a\x41\x98\x5c\
\xff\xe2\xff\x71\xeb\x9f\xfc\xe5\xfa\x97\x1f\x7b\x2d\xd5\x3f\x63\
\x16\x91\x6d\x6d\x74\x88\x7b\x1a\x15\x97\x0c\x80\x70\x2f\xda\xa2\
\x8e\x94\x96\x69\x20\x1b\x91\x19\xc5\xa8\x4e\x54\x50\xd1\x5c\xe4\
\x30\x3f\x79\x29\x02\x43\x27\xc8\x4d\x7a\xc8\x17\x75\x78\xa5\xce\
\x3c\x9b\xa2\x14\x25\x63\x2d\xc3\x8c\xea\xb0\x57\xa1\xbd\x00\x19\
\x4c\xd1\x7f\xe4\x60\xff\x63\x1c\x54\x4e\xf1\xa8\x68\xed\x87\x68\
\x33\x59\xd6\xe3\x4a\x50\x26\x5a\xd3\x97\x71\x1d\xcd\x2c\xe9\x84\
\xb5\xb1\xac\x3d\x13\xd9\x0b\x56\x98\xa5\x19\x40\x34\xd8\x23\xe3\
\x37\xf1\x40\x37\x19\x57\xea\xaa\x07\xa4\xab\x66\x80\x46\x8a\x3f\
\xd6\xbf\x98\x3e\xd5\x3f\x94\x0a\x69\xc8\x7b\x37\xc6\x2c\x0a\x73\
\x3f\xe0\x8f\x06\xc2\x88\x5b\x96\xe4\x56\x83\x89\x42\x7e\xab\x43\
\x88\x4f\xab\xb0\x6c\xa1\xa9\x7b\x1c\x79\xab\xe3\x53\xc7\x90\xef\
\xa9\x01\x0f\xb3\x5b\x41\x67\x81\xbf\x1c\xef\x4a\xc1\xe4\xa5\xe0\
\x5e\x1c\x7d\xca\xa0\x88\x96\x78\xa2\x3f\x5d\x23\x9d\x5a\x1b\xcf\
\x61\xe9\xe5\x38\xd2\xca\x08\x97\x8e\xac\xb6\x5c\xc1\x52\x8b\x6c\
\x1f\xc7\x4d\xf3\x52\xde\x29\x7c\x3a\xfd\x7c\x4f\xa3\xf9\xb8\xb4\
\x97\xcb\x27\xa7\x25\xcb\x1b\xd3\x17\xdd\xa1\xf8\xb2\x92\xc9\xe5\
\x2b\x3f\x4a\x43\x69\x43\x5e\xb2\x28\xec\x58\x26\x39\x5e\x29\x89\
\xae\x65\xc6\x69\xd7\x3f\xf9\xaf\xd5\x3f\x59\x78\xb3\x0d\x15\x33\
\x09\x7c\x0a\xec\x04\xd0\x53\x2d\x3b\x69\x23\x71\x1c\xa3\x2e\xb3\
\x64\x5e\xc6\xa4\x78\x48\x60\xd1\xca\x79\x27\xd6\x3f\xb3\x38\xf8\
\x14\xd8\x09\xa0\x47\x43\x77\x12\x7a\xc6\x7f\x51\x8f\x7a\xd0\xd3\
\x5b\xb3\x44\xfb\x30\x8b\x06\x72\xed\xb4\xfa\x67\x76\x36\xb6\x27\
\x61\xa6\x4a\x6d\xe9\x68\xda\xac\x6e\xd1\x78\x8b\x31\xdb\x91\x1d\
\x69\xbe\xd4\xec\x6c\xf4\x44\xd5\xac\x59\xc4\x59\x84\x31\xdb\x11\
\xdb\x93\x30\xc6\x18\x53\xc5\x4a\xc2\x18\x63\x4c\x15\x2b\x09\x63\
\x8c\x31\x55\xac\x24\x8c\x31\xc6\x54\xb1\x92\x30\xc6\x18\x53\xc5\
\x4a\xc2\x18\x63\x4c\x15\x2b\x09\x63\x8c\x31\x55\xac\x24\x8c\x31\
\xc6\x54\xb1\x92\x30\xc6\x18\x53\xc5\x4a\xc2\x18\x63\x4c\x15\x2b\
\x09\x63\x8c\x31\x55\xac\x24\x8c\x31\xc6\x54\xb1\x92\x30\xc6\x18\
\x53\xc5\x4a\xc2\x18\x63\x4c\x15\x2b\x09\x63\x8c\x31\x55\xac\x24\
\x8c\x31\xc6\x54\xb1\x92\x30\xc6\x18\x53\xc5\x4a\xc2\x18\x63\x4c\
\x15\x2b\x09\x63\x8c\x31\x55\xac\x24\x8c\x31\xc6\x54\xd9\x71\x4a\
\xe2\xee\xdd\xbb\xcd\xea\xea\x6a\x73\xbf\x40\x7a\x47\xe1\xe6\xcd\
\x9b\xcd\xb8\x6c\xc5\xaf\x31\x66\x7b\xb2\x10\x4a\x62\x65\x65\xa5\
\xfd\x4c\x82\xc3\x87\x0f\x37\x07\x0e\x1c\x28\xde\xbb\x7e\xfd\x7a\
\x7b\xbf\xd6\xd9\xd1\xe1\x5e\xbc\x78\xb1\xb9\x72\xe5\xca\xcc\x15\
\x0d\x32\x29\x1f\xf8\x0c\xeb\x90\x91\xf1\x91\x47\x1e\x69\x9e\x7a\
\xea\xa9\x4e\x77\xa4\x89\x34\xe3\x9e\x70\xc9\x9b\x93\x27\x4f\x36\
\xc3\xc8\xca\x96\x7c\xc1\x2f\xe1\x4c\x1a\xe2\x89\x69\xef\x93\xfe\
\x45\x82\xbc\x3a\x73\xe6\x4c\x33\x0d\xce\x9f\x3f\xdf\x96\xf1\xb0\
\xc1\x00\xee\xc8\x33\xf2\x92\xf2\xee\x43\x2c\x5f\xda\x46\x9f\x7a\
\xb1\x28\x90\xdf\x97\x2e\x5d\x1a\xea\x4e\xf5\x5f\xbf\x47\x19\x54\
\xdd\x4f\x83\xcd\x2e\x76\x35\x73\x86\x0e\x41\x85\x78\xe7\xce\x9d\
\x66\xcf\x9e\x3d\xcd\x56\x38\x71\xe2\x44\xb5\x22\xdc\xbe\x7d\xbb\
\x8d\xaf\x74\x9f\x4a\x77\xfa\xf4\xe9\x4d\xd7\xf8\x7f\xea\xd4\xa9\
\x66\x16\xd0\x40\xa3\xa2\x3c\x74\xe8\x50\x73\xed\xda\xb5\xaa\x7b\
\x3a\x05\xf2\xea\xc2\x85\x0b\x4d\x17\xa4\x95\x70\x9f\x79\xe6\x99\
\x36\x4c\xf2\xe7\xd8\xb1\x63\xcd\x30\x50\x06\xc7\x8f\x1f\x6f\x65\
\xc0\x1f\x1f\xc2\xd8\xbf\x7f\x7f\x33\x69\xa4\x90\x6e\xdd\xba\xd5\
\x7e\x1f\x39\x72\xa4\x59\x5e\x5e\x6e\xb6\x0b\xd3\x9c\xbd\x52\x0e\
\x5d\xf5\x40\xa0\x20\xf6\xed\xdb\xd7\x96\xcf\xd9\xb3\x67\x9b\x3e\
\x50\x9e\xaa\x73\xf8\x7d\xf4\xd1\x47\x9b\xed\x02\x75\xb8\x4f\x5f\
\x81\x1b\xe5\x07\x79\x84\x32\xec\xdb\xa6\xe9\x97\xe8\x33\xee\x77\
\xe6\x3e\x93\x60\x84\xaa\x0e\x81\x8e\x4f\x3c\xfb\xec\xb3\x9b\x3a\
\x6d\x75\x5a\x6a\x8c\x1a\x61\x51\x90\x71\x44\xf1\xea\xab\xaf\x36\
\x4b\x4b\x4b\x1b\xff\xe9\xfc\x71\x83\x5f\xee\xd5\x64\x20\x2e\x3a\
\x50\x14\x15\x15\x83\x8a\xc4\x35\x1a\x91\xe2\x8e\xca\x85\xff\x1a\
\x55\xe3\x46\xb2\x20\xb7\xdc\x11\x2e\x9d\x3f\xdf\x7d\x46\x9a\x74\
\xc4\x6b\x6b\x6b\xed\x87\x8e\x81\x4a\x4d\x3c\x1a\x55\x93\x66\xc2\
\xd7\x4c\x87\x78\x94\x67\xfc\xe7\x9e\xd2\x5a\xeb\xb4\xee\xdd\xbb\
\xb7\x71\x8f\x6f\xdc\xe2\x07\xf9\x24\x2f\xe1\x2a\x4f\x35\x62\x8b\
\x79\x27\xb9\x90\xa3\x54\x06\x51\x16\xc2\x43\x46\xdc\x2b\x3c\x66\
\x24\x31\x2f\xe9\xd8\xe8\xb0\x50\x0e\xfa\x4d\x5e\x80\x46\xe9\xf8\
\x27\xcc\x98\xae\xae\x7b\x11\xe2\x27\x6d\xc8\x2a\x77\x4a\x3b\xd7\
\xe2\xec\x28\x0f\x14\xe8\x54\xa2\xf2\x56\x5a\x4a\xf1\xe5\x38\x4a\
\xd4\x64\xe6\x9a\xf2\x84\x6b\xc8\xc4\x7d\xe5\xb5\xee\x21\x0b\xff\
\xf9\xd4\x46\xd2\xc8\x2c\xa2\x7b\xc2\x42\x46\xc9\x40\x99\xaa\x1c\
\x89\xb3\xe6\x2f\xc6\x83\x7f\xc2\x41\x36\xd2\xda\x35\x9a\xaf\x85\
\x51\xca\x03\xd5\x63\x64\xe9\x13\x3e\x6e\x94\x27\x2a\x5f\xcd\x84\
\xf4\x5f\x75\x8e\x74\xa9\xad\xe4\xb6\x2c\x19\x25\x87\xca\x41\xdf\
\xb1\x9d\xab\x5e\x77\xe5\xfd\x8e\xe4\xf5\x2b\xcf\xad\x4d\xf2\x33\
\x2a\x03\x05\xb1\x36\xe8\x14\xd6\x06\x9d\xc2\xda\xa0\x83\xd8\xb8\
\x3e\x28\x8c\xb5\xc1\x28\x60\x6d\xd0\x69\xb7\xff\x07\x1d\x48\xeb\
\x56\xf7\x06\xa2\xaf\x1d\x3d\x7a\xb4\xfd\xf0\xfb\xdc\xb9\x73\xed\
\x3d\xc2\xe1\x13\xdd\xf1\x5f\xee\xf8\x0c\x3a\xe0\x77\xc9\x20\x3f\
\x11\xe2\xe7\x3a\xee\x63\x1c\x83\x4a\xd3\xfe\xbf\x7c\xf9\x72\xfb\
\x51\x1c\x83\x0e\x66\x53\x58\xa4\x8b\x30\xf8\x10\x3f\x0c\x14\xd0\
\xa6\x8f\xd2\xa7\xf4\x97\xae\x13\xe6\x8d\x1b\x37\xda\x78\x06\xa3\
\xa2\x36\x4e\xc2\xe4\x3a\x69\xc4\x3d\xbf\xb9\x46\x9c\xfa\x8d\x1f\
\xee\xe1\x6f\xd0\x68\x36\x7e\x23\xa7\xd2\x2d\x3f\xc4\xcd\x3d\xae\
\x11\x37\xf1\x2a\x8f\xf1\x3b\x98\xb1\x6c\xe4\x9d\xf2\x03\xbf\x03\
\xc5\xda\xfa\x89\xf9\x5a\x0a\x97\x0f\x10\x77\x2c\xe7\x08\xfe\x25\
\x9b\xf2\x4a\xf9\xaf\xfb\xf8\x8d\x79\xa3\x7b\xa4\x95\xff\xba\x17\
\x21\x6e\xe4\x57\x98\xa4\x89\x7c\xc3\x6d\x8e\xe3\xe0\xc1\x83\x9b\
\xfc\xe2\x8f\xf4\xab\x3e\xc5\x70\xf0\xa7\xf2\x22\xbd\x0a\x83\xff\
\xb5\x34\xe6\xf4\xa8\xae\xf0\x9b\xf0\x81\x7c\x23\x0c\xb9\x8f\xb2\
\x90\xdf\xc8\xcd\x67\x30\x90\xd9\xa8\x93\xf8\x51\xb8\xf2\x83\xfb\
\xc1\x88\x7b\x93\x7b\xca\x46\x61\xc7\xb4\xe2\x97\x30\x80\x32\x50\
\x3c\xb8\x45\xae\x18\x0f\x1f\x85\xc9\xbd\xdc\x9e\x4a\x61\x20\x87\
\xdc\xf1\x3b\x97\x87\x64\x56\xfd\x50\x39\xc6\x34\xe6\xf0\x15\x9e\
\xea\xa1\xd2\x45\x79\xe3\x2f\xe7\x61\xae\x5f\xa5\xfc\x24\x2c\xf9\
\x53\x7f\x23\x39\x09\x87\x7a\x26\xbf\xa5\x3e\x63\xde\x4c\xba\x3f\
\xe7\x33\xd7\x99\xc4\xd5\xab\x57\x5b\xed\xcc\xd4\x71\x50\x51\x36\
\xd6\xe5\x81\x51\x25\x9a\x1c\x37\xfa\x66\x74\xc9\xef\x41\xa5\x69\
\x47\x9b\x83\xce\xb2\xfd\xe0\x96\x11\x60\x5e\x46\x92\x3b\x46\xe5\
\xb8\xcb\xa3\x44\x81\x0c\xa5\xe5\x0d\x46\xb5\xdc\x23\x5e\x7e\x6b\
\x44\x41\x58\xb8\x47\x66\x2d\xfb\x30\xf3\x18\x34\xba\x56\x96\xb8\
\xa6\x8e\x4c\x83\x8a\xd5\xfa\x21\xac\xbd\x7b\xf7\x6e\xfa\xc4\xd9\
\x13\x7e\x74\x9d\xf4\x02\xcb\x49\x84\xc1\xe8\x1b\x39\x18\xc9\x10\
\x2f\xf2\x20\x03\x53\x69\xe5\x23\xf1\xe0\x9e\x6f\xe8\x1a\xed\xc8\
\x0f\x79\x24\x3f\x1a\xbd\x93\x1e\x2d\x49\x75\x2d\x4f\xe1\x97\x8f\
\xe2\xd3\xa8\xbb\x16\x2e\x90\x4f\x72\x3f\x8c\xb8\x4c\x06\x7c\x93\
\x76\x64\xe7\xc3\x6f\xdd\x23\x3f\xf8\x5f\x4a\xb3\x96\xca\x80\x3c\
\x1b\xb4\xa5\x8d\xe5\x0a\xfe\x93\xa7\x2c\x75\x75\x41\x19\x50\x3e\
\x31\x1c\x95\x8d\xe2\x97\x2c\xdc\x53\xdd\x89\x64\x99\x55\xaf\x48\
\xa7\xae\x31\x4a\xe5\x77\xa9\x3e\x52\x57\xc8\x57\xe4\xe6\x43\x7d\
\xe6\x7f\x0d\xdc\xe3\x26\xba\xef\xb3\x44\x83\x3c\x8a\x07\x39\x28\
\x33\x46\xe6\x82\x3a\xa1\x30\xf9\x5d\xca\xf3\x1c\x86\xe4\x24\x0f\
\x99\xcd\xc6\x7c\xcc\xcb\x3f\xfc\x97\x9c\x94\xcd\xb0\xfd\x4a\x85\
\xaf\x3c\x23\x4f\x49\xeb\xb0\x25\x4b\xe4\xce\xf9\x59\xf3\x83\x5b\
\xe4\xd2\x72\x2b\xf2\xe3\xf6\x7e\xd8\xb7\x98\xeb\x9e\x04\x1d\xa7\
\x2a\x83\xd6\x43\xa5\x0c\xd4\x80\xa8\x9c\x72\x43\x21\xa9\x51\xc6\
\x8e\x87\x0e\x54\xca\x44\xa8\xf0\x62\xa1\xd7\xd6\x5c\x09\xbf\x54\
\xd8\x51\x79\xd0\xb8\xa5\x88\xd4\xd8\x23\x9a\xda\x2a\x4e\xc9\xc2\
\x6f\x85\xc1\x77\x5e\xe3\x8c\x8d\x96\x34\x69\x8f\x41\xd7\xf1\x83\
\xf2\x21\x4e\x1a\x64\x89\x18\x97\xfc\xf2\xe9\xda\xfc\x65\x59\x0d\
\x08\x5b\xec\xde\xbd\xbb\x19\x05\xe5\x67\x4c\x83\xf2\x31\xe6\xf5\
\xb8\xfb\x0b\x2c\x87\x44\xf9\x14\xae\xe2\x60\x1d\x3d\xc2\xff\xb8\
\x64\x52\x83\x0d\xff\x28\x33\xe9\x1e\xb6\xa1\x59\x1a\x48\xe8\x7f\
\x6d\x90\x91\xa1\x3c\xb4\x9c\x22\x54\x0e\x80\xe2\x62\x89\xae\xef\
\x9e\x42\x94\xa1\x04\xe9\xca\xf7\xc7\xd9\x77\x20\xaf\x62\xfe\x8c\
\xb3\x6f\x88\x1f\xea\x37\x1d\x7e\xde\xd7\xca\xff\x63\xf8\x39\xee\
\x5a\xd8\x5d\xff\x6b\xac\xb5\x93\x8e\xee\xb0\x84\x1e\xae\x88\x0a\
\x31\x96\xdd\x4e\x66\x6e\x33\x09\xad\x7b\xeb\xe9\x03\x3d\xa5\x13\
\x47\x2c\x9a\x5d\x70\x4d\x23\x67\x75\x80\x72\xa7\x27\x92\x62\x67\
\x0c\x72\x4b\xa3\x8c\xeb\x8f\x25\x34\x5a\x89\xa3\x7a\xd6\x24\xa9\
\x18\x1a\xf1\xa8\x83\xd6\x7a\xa6\xfe\x2b\x4e\x46\xc7\xda\xcb\x88\
\xa3\xdf\x8c\xe4\xd4\x27\x57\xca\x7c\x9d\xb4\xa1\x20\x48\xbf\xf6\
\x0b\x32\x72\xab\xf4\xe9\x29\x97\xae\x4d\xe6\xbc\x0f\xa4\x8d\xe3\
\xcc\xa8\x8f\xd8\x2a\x5c\xcd\x84\xb4\x71\x1e\xc3\xeb\xfb\xe4\x12\
\x1d\x5a\xee\xf4\x09\x0b\x65\x80\xf2\xc8\xf2\xe2\x76\x5c\x85\x24\
\xd8\xcf\x8a\x69\x66\xd4\x0b\x51\xf1\x47\x59\x46\x79\x0a\x0b\x99\
\xa9\xd3\x0c\x04\xf4\xe1\x7f\x2c\x0b\x06\x22\xb1\x1e\x46\xb2\x0c\
\xc3\x9e\xd6\x21\x2d\x79\xf0\x33\x6c\xc6\x04\xda\xef\x8a\xff\x47\
\x55\x0c\x74\xa0\x39\x0c\xda\xa2\x66\x4e\x91\x61\x33\x85\x69\xc1\
\x60\x21\xe7\x5f\x6d\x66\xa0\xbd\xb2\x5a\xd9\xed\x64\xe6\xa6\x24\
\xb4\x74\xc3\x52\xd0\xda\xfa\x66\xad\xa6\xef\xaa\x34\x7a\x52\x49\
\x9b\x78\xa0\xa5\x1d\xdc\x50\xc8\x2c\xcd\x50\xb0\xa5\xd1\x17\xee\
\xb4\x84\x83\x5b\x75\x5c\x25\x77\x84\xcf\x07\x77\x7c\xf4\x64\x93\
\x96\x5a\x34\x12\x52\x45\x57\x07\xac\xa9\x31\xb3\x19\x3e\x28\x91\
\xd2\x08\xa5\x0f\xa4\x49\xcb\x4d\xda\x7c\x46\x59\xa9\x72\xea\x7f\
\x86\x7c\x42\x1e\x94\x2d\x7e\x91\x83\xca\x5b\x9b\x79\x80\x66\x6b\
\x4c\xb7\x49\x6f\xde\x4c\xd6\x4c\x09\x39\x46\x79\x34\x92\x30\xc9\
\x33\x85\x8b\x3c\x31\x5c\x06\x03\x39\xae\x1a\xc8\xa0\xd1\x1b\xe5\
\xa8\xcd\x56\x2d\xd9\x70\x4d\xf7\xe8\x58\x71\xdb\xe7\xc9\xad\x2e\
\x58\x2e\x24\x1e\x2d\x7d\xaa\x9e\x52\xc6\x74\xf2\xf1\x1e\xbf\x47\
\xe9\x3c\xa3\xcc\xda\xac\xa5\x4e\x52\x56\x0c\x06\xf4\xf4\x59\x4d\
\xf9\x70\x8f\xf2\xd0\x63\xc2\xe4\x65\xd7\x93\x3a\xdc\x8b\xee\x29\
\xc7\xd8\xa9\x51\x3e\x5a\x1e\xec\xf2\xc7\xef\x51\x66\x37\x40\xfb\
\xd1\x66\xb9\xc2\xa0\x8e\x96\xf2\x31\x0e\x0c\xa7\x09\x71\x2b\x4d\
\x1a\xe8\xd1\x66\x62\xfe\x44\xc8\x2b\xe5\x0f\xf5\x0a\x39\x55\x76\
\x92\xff\x7e\xe0\xc1\x5f\x7a\xfa\xd3\xa7\x9b\x09\xf2\xd0\x63\x4f\
\xf4\x72\x47\x21\x69\x8d\x59\x50\x28\x8f\x3d\xf6\xd8\xc6\x3a\xe6\
\x7b\xdf\xfb\xde\xb6\x62\x3d\xf9\xe4\x93\xad\x5b\x35\xc8\x4f\x7e\
\xf2\x93\x6d\xc7\xf9\xf0\xc3\x0f\xb7\xf7\x7e\xed\xd7\x7e\xad\xbd\
\xa6\x30\xf0\x43\x38\x5c\xc3\xdf\x47\x3e\xf2\x91\xd6\x1d\x15\x5d\
\x1d\x7c\x6e\xdc\x8a\x43\x6e\xbf\xf0\x85\x2f\x6c\xcc\x22\x84\x96\
\xc0\x3e\xf7\xb9\xcf\x35\x1f\xfe\xf0\x87\xdb\x6b\x84\xa3\x11\x05\
\x7e\x35\x93\xd0\x3d\xfc\x20\xcb\x30\xf0\xaf\x8e\x5b\xf1\x90\x7e\
\xfc\x12\x1e\xdf\x5c\xe7\x9a\xf2\x49\xe9\x04\x64\xe2\x3a\x9d\xb2\
\x3a\x69\xc9\x28\xbf\xc8\xa3\xdf\xdc\xd3\xba\xea\xe3\x8f\x3f\xde\
\xa6\xf7\xe9\xa7\x9f\xde\x90\x97\x78\x14\x2f\xf9\xa8\x7c\xd3\x8c\
\x4e\xf1\xc7\x65\x31\x85\xab\xfc\x50\xb8\x6f\xbc\xf1\x46\xdb\xa0\
\xb4\x26\xfe\xe9\x4f\x7f\x7a\xa3\xbc\x22\xdc\xc3\xbf\xe4\x96\x0c\
\xf8\x7d\xe9\xa5\x97\xda\x19\xc4\x57\xbe\xf2\x95\x0d\xf7\xc8\xab\
\xa7\x72\x3e\xf4\xa1\x0f\x55\xd7\xe7\x95\xee\xf8\x5f\xf5\x2b\xc7\
\x8b\x5c\x3f\xf8\xc1\x0f\xda\x30\xb9\xae\x7c\xe5\xb7\x64\x7e\xf1\
\xc5\x17\xdb\x19\xc6\x97\xbf\xfc\xe5\x0d\x59\xf9\x8e\x1d\x70\x8e\
\x23\xca\xac\x47\x31\x3f\xfe\xf1\x8f\x6f\xec\x93\xd1\x1e\xd4\x16\
\xc8\xc7\x6f\x7f\xfb\xdb\x1b\xf1\x4a\x76\xfe\x23\x03\x8a\x85\xf8\
\xc9\x5b\xc9\xa4\xf8\x34\xd3\xc6\x8f\xca\x44\xee\xe9\x14\x75\x1d\
\xb9\xf0\x8b\x2c\x72\xaf\x34\x50\xae\x39\x1e\x0d\x8a\x4a\xe9\xca\
\x69\x57\x9d\x23\x8c\x17\x5e\x78\x61\x23\x0c\xb9\xd1\xde\xa2\x66\
\x89\xaa\x17\x6a\xfb\x84\x97\x97\x9c\x72\x1b\x8a\xee\x4a\xe5\x5b\
\xfa\x2f\x39\xa9\x33\xfc\xe7\x43\x5b\x8f\xf9\x83\xcc\x4a\x9f\x94\
\xba\xd2\xac\xba\x88\xdc\x28\x3a\xea\xc6\xa2\xf1\xd6\x2b\xdf\x68\
\x26\xcd\x12\xbb\xd7\xcd\x04\x79\xf8\xc8\xe7\x1b\x73\xff\xa2\x4d\
\x76\x1a\x94\xf6\x90\xf8\x4f\x43\xeb\xbb\x61\x6d\x8c\x19\x8f\xef\
\x5f\xfd\x6a\x33\x69\x7c\x76\x93\x99\x28\x7a\x32\x8a\xd1\xa1\x96\
\xee\x50\x14\xb3\x7a\x29\xd1\x18\x33\x59\xe6\xfe\xc6\xb5\xd9\x79\
\xa0\x20\xe2\xdb\xbc\x2c\xa3\x8c\xf3\x44\x8c\x31\x66\xfe\x58\x49\
\x98\xa9\xa0\x35\x5c\x63\xcc\xf6\xc6\xcb\x4d\xc6\x18\x63\xaa\x58\
\x49\x18\x63\x8c\xa9\x62\x25\x61\x8c\x31\xa6\x8a\x95\x84\x31\xc6\
\x98\x2a\xf7\xb5\x92\xd0\xdb\xba\x91\x79\x1b\x5f\x41\xa6\x69\x18\
\xf6\x99\x05\xe4\xdd\x76\x95\x5d\xe8\x98\x97\x7c\x54\x44\x7c\x43\
\x9c\xfb\xb5\xa3\x33\x22\xc3\xea\xd1\xa8\x47\x9e\xcc\x93\x71\xd2\
\xdf\x97\xd2\xf1\xef\xe3\xb0\xc8\xf9\x59\x4b\x17\x6f\x7c\x2f\x7a\
\x3d\xb8\xaf\x95\x44\x3e\xa3\x06\x78\xab\xb7\xeb\x38\x8b\x69\x83\
\x4c\x3a\x2f\x68\xbb\xc1\xd9\x55\xdb\x55\x76\x90\xad\x01\x1e\xd7\
\x45\xe1\x45\x0b\x87\xd1\x02\xa0\x8e\x1e\x19\xc6\xb0\x63\x1b\x74\
\x94\xc8\x76\x60\x9c\xf4\xf7\x25\x1e\x8e\xb9\x15\x03\x4e\x8b\x9c\
\x9f\xb5\x74\x71\x0a\xc4\xa2\x3f\x1e\x3e\xb7\x63\x39\x28\x50\x1d\
\xff\x00\x64\x22\x47\x2e\xe8\x95\xfd\x5f\xf9\x95\x5f\x69\x47\xd5\
\x14\xba\x5e\xd7\xe7\x3a\xaf\xf9\xc7\x83\xeb\x74\xb8\x1f\x47\x29\
\x70\x8f\x86\xa9\x93\x64\x23\x1a\xfd\xc4\xf0\x74\x20\x1c\x1f\x1d\
\x36\x48\x38\x2f\xbf\xfc\x72\xeb\x46\x67\xf3\x7c\xe9\x4b\x5f\x6a\
\xef\x73\xbc\x44\xed\xd0\xbc\x1c\x3e\xef\x0a\xf0\xca\x3f\xf2\x7c\
\xfd\xeb\x5f\x6f\x65\xe3\x3e\x61\xeb\xc8\x0d\xe0\x3e\xe9\xd6\xf1\
\x05\xc8\x40\x9c\xa5\x78\x64\x00\x28\xa6\x01\xa8\x7c\xc4\xa7\x30\
\x80\x38\x95\x86\x98\x17\x92\x87\x7b\xd9\x9f\xe2\xd4\xb9\x42\x32\
\x36\x14\xcb\x29\x52\x8a\x97\x43\xe5\x14\x4e\x96\x97\xdf\x1c\x7b\
\x40\x67\x4c\x3e\xe0\x8f\x6b\x8a\x5b\xc6\x99\x24\x5f\x9f\xf4\x95\
\xf2\x9e\xe3\x39\x94\xe6\x9c\xbf\x5d\x87\x1e\x52\xe7\x38\x3e\x42\
\x47\xa3\xe8\xa8\x8e\x2f\x7e\xf1\x8b\xed\x51\x1c\xaf\xbc\xf2\x4a\
\xeb\x8e\xbc\x20\xdc\x5a\xfc\x92\x9b\xb4\xf1\x18\xb0\xe4\xa7\x3e\
\x08\xea\x1e\x72\x72\xdc\x08\x87\xee\xe9\x5e\x2d\xac\x4c\xad\xbe\
\x45\x62\xdd\xa3\x5e\x95\xca\x5c\x47\x50\xc4\x7a\x21\x54\x77\x38\
\xd3\x4c\xe9\x47\x1e\xfc\xe9\xd8\x10\x1d\x2b\xa2\xb2\xa6\x7c\xa3\
\xcc\xc8\xf8\xfc\xf3\xcf\x57\xd3\xa3\x03\x2c\xc9\x03\xc9\x23\x23\
\x41\xa3\xd4\x85\xef\x7c\xe7\x3b\xc5\xfc\x54\x5e\xc7\xf2\x92\x5c\
\x3a\xd2\x24\xe6\x65\x3c\x16\xa6\xab\xed\xc4\xbe\x21\x1f\xf3\x53\
\x6a\x57\x3a\x86\x84\x77\x86\x74\x94\x3e\x61\xff\xfa\xaf\xff\x7a\
\xfb\x2d\x19\xd5\x4f\x90\x9e\xd2\xd1\x35\xc3\x98\xc6\xb1\x1c\x73\
\x33\x3a\x84\x21\x91\x6c\x00\x44\xc6\x5d\x0e\x55\x8c\xc9\x60\xf8\
\x43\x86\x51\x84\x0c\xb4\xc8\xf0\x0b\x06\x79\x64\x34\x44\x10\x16\
\x86\x4d\xa2\x91\x19\x90\xe1\x12\xfc\xc8\x28\x50\x34\x4c\x82\xbb\
\x68\x38\x05\x37\x7d\x0c\xac\xf0\x1b\x59\x14\x1e\x46\x54\x64\xac\
\x04\xa3\x41\xd1\x00\x51\xbc\x47\x1e\x0c\x1a\xc9\x46\x3e\x44\x30\
\xd4\x82\x9c\xd1\x5f\xc9\x68\x0e\xdf\xb8\x8d\x69\xc8\x79\x11\xef\
\x29\xaf\x94\xb6\x1c\x5e\xcc\x9b\x48\x49\x76\xfc\x49\x76\x64\x20\
\xad\x31\xef\xb2\x61\x19\xc5\x8d\xe1\x1a\xee\x29\x7d\x84\x19\xf3\
\xa8\x24\x8f\xd2\x80\x5f\x8c\xc5\xc4\xbc\x97\xc1\x1f\xf9\x95\x01\
\x1b\xe4\x91\x61\x9f\x12\x84\x19\xeb\x64\x24\xe6\x63\xcc\x43\xbe\
\x63\xfc\xc4\x1d\x8d\xff\xc8\x80\x93\xf2\x29\xc7\x17\xeb\x53\x0e\
\x6b\x9c\xfa\x16\x91\x51\x23\xbe\x63\x5d\x89\x65\x56\xaa\xf7\xa5\
\x34\x1f\x4a\xc6\x8f\x54\xce\x83\x99\xf7\x26\x99\x63\x7e\x67\xe3\
\x42\xb1\xbe\xd5\xe2\xe9\x32\xe0\x94\xeb\x02\xe9\x88\x75\x3d\xe7\
\xa7\x40\x9e\x58\x87\x73\x1f\x50\xcb\xf3\x61\x6d\x87\x3e\xac\x94\
\x9e\x58\xb7\x63\xbb\x52\x5f\x15\xf3\x41\x86\x9f\xc8\xa7\xe8\x8f\
\xba\x5a\xab\x8b\x5d\xec\x28\xa3\x43\x4c\x57\xe3\xd4\x90\xdf\x9c\
\xc0\x39\x8a\x31\x99\x8c\xdc\xe6\xc3\xc6\xa4\xe5\xd1\xe6\xdc\xc3\
\x8e\x85\xd0\x09\xa2\x35\x5b\xd1\x8c\x04\xe3\x01\x5f\x25\x7b\x05\
\x8c\x8c\xa3\x81\x95\x6c\xdc\x48\x07\xf6\x01\xa3\x32\xd9\x94\x20\
\x5e\x1d\x3a\xa8\xb8\xb2\x9d\x0a\xd0\x12\x94\xee\x29\x0d\x3a\x31\
\x37\x1b\xb2\x89\xcb\x24\x5d\xc4\xa5\x36\xd2\xaf\x63\x9c\xe3\x51\
\xe7\xca\xcf\xbc\x74\x52\x92\x3d\xce\x44\x90\x97\xb4\x2a\x4f\xf2\
\x29\xa2\x3a\x5c\x10\x74\x64\x87\xd2\x47\x38\x83\xfa\xbe\x61\xbb\
\x23\xcb\xa3\x78\x74\xec\xb8\x0e\x88\x53\xde\x47\xb3\x96\x71\x3a\
\x2f\x73\xa0\xb5\x35\x60\xe4\xc0\x06\x03\x4b\x2b\x5d\x26\x60\x23\
\xe4\x57\x8c\x3f\xda\x48\x01\xc2\xd1\x29\xbd\x5d\xa8\x2c\x63\x58\
\x94\x49\x69\x1d\x7b\x58\x7d\x8b\xc8\x18\x12\x6e\xc9\x8f\x92\xe1\
\x9c\xad\x2c\xd1\x50\xce\x51\x66\xda\xb5\x0c\x5a\x65\xe3\x42\xe4\
\x7f\xed\x24\xe6\x92\xcc\xf2\x27\x03\x4e\xb9\xae\x73\xbd\x4f\x5d\
\x97\x6c\x4a\xa7\xea\xf8\x28\x79\x5e\x82\xb4\x2e\x17\x8e\x0a\x8f\
\xe5\xaf\x76\x05\x32\x87\xca\xb5\x92\xbf\xd8\x77\x91\x57\x7d\x6c\
\x9b\xcf\x82\xb9\xbd\x71\x1d\x8d\x90\x90\x31\x2c\x53\xc8\x50\xce\
\xb8\xc6\x64\x96\x2b\x67\xbb\x53\x48\x28\x20\x6d\x24\xca\x12\x1e\
\x50\x21\x28\x8c\xda\xb4\x3e\x1b\xa7\xc9\x68\x79\x28\xfb\xc9\xa7\
\x58\x46\x38\xcf\x48\x7e\x6b\x0a\x2d\x52\xb2\x0d\x21\x7f\x2c\x07\
\x8d\x9b\x5f\xb2\xd6\x47\x63\xd6\x31\xd5\x84\xa7\xa3\x93\x45\xc9\
\xb8\x4a\x49\x76\xc9\xd1\x65\xa0\x47\x74\xe5\x0f\xe8\xcc\x27\x3e\
\x39\x7d\xe4\x85\x3a\xfb\x52\xb8\x32\xac\x83\x32\xce\xc7\x79\x0f\
\x33\xac\xa4\x23\xe3\x57\xd7\x6d\x60\xe7\x4e\x3f\x32\x2c\x9d\xc8\
\x98\x4f\x3a\xae\x51\x4b\x4b\xc9\xde\xc1\xb0\xfa\x96\xef\x75\xc5\
\xc1\x7f\xca\x7c\x1c\x63\x44\x50\xf3\xb7\x1a\xec\x88\x47\xb2\x11\
\xa9\x12\xb5\x76\xbc\x95\xba\xae\x01\xa8\x4e\xc5\x95\xa5\xc8\x3e\
\x79\x5e\xa3\x96\xe7\x28\x81\xdc\xae\xa4\x90\xf8\x5d\x4b\x5f\xed\
\xfa\xbc\x99\xeb\xc6\x35\x05\x27\x43\x2b\x1a\x4d\x76\x19\x93\x29\
\x59\x90\xeb\x33\xda\x93\x09\x52\x99\x3b\x8d\x4f\x66\x30\x22\x43\
\x79\x8c\xbb\x59\x56\x93\xa9\x4f\x78\x3a\xb6\x38\x92\x2d\xd7\x41\
\xcd\x50\x0b\x7e\x69\x24\xa5\xfc\x12\xd9\xea\x5a\x7e\x92\x84\xf5\
\x58\x35\x18\x46\xa8\x34\xfa\x43\xeb\x16\xf2\xba\x8c\xab\x94\x66\
\x17\x92\x51\x9d\x78\x64\xdc\xb3\xf7\xb5\x77\x14\xd1\x4c\xb0\x24\
\x03\xe9\xa0\x33\x01\x8e\x4d\xa7\x51\xc6\xb4\xf0\x34\x49\xad\x71\
\x53\x2f\xa2\x95\x3f\x1d\x15\x5d\xa3\x54\x7e\x1a\xf1\x02\xf9\x40\
\xf9\xf4\x19\x99\xd6\xea\x51\x29\xdf\xb7\x52\xdf\x72\x7a\x38\x99\
\x17\x19\x4b\x9d\xe3\x56\xec\x25\x68\x9d\x3e\xe6\x3d\x83\xb3\x61\
\x33\xaa\x2e\x4a\x75\xbd\x8f\x11\x25\xa0\x2c\x55\x36\xf1\x78\xfb\
\x52\x5e\xea\x7e\x57\xdb\xe9\xa2\xd4\xae\x40\xfb\x11\x7d\x56\x45\
\x16\x89\xb9\x2a\x09\x55\x18\x66\x11\xcb\xe1\xac\xf9\x9a\x31\x19\
\x15\x1e\xd7\x46\x31\xfc\x81\x5b\x96\x10\xa2\x0d\x6d\x41\xa7\x48\
\x05\xe6\xfe\xb8\x8a\x82\x8e\x08\xff\x35\xe3\x2e\x5d\xfe\xb4\xe1\
\x47\xdc\xf8\x2b\x55\xfa\x9a\xc1\x1b\x28\x19\xe6\x89\x79\xc2\xfd\
\x68\xfc\x25\x3e\xa2\x2a\xc3\x32\xea\x64\xb4\xa4\xa6\xf0\x62\x1e\
\xe7\x8e\x15\xd9\xb5\xb9\x2d\x77\xea\x9c\x25\x2f\xe9\xc9\xf2\x8e\
\x0a\xe5\x8e\xcc\xd9\xf0\x50\xbc\x1f\xd3\x47\x9c\x1a\xdd\x2a\x7f\
\x95\x46\xee\x69\x56\xc4\x6c\x21\x77\x8a\x2c\x71\xc5\xb0\x34\xcb\
\x05\x8d\x04\x73\x1d\xc9\x46\x8a\xf0\x1f\xcb\x5e\xcb\x5f\xa5\x47\
\x46\xc9\x27\x46\xb5\xea\xb8\x08\x2b\xc6\x4f\x9d\x2a\x19\xfb\xd9\
\x4a\x7d\x8b\x65\x86\x3f\x3d\x24\xa1\x81\x48\x2c\xcf\xbc\x19\x5b\
\x4a\x7f\x8d\x51\x8c\x34\xd1\x19\x67\xb3\xae\x25\x4a\x75\x3d\xb6\
\xe7\x98\x9f\x25\xe8\x5b\xb2\xa1\xa6\x9c\xe7\x5a\x0e\x52\x7c\xb5\
\xb6\xd3\x45\xa9\x5d\x09\x94\x87\x8c\x17\x6d\x17\xe6\x6e\x4f\x82\
\x4a\xab\xe3\xa5\x23\x14\x08\x1d\x26\xa3\x87\x3c\x5d\x27\x93\xa3\
\xfd\x63\x29\x1b\x4d\xef\x4b\x48\x83\x2b\x2e\x2d\x6d\x69\x2d\x52\
\x05\xaa\xf5\x4f\x35\x9a\xf8\xe4\x82\x1e\x63\x2b\x8d\x86\xf4\x54\
\x95\xc2\xd7\xfa\x69\xc9\xcf\x4a\x30\x7c\xaf\xc6\xa7\xf4\x68\xe9\
\xa0\xd4\xe8\x95\x27\x31\x0d\xa5\x3c\x89\x69\x50\x7c\x32\xa2\x83\
\xbf\x98\xce\x18\x77\xcc\x3b\x85\x57\xca\xff\x98\xa7\xd1\xbf\x64\
\xd6\xb7\xe4\xa5\xd3\x46\xf9\xf0\x5f\x26\x69\x73\x1a\x75\x2f\xe6\
\x51\xcc\xfb\x51\xd2\xa7\xce\xa4\x24\xa3\xd2\x48\x78\xa5\x03\x08\
\x73\x58\xf1\xa9\x1a\xc9\xa4\xfa\x52\x8b\x5f\x7e\x62\x9a\xf8\x7d\
\x28\x18\xce\x8a\xe9\x06\xb9\xcb\xf5\xa8\x36\xeb\xa9\xd5\xb7\x48\
\xa9\xee\xc9\xd2\x63\xa9\xcc\x63\x5e\xd1\x79\xca\x30\x58\xbc\x17\
\xdd\x6b\x9d\x3f\x87\xa1\x7b\x5d\x79\x13\x51\xd8\xda\x7f\xc8\xed\
\x78\x94\xba\x90\xf3\x33\xe7\x19\x8a\x31\xaf\xf5\x77\xe5\x79\xad\
\xed\xe4\x74\x97\xd2\x13\xf3\x58\xfb\x67\xfa\xad\xf2\x52\x38\x39\
\xdf\x14\x77\x2d\x8e\x1a\xd3\xb0\x27\x31\x77\x25\xc1\xf4\x7f\x51\
\x36\x68\xcc\xf6\x83\x41\x46\xee\xcc\x19\xc9\xb9\x4e\x99\x0c\xca\
\x85\x55\x8b\x49\xbe\xe3\xb1\x68\x4c\x43\x49\xcc\xf5\xa8\xf0\x38\
\x9d\x37\x66\x1c\x18\xa9\xb1\x84\xc0\xac\x80\xe5\x22\x66\x8b\xb5\
\x27\xd5\xcc\xfd\x0d\x75\xc3\x83\x87\xd1\x99\xeb\x4c\x42\x9b\x44\
\xb5\x29\xb5\x31\x7d\xa0\x1e\xe9\x69\x27\x1b\x38\x32\x25\xf4\xa4\
\xdc\x4e\x1f\x94\xee\xb8\x99\x84\x67\x11\x66\x12\x2c\xaf\xbf\x35\
\x6f\x4c\x0d\x0f\x46\xc7\xc7\xa7\xc0\x1a\x63\x8c\xa9\x62\x25\x61\
\x8c\x31\xa6\x8a\x95\x84\x31\xc6\x98\x2a\x56\x12\xc6\x18\x63\xaa\
\xec\x68\x25\x31\xca\x1b\xd4\xd3\x30\x34\xb4\x9d\x8c\xca\x18\x63\
\x4c\x89\x1d\xad\x24\xf2\xe1\x62\x5d\x6c\xe5\x9c\x9a\x1a\xd1\x50\
\x8b\x31\xc6\x6c\x47\xe6\xaa\x24\x64\x58\x84\xce\x5c\x27\x6f\x0a\
\x3a\x6d\xae\xf3\x91\x49\x4f\xdd\x67\xd4\xaf\x73\x56\x6a\x47\x3a\
\xf3\x76\xa5\xde\xbe\xd5\x39\x29\x5d\xf1\x45\x62\xd8\xf1\x8c\x15\
\xc2\x94\x5c\x52\x2a\x5c\x8b\xe1\xe9\x8c\x22\x1d\x4b\xad\x73\x5c\
\x80\xfb\x5c\xcf\xe1\x1a\x63\xcc\xa2\x32\x57\x25\xc1\x48\x9b\x37\
\x66\x75\xd2\xa8\x46\xfe\xea\xdc\x75\x82\x27\x87\xb2\xc5\x93\x5a\
\x65\x83\x98\x7b\x1c\xd6\x45\x38\x79\x69\x47\x67\xe5\xeb\xf4\xc9\
\x1c\x1f\xf7\x89\x23\xfb\x43\x19\x11\x3e\x07\xab\xe1\x8e\x53\x59\
\x75\x38\x1b\x67\xb8\xe8\x4c\x7e\xc2\xd6\xe1\x65\xb8\xa5\xf3\xc7\
\xaf\xce\x8e\xe1\x74\x59\xce\x78\x21\x0c\x9d\xcd\x22\x65\xa2\x34\
\x8d\x32\xd3\x31\xc6\x98\x79\x30\x37\x25\x91\x8d\x0b\xf1\x4d\xe7\
\x4b\xa7\xcd\xc9\x99\xd1\x58\x07\x1d\x6b\x3e\x47\x5e\x86\x56\xe8\
\xac\x75\x68\x5c\x17\x3a\x02\x24\x1a\x2c\x21\xdc\x3c\xa2\xd7\xd1\
\xe5\x7a\xf1\x86\xdf\xd1\x48\x91\xce\x83\xe7\x3e\x61\x46\xe3\x2f\
\x5d\xb3\x93\xa8\x5c\x94\xa6\xd5\x82\x8d\x6d\x63\x8c\x59\x24\xe6\
\xf6\xc6\x75\xc9\xb8\x90\x3a\x70\x4e\x4f\xcc\x6f\xd0\x46\x0b\x54\
\xe3\xbc\x39\xb9\xba\x6e\x53\x22\xc2\x11\xc5\x25\x7b\x04\xf9\x58\
\x6b\x19\x09\xca\x71\x97\x3a\xf8\xda\x79\xf9\x3a\x2e\x3a\x2a\xa5\
\x61\x06\x70\x8c\x31\x66\xde\xcc\x4d\x49\xb0\xec\x23\xc3\xe0\x82\
\x65\x1e\x99\xa7\xcc\xc7\x05\x63\x1c\xa5\x8f\x55\xab\x1a\x28\x1d\
\x66\x2f\xf1\x04\xc8\x92\xe2\x40\x71\xc5\x11\x3f\xd4\xf6\x0f\x64\
\xa8\x25\x1e\x25\x5e\x9b\xd1\x10\x5e\xe9\x38\x6e\x1f\x15\x60\x8c\
\x59\x64\xe6\xb6\xdc\x24\xd3\xa5\x25\xe3\x36\x32\x16\xa3\xcd\x6a\
\xf6\x23\xa2\xa1\x99\xbe\xd0\x31\x33\x7a\x97\xc2\x61\x1f\x40\xff\
\xe9\xa0\xf9\xcd\xb9\xf9\x11\x96\x97\xa2\xd1\x90\xae\x47\x63\x91\
\x53\x6e\x65\xfc\xa5\x66\xa8\xa5\x64\x00\x47\x4b\x53\xd1\x22\x9a\
\x31\xc6\x2c\x12\x73\xb7\x27\x51\x33\x6e\x43\x07\x2a\xa3\xe9\x9a\
\x41\x68\xed\x3f\x1b\xa8\x29\x19\xb1\x51\x18\xba\xa7\x11\x7c\x34\
\x84\x13\x4f\x0c\x8d\x61\x2a\x6e\x3a\xee\x38\xfa\xcf\xc6\x4f\xe4\
\x36\x1a\x33\x8a\x33\xa0\x68\xa8\x45\x86\x6a\x6a\x06\x70\x7c\x7a\
\xa9\x31\x66\xab\xec\x48\xa3\x43\xc6\x18\x63\x26\xc3\x34\x94\x84\
\x8f\xe5\x30\xc6\x18\x53\xc5\x4a\xc2\x18\x63\x4c\x15\x2b\x09\x63\
\x8c\x31\x55\xac\x24\x8c\x31\xc6\x54\xb1\x92\x30\xc6\x18\x53\xc5\
\x4a\xc2\x18\x63\x4c\x15\x2b\x09\x63\x8c\x31\x55\xac\x24\x8c\x31\
\xc6\x54\xb1\x92\x30\xc6\x18\x53\xc5\x4a\xc2\x18\x63\x4c\x15\x2b\
\x09\x63\x8c\x31\x55\xac\x24\x8c\x31\xc6\x54\xb1\x92\x30\xc6\x18\
\x53\xc5\x4a\xc2\x18\x63\x4c\x95\x89\x2b\x89\xb5\x37\xdf\x68\x8c\
\x31\xc6\xcc\x96\x69\xf5\xbd\x13\x57\x12\x6f\xbf\xf6\xcd\xc6\x18\
\x63\xcc\x6c\x79\xe7\x4f\xbe\xd5\x4c\x83\x89\x2b\x89\xb7\xbe\x75\
\xcb\xb3\x09\x63\x8c\x99\x21\xf4\xb9\x6f\xbe\xf2\x52\x33\x0d\x26\
\xbf\xdc\xf4\xfa\xf7\x9a\x37\xfe\xe3\x6f\x0d\xbe\xff\xac\x31\xc6\
\x18\x33\x5d\xa6\xdd\xe7\xee\x6a\xa6\xc0\xda\xbd\xef\xb6\x42\x3f\
\xf0\xc1\x8f\x36\x0f\x7e\xe0\xa3\x8d\x31\xc6\x98\xc9\xf3\xf6\xf7\
\xfe\xb4\x79\xe7\xb5\x97\xa7\xba\x7a\x33\x15\x25\x01\x68\xb7\xb7\
\x5f\xfb\x9e\xf7\x28\x8c\x31\x66\x1b\xe3\x47\x60\x8d\x31\xc6\x54\
\xb1\x92\x30\xc6\x18\x53\xc5\x4a\xc2\x18\x63\x4c\x15\x2b\x09\x63\
\x8c\x31\x55\xac\x24\x8c\x31\xc6\x54\xb1\x92\x30\xc6\x18\x53\xc5\
\x4a\xc2\x18\x63\x4c\x15\x2b\x09\x63\x8c\x31\x55\xac\x24\x8c\x31\
\xc6\x54\xb1\x92\x30\xc6\x18\x53\xc5\x4a\xc2\x18\x63\x4c\x15\x2b\
\x09\x63\x8c\x31\x55\xac\x24\x8c\x31\xc6\x54\xb1\x92\x30\xc6\x18\
\x53\xc5\x4a\xc2\x18\x63\x4c\x15\x2b\x09\x63\x8c\x31\x55\xac\x24\
\x8c\x31\xc6\x54\xb1\x92\x30\xc6\x18\x53\xc5\x4a\xc2\x18\x63\x4c\
\x15\x2b\x09\x63\x8c\x31\x55\xac\x24\x8c\x31\xc6\x54\xb1\x92\x30\
\xc6\x18\x53\xc5\x4a\xc2\x18\x63\x4c\x15\x2b\x09\x63\x8c\x31\x55\
\xac\x24\x8c\x31\xc6\x54\xb1\x92\x30\xc6\x18\x53\x65\x57\x33\x45\
\x1e\xf8\xc0\x47\x9b\x87\x1e\x7b\xa2\x59\xda\xfd\xc1\x66\xe9\xa1\
\xf7\x34\xc6\x18\x63\x26\xcb\x3b\xdf\xfd\xe3\xe6\xad\xd7\xbe\xd9\
\xbc\xfd\x47\xdf\x6c\xa6\xc1\xd4\x94\x04\xca\x61\xd7\xc7\x3f\xd1\
\x18\x63\x8c\x99\x1e\x0f\x7c\xf0\xa3\xcd\x8f\x0d\x3e\x6f\xbd\xef\
\xfd\xcd\x9b\xaf\xbc\xd4\x4c\x9a\xa9\x2c\x37\x3d\xf8\x93\x8f\x5b\
\x41\x18\x63\xcc\x0c\xd9\xf5\xd8\x27\xda\xd5\x9b\x49\x33\x15\x25\
\xb1\xeb\x63\x8f\x37\xc6\x18\x63\x66\x0b\x2b\x38\x93\x66\x2a\x4a\
\x82\xe9\x8f\x31\xc6\x98\xd9\xc2\xfe\xef\xa4\xf1\xd3\x4d\xc6\x18\
\xb3\x43\x98\xc6\x03\x42\x56\x12\xc6\x18\x63\xaa\x58\x49\x18\x63\
\x8c\xa9\x62\x25\x61\x8c\x31\xa6\x8a\x95\x84\x31\xc6\x98\x2a\x56\
\x12\xc6\x18\x63\xaa\x58\x49\x18\x63\x8c\xa9\x62\x25\x61\x8c\x31\
\xa6\x8a\x95\x84\x31\xc6\x98\x2a\x56\x12\x66\xdb\x72\xfe\xfc\xf9\
\xe6\xd9\x67\x9f\x6d\x56\x57\x57\x9b\x79\x72\xe5\xca\x95\xe6\xf8\
\xf1\xe3\xbd\xe4\xc0\x0d\x6e\x2f\x5d\xba\xd4\x18\xb3\x1d\x98\xea\
\x51\xe1\xc6\xd0\x81\xde\xbd\x7b\xb7\xd9\xbf\x7f\x7f\xfb\x29\x71\
\xf1\xe2\xc5\xf6\xbb\xcb\x4d\x86\x30\x51\x10\xf0\xc8\x23\x8f\x34\
\xa7\x4e\x9d\xea\xe5\x6f\x65\x65\xa5\xfd\x3e\x74\xe8\x50\x33\x29\
\x4e\x9e\x3c\xb9\xa1\x20\x2e\x5c\xb8\xd0\xe9\x16\xe5\x40\x7a\xf9\
\x1c\x3b\x76\xac\x31\x66\xd1\xb1\x92\x30\x53\x45\x1d\x28\x9d\xff\
\x8d\x1b\x37\xde\x75\x9f\x4e\x9b\x91\x35\x9c\x3e\x7d\xba\xb7\x92\
\xd8\xb3\x67\xcf\xc6\x2c\xa2\x6f\x67\x8b\xdb\xc3\x87\x0f\xb7\xbf\
\xd7\xd6\xd6\x9a\x49\x41\xfc\xb7\x6e\xdd\x6a\x4e\x9c\x38\xd1\xcb\
\x2d\x69\x3e\x72\xe4\x48\x63\xcc\x76\xc0\x4a\xc2\xcc\x84\x9b\x37\
\x6f\xb6\x9d\x63\x1e\xc1\x6b\x16\x51\x82\xd9\x02\xfe\xf8\x46\x29\
\x64\xbf\x74\xb8\xba\x97\xfd\xa0\x10\x96\x97\x97\x37\xf9\xd1\x2c\
\x42\xbf\xf1\x87\x52\x52\x1c\xb8\xe7\x93\xdd\xe3\x06\xb7\xd1\x9d\
\xfe\x13\xfe\xd1\xa3\x47\xdb\x6f\xc9\x11\xe3\x89\xc8\x4d\x9e\xf5\
\xc4\xd9\x8d\x64\x2f\xa5\x57\xe9\x2b\xc9\x25\xff\xc6\x4c\x1a\x2b\
\x09\x33\x33\xce\x9c\x39\xb3\xa9\x23\xa3\x33\xac\xad\xcd\x73\x9d\
\x99\x02\x9d\xa2\xa0\x73\xbe\x76\xed\xda\x46\x47\xfe\xd4\x53\x4f\
\xb5\x61\x70\x4d\x1d\x2c\x33\x85\xe8\x87\xeb\x97\x2f\x5f\x6e\xaf\
\x69\xc6\x02\xb8\xe3\x1e\x7e\x99\xed\xd0\xf1\xa2\xb0\xa2\x92\xd0\
\xac\xe3\xf6\xed\xdb\x6d\x67\x2c\x77\xc8\x85\x5b\xae\x71\x2f\xfb\
\x97\xbf\x0c\xb3\x17\xc9\x88\x3b\xfc\xc6\xd9\xcd\x33\xcf\x3c\xb3\
\x49\x69\xf2\xff\xec\xd9\xb3\x1b\xca\xa7\x94\x27\x28\x28\x96\xf4\
\x14\x9e\x31\x93\xc6\x1b\xd7\x66\x26\xd0\xd1\xd1\x91\xc6\xcd\x5d\
\x96\x97\x74\x2f\x82\x3b\x3a\x48\x3a\x43\x3a\x41\xdc\xd1\x09\xaa\
\x43\x8d\x9d\x64\x04\x25\xc0\x3d\x96\x7d\xd8\x1b\x60\xa4\x4d\x58\
\x6c\x70\x6b\x79\x2a\xc6\x4d\x1c\xe3\x70\xee\xdc\xb9\xf6\x3b\x2a\
\x94\x08\x61\xeb\x23\xa5\x58\x73\x1b\x41\x56\xfc\x68\xf9\x0c\x85\
\x81\xec\x40\xda\x95\x27\x84\x89\x3b\x29\x08\x63\xa6\x89\x95\x84\
\x99\x09\x5a\xaf\x8f\x33\x87\xeb\xd7\xaf\xb7\x9d\x27\x9d\x5d\x84\
\x19\x07\xd0\xa9\x33\x0b\x60\x79\x86\xfd\x0c\x3a\xfa\xae\xd9\x87\
\x94\xc7\x81\x03\x07\xda\x0e\x15\xbf\x28\x8b\x83\x07\x0f\xb6\x7e\
\xe3\x9e\x01\x61\x8e\xbb\x71\x8c\xbc\x8c\xda\x99\x85\x94\x20\x6c\
\x85\xaf\xa5\x20\x66\x04\xc3\x50\x5a\x51\x0e\x52\xa0\xf2\x2f\x65\
\xa1\xd9\x14\xee\x70\x1f\x15\x9f\x31\xd3\xc0\x4a\xc2\xcc\x04\xad\
\xc7\x33\x0a\xa7\x33\xa7\x23\xd4\xe8\x38\xa3\x8e\x31\x6e\xee\xe2\
\x57\x6e\x75\x3f\x23\x25\x80\xbb\xbd\x7b\xf7\xb6\xca\x26\xef\x4b\
\x4c\x02\x94\x44\x9e\xfd\x94\xd0\xac\x87\x0e\x3d\x2b\xc2\x12\x71\
\xd3\x5e\xbf\x95\x56\x7d\x67\xa5\xe0\x0d\x70\x33\x6d\xac\x24\xcc\
\xcc\xd0\x7a\x3a\x33\x01\x8d\x8c\x4b\xa3\x79\x75\xc0\x79\x59\xe9\
\xce\x9d\x3b\x9b\xee\x97\xc2\x67\x84\x8f\xb2\xc0\x0d\x8a\x88\x8e\
\x5a\x71\xcd\x92\xf8\x54\x97\x66\x05\xa3\xb0\x7b\xf7\xee\xce\xff\
\xc6\xcc\x0a\x2b\x09\x33\x33\xd4\x79\xd3\x69\x32\x32\x66\xc4\x5f\
\x5a\xab\xd7\x35\x96\xa3\x04\x1d\xae\xfe\x97\x1e\x93\x45\xa1\x30\
\x73\x40\x01\x11\x3e\xcb\x53\x5a\xaf\xaf\x3d\x6d\x24\xd4\x01\x47\
\x77\xb5\xd9\x4a\x1f\x50\x4e\xcc\x98\x48\x07\x4b\x42\x93\x80\x25\
\x34\xd0\x4c\x2c\xc6\x65\xcc\x34\xf1\xd3\x4d\x66\x66\xa0\x20\xd8\
\x1f\xb8\x7a\xf5\x6a\xfb\xbf\xb6\x27\xc0\xf2\x0c\x1d\x36\x1d\x22\
\x9d\x35\x9d\xad\x5e\xca\xe3\x77\x6d\xf6\x81\x1b\xdc\xf3\x61\x19\
\x46\x33\x08\xcd\x3c\xe2\x0c\x84\x27\xa3\x58\x86\x42\x71\xb1\x14\
\x84\x4c\x74\xb8\x7a\xa4\x76\x2b\x1b\xc2\xda\x53\x21\x1c\xfd\x86\
\x3e\xfb\x12\x35\x90\x93\xfc\x40\x59\xa2\x30\x90\x9d\xdf\xc3\x14\
\xa0\x31\x5b\xc5\x33\x09\x33\x53\xb4\xa6\xde\xb5\x57\xa0\xc7\x56\
\x71\xa3\x47\x4b\xf5\x54\x4f\xe9\x85\x3c\x81\x1f\x66\x19\x3a\x26\
\x43\xef\x31\xe8\xbd\x04\xbd\xa3\x20\x25\x20\x45\xc0\x8c\x46\x6e\
\xb8\x46\x7c\x7d\x5e\x8c\xab\xa1\x27\xb8\x88\x5f\x6f\x57\x2b\x0d\
\xe3\x82\xcc\x7a\xfc\x97\xf0\x09\x8f\xf0\xb7\xa2\x78\x8c\xe9\xc3\
\xd2\xeb\x57\x9e\x9b\xdc\xab\xa7\xeb\x3c\x7c\xe4\xf3\x8d\x31\xa0\
\x0e\x93\x4e\x4e\x23\x79\xbd\x2c\x16\xf7\x1e\x34\x82\xcf\xfb\x0d\
\x7a\x81\x4d\x2f\x8e\x0d\x0b\x5b\xd7\xf5\x32\x5d\xed\xd1\x53\xf9\
\x8d\xf7\x89\x47\xfe\xf4\x24\x55\x74\x53\x93\x33\x5f\xaf\x9d\xe1\
\xa4\x70\x72\xb8\x25\x59\xba\xae\x6b\x29\x8c\xeb\xf9\xbd\x0b\x63\
\xbe\x7f\xf5\xab\xcd\x24\xb1\x92\x30\x66\x1b\x80\x32\x60\x89\x4c\
\x33\x0a\x29\x29\x96\xb3\xf4\x3e\x46\xed\x91\x5c\x73\x7f\x31\x69\
\x25\xe1\x3d\x09\x63\xb6\x01\x9a\x4d\xa0\x2c\xd8\x93\x60\x66\x15\
\x8f\xe8\xd8\xca\xf2\x98\x31\x5d\x58\x49\x18\xb3\x0d\xd0\x0c\x82\
\x3d\x1d\x36\xd9\xe3\x52\x1b\xfb\x12\x7d\xde\xc3\x30\x66\x1c\xac\
\x24\x8c\xd9\x26\xc4\xa7\xbc\xb4\xaf\xd3\xe7\xb8\x0f\x63\xb6\x82\
\x95\x84\x31\xdb\x0c\x9d\x5e\x6b\xcc\x2c\xf0\x23\xb0\xc6\x18\x63\
\xaa\x58\x49\x18\x63\x8c\xa9\x62\x25\x61\x8c\x31\xa6\x8a\x95\x84\
\x31\xc6\x98\x2a\x56\x12\xc6\x18\x63\xaa\x4c\x45\x49\xac\xbd\xf9\
\x46\x63\x8c\x31\x66\xb6\x4c\xa3\xef\x9d\x8e\x92\xb8\xf7\xdd\xc6\
\x18\x63\xcc\x6c\x79\xe7\x4f\xbe\xd5\x4c\x9a\xa9\x28\x89\x3f\xff\
\x83\xdf\xf5\x6c\xc2\x18\x63\x66\xcc\x9b\xaf\xbc\xd4\x4c\x9a\xa9\
\xcd\x24\xde\xbc\xf1\xef\x9b\xb5\xd7\xff\xac\x31\xc6\x18\x33\x5d\
\x18\x94\xff\xf9\x94\xfa\xdc\xa9\xbd\x71\xfd\xf6\x60\xda\xf3\xce\
\x40\x59\x3c\xf0\x91\xbd\xcd\x83\x1f\xf8\x89\x66\xe9\xa1\xf7\x34\
\xc6\x18\x63\x26\x07\xca\xe1\x9d\xef\xfd\x69\xf3\xf6\x1f\xde\x9a\
\xda\xea\xcd\x54\x8f\xe5\x58\x7b\xfd\x7b\xad\xf0\x7c\x8c\x31\xc6\
\x6c\x3f\xfc\x08\xac\x31\xc6\x98\x2a\x56\x12\xc6\x18\x63\xaa\x58\
\x49\x18\x63\x8c\xa9\x62\x25\x61\x8c\x31\xa6\x8a\x95\x84\x31\xc6\
\x98\x2a\x56\x12\xc6\x18\x63\xaa\x4c\xf5\x11\x58\xde\x8d\x58\x7a\
\xff\x07\x1b\x63\x8c\x31\x93\x67\xed\x7b\xdf\x9d\xfa\xe9\x16\x53\
\x51\x12\x28\x87\x5d\x1f\x7f\xa2\xd9\xf5\x57\xf6\x35\xc6\x18\x63\
\xa6\xc7\xdb\xaf\x7d\xb3\x79\xf3\x0f\xfe\xc3\xf6\x7a\x99\xee\x3d\
\x7f\xe3\xe7\x9a\xa5\xdd\x9e\x41\x18\x63\xcc\xb4\x79\xf0\x63\x8f\
\x37\x0f\xec\xfe\xf1\xe6\x8d\xff\xf8\x5b\xdb\xe3\x14\xd8\x5d\x3f\
\xb5\xcf\x0a\xc2\x18\x63\x66\x08\x7d\xee\x83\x3f\x35\x9d\x95\x9b\
\xc9\x2b\x89\x81\x56\x33\xc6\x18\x33\x5b\xa6\xd5\xf7\x4e\x5c\x49\
\x2c\x0d\xa6\x3d\xc6\x18\x63\x66\xcb\xd2\xfb\xde\xdf\x4c\x03\x3f\
\x02\x6b\x8c\x31\xa6\x8a\x95\x84\x31\xc6\x98\x2a\x56\x12\xc6\x18\
\x63\xaa\x58\x49\x18\x63\x8c\xa9\x62\x25\x61\x8c\x31\xa6\x8a\x95\
\x84\x31\xc6\x98\x2a\x56\x12\xc6\x18\x63\xaa\x58\x49\x18\x63\x8c\
\xa9\x62\x25\x61\x8c\x31\xa6\x8a\x95\x84\x31\xc6\x98\x2a\x56\x12\
\xc6\x18\x63\xaa\x58\x49\x18\x63\x8c\xa9\x62\x25\x61\x8c\x31\xa6\
\x8a\x95\x84\x31\xc6\x98\x2a\x56\x12\xc6\x18\x63\xaa\x58\x49\x18\
\x63\x8c\xa9\x62\x25\x61\x8c\x31\xa6\x8a\x95\x84\x31\xc6\x98\x2a\
\x56\x12\xc6\x18\x63\xaa\xec\x08\x25\xb1\xba\xba\xda\x9c\x39\x73\
\xa6\xfd\xde\xe9\xdc\xbd\x7b\xf7\x5d\xe9\xbc\x72\xe5\x4a\x73\xfe\
\xfc\xf9\x77\xb9\xbd\x79\xf3\x66\xf3\xc8\x23\x8f\x34\x97\x2e\x5d\
\x6a\x16\x09\xe4\x47\xe6\x45\xe6\xd9\x67\x9f\x6d\xa6\xc5\x34\xc3\
\xee\x0b\x65\x30\x4e\xbd\xc0\xdf\xca\xca\x4a\xf5\xfe\x38\x61\x5e\
\xbc\x78\xb1\x39\x79\xf2\x64\xb3\x9d\x29\xe5\x0b\x6d\xf5\xf4\xe9\
\xd3\xcd\x76\x67\x6e\x4a\x82\x0c\x5d\x5a\x5a\xda\x94\xb1\x54\x16\
\xae\x8d\xda\xd9\xe3\x9e\xc2\x18\x47\x49\xe0\x87\x38\x51\x32\x7d\
\xa1\xf0\xe9\x7c\x0f\x1f\x3e\xbc\x71\x8d\x4a\x3e\x8e\xec\xa3\x40\
\x7c\xc4\xbb\x77\xef\xde\xf6\x83\x12\x80\xab\x57\xaf\x36\xe7\xce\
\x9d\x2b\xfa\x59\x5e\x5e\x6e\x76\xef\xde\xdd\x6c\x05\xd2\x44\x7c\
\xa4\x7b\x12\x10\x1e\x32\x2f\x32\xa4\xb7\x0b\xca\x5b\xf9\x3f\x0a\
\xe4\xe1\xb0\xb0\x67\x0d\x65\xd1\x57\x69\x53\x76\xd7\xaf\x5f\xaf\
\xde\xbf\x70\xe1\x42\x33\x0a\xb4\x7f\xc2\x3b\x75\xea\x54\xb3\x9d\
\xa9\xe5\x0b\xed\x75\xbb\xb3\xb0\x33\x09\x14\x46\x54\x20\x14\x02\
\xd7\xd4\x09\x73\x8f\x8e\x3d\x8f\x5c\xa2\x3b\x46\xd7\xea\xd8\xa2\
\x7b\xb9\xe1\x9e\xe2\xa0\xc1\xc7\x86\xc2\x6f\xb9\xcf\x9d\xe3\x9e\
\x3d\x7b\xda\xd1\x20\x7e\x09\x4b\x23\xe3\x67\x9e\x79\xa6\xed\x94\
\x25\x07\xf1\x13\x46\xec\x4c\x70\x17\xe3\xe1\x9e\x64\xc9\xb2\x97\
\xf2\xe3\xec\xd9\xb3\xcd\x8d\x1b\x37\x5a\xf7\xc7\x8f\x1f\x6f\x32\
\x0a\x03\xb7\xc8\x79\xe2\xc4\x89\x66\xff\xfe\xfd\xad\x7b\xae\x13\
\x9f\xe4\x8a\x0a\x8d\xff\xb5\x8e\x82\xb0\x08\x23\xcb\xc4\x75\x85\
\x1b\xcb\x26\xde\xe3\x3b\x97\x65\x94\x35\x77\xb4\xfc\x2f\x29\x23\
\xc5\x23\x19\x4b\xb2\x2a\x3c\xe2\x42\x56\xc5\x89\x5f\xfe\x97\xca\
\x52\xf2\xe5\xf0\xf6\xed\xdb\xf7\x2e\x37\x0a\x4f\xf1\x10\x5e\x4d\
\x1e\xee\xc7\xba\x4a\xbc\xb8\xa7\x4c\x1e\x7d\xf4\xd1\x0d\x3f\xca\
\x3b\xd5\x81\x9c\xd6\x98\xa7\xfc\xd7\xbd\x9c\x8e\x52\x39\xc4\xfa\
\x1d\xd3\xc2\x75\xc9\x81\xdb\xcb\x97\x2f\xb7\x8a\x02\xbf\x31\x2f\
\xbb\xf2\x3b\x97\x47\x89\x5a\xdd\x88\xf7\xe9\x58\xb3\x9c\xb5\x32\
\x91\xec\xa5\x7a\x58\x9a\x5d\xf7\x09\x2f\xa2\xb6\xdc\x15\x57\x4c\
\x57\x2e\x9f\x18\x0e\xf7\x62\x59\xab\x3e\xa8\x1f\x1a\x67\x80\x31\
\x2f\x16\x56\x49\xd0\xa0\x9e\x7a\xea\xa9\x8d\xc6\x40\x61\xa9\x53\
\x24\x93\x19\x55\x33\x7a\xa6\xb3\xc6\x9d\xa0\x20\x70\xc7\x7d\xee\
\xe1\x3f\xbb\xe7\x37\x6e\xd4\x70\x41\x1d\x0b\x1c\x38\x70\xa0\xbd\
\xcf\x35\x66\x28\xfc\xcf\x8d\x92\xce\x97\x4a\x40\xd8\xaa\xa4\x1a\
\x0d\x51\x41\x18\x2d\xe2\x97\xca\x84\x7f\x85\xcd\x77\x9c\x5a\xd3\
\x38\x25\x0b\xe1\xf0\x1b\xf7\x79\x49\xe2\xde\xbd\x7b\xed\x37\xb3\
\x15\x3a\xec\x3b\x77\xee\xb4\xca\x22\x43\x5e\x10\x3e\xca\x4a\x79\
\xa1\x86\xa8\x7c\x51\xc3\x45\x46\x35\x06\x64\x2d\x35\x08\x95\x05\
\x23\xc4\x5c\xb1\x09\x8f\x0f\xf9\x40\x7c\xc4\x2d\x37\xf8\x21\x6f\
\x6e\xdd\xba\xd5\xde\x23\x4f\xf2\x92\x82\xf2\x2f\x82\x1b\xae\x47\
\xf0\x8b\xdc\x5c\xe7\xc3\xef\xd2\xcc\x8f\xf4\x22\x03\x69\xa2\x93\
\x57\x9c\xb8\xa5\xb1\xae\xad\xad\x6d\x9a\xfd\x49\x31\x22\x1f\x79\
\x10\xcb\x59\xcb\x04\xea\x0c\x70\x43\x59\x29\x8f\x98\x9d\x71\x4d\
\x83\x82\x9c\x36\xdc\x6a\x64\x49\x59\xf2\xd1\x8c\x4e\x6e\x95\x6f\
\x40\xb8\xfc\x57\x1a\x94\x56\xf2\x57\x79\x1a\xdb\x40\x46\xd7\x09\
\x4f\xf5\x29\xd6\x6f\x21\x45\x19\x95\x16\xf5\x40\xe9\x51\x7e\xab\
\x5c\x41\xed\x45\x20\x0f\x6d\x89\xfb\x84\xc3\xfd\xdc\x3e\x94\x0e\
\xc9\x54\xab\x5f\xc4\x1b\xe3\x56\x99\x94\xc2\xce\xf9\x18\x89\x61\
\xc7\x41\x96\x06\x7a\x31\x3c\x75\xec\x79\x29\x48\xb3\x9a\x61\x71\
\xe5\xf2\x89\x69\x57\x3b\xcb\xf5\x82\xfa\xc0\x6f\xe2\x3e\x78\xf0\
\x60\x71\x80\xbb\xa8\xec\x6a\xe6\x8c\x32\x1c\x62\x66\xd3\xe1\x52\
\xa0\x64\x24\x1d\x72\x1c\xa9\xd3\x70\xf9\xa6\x93\xc4\x2f\xd7\x73\
\x86\xd3\x91\x5e\xbb\x76\xad\xbd\x4f\x65\x38\x7a\xf4\x68\x3b\x62\
\x82\x58\x51\xe8\xfc\x68\x24\x54\x08\xe2\xa4\x30\x69\x04\xb8\xc5\
\x8f\x96\x5a\x24\x87\xd0\x6c\x82\xb0\xa9\x5c\x71\x16\xa1\x4e\x5a\
\xf2\x91\x46\xdc\x1d\x3b\x76\xac\xe9\x03\xee\xb2\x92\xe0\x9a\x94\
\x1c\xdf\x87\x0e\x1d\x6a\xe5\x55\x9c\xa0\x11\x0a\xb2\x4b\x49\x64\
\x48\x13\x69\xe6\x1e\x9d\x22\xe9\x22\x2c\x94\x4e\x09\xd2\x46\x58\
\xea\xd0\xf8\x8f\x7b\x41\x58\x2a\x3f\xf2\x9b\x06\xa2\x7c\xa6\x0c\
\x94\x66\xfc\x90\x47\x71\xf4\x86\x3f\x3a\x6e\x85\xa9\xb8\x32\xa4\
\x4b\x69\x52\xb8\xb5\x25\x1b\xee\xa9\xf1\x13\x26\xd3\x7d\xca\x41\
\x7e\x51\x5a\xe4\x91\x3a\xe4\xb8\x3c\x82\x22\xa6\x73\x89\x4b\x1f\
\xb8\x27\xcf\x08\x8b\xb0\xf1\x4b\x58\x84\x8b\x22\xe2\x5a\x1f\xe2\
\x28\x5d\x28\x1f\xa9\x2f\x2a\x6f\xf2\x0f\x99\x62\x5a\xa9\x3f\xe4\
\x2d\x20\x5b\x29\xce\xdb\xb7\x6f\xb7\x72\xaa\x9c\xfa\x2e\x0d\x6a\
\xb4\x8b\x1f\xc9\x43\x1e\x28\x3e\xc9\x90\xf3\x3b\x76\xb0\xf8\xcd\
\xf9\xa6\xff\x0a\x93\x6f\xda\x5d\x6e\x43\x84\x4d\xbe\xf3\xad\x91\
\x76\x8c\x3b\x86\x8d\x3b\xe2\xcd\x75\x84\xb0\xb5\x6a\x40\x98\x6a\
\x8f\xfc\xa7\xdf\x88\x83\x29\x85\xc7\x8c\xbc\x8b\x5a\x5c\x40\xb8\
\xe4\xb5\xd2\x10\xf3\x9a\xf2\xa3\xce\x97\xca\x48\x6d\x00\x54\xae\
\x7d\xfb\x84\x79\x32\xf7\x99\x04\x95\x86\x0a\xc0\xe7\xc8\x91\x23\
\x1b\xd7\xd5\x28\x29\x64\x8d\xd4\xc9\x50\x4d\x09\xc9\x6c\x75\x4e\
\x71\x26\x11\xc3\x8d\x8d\x45\x85\x0a\x5d\x05\xa3\x51\x1b\x61\x32\
\x6a\x57\xe3\x28\x4d\x0f\x35\x9b\x88\xb3\x08\xc8\xf2\x91\xae\xd2\
\x86\x73\x8d\xa8\x70\x04\x61\xd1\x11\xd0\x80\x18\x89\xd0\xe9\xe4\
\x19\x14\x95\x9a\xce\x26\xa6\x35\xa3\x46\xab\x8e\x3f\x86\x9f\x47\
\xf0\x40\x3c\xca\x2f\xd2\x11\xf7\x12\x4a\x61\x20\xa3\x88\x4b\x36\
\x8a\xfb\xd5\x57\x5f\xdd\x74\x0d\x79\x15\x26\x71\x95\xd6\xa6\xe3\
\x88\xbb\xf4\x3f\x92\x1b\x27\x32\x64\xbf\x94\x85\x66\x38\x11\xd2\
\x97\xcb\x88\x32\x56\x5e\x23\x67\x54\x90\x7d\x29\xe5\xab\xd0\x4c\
\x4e\x79\x8c\xb2\x46\x29\x6a\x96\x86\x02\x89\x9d\x50\x4d\x29\x51\
\xf6\xf2\x43\x1a\x6a\xf9\x33\x8c\x92\x72\x89\x33\xa6\x92\x0c\xdc\
\x2b\x2d\x1b\x6a\xe6\x13\xe5\xea\x52\x5e\xdc\xcf\xf9\x1b\xc3\x96\
\x32\x2b\x81\x3f\x0d\x14\x29\x27\xf2\x13\x7f\x59\x56\xdc\xf5\x59\
\xea\xe9\x8a\x8b\x3a\xa1\x95\x8a\x3d\xa1\x2e\x32\x78\xa3\xbe\x49\
\x11\x64\x72\x5b\xe9\xdb\x1f\xcc\x9b\xb9\xcf\x24\x28\xb4\x58\x31\
\xe2\x8c\x80\xce\x8e\xca\xaf\x82\x90\x3b\x8d\x16\xd4\xa1\xac\x74\
\x3c\x6d\xa1\x82\xc1\x8d\x1a\x62\x97\x7b\xad\x21\x32\x9a\x23\x3e\
\x75\x28\xb9\xc3\x53\xd8\x1a\x01\xe5\x8e\x28\x56\x44\xc5\xc7\x75\
\xa6\xaf\xb1\xa1\xc4\x4e\x35\xfa\xcf\x68\x2a\xac\x4e\x8b\x91\x6c\
\xdc\xac\x56\x43\x46\xa9\x4a\x41\x8e\x82\x46\x61\x19\xd2\x4e\x99\
\xa8\x5c\x08\x5f\xa3\xb0\x52\x83\x8f\x1b\x75\xa5\xf5\xff\xdc\x80\
\x34\x0a\x24\x0f\x19\xbd\xd5\x46\x6e\x7d\xae\x8d\x42\x2e\x07\x40\
\x86\x9c\x07\x9a\xb9\x02\xf9\x4d\x07\x5e\x53\x64\xa3\xa2\xa5\xd0\
\xbc\xd9\x9b\xff\xf7\xe9\xd4\x68\x2b\x9a\xf9\x6a\xa9\xa5\x94\x97\
\xc3\x3a\xa6\x5a\x3a\xf2\x92\x4a\xbe\x57\xca\xb7\x3c\xd3\xd5\x0c\
\xae\x2b\xee\x2c\x5f\xad\x5e\x66\x68\xdb\x28\x22\x06\x50\x72\x5f\
\x9a\x51\xc5\x32\xce\xf7\xa8\x7f\x7d\xe2\xa2\x0e\xf3\xd1\x72\xae\
\xda\x03\x83\x0c\xda\xe8\x56\x94\xf4\x22\xb2\xd0\x8f\xc0\x6a\xa4\
\x4e\xc7\x14\xa7\xb7\x5a\xb6\x40\x9b\x33\xc2\xab\x3d\xd9\x03\xf8\
\xa7\xf1\x68\x34\xa8\x25\xac\x78\x9f\x8f\x1e\xc3\xc3\x2d\x05\xac\
\x35\x43\x2a\x81\x46\x0c\x7d\xa1\x71\x20\x33\xf1\xf1\xd1\x52\x15\
\xe1\x12\xbe\xd6\xbf\x09\x7b\x94\x75\x49\xed\x8f\x20\x0f\xf2\xe6\
\x51\x52\x69\x39\xad\x0f\x7a\xe2\x26\xcf\xc8\x18\x91\x91\xd7\x74\
\x5a\xfa\x68\xc3\x1e\x56\xd7\x1f\x3d\x56\x18\xe4\x5f\x9c\x0d\xaa\
\xf3\x07\xfc\x30\x8b\x28\x8d\xc4\xb9\xd6\x35\xf5\xe6\x7a\x8c\x67\
\x94\x27\xd1\x6a\x68\x44\x19\x37\xb7\x09\x37\x2e\x87\x00\x69\x92\
\x1b\x75\xc2\x90\x97\x19\xf8\xaf\xb2\xd4\xa6\xef\x30\xc8\x9f\x3c\
\x6b\xe4\x7f\x4c\x9f\xf6\xbc\x86\x41\xf9\xc5\xce\x09\xd9\x34\x0a\
\x8f\x65\x50\x53\x38\xf1\x3a\x79\xd3\x95\xdf\x84\xa3\x4d\x60\xad\
\xc1\x67\xc5\x49\x99\x69\x0d\x5e\x7e\x6a\x7b\x5e\x42\x0f\x58\x0c\
\x0b\xbb\x84\x06\x92\xd1\xbd\x94\x84\xe2\x55\x1d\x55\x19\x53\xe7\
\xe2\xbd\x3e\x65\x16\xf7\x35\x08\x9f\x41\xa5\xea\x01\x65\x40\x1b\
\xd1\xac\x69\xa7\xf0\xe0\x2f\x3d\xfd\xe9\xd3\xcd\x04\x79\xe8\xb1\
\x27\x7a\xbb\x45\x73\x53\x21\x3f\xfc\xe1\x0f\xb7\xff\xc9\x6c\x96\
\x78\x68\x8c\xef\x7d\xef\x7b\xdb\xcf\xd7\xbf\xfe\xf5\xe6\x8d\x37\
\xde\xd8\x34\xba\x7a\xf2\xc9\x27\xdb\x4a\xf1\xca\x2b\xaf\xb4\x7e\
\xd1\xe4\xf8\x53\x58\x39\x5c\xdc\x3f\xfc\xf0\xc3\xcd\xcb\x2f\xbf\
\xdc\xce\x08\xbe\xf8\xc5\x2f\xb6\xff\xb5\x86\xfb\xd8\x63\x8f\xb5\
\x71\x10\x5f\x1c\x91\x31\x8a\xe6\xde\xaf\xfd\xda\xaf\xb5\xdf\xb5\
\x34\x10\x0f\x71\x88\x4f\x7e\xf2\x93\x6d\x05\x7a\xe9\xa5\x97\xda\
\x30\x3f\xf3\x99\xcf\x34\x5f\xf9\xca\x57\xda\x7b\x34\x04\xee\x21\
\x3b\x15\xec\xe9\xa7\x9f\x6e\x3e\xf2\x91\x8f\xb4\x71\xfe\xe0\x07\
\x3f\xd8\x94\xfe\x88\x14\x0c\xfe\xe8\x6c\x09\xf3\xd7\x7f\xfd\xd7\
\x5b\x77\x7a\x24\x57\xb2\x73\x9f\x6b\xc8\x81\x7c\x8c\xae\xf0\xff\
\x9d\xef\x7c\x67\xe3\x37\x90\xc6\x9f\xfe\xe9\x9f\x6e\xd3\xc6\x6f\
\xdc\xf3\x11\xe4\xbd\xf2\x3a\xca\x41\xbe\x90\x8e\x17\x5f\x7c\xb1\
\xed\x0c\x50\x5e\xbf\xf3\x3b\xbf\xd3\x86\xf5\xb9\xcf\x7d\xae\x75\
\x87\x82\xf9\xec\x67\x3f\xdb\x2a\x70\x1a\xdf\xb7\xbf\xfd\xed\x36\
\x0f\x14\x96\x36\xe0\x81\xf8\x69\xac\xa4\xa7\x04\x32\x21\x1f\x0d\
\x1c\x99\xe8\x48\xc9\xb3\x28\x6b\x24\x96\x55\x5e\xc2\x20\x5f\x28\
\x2f\x3e\x5c\x47\x36\xe2\xd5\x63\x98\xf2\x2b\x7f\xc4\xc1\xfd\x17\
\x5e\x78\xa1\xed\x48\xa9\x3b\xaa\x33\x5f\xfb\xda\xd7\xda\x3c\x20\
\x8f\xc8\x77\xdc\x29\xad\x1a\x6c\x68\x6f\x28\xca\x40\xf9\xe0\x87\
\xce\x90\xf2\x24\xaf\xb4\x94\xc5\x47\x4b\x87\xe4\x29\x83\x02\xe5\
\x29\x65\x59\x4b\xb3\x66\xdd\x84\xf3\xa1\x0f\x7d\x68\xc3\x0f\xf1\
\x70\x9d\xf4\x51\xbf\x70\x47\xbe\x53\x6f\xa8\xf3\xaa\x8f\x74\xe2\
\xa4\x51\xfb\x2f\x92\x81\x34\x53\x47\x15\x96\xf2\x57\x0f\x3b\x10\
\x5f\xdc\x27\x51\x5a\x09\x13\x77\x5f\xfa\xd2\x97\xda\x74\xc8\x7d\
\xae\xd7\xb9\xcc\x88\x43\x8f\x74\x23\xf3\x17\xbe\xf0\x85\x77\x85\
\x5d\x83\xf4\x20\x6f\xdc\xcf\xa3\xae\x50\x67\xa8\x7b\x84\x47\x9d\
\x54\x18\x84\x4b\x5c\x94\x1b\xfe\x70\x4b\xbd\x28\x95\x99\x40\x7e\
\x0d\x22\x49\x17\x61\x28\x7f\x80\xf2\xe1\x1a\x75\x43\xcb\xab\xa4\
\x49\xf5\x2e\x0e\x08\x74\x6f\x92\xbc\xf5\xca\x37\x9a\x49\xb3\xf4\
\xfa\x95\xe7\xd6\x9a\x09\xf2\xf0\x91\xcf\x37\x93\x42\x9b\xc6\x1a\
\xcd\x9a\xc5\x82\x11\x55\xdc\x64\x8c\x68\x44\xd7\x67\xda\xad\x87\
\x05\xb6\xfb\xb3\xf2\x66\xbe\xe8\x3d\xab\xed\xb0\x19\x3c\x2d\xbe\
\x7f\xf5\xab\xcd\xa4\x99\xfb\x9e\x44\x17\x9a\x76\xba\xf3\xd8\xd9\
\x30\x00\xe8\x5a\x32\x34\xa6\x0f\x2c\xf7\xd5\x06\x2d\x66\x7c\x16\
\x7a\x4f\x42\x7b\x05\x3b\x69\x13\x68\x27\x51\x7b\x8a\x03\xd8\x9b\
\xe8\xbb\x8f\xc3\xda\xb0\xcb\xd8\x6c\x05\x3d\x51\x68\x26\xcf\x42\
\x2f\x37\x19\x63\x8c\xe9\xcf\x34\x96\x9b\x7c\x0a\xac\x31\xc6\x98\
\x2a\x56\x12\xc6\x18\x63\xaa\x58\x49\x18\x63\x8c\xa9\x62\x25\x61\
\x8c\x31\xa6\x8a\x95\xc4\x88\xc4\xb7\x88\xb7\x53\xd8\x99\x3e\x6f\
\x97\x96\x98\xe5\xc9\x95\xdb\xe5\x94\xcc\x49\x53\x4a\x77\x3c\xf6\
\xbe\x0f\x3a\x2c\x6f\xab\xf0\xfe\xca\x3c\x8e\xb5\x1e\xb7\x7e\xce\
\x9a\xae\xb7\xd8\x77\x0a\x73\x55\x12\xb5\x63\x8f\xa7\x49\xe9\x58\
\x63\xb8\xd8\xd3\x3a\x96\xce\x76\xaa\xd1\xe7\xf8\x81\x71\xc3\x9e\
\x24\xe3\x76\xc0\xe3\x34\xde\x78\x3c\xf7\xb4\xe3\xda\x09\x94\xd2\
\x5d\x3a\x6b\xaa\x8b\xd5\x21\xc6\x81\xfa\x42\x07\xc8\x1b\xf6\xa3\
\x42\x3b\xd8\x8a\xb5\xb9\x45\x1d\x20\xe8\xcd\x7f\x41\x1e\x8f\x93\
\x3f\xdb\x89\xb9\x1d\xcb\xc1\x8b\x72\xcf\x3f\xff\xfc\xc6\xb3\xf4\
\xbc\x3a\x9f\x8f\xbe\x88\x67\x04\xf1\x3a\x3c\xaf\xba\xeb\x77\x7c\
\x06\x1f\x77\x3a\x29\xb6\x76\x7c\x86\xe0\x75\x7a\x5e\xdf\xcf\xaf\
\xdc\xeb\xfc\x7c\x9d\xa0\x4a\x83\x2c\xc5\xc7\x91\x0b\x3c\xd3\xaf\
\xe3\x30\xe4\x46\x47\x15\x70\xb4\x01\x69\xe1\x08\x04\xdc\xf1\x1b\
\xbf\x3a\x8e\x00\x37\x5c\xd3\x51\x08\xca\x0b\xdc\xc8\x0f\xc7\x87\
\xf0\xca\xbf\x46\x71\xf1\x84\x56\xdc\xe2\x5f\x67\xf3\x28\x7f\xf8\
\x2f\x83\x3d\xbc\xfe\xaf\x3c\x89\xee\x22\x34\x42\xd2\x8a\xfc\x54\
\x74\xfc\xf4\xc9\x53\xfc\xf1\x3c\x3a\x71\xe9\xd8\x94\xae\xbc\x97\
\xd2\x24\xfc\x28\xcb\x30\xf9\x62\x5c\xa0\xf7\x65\x88\x73\x75\xdd\
\xa8\x4b\xdf\xba\xa0\x3c\xc7\x1d\xe9\xcd\x79\x2a\x56\xd7\x8d\x09\
\xe5\x43\xe9\x74\x44\x4c\xad\x4e\xac\xac\x1b\x78\xea\x53\xc6\x39\
\x4e\xc9\x1b\xef\x95\xd2\x4d\xbd\xd3\xf1\x24\x3a\x8f\x89\x37\xd5\
\xb9\x5e\xca\x77\xee\xeb\xc4\xdd\xec\x2e\x1f\xc9\x1e\xd3\xad\x34\
\xc6\xe3\xd4\x75\x84\x8a\xe4\xa4\xdd\xea\x78\x90\x9c\xdf\x0a\x9b\
\x34\x90\x07\x90\xdb\x4b\x29\xff\x73\x5b\x8a\x79\x50\xa2\x54\xce\
\xe4\x31\xf5\x8c\x70\xe8\xb8\x15\x07\xee\x64\x53\x42\x47\xf5\xc4\
\x38\xbb\xe4\xc9\xf7\x28\x0f\x29\x5f\x1d\xbd\xa3\x73\xbc\xa4\xd8\
\xe6\xf9\xce\xcf\x34\x8e\xe5\x98\xdb\x4c\x82\x8c\x94\xb1\x11\x32\
\x99\x42\x5d\x49\xa6\x4c\xa9\xe4\x54\x02\x9d\xbe\xa9\xc2\x88\x07\
\x68\xc9\xe2\x58\x97\x01\x94\x08\xa3\xf5\x6c\xfd\x8c\xb8\xe2\xf1\
\xda\xdc\x8f\x86\x45\xb2\x31\x1d\x1d\xfb\x2d\x43\x38\x8a\x17\xa2\
\x11\x15\x1d\xfa\x96\x4f\xd0\x54\x65\x92\x61\x1e\x19\x14\x92\x5b\
\x1d\x56\xa6\xc6\x26\xff\xc4\x41\x9e\xe8\x64\x52\x1d\xbc\x26\x63\
\x45\x6a\xc4\xd1\x50\x0e\xbf\x6b\x33\x1b\x29\x46\xf2\x24\x1a\x4f\
\xe9\x32\xfc\x22\x64\x2c\x49\x9d\xc2\xea\xba\x7d\x8a\x8c\xf2\x50\
\xe9\x01\x1d\x9a\xa7\x03\xe8\x4a\x47\xbd\x47\x74\x50\x9c\x0e\x7b\
\x94\x61\xa2\x5c\x17\xb2\x11\x21\xc9\x2d\x77\x3a\xa8\x31\x97\x69\
\x94\x35\x1f\x66\xa7\x7a\x97\xeb\x84\xd2\x1e\xcb\x4d\x74\x95\x71\
\x4e\x97\xf2\x21\x86\x17\xe3\x56\xba\x55\x86\xab\xc9\xb0\x12\x72\
\xd5\x46\xec\xb2\xa6\x97\xdd\x51\x76\x2b\xc9\x12\x9c\xce\xfb\x22\
\xcf\x74\x1a\x2f\xed\x2e\x1e\x0d\xaf\xa3\xe8\x65\x88\x27\x1b\xf4\
\x21\x0d\xca\x3f\xb9\x89\x03\x19\xe5\x9f\xce\x3e\x8a\x0a\x34\xe6\
\xed\xb0\x36\x1c\xeb\xb7\x8e\x24\x07\x1d\x4d\xae\xd3\x96\x75\xd4\
\x3a\x7d\x4b\x36\xf4\x23\x79\x24\x23\xee\x72\x1e\xeb\x5e\x34\x98\
\xa4\xf4\x44\x45\xa0\x01\x0b\x71\xa8\x3f\xda\x49\xcc\xed\x58\x0e\
\x46\x26\x14\xa6\x46\xf4\xbc\xa1\x4b\x41\xe9\x3f\x95\x53\xd6\xd0\
\xd0\xdc\xf1\x48\xed\xe5\x60\x38\x84\x02\xaa\x19\x29\xa9\xc1\x29\
\x90\xd1\x88\xd0\xca\xba\x05\x3a\x55\x70\xe4\x88\x86\x5f\xb2\x31\
\x1d\xa0\x12\x93\x86\x68\x7c\x24\x1a\x51\xe9\x6b\x77\x80\x73\x66\
\x4a\x67\xe8\xab\x83\xe7\x9b\x30\xf9\xcd\xc8\x2a\x1a\xf1\x89\x46\
\x5c\x90\x43\xbf\xc9\x2f\x85\x2b\x43\x39\x25\xc8\xbf\xe5\x70\x6a\
\x28\x79\x82\xbf\x95\x64\xf8\x85\xc3\x03\xb3\xd1\x25\xa5\x39\x1a\
\xf8\x21\xdd\x94\x47\x54\xb8\x3a\x9c\x4d\x69\xd4\xec\x41\xc7\x2b\
\xd7\xfc\x09\xca\x84\x06\xaf\x78\xb2\x41\x1c\x95\x37\xb2\xc9\xe0\
\x92\x20\x5c\xe4\xd6\xc9\xb4\xb2\xa6\x26\xb9\x28\xd3\x18\x96\xca\
\x6f\x65\xdd\x08\xd2\x6a\x38\x56\x3a\xd7\x09\x19\x8d\xe9\x53\xce\
\xa5\x32\x06\xea\x34\x32\xa9\xbc\x63\xc7\x48\xba\x31\xc8\x94\xad\
\xa7\x29\xcf\x62\xbe\xd7\x96\xf3\xb2\x01\x26\xb9\x93\x5d\x10\xc9\
\xa4\xe3\x2c\xa8\x63\x28\x81\x6c\x28\x4a\xa0\x48\x54\x27\x75\x6a\
\x6a\x6e\x97\x6a\x43\xc4\x4d\xe7\xac\x38\x74\xfe\x5a\xcc\x3f\xf2\
\x5f\x27\xce\xf6\x35\x2a\x05\x6a\x5f\xfa\x44\xb3\xa4\xf1\xb0\x41\
\xe4\xa5\x4e\xa8\xde\x2a\x4e\x1d\x4a\x19\xe5\x51\xfe\xe8\x5e\x36\
\x98\xa4\x53\x8a\x75\x20\x62\x2c\xcf\xed\x6a\x4c\xa8\x2f\x0b\x73\
\x76\x93\x0a\x56\x23\xbf\x38\xc5\xcb\x9d\x87\x2a\xd6\xea\xba\x01\
\xa2\xb8\xb7\xd1\xe7\xfc\x79\xf9\x57\xc7\xc2\x74\x3a\xb3\x9c\xec\
\x43\xe4\x0d\x65\xe4\xd5\x08\x9c\xdf\xf1\x88\xec\x51\xa8\x4d\x4d\
\xd5\x69\xeb\x60\x43\x9d\x53\xbf\x92\xec\x7e\xab\x63\x89\x69\xa6\
\x82\x6b\xf4\x43\xde\xd5\x2a\x6c\x8c\x9b\xdf\x32\x73\xda\x37\x4f\
\x73\xb8\x8c\xa4\x08\xa3\xcb\xe8\x11\xf7\x73\x87\x59\xf3\xb7\xb2\
\x6e\x5b\x5b\x0a\x45\xcb\x22\x25\xd9\x6a\x75\x41\xf5\x4a\x33\xbb\
\x98\xde\x92\x35\x3e\xca\x91\x7c\x53\x47\x9c\x2d\xb0\x89\x7c\x54\
\x78\x17\xb5\x32\x56\xf8\xd4\x3f\xe2\x55\xfa\x35\x23\x8c\x0a\x2f\
\xd2\xf7\xb8\x93\x9a\x81\xa2\x43\xc1\x92\xdb\x6a\x38\x5e\x5c\xf6\
\x4a\xb2\x5b\x11\x0d\xf1\x50\x0e\xb9\x1c\x0f\x85\x23\xc6\x33\xab\
\xe1\x58\xf9\x78\x4d\xe9\xc9\x79\xbb\xdc\xb1\x64\x23\xcb\x8d\x5a\
\x32\x8d\xf5\x30\xa6\x99\xc1\x45\xfc\x1f\xcb\xac\x64\x74\x4a\xca\
\xaf\x74\xa4\xbd\x66\x2d\x25\xb9\xb6\xab\x31\xa1\xbe\x2c\xd4\x01\
\x7f\x74\x6e\x54\x5e\x46\x27\xf1\xb8\xdf\x3c\x12\xce\x95\x2b\x9e\
\x10\x2b\x25\x33\x0c\x2a\xd7\xca\xba\x81\xf4\x3c\x5a\xeb\xdb\xf8\
\xe5\x8f\x70\x18\x3d\x94\x6c\x4e\x67\xfa\x86\x4d\x83\x8a\xb6\x06\
\xf8\x8e\x1d\x09\xd4\x8c\xb8\x68\x16\x02\x5d\x86\x72\x4a\x8c\x92\
\xa7\x71\xa4\x08\xab\x3d\x8c\xad\xc4\xf3\xf7\x87\xf9\xd3\x2c\x48\
\x16\xc6\x34\xf3\xcc\xb2\xa9\x3e\x70\x2f\x9a\xa5\x8c\x72\x0f\x33\
\x90\x24\x62\x07\x4a\xe7\x2d\xb9\x4a\x0a\xa5\x8f\x81\x9e\x2e\x34\
\x43\x5c\x5d\x37\x14\xc4\x08\x39\xce\x3a\x4a\x96\xd5\x26\xc5\xa1\
\x75\x4b\x6e\xd4\x59\xd5\xe3\x92\xe2\xd3\xf2\x66\x46\x4b\x8c\x91\
\xae\xce\x91\x99\x01\x65\x13\xf3\x4c\xed\x7a\x54\xa3\x52\x5a\x52\
\x05\xbe\xbb\x4e\x23\xae\x95\x91\xea\x61\xbc\xaf\x99\x23\xca\x25\
\xd7\x49\xfa\xa4\x61\x75\x7b\xa7\x32\xd7\xa7\x9b\x62\x03\x07\x9d\
\xef\x2f\x9b\xb7\x42\x8d\x48\x7e\x98\xfa\xcb\x3c\x28\xee\xe2\x3d\
\xad\xad\xaf\x0e\x79\x04\x50\x86\x6c\x62\x47\x90\xef\x29\x4c\x7e\
\xe7\x99\x42\x7c\x7a\x23\x8f\x56\x62\x9a\x34\x32\x55\x58\x7d\x9e\
\x7c\x5a\x49\x26\x2d\x25\x53\x36\xe2\x13\x8d\xd5\x47\x6a\x86\x72\
\xfa\xa0\x19\x5c\x36\xfc\x52\x22\x1a\xb4\xe1\x9b\x4e\x87\x59\x41\
\x26\x76\x28\xc8\xa3\x35\xdc\x61\xfe\x34\x9a\x26\x3d\x52\x88\x5a\
\x5e\x8a\xb2\x11\x86\x2c\x04\xc6\x8e\x27\x9b\x77\xcd\x06\x92\x6a\
\x1b\xa3\xe4\x35\x1d\x4f\x54\x80\x25\x63\x40\x92\x59\x6b\xd1\x0a\
\xbb\xef\xd3\x6d\xc8\xa7\xce\x28\xd7\x41\x14\xa1\xd2\x3d\x0d\xb4\
\xac\x18\xeb\x3f\xb3\x08\xcd\xd0\xa1\xeb\xf1\x4e\xf9\xa9\xa5\x3b\
\x2b\x1c\xda\x41\xce\x3f\xd5\xb1\xdc\xde\xe2\x1e\x0b\x6e\xb2\x0c\
\xb8\x55\x5c\x7d\x96\xfb\x4a\x30\x08\x8d\xa6\x61\xa9\x83\xec\xdd\
\x20\x37\xf7\x62\x3e\x70\x8f\x01\xc5\x72\xd8\x5f\xe9\xc3\xb8\x4f\
\x39\x2e\x1a\x73\x9d\x49\x68\x1f\x20\x8e\x90\x65\x14\x25\x42\x03\
\x45\xbb\x73\x8f\x4a\x4d\x65\x56\xe5\x60\x74\xa2\x8d\x67\x0a\x98\
\x7b\x71\x04\x5a\x9a\x12\x03\x6e\xe3\xa8\x2d\xee\x8f\xc8\xf2\x9b\
\xc2\xd4\x5a\x25\xc8\x3c\xa2\xd6\xac\xe5\x46\x23\x58\xe2\xa6\xb2\
\xc9\xac\xa1\x2c\xd1\xc9\x1d\x69\xd1\x53\x27\xd1\xd4\x62\xfc\xaf\
\x4a\xa8\xce\x59\xf9\x43\xc7\xa1\xe5\x09\x46\x42\x1a\x3d\xe5\x0e\
\x46\xcb\x4d\x54\x6e\xf2\xad\x34\x8b\xc8\x4b\x3b\xcb\x61\x4d\x9c\
\x8e\x99\x19\x48\xcc\x53\xc5\x11\x3b\x73\xf2\x44\x36\xc8\x69\x44\
\x71\x8d\x37\x42\x3e\x50\xce\xe4\x19\x7e\x94\x0e\x3d\xd9\x54\xf3\
\xa7\xfc\xe0\xbe\x2c\xf1\x95\xca\x5b\xe5\x86\x3b\x1a\x26\x61\x23\
\x8f\xf6\x5c\xa4\x44\xa2\xfd\xe1\x58\xa6\xa5\xbc\xa1\x03\x89\xf7\
\x55\x27\xf0\x47\xde\x47\xff\x84\x19\x65\xc2\xad\x1e\x8b\xcc\x65\
\x9c\xf3\x25\x96\xa7\x96\x7a\xe4\x87\x72\x20\xdf\x48\x83\xca\x2b\
\xaf\x87\x4b\xde\xcc\x72\xda\xe3\xc8\xee\xa4\x70\x63\x5b\x53\x59\
\x90\x76\x3d\x7c\x11\x97\x9f\x72\xbc\xc8\xa7\x25\x4d\xf2\x9b\x7a\
\xa6\x11\x3e\xe1\x92\x0e\xea\x30\x61\xe4\x3c\xe2\xbe\x56\x0b\x72\
\xde\xc6\x19\x74\x5c\x72\x15\x84\x17\xe3\xd5\xfd\x52\x9d\xce\xa8\
\xfe\xaa\xfd\x22\x9f\xd2\xaa\xe3\xea\x95\xce\x98\x0f\x6a\xdf\xfc\
\x96\xa9\x54\xe4\x90\x62\x29\xe5\x33\xed\x22\x2f\xdf\x6d\x47\x16\
\xee\x14\x58\x46\x57\x14\x7a\x7c\xbc\x50\x56\xc3\xcc\xe2\xa0\x91\
\xf4\xb8\x23\xb9\x59\xa2\xce\xa0\xaf\xad\x01\x3d\x32\xb9\xd3\x0d\
\x5d\x75\x2d\xd3\x2c\x0a\x94\xdb\x76\x2c\x07\x3d\x31\x36\xeb\x0d\
\xec\x1d\x6f\x74\x28\x3f\x2f\x6e\xcc\x3c\x28\xed\x53\xed\x34\xf2\
\xbb\x12\x8b\x48\x7c\x0a\x6e\xbb\x51\x9a\xf1\x6d\x57\x16\xce\x32\
\x5d\x9e\x31\xdc\xaf\x9b\x45\x8b\x4e\xb4\x95\xbd\xe8\x68\x99\xaf\
\x2f\x8c\xb0\xef\x87\x7a\xb7\xe8\xb3\xf3\xed\x3c\x58\xdc\x49\xf5\
\xc7\x46\x87\x8c\x31\x66\x87\x60\xa3\x43\xc6\x18\x63\x66\x8a\x95\
\x84\x31\xc6\x98\x2a\x56\x12\xc6\x18\x63\xaa\x58\x49\x18\x63\x8c\
\xa9\xb2\x63\x94\xc4\x22\x9c\xbc\x78\xbf\x1a\xc9\x31\xc6\xec\x5c\
\x76\x8c\x92\x58\x84\x17\x6e\x76\xfa\xcb\x57\xc6\x98\xfb\x8f\xb9\
\xbf\x27\x21\xc3\x21\xcb\xe1\xb8\x64\x5e\xd9\xe7\xb8\x07\x1d\xdb\
\xcc\x59\x4e\x1c\x4d\x11\x9f\x3d\xd6\xd9\x4c\xd1\x50\x50\x57\xf8\
\xd1\x5d\x3e\x96\x5a\xa7\xa9\x2a\x5e\x1d\xfe\x27\xb9\xf4\x52\x8c\
\xdc\x71\x4d\xf6\x16\x6a\x71\xe3\x4e\x67\xd3\xe0\xdf\xef\x7b\x18\
\x63\xb6\x23\x73\x9d\x49\xc8\x78\x8a\x8e\xe1\xe5\xac\x14\x19\x39\
\x89\x06\x44\x38\x1f\x45\x87\xa1\x01\x9d\x6f\x3c\xdc\x4e\x86\x52\
\x32\x32\xb8\xb3\x5c\x30\x4e\x12\x59\x5d\xb7\xf2\xa5\x7b\x7c\x74\
\x94\x70\x34\xee\xb3\xba\x6e\xba\x50\x76\x09\x6a\x06\x79\xb2\x81\
\x95\x68\xb4\xc4\x18\x63\xb6\x13\x73\x9b\x49\xd0\x29\x97\x8c\xd6\
\x44\x78\x25\x5f\x07\x90\xe9\xc0\x3a\x1d\x27\x1e\xcf\x9c\xc1\x4d\
\xc9\xf0\x4a\x3c\x7a\x39\x1b\x27\xe9\x82\x43\xc6\x34\x43\xc8\xc6\
\x7d\xa2\xcc\xb0\x5c\x30\x72\xa4\xff\xd1\x68\x09\x32\xee\x84\xc3\
\xbe\x8c\x31\xf7\x17\x73\x53\x12\xa5\x13\x5a\x65\x7c\x46\xc4\xd7\
\xf2\x65\x0e\xb1\x74\x4c\x2f\x1d\x35\x1d\x7b\x26\x1b\x27\xe9\x6b\
\x18\xa8\x64\xe4\x48\xc7\x15\xe7\x13\x6a\x97\xc3\xd1\xd5\x42\x47\
\x68\xc7\x8d\x6c\x14\x56\x1f\x83\x48\xc6\x18\xb3\x48\xcc\x4d\x49\
\xd4\x8c\xcf\x0c\xa3\xb6\xb6\x5f\x5a\x6e\xca\xc6\x49\x64\x82\x14\
\x85\xd3\xd5\x61\x67\x63\x2f\x18\x1c\x41\xc1\x94\x8c\xef\x68\x8f\
\x22\xcb\xc8\x4c\x22\x5e\xaf\x19\x08\x32\xc6\x98\x45\x66\x6e\x7b\
\x12\x35\xe3\x33\x7d\xa0\x03\xcf\x46\x81\x4a\x64\xe3\x24\xea\xe0\
\x0f\x1c\x38\xd0\x69\x24\x26\x1b\x5e\x61\x7f\x42\x4a\x83\xff\xd9\
\x20\x4f\x5e\x46\x92\x11\x95\x18\x86\xe2\xe8\x32\x84\x64\x8c\x31\
\x8b\xc6\xdc\x66\x12\x32\x26\x23\xe3\x33\x32\x28\x13\x2d\x98\x65\
\x9b\xc4\xea\xe4\xa3\xe1\x19\xae\x73\xc2\x27\x46\xe3\x33\x8c\xe6\
\x65\x3c\x27\x1a\x27\x89\xd7\x65\x58\x25\xce\x10\x64\x0c\x46\x72\
\xc5\xfd\x8f\x68\x44\x08\x63\x31\x32\x6c\x03\x71\x0f\x02\xd9\x4b\
\x46\x4b\xd8\x8b\x91\x29\x4e\x63\x8c\x59\x74\x7c\x0a\x6c\xa2\xcb\
\x10\x8b\x0d\x20\x19\x63\x16\x19\x9f\x02\x6b\x8c\x31\x66\xa6\x2c\
\x9c\xd1\xa1\x79\xd3\x65\x6e\xd0\x2f\xc4\x19\x63\xee\x37\xac\x24\
\x12\x5d\x16\xcc\xf4\x56\xb8\x31\xc6\xdc\x2f\x78\xb9\xc9\x18\x63\
\x4c\x15\x2b\x09\x63\x8c\x31\x55\xac\x24\x8c\x31\xc6\x54\xb1\x92\
\x30\xc6\x18\x53\xc5\x4a\xc2\x18\x63\x4c\x15\x2b\x09\x63\x8c\x31\
\x55\xac\x24\x8c\x31\xc6\x54\xb1\x92\x30\xc6\x18\x53\xc5\x4a\xc2\
\x18\x63\x4c\x15\x2b\x09\x63\x8c\x31\x55\xac\x24\x8c\x31\xc6\x54\
\xb1\x92\x30\xc6\x18\x53\xc5\x4a\xc2\x18\x63\x4c\x15\x2b\x09\x63\
\x8c\x31\x55\xac\x24\x8c\x31\xc6\x54\xb1\x92\x30\xc6\x18\x53\xc5\
\x4a\xc2\x18\x63\x4c\x15\x2b\x09\x63\x8c\x31\x55\xac\x24\x8c\x31\
\xc6\x54\xb1\x92\x30\xc6\x18\x53\xc5\x4a\xc2\x18\x63\x4c\x15\x2b\
\x89\x11\xb8\x7b\xf7\x6e\x73\xe6\xcc\x99\xe6\xe6\xcd\x9b\xcd\xac\
\x58\x5d\x5d\x6d\x1e\x79\xe4\x91\xe6\xfc\xf9\xf3\xcd\xb4\xb9\x78\
\xf1\x62\x1b\xd7\xca\xca\x4a\xf1\x3e\x32\x5c\xba\x74\xa9\xd9\xe9\
\x50\xbe\x93\x28\xe3\x2b\x57\xae\xb4\xe5\xb7\x55\xc8\x77\xea\x9e\
\x69\xda\xba\x39\x89\x3c\x35\xfd\x99\x9b\x92\xa0\xb0\x97\x96\x96\
\x36\x75\x48\xc7\x8f\x1f\x6f\xaf\x6d\x15\x2a\x11\xe1\xc4\x0e\x8d\
\x0e\x30\xc7\x37\x2a\x34\xd4\xd3\xa7\x4f\x37\xb7\x6e\xdd\x6a\x66\
\xc5\x9e\x3d\x7b\x9a\xe5\xe5\xe5\xe6\xd1\x47\x1f\x6d\x46\xe5\xe8\
\xd1\xa3\x6d\x9a\x51\x6c\x7d\x20\x1e\x7d\x4a\x9c\x3b\x77\xae\xcd\
\xc7\x1a\xe4\xfb\xde\xbd\x7b\xdb\x72\xd4\x67\x96\xd0\x99\x4e\xa2\
\x73\x27\x8c\x49\x94\xf1\xd5\xab\x57\xc7\xea\xd0\xf0\x87\x82\x11\
\xbb\x77\xef\xb6\x92\x58\xe7\xfa\xf5\xeb\x5b\x56\x12\xb3\xae\x97\
\xdb\x9d\x5d\xcd\x02\x43\x43\xa1\xb1\xd2\x69\x1d\x39\x72\xa4\xed\
\x30\x81\x4a\x42\x43\xa2\xe1\x70\x7d\xff\xfe\xfd\xa3\x04\xbb\xd1\
\x00\xe9\x44\x15\x1e\xca\x83\x70\xf8\xf0\x9b\xca\x48\xbc\xfb\xf6\
\xed\x6b\x3b\x8d\x43\x87\x0e\x6d\x0a\x83\xb8\x09\x87\xeb\xea\x54\
\xf9\x8f\x8c\x5c\xd3\x6f\xb9\x25\x2e\xbe\x51\x5c\x7c\xe3\xe7\xd8\
\xb1\x63\x9b\xe2\xc7\x9f\xd2\xc5\x3d\x85\x7b\xe2\xc4\x89\x4d\x1d\
\x77\x2d\x5f\x22\xca\x23\x20\xec\x53\xa7\x4e\x6d\xba\xaf\x34\xe2\
\x97\x30\xa4\x1c\x88\x2b\xca\x2d\x79\x25\xab\x40\xf1\x90\x37\xca\
\x43\x41\x1a\x2e\xfc\xff\xec\xbd\x4d\x8c\x5c\xc9\x75\xe7\x7b\x4b\
\xcd\xb6\x5a\x02\x46\x64\xc3\x32\xdc\x86\xc6\xea\xa2\x67\x21\x36\
\x60\x80\xe4\x2c\xdc\x6d\xbc\x37\x8f\x24\x60\x40\xd2\x8a\xe4\xdb\
\xa8\xdf\x8a\xe4\x4a\xda\x08\x24\x57\x1a\xc1\x0b\x92\x2b\x49\x2b\
\x92\xd2\x62\xd4\x2b\x92\xab\x19\x6d\x86\xe4\x62\x00\x0b\x30\xc0\
\xe2\x7b\x30\x20\xf6\x86\x24\x30\x80\xba\x17\x16\x93\x32\x0c\xb7\
\xe0\x06\x48\xca\x40\xab\xdb\xfd\x51\x2f\x7f\x57\xf5\x4f\x9d\x3a\
\x8c\xb8\x79\xb3\x2a\xb3\x32\xab\xea\xff\x03\x12\x99\xf7\xde\xb8\
\x11\x27\x4e\x7c\x9c\x88\xb8\x37\xe3\x5c\xbb\xf6\x9c\x3c\xd2\x17\
\x71\xa3\x63\xe5\x07\x39\xf8\xcd\x37\x71\xe5\xbc\x94\xee\x53\x27\
\x11\xf5\xae\x72\xe3\x1a\x1f\xe2\x52\x99\x92\x07\xf2\xa5\xf4\xb8\
\x4e\x7c\x0a\x93\xcb\x36\xeb\xe8\xc8\x91\x23\x6d\x18\x64\xc9\x75\
\x81\xb8\x38\x4f\x3a\x59\xd6\x1c\x17\xf2\x72\xbf\x74\x26\x59\x38\
\x4f\x78\xae\xf1\xfb\xe6\xcd\x9b\xad\x71\x27\xbe\xd3\xa7\x4f\x8f\
\x06\x0a\x31\x2e\xdd\x27\x59\x24\x1b\x50\x37\x18\x54\xe4\xb2\x89\
\x44\xb9\x05\xb2\x67\xd9\xa4\xa7\xae\xf2\x28\xe9\x0d\xb9\x14\x47\
\x6c\x23\x2a\x3b\xc5\x1d\xf5\x06\x31\x6c\x4c\x4f\xd7\x4a\xe9\x08\
\xe9\x4f\x75\xa8\x94\x07\xe2\xe2\x3c\x83\x1d\xa5\x55\xcb\xab\xf9\
\x3d\x0b\xbb\xdc\x44\x27\x74\xf2\xe4\xc9\xb6\x00\x19\xbd\xf3\x1b\
\x28\x64\x46\xab\x14\x32\xd7\x0e\x1f\x3e\x3c\xf1\x52\x0c\x0d\x9f\
\xf8\x34\x3a\x23\x1e\x46\x17\x54\x12\xe2\x3d\x76\xec\x58\x3b\x6a\
\x3e\x77\xee\x5c\xfb\x9b\x6b\xdc\x13\xe1\xde\x7c\xfe\xfc\xf9\xf3\
\xa3\xd9\x0b\xbf\x49\x83\xfb\x35\xa2\x44\x56\xf2\x42\x1a\x34\x7e\
\xae\xc5\xf4\xb9\xce\x35\xc2\x70\x8d\x34\x94\x8e\x3a\x7c\x7e\x13\
\x2f\x7a\x20\x0e\xee\x29\x8d\x32\x35\x63\x22\x2e\x7e\xc7\x19\x14\
\xb2\x11\x3f\x71\x28\x2d\x75\xae\xc4\x4f\x63\x93\xbc\xe8\x00\x99\
\xd0\x79\x4c\x07\xfd\xf4\x9d\xa1\x90\x8e\xf4\xab\x3c\xa8\x43\x43\
\x5f\xb5\x91\x5d\xe9\x3e\x35\x66\x95\x5f\x34\x86\x8c\xb8\xe3\x4c\
\x08\xd9\xf9\x70\x1e\x90\x97\xf4\xb8\x9f\x7b\xd1\x43\x2d\x0f\xe4\
\x99\xb8\x31\x10\xd4\x2f\x3e\xdc\x97\x97\x7e\xd0\x1f\xe7\x09\xab\
\x3a\xca\x31\xe9\xc4\x59\x0d\xb2\xc7\x7a\x4a\xda\xe4\x4f\x46\x2f\
\xca\x86\xae\x95\x17\x88\xf7\xa9\x4d\x70\x8d\xfb\x89\x07\x94\x1f\
\xce\x69\x60\xd3\x35\x62\x26\x0e\xe9\x2d\xca\xa4\xbc\xf3\x91\x51\
\x53\xfa\xb5\xf2\xc8\xa0\x13\x5d\x23\x0e\xe2\x55\x1c\xaa\xeb\x7c\
\x67\xbd\x11\x96\x7b\x15\x56\xd7\x9e\x3d\x7b\xd6\x5e\xa3\xce\xc5\
\x7a\x9c\xcb\x8e\xfc\x48\xe7\x5c\x93\x7e\xd1\x8d\xda\x1a\x69\xca\
\xe8\xaa\xbd\x2b\x5c\xcc\xab\xf9\x03\x0b\x3b\x93\xb8\x7f\xff\x7e\
\x5b\x70\x8c\x4a\x29\x64\x8d\xb0\x29\x7c\x46\x1f\x5c\x07\x3a\x4a\
\x2a\x96\x46\x8a\x11\x3a\x08\xae\x41\x6c\xd8\x8c\x9c\xa9\x70\x54\
\x08\x46\xd8\x7c\x6b\x54\x41\xfc\x7c\x13\x3f\x95\x88\x0a\x4e\xd8\
\x8d\xc0\xfd\x8c\x0a\x91\x17\x59\xa8\xf4\x8f\x1e\x3d\x1a\x55\x78\
\xe2\x8e\x95\x9e\x73\x8c\xd8\x39\x27\xe3\x42\x27\x25\x34\x02\xba\
\x7c\xf9\x72\x1b\x9f\x2a\x75\x69\xa6\x43\x87\xc3\x39\xf4\x42\xbc\
\xc4\xc5\x31\x32\xc8\x00\x12\x8f\x3a\xa8\xdc\xd8\x65\xd8\x48\x0f\
\x99\x48\x03\xa3\x21\xc8\x47\x09\xc2\xa9\xf1\x6a\x04\x8e\x8c\x77\
\xee\xdc\x19\x85\x41\x1f\x74\x14\x3a\x87\x1c\xa5\xd9\x60\xbe\x4f\
\xe5\x43\x9d\x50\xb9\xa1\x13\x8e\xb9\x46\xe7\x4a\x07\xa9\xb8\xe8\
\x5c\x28\x7f\x75\x14\x74\x06\xaa\x37\xd2\x67\x6d\x79\x8a\x11\x25\
\x75\x4b\xf2\xd2\x59\xa1\x4b\xf2\xa3\x99\x09\x71\x3e\x7e\xfc\xb8\
\x8d\x9f\xb0\x31\x1f\x1a\x49\x47\xb8\xae\x74\xb9\x37\xce\xb8\xc8\
\x17\xe7\xa8\x33\xcc\x02\xe2\x2c\x41\x50\x16\xe8\x94\xb2\x53\x1a\
\xa4\x2b\xa3\xc1\xbd\xaa\xab\x5c\xd3\x40\xa3\x34\xd3\xec\x02\xbd\
\x91\x7f\xe2\xd0\xac\xb8\x29\x94\x87\x8c\xa6\xf2\x25\xd0\x89\x8c\
\x8c\x64\x41\x7f\x9a\x8d\x12\xb7\xda\x2b\xf2\x53\x96\xca\x6b\x0c\
\x4b\xdc\x84\xd3\xe8\x5e\x79\x1a\x87\x06\x3c\x79\x46\xab\x59\x8d\
\x66\xfb\xca\xab\xf2\x19\xf3\x6a\xfe\xc0\xc2\xce\x24\xd4\xb9\x6b\
\x8d\x5b\x8d\x40\x0f\x15\x99\x8e\xeb\xb9\x83\x46\x94\x19\x2a\x17\
\x15\x90\x0f\x86\x41\xa8\x42\xa8\x93\xe0\xa3\x0e\x21\x56\x24\x88\
\xf7\x4d\x8a\x1a\x3a\x71\xd1\x70\xe2\x54\x5a\x15\x3f\xce\x44\x64\
\x10\x96\x2b\xcf\x04\x94\x47\xdd\x4b\x87\x44\x43\xc8\x9d\x89\x96\
\xaf\xb4\x54\x41\x38\x3d\x4b\xd0\x5a\xbb\xf2\x25\x43\x9c\xe3\x40\
\x27\xdc\xab\x86\x9d\x97\x16\x34\x22\x2b\xe5\x99\x7b\xf8\x68\x29\
\xa1\x14\x66\x75\x75\x75\x5d\x5c\x25\x34\x1a\xd6\x87\x4e\x23\xea\
\x40\xcb\x23\x35\x7d\xa9\xb3\x55\x5c\xd9\x10\xd5\x96\x99\xb2\x4c\
\xfc\x96\xbc\x32\xe2\xa0\xd9\x1c\xa0\xd7\x1c\x7f\x94\x2b\xfe\x56\
\x1d\x8b\xe4\xe5\xbc\x12\xd4\xa1\x52\x1e\x54\xa6\x59\x0f\x32\x8e\
\x93\x82\x2c\xe4\x8d\xce\x5a\x83\x0d\xc8\xe5\x91\x67\x4b\x22\xce\
\x82\x84\x66\x6f\xfa\x1d\xf3\x94\x75\xa1\x19\xc6\xa4\x65\x26\xb4\
\x14\x1b\xa1\x9c\x4a\xf5\x24\xe7\xd5\xcb\x4d\xcf\x33\xb7\x99\x84\
\x2a\x0a\x9d\xa4\x0a\x9e\x8a\x11\x2b\x05\xa3\x70\x60\x94\x45\x21\
\x6b\xed\x5c\x23\x74\xa0\x22\x69\x3a\x9a\x21\xde\xd8\xf8\xe2\x83\
\x6c\x2a\x03\x23\x32\x19\x20\x85\x53\x05\x15\xe3\x1e\x60\xc6\xb0\
\x5d\x0d\x52\xcb\x03\x1a\xd9\xc5\x75\xf5\xd8\x61\xf6\x41\xd3\xf8\
\xf8\x2c\x23\xe6\x5f\xf9\x44\x67\xea\xc4\x80\xb0\x7a\x00\x4e\xbe\
\x34\xb3\xd0\xda\x7d\x44\x8d\x3a\xa6\xa5\xdf\xca\x6b\xa9\x73\xcf\
\xeb\xe7\x35\xfa\xbc\xa0\x20\x03\x26\xe2\x60\x40\xb2\x20\x7b\x69\
\x16\x59\x8a\x2b\x0f\x24\x06\x1b\x78\x00\xaa\xfc\x69\xb9\x46\xf5\
\x10\xbd\x66\x9d\x3c\x79\xf2\xa4\x18\x07\x6f\x90\xe5\xce\xb5\x8f\
\x2c\xb1\xa3\x15\xd4\xfd\x8d\xbc\xd4\x80\x0c\x74\xd0\x91\xd8\x89\
\x6b\x50\xc1\x37\x1d\x28\x33\x08\x0d\x4a\x62\xf8\x92\xdc\xc8\x94\
\x75\xa1\x65\xc2\x8c\x1e\xca\x67\xbd\x49\xcf\xb1\xce\x01\x33\x58\
\x0d\xa6\xb2\x2e\x74\x5c\x7a\xd0\xaf\xf4\xb3\x0c\x39\xaf\xcc\x54\
\xe2\x6c\xc9\xcc\x71\x26\x41\x85\xa3\x93\xd2\xf3\x06\x0a\x87\x86\
\xa7\xa9\xb4\xd6\xcd\xb5\xcc\xa4\xc2\xa5\x43\xd0\x92\x06\x53\x6b\
\xee\x8d\x4b\x08\x7d\xc1\x28\x68\x66\xa2\x59\x0b\x30\xeb\xd0\xb3\
\x0e\x0c\x88\xe4\xc9\x68\xed\x5b\x32\x68\x6a\xdf\x95\x1e\xd7\x15\
\x2f\xf7\x44\xe3\xd4\x07\x8d\x9a\x35\x92\x23\x4d\xad\x23\x47\xa8\
\xec\xe8\x97\xca\xae\x0f\x79\x45\x97\x59\xef\x7c\xe2\x3a\xb3\xd0\
\x03\x6c\x3d\x93\xc9\xd3\x7c\xf2\xd1\x67\xea\x0f\xa4\xa9\x25\x28\
\xad\x9d\x47\xe3\x55\x03\xdd\xc4\x75\x67\x7e\xcb\x68\x23\x13\xcb\
\x1c\x7a\x66\x20\x6a\x65\xb0\x9c\xd6\xf7\x09\xb7\xd1\xf5\x67\x06\
\x2b\x7a\x46\x21\xa8\x27\xe4\x4b\x9d\x26\x86\x3a\x3f\xc7\x12\xc8\
\x1c\x5f\x8f\xd5\x12\x60\xa4\x34\x42\xd7\x12\x8c\xee\xa3\x9e\xc6\
\x87\xcd\x35\x08\x93\xe3\xcb\x32\x44\x5d\xa0\x67\x1d\xc7\x91\xbb\
\x96\x0e\x41\x4b\xbf\xa5\x41\x14\x9d\x34\xf9\x89\xba\xd0\xe0\x2e\
\x53\xd2\x1b\x06\x4c\x6d\x23\x5e\xd3\x8b\x04\x42\xed\x17\x34\xd8\
\x91\x9c\x7a\xae\xa6\x6b\xd4\x97\x52\xdd\xa8\xe5\xd5\xfc\x81\x17\
\xfe\xf6\xcd\x6f\x5e\x6c\xa6\xc8\x8b\x07\x5e\xef\x1d\x96\xca\xfd\
\xca\x2b\xaf\xb4\x15\x8d\x02\xff\x6f\xff\xed\xbf\x8d\x2a\xbc\x5e\
\xdf\xd4\x03\x2e\x3a\x84\x03\x07\x0e\x34\x6f\xbc\xf1\x46\x5b\x81\
\xa8\x2c\x1f\x7d\xf4\x51\xf3\xed\x6f\x7f\x7b\x5d\x27\x2f\x7e\xf3\
\x9b\xdf\xb4\x0d\x21\x8e\x7c\x89\x8f\x8a\x40\x9a\x2f\xbd\xf4\x52\
\xf3\x8b\x5f\xfc\xa2\x79\xf7\xdd\x77\xdb\xb8\x55\x81\x15\x3f\xe7\
\x95\x2e\xf7\x29\xae\x18\x2f\x32\xbe\xf7\xde\x7b\xad\x1c\x5f\xff\
\xfa\xd7\x5b\xf9\xfe\xfa\xaf\xff\xba\xed\x14\xa9\x98\x1c\xab\xe2\
\x69\xdd\x9a\xbc\x72\xcf\xb7\xbe\xf5\xad\xb6\x33\x47\x0e\xc9\x46\
\x7c\x1c\x67\xf9\xf5\x9b\x78\x09\x43\xdc\x5a\x7a\xf8\xef\xff\xfd\
\xbf\x3f\xb7\x94\xc1\x35\xf4\xf2\x8d\x6f\x7c\x63\x64\xcc\xc8\x33\
\xf1\x70\x4e\x6f\x5a\x11\x0e\x19\xe3\x5a\xba\xd6\x68\x39\xff\xe6\
\x9b\x6f\xb6\xf2\x7e\xf8\xe1\x87\xcd\x77\xbe\xf3\x9d\x76\xc4\xaa\
\x3c\xe9\x39\x08\xfa\x8a\xa0\x8b\x3c\x2b\x21\x4d\xe4\xa2\x9c\x30\
\x54\x34\x7e\x95\xb3\xde\xb0\x51\xbe\x23\xc4\xad\xfb\xfe\xee\xef\
\xfe\xae\xd5\xad\x9e\x8f\xa8\x2e\xf0\xb9\x77\xef\xde\xa8\xdc\xfe\
\xc7\xff\xf8\x1f\xcd\xcf\x7f\xfe\xf3\x51\x9a\xb1\xe1\x93\x26\xf5\
\x86\x0e\x8c\xef\xef\x7d\xef\x7b\x6d\xfa\x47\x0b\x6f\xae\xe5\x19\
\x51\x8c\x8b\xf3\x3f\xfa\xd1\x8f\xda\xfa\xaa\x7a\xa3\xa5\x1d\x3a\
\x1d\xea\x2c\xcb\xa4\xd4\x09\xe9\x3e\xde\x4f\x5e\x91\x4f\x2f\x31\
\x50\x1f\xfe\xeb\x7f\xfd\xaf\x6d\x1d\xd0\xb2\x1e\x71\xfc\xec\x67\
\x3f\x6b\x65\xa6\x4c\xc8\x1f\xf7\xc9\xc0\xeb\x99\xd1\x0f\x7f\xf8\
\xc3\x91\x0c\x59\xf7\xd2\x2d\xe1\xf3\x9b\x63\xc4\x45\x9c\xdf\xff\
\xfe\xf7\x5b\xdd\xbe\xf6\xda\x6b\xcd\x9f\xfe\xe9\x9f\xb6\x72\x91\
\x06\x6d\x83\xb8\xd1\xad\xda\x07\xe7\xdf\x79\xe7\x9d\xd1\xcb\x10\
\x84\xa5\x8e\x64\x28\x03\xc2\xf0\xd1\x1a\x3f\xbf\x55\xd7\xa3\x6e\
\x65\x3c\xd0\x1b\x72\xc4\xb0\x5c\xa3\x9c\xe3\x35\xd2\x43\x9f\x7c\
\x90\x07\x19\xa5\xc3\x7c\x4d\x7a\xa2\xac\xc9\x83\xd2\x24\x3d\xca\
\x8f\x6f\xda\x64\x29\xaf\xdb\x95\x4f\xde\x7d\xbb\x99\x36\x4b\x1f\
\xdc\xfa\xf1\x64\x6b\x1d\x63\xf8\xc2\xf1\xef\x36\xdb\x05\x1a\xf2\
\xd1\xca\x2b\x9b\xc6\xd4\xd0\xc8\x74\xbb\x2c\x4b\xd0\xc9\xe6\x57\
\xa0\x67\x49\xe9\xa1\xbd\xd9\x1a\x7e\x77\xfb\x27\xcd\xb4\xd9\xb5\
\xff\xb8\xd6\x2b\x8e\x93\x2c\xf7\x18\x03\x7a\x29\x60\x3b\xc0\xc8\
\xbd\xcf\x33\x1b\x63\x6a\x2c\xf4\x9f\xe9\x66\x0d\xcb\x0e\x5e\x87\
\x34\x1b\x61\xbb\x0c\x2e\xe6\xb1\x74\xe2\x7f\x34\xef\x2c\x76\xf5\
\x72\x93\x31\xc6\xec\x24\xbc\xdc\x64\x8c\x31\x66\x4b\xb1\x91\x30\
\xc6\x18\x53\xc5\x46\xc2\x18\x63\x4c\x15\x1b\x09\x63\x8c\x31\x55\
\x76\xad\x91\x90\x6f\x88\x71\x4c\xcb\x47\x81\xd0\xd6\x1c\xd3\x22\
\xfe\xd3\x74\x2b\xd8\x2a\x07\x38\xfa\x37\x71\x8d\xcd\x3a\x3f\x5a\
\xe9\x70\x5e\xd3\xa7\xcc\xfb\xea\x7d\xa3\xe5\xb3\xb2\x0d\x9c\xeb\
\xcc\xcb\x19\x52\xdf\xb6\x3b\x4b\x28\x9b\xdd\xb2\x63\xec\x8e\x32\
\x12\x14\x5c\x69\x9b\x8a\x1a\xfc\x99\x6e\x1c\xfc\xcb\x78\x9a\xaf\
\x11\x6a\x9b\x91\x69\x41\x9e\x6b\xdb\x3f\xcc\x02\xb6\x5c\xd8\x8a\
\xd7\x2a\x6b\x1b\x08\x8a\xcd\xfe\x01\xb2\xcb\x79\x4d\x9f\x32\xef\
\xab\xf7\x8d\x96\xcf\x34\x9c\xeb\x6c\x84\x49\x5e\x5f\xd5\x16\xec\
\xf3\x80\xad\x3b\xba\x88\xdb\x79\xcc\x82\x71\xf5\x73\x27\x31\xd7\
\x6d\x39\x40\xbe\x0e\xe4\x88\x47\x70\xcc\xdf\xfb\xb5\x1b\x69\x74\
\x38\xc4\x87\xed\x01\x34\x9a\xd4\x7d\xfc\x41\x4e\x0d\x92\x73\xda\
\x06\x20\xc6\xc3\xbd\x9c\xd7\x66\x69\xcb\x6b\xfb\xc8\x6b\x9b\x0e\
\xed\xe9\xcf\x5f\xfb\x81\x2d\x29\xb4\x8d\x87\x46\x84\x84\x61\x1b\
\x00\xb6\x0c\xa8\xe5\x85\x38\x88\x2f\x6f\x76\xa7\x2d\xbb\x19\x25\
\x23\x2b\x71\x4b\x2e\x3e\x4a\x17\x24\x57\xcc\x87\xb6\xfb\xe0\x7e\
\xbe\xb5\x0d\x87\xe2\x8c\x32\xc5\x38\xb9\xc6\x37\x71\x68\xeb\x86\
\x18\xa7\x74\x02\x31\x6c\x94\x51\x71\xc6\x34\x08\x4b\x3e\x73\xf9\
\x45\x72\x3a\x2a\x0b\x6d\xc5\x21\xbd\xc5\xb8\xd1\x3b\x48\x1f\x39\
\x8c\x7c\x72\x94\xd2\x8a\x7a\x1f\xac\xed\x26\x1a\x8f\xf9\xb0\xed\
\x8a\x36\x90\xcb\x7b\x0b\xc5\x32\xaf\xc9\x27\xbd\xab\x4c\x4b\xf5\
\xa1\x4f\xb8\x5a\x3d\x97\xd3\x2b\x6d\xd1\xc1\xf9\x52\xb8\x28\x5f\
\xad\xe3\xd2\x35\xb6\xf9\x50\xd9\x97\xf2\x44\x59\xbe\xf5\xd6\x5b\
\xa3\x38\xb2\xee\xe3\xa6\x8f\xda\x6a\x44\x5b\xd0\xa8\x4d\x8e\xd3\
\x45\x0c\x87\x9e\xb5\x9d\x09\xe9\xaa\x4c\xe2\x16\x2d\x25\x39\xb9\
\x1e\xd3\xc8\x7d\x08\x3a\xa2\x4c\xd9\xe6\x44\xe1\xb4\x9d\xba\x88\
\x6d\x4b\xf5\x7d\x9c\x7e\x22\xc8\x2e\xf9\x63\xf9\xe4\xf6\xb2\xd5\
\xcc\x62\x5b\x8e\xb9\xce\x24\xe4\x7c\x44\x8a\xd6\x28\x66\x90\x9c\
\x8d\x30\xb5\xd4\x46\x6f\x84\x93\xe3\x15\xf6\x33\xa2\xb3\xd0\xb4\
\x2f\xee\x07\x13\xe3\xd1\x39\x39\xca\x89\x8e\x49\x80\x0a\xab\x0d\
\xc0\x88\x53\x0e\x4b\x74\x4d\xe1\x09\x43\x7a\xf8\x2c\x20\xee\xb8\
\xc1\x5d\xcd\x89\x4c\x09\xc2\x52\x89\x88\x07\xf9\xd4\xf0\xb3\x13\
\x15\x85\xd3\x56\xc6\xea\x04\x48\xb7\xe4\x2c\x27\x4f\x7f\x07\xc1\
\x21\x0f\xd7\xe2\x28\x31\x3a\x90\x91\x63\xa3\x41\xd8\xec\x4d\xd7\
\x90\x31\x5f\x13\xc8\x21\x7f\x0a\xe8\xa5\x24\x93\xca\x40\xb2\xab\
\x0c\x34\x9b\x92\x4f\x0d\xe9\x4d\x32\xae\x04\xa7\x38\xda\x84\x4d\
\xb2\xaa\x4c\x4b\xc8\x07\x88\x20\x8e\x28\x57\x94\x5f\xcb\x25\x94\
\x79\xf4\xed\x11\xcb\x3c\xcb\x17\xcb\x5c\x8e\xaf\xe4\xe4\xa7\xb6\
\xfc\x10\xc3\xf1\x9d\x9d\xea\x80\xea\x79\x29\x0e\x64\x50\x79\x10\
\x4e\x4e\xa7\x74\x4d\xf5\x2e\xfb\x27\x11\x25\xe7\x4b\x25\x87\x3c\
\x1c\x6b\x9b\x6f\x75\x72\x6c\xe4\xa8\xfc\x93\x0f\xd2\x88\x75\x2a\
\xe6\x23\xea\xa2\xab\x2e\x28\x9c\xe2\x23\x2c\xb3\x37\x76\x43\x8e\
\x65\x5b\x92\x33\xd6\x1b\xe9\x56\x61\xf8\xad\x41\x1e\xf9\x88\x5b\
\x96\x77\x39\x28\x42\xb7\x5c\x1f\xa7\x9f\x88\xbc\x36\x02\xdf\xb9\
\x4d\xaf\xec\xa0\x6d\x49\xe6\xf6\x8f\x6b\x55\x34\xad\x2d\x32\x12\
\xd6\xce\x91\x72\x06\x14\x1d\x91\x50\x50\xda\x5e\x40\x9b\x77\xe9\
\x37\x15\x99\x6b\xda\x1c\x4d\xf7\xc9\xb1\x4e\x74\x04\x53\xdb\xb9\
\x94\x0d\xd0\xa2\x9f\x06\x2a\x4e\x69\x77\xcd\x98\x2e\x9b\xdf\x51\
\xd1\xe4\x41\xae\xe4\x44\xa6\x84\x9c\xd7\x00\xf2\x51\xc9\xb4\x01\
\xd9\x4a\x70\xfd\xb8\x1c\x76\x2e\x95\x63\x1d\xc9\xd7\x67\xa9\x2c\
\x13\x37\x39\x2b\x39\x02\xa2\xa2\x6b\xeb\x6b\xf4\x1f\x37\xfd\xa3\
\xbc\xe2\xf6\x0e\x1a\xc9\xeb\x9f\xc7\xc8\x5c\xea\x18\xd0\x57\x94\
\x3d\x96\x81\x46\x7f\x72\x5a\xc3\x35\x6d\x97\x12\x21\x5c\x96\xb5\
\xcb\x50\x68\x0b\x74\xe9\x53\xa3\x5d\x75\xf4\x1c\x93\x9f\x52\x99\
\x1f\x4d\xee\x30\xb3\x7c\x9a\xf5\xe9\x38\xd6\x07\xe2\x28\x6d\x81\
\x51\x0b\x37\xae\x9e\x47\x39\x28\x17\xe9\x10\x5d\x90\x7f\x64\x67\
\xeb\x6c\xda\x0d\xd7\x94\xcf\x12\xda\x0e\x5b\x33\x2b\x95\x33\x50\
\xbe\xd4\x41\xed\x8c\x2c\x79\xe4\xe2\x33\xca\x5e\xf3\xe4\xa7\x8d\
\x04\x63\x3e\x4a\xfb\x45\xe5\xf8\x58\x36\x92\x83\x31\x50\x9b\x92\
\x9e\x63\x9b\x92\x9c\x51\x3f\x8c\xdc\x91\x5b\x7a\xd5\xac\x91\x78\
\xf3\x16\xfa\x5d\xa8\x8c\x07\x05\x87\x45\x0c\x84\xc6\xed\xb6\x2b\
\x19\x14\x57\xf4\xc3\xb1\xdd\x99\x9b\x91\x28\x79\x53\xd3\xb6\xdc\
\x5c\xcb\x15\x4c\x3b\x8f\x42\x2e\xf8\x5a\x67\x5c\x72\xd2\x52\xf3\
\x87\x1d\xf7\xe4\xd7\x88\x35\x93\xd3\xd5\x48\x63\x30\x28\x3b\x91\
\xa9\x35\xa8\x18\x8f\xe2\x00\xb6\xa0\xd6\x72\x94\xdc\x98\x96\xee\
\xc9\x3b\x94\xf6\x25\xce\xb0\xf2\x74\x18\xbd\x44\xff\x07\x51\x4f\
\xa5\xfd\xf9\x69\x9c\xb9\x33\x2b\x75\x0a\x25\x07\x30\x51\x8e\xac\
\xb7\xbc\x84\xa4\xce\x3d\xcb\xda\xe5\x43\x41\x7a\x94\xff\x91\x78\
\x1c\xf3\x3d\xae\xcc\x4b\x4e\x6f\xa2\x73\xaa\x2c\x57\x6d\x9d\xbc\
\x16\x4e\xdb\x95\xc7\x19\xa7\x3a\xa9\x48\xee\xec\x62\x1e\xe4\x65\
\x50\x9d\x62\x69\xbb\x90\xec\xd7\x21\xce\xd8\x24\x47\xa9\x5d\xd0\
\x7e\xb2\xd3\x2d\x75\xc4\x99\xbe\x7e\xe6\xb3\x2e\x18\x79\xe7\xbc\
\xc9\x5f\x77\x8e\x13\x59\x72\x9b\xa2\xce\xc9\x3d\x2a\x9d\xf8\x46\
\xb6\x4b\x89\xfa\x91\x91\x8a\xfa\x19\x24\x67\x5f\xe3\xe2\xd8\x48\
\xdb\x5c\x64\xe6\x66\x24\xe4\xa4\x25\xa2\x51\x40\x1c\xf1\x09\x46\
\x4c\x93\x7a\x89\x2b\x39\x34\xa9\xb9\xdd\xdc\x0c\x1b\x75\x22\x93\
\xd1\x7e\xfd\xc8\x1c\x1d\x29\x95\x0c\x56\x9f\x87\xdf\xc4\x51\xa2\
\xd4\x21\x22\x6f\x1f\x47\x40\xa2\x54\x46\xa5\x86\xad\xb4\x72\x47\
\x25\x6a\xce\x61\xe2\xfd\x83\x82\xb3\xa0\xec\x30\x27\x82\x0c\x5a\
\x0a\x91\x87\x3c\x8e\xa9\x0f\x93\x74\x22\xe4\x31\xfb\x81\x2e\x19\
\xd8\x8d\x22\xcf\x7f\x79\xf6\x92\x3b\x99\xae\x37\xad\x08\xab\x37\
\xe6\xe4\x92\xb7\x6b\x43\x3f\xcd\x14\xa2\xcb\x51\xcd\x84\x4b\x61\
\xb3\x9e\x6b\x8e\x94\xa6\x4d\x5f\xdd\x13\x8e\x59\x11\xf2\x6b\xc9\
\x73\x33\x3b\xde\xd2\x2f\x65\xfd\xf4\x69\xcb\x3b\xf9\x21\xf6\xdc\
\x9e\x49\xc8\xfd\xe4\x20\x38\x06\xd1\xba\x1e\x0d\x27\xae\x83\xb3\
\x64\x40\x87\x37\x6e\xb4\x92\x3b\x94\x92\x43\x93\x71\x9e\xe6\x36\
\x42\x1f\x27\x32\x7d\xd1\x54\x3d\x8e\x5a\xe2\xac\x44\x4e\x7b\x6a\
\xf7\xc6\x70\xb5\xd7\x04\xe5\xd2\x34\x3b\x90\x99\x64\x67\xd3\x92\
\x03\x9c\xd2\xcc\x89\x0e\x2b\x97\x81\x3a\xbd\x52\x1d\xc8\x0e\x90\
\xf8\x4d\xc3\x8d\xb2\x6a\xdd\x19\xa2\x0c\xf1\x9e\xb8\xd4\x04\x1c\
\x47\x2f\x88\x7d\xd0\xb2\xdf\xa0\x87\xf3\x9a\x8d\xa0\x72\x8d\x3a\
\x2c\x3d\x93\x40\xf6\xec\x14\x48\xde\xd9\x58\x76\x52\xe7\x29\xc3\
\xdd\x45\x7c\xd0\x0c\x79\xcd\x5d\x33\x63\xc9\x17\x97\xff\xc6\xbd\
\x96\x3c\x4d\x8e\x16\x1c\x07\x51\x8f\xb2\x01\xa4\x0e\xe9\xc1\xb1\
\x7c\xad\x40\x69\x70\x21\xd9\x39\xaf\xe5\xb7\x4c\x49\x3f\x5d\x4b\
\x9b\xbb\x81\xb9\xba\x2f\x65\xdd\x8f\x8e\x8c\x11\x2c\xa3\x3c\xad\
\x03\x52\x41\x18\x1d\x50\x29\xf4\xf0\x49\xd7\xe2\x43\x35\xa1\x19\
\x46\x34\x30\x5a\xf7\x57\xe5\x22\x1e\x1a\x43\x74\x2a\xa2\x86\xc6\
\x94\x37\xc7\x59\xba\xa6\x73\x42\xd7\xe4\x4e\x95\xbc\x44\x47\x2f\
\xa5\x06\x4f\x1c\xb9\x13\x8c\x1d\x17\xf2\x63\x60\xe2\x88\x17\x63\
\x27\xd7\x8a\x74\x98\xd1\x5f\x6f\x5c\xae\x62\x04\xc5\xbd\xf2\x60\
\x47\x5e\x75\x2d\x4f\x95\xb9\x46\x9c\x72\xee\x14\x9f\x93\xe4\xb0\
\x31\x0d\x5d\x53\x99\xa8\xfc\x90\xab\xf4\x5a\xaa\x1c\x1c\x51\x26\
\x84\xe1\x58\x65\xd0\x55\x07\x62\x39\x23\xa7\xf2\xc5\xac\x8d\x7c\
\xca\xe5\x2b\x0d\xbf\x34\x72\xa6\x4e\xc4\x51\x70\xf4\x4d\x0d\x7d\
\xcb\x5c\xe5\xaa\x59\x56\x7c\xbe\x92\x8d\x45\x69\x39\x22\xea\x2e\
\x87\x93\x3b\x50\x0d\x8e\xd0\x8f\x46\xb0\x51\x06\xbe\xc9\x0f\x9d\
\x15\x3a\xe2\x3e\x2d\xcd\x12\x3e\x96\x41\xed\x39\x40\x44\x3a\xa7\
\x6d\xa0\xcf\x98\x27\xbd\x24\x42\x7a\xc8\xa9\xb0\xaa\xd7\x94\x43\
\x34\xf2\xe3\xf2\x38\x4e\x17\x59\xb6\x98\x6f\xd2\xd6\x73\xca\x2c\
\xa7\xe2\xa7\x6e\xa0\x0b\x06\x0e\xe8\x46\xf9\xa7\x4e\x70\x2f\xb3\
\x11\x74\xa4\x7c\xc8\x6b\x23\xe1\x94\x4e\xa9\x6d\xd4\xd2\x15\xb1\
\xdd\x8e\x6b\xd3\xdb\x1d\xef\x02\x3b\x25\xf4\xe0\x4f\xe8\xed\x9c\
\x38\x6d\xed\x03\xf7\x11\x97\x1d\x21\x8d\x67\xb0\xf6\x1f\x84\x9d\
\xee\x13\xc4\x7e\x97\x4d\x5f\x66\xb1\x0b\xec\xae\xf6\x27\x31\x4d\
\x68\xc4\x8c\x92\x18\x81\x69\xf6\x12\xdf\x20\xe9\x4b\x7e\x60\x6d\
\xea\x68\x84\x6d\x8c\x99\x1d\xde\xbb\x69\x4a\xd0\xb9\x33\xdd\xd5\
\x3b\xd6\xf1\x95\xc5\x49\x60\xd4\xb8\xd3\xde\x8e\x98\x15\x5a\xb2\
\xda\xe9\x6c\x17\x2f\x78\x66\x67\xe2\xe5\x26\x63\x8c\xd9\x21\xd8\
\xe9\x90\x31\xc6\x98\x2d\xc5\x46\xc2\x18\x63\x4c\x15\x1b\x09\x63\
\x8c\x31\x55\x6c\x24\x8c\x31\xc6\x54\x59\x18\x23\xc1\x6b\xa3\xb3\
\xfa\x37\x67\xe9\xdf\x95\x9c\x9b\xa6\x33\x21\x63\x8c\xd9\x89\xcc\
\x7d\xab\x70\x31\x08\xdb\x5a\x4f\x9b\xd2\x96\xdd\xbb\xe5\xf5\x49\
\x63\x8c\xd9\x0c\x73\xfb\x33\x1d\xb3\x06\xfe\x5d\xac\xbf\xc9\x0b\
\xce\xb1\xbf\x92\xb6\x70\x88\x68\x1f\x9d\xe5\xb0\x1d\x78\x66\x5c\
\x18\xd2\xd5\x96\xe2\x32\x12\xda\xe3\x07\x63\x52\x4a\xd7\x18\x63\
\x76\x2b\x73\x9b\x49\x2c\x17\x1c\x9c\xc8\x70\xc8\x71\x49\xdc\xc8\
\x8e\x3f\x99\x69\xdb\x69\xc2\x95\x36\x93\x8b\x0e\x48\x4a\x9b\xa5\
\x61\x04\x74\x3d\x3b\x1d\x61\xaf\x16\xd2\xad\x39\x19\x31\xc6\x98\
\xdd\xc8\xdc\x66\x12\x8c\xdc\xe3\x46\x58\xf2\x2d\x90\x1d\x97\x40\
\xc9\xc1\x8d\x9c\xb3\xe4\xbd\xe0\xb9\x16\x1d\x90\x08\xed\x60\x59\
\xda\x2a\x23\xef\x98\xaa\x3d\xe5\xfb\xee\x91\x6f\x8c\x31\x3b\x95\
\x85\xda\xbb\xa9\xf6\x8c\x40\x9d\x76\xdc\xc5\x53\xdb\xf9\xc6\x8e\
\x1c\xa3\x41\x67\xcf\x8c\x21\x3b\x20\x61\xb6\x80\x07\xac\x12\x35\
\x1f\x08\xc6\x18\xb3\xdb\xd9\x16\x1b\xfc\xb1\x3c\xc4\x76\xbc\xf1\
\x59\x41\xc9\x39\xcb\xf2\x9a\x9f\x5b\x60\xf9\x88\xad\x95\x35\x73\
\x90\xff\x83\xcd\x38\x24\x31\xc6\x98\xdd\xc6\x5c\xdf\x6e\x8a\x0e\
\x4e\xba\x60\xa7\xcf\xec\xe0\x06\x03\x90\x67\x1e\x72\x0a\x0f\xf2\
\x63\x20\x98\x61\xe0\x83\xa0\xe6\x52\xb4\x04\xe9\xed\x24\x87\xe6\
\xc6\x18\x33\x29\x2f\xfc\xed\x9b\xdf\xbc\xd8\x4c\x91\x17\x0f\xbc\
\xde\x3b\xec\x2b\xaf\xbc\xd2\xbc\xf5\xd6\x5b\xed\xef\x03\x07\x0e\
\xb4\x8e\x53\xe2\xd2\x0f\xde\xe8\xde\x78\xe3\x8d\xd1\xb3\x0b\x3a\
\x7a\x1e\x38\xcb\x55\xe1\x4b\x2f\xbd\xb4\x2e\x3e\xc2\x72\xfe\xa7\
\x3f\xfd\x69\x73\xef\xde\xbd\x91\x73\x1b\xc5\x43\x1c\xf8\x1f\xd0\
\x0c\x84\xf4\xf9\x0c\x92\xaf\x65\xe2\xe7\xfc\x7b\xef\xbd\x57\xf4\
\x93\x6d\x8c\x31\x8b\xc8\x27\xef\xbe\xdd\x4c\x1b\xef\x02\x6b\x8c\
\x31\x3b\x04\xef\x02\x6b\x8c\x31\x66\x4b\xb1\x91\x30\xc6\x18\x53\
\xc5\x46\xc2\x18\x63\x4c\x15\x1b\x09\x63\x8c\x31\x55\x6c\x24\x8c\
\x31\xc6\x54\xb1\x91\x30\xc6\x18\x53\xc5\x46\xc2\x18\x63\x4c\x15\
\x1b\x09\x63\x8c\x31\x55\x6c\x24\x8c\x31\xc6\x54\xb1\x91\x30\xc6\
\x18\x53\xc5\x46\xc2\x18\x63\x4c\x15\x1b\x09\x63\x8c\x31\x55\x6c\
\x24\x8c\x31\xc6\x54\xb1\x91\x30\xc6\x18\x53\xc5\x46\xc2\x18\x63\
\x4c\x15\x1b\x09\x63\x8c\x31\x55\x6c\x24\x8c\x31\xc6\x54\xb1\x91\
\x30\xc6\x18\x53\xc5\x46\xc2\x18\x63\x4c\x95\xa9\x1b\x89\xd5\x67\
\xff\xda\x18\x63\x8c\xd9\x5a\x3e\x7b\xf6\x7e\x33\x0b\xa6\x6e\x24\
\x3e\xf9\xa7\x5f\x36\xc6\x18\x63\xb6\x96\x4f\x7e\xf5\xa0\x99\x05\
\xd3\x37\x12\xff\xf8\xb0\xf9\xec\xfd\x7f\x6e\x8c\x31\xc6\x6c\x0d\
\xf4\xb9\x9f\xfe\x7a\x36\x03\xf4\x99\x3c\x93\xf8\xe8\x1f\xfe\x67\
\xf3\xf1\xbb\xf7\x9a\xd5\x0f\xfe\xad\x31\xc6\x18\x33\x1b\x56\x3f\
\xfe\xa8\xed\x6b\xe9\x73\x67\xc5\x9e\x66\x46\x7c\xf2\xce\xdb\xed\
\x67\x69\xef\x97\x9b\xa5\x17\x3f\xdf\x18\x63\x8c\x99\x1e\xab\x1f\
\xfc\x76\x4b\x06\xe2\x33\x33\x12\x62\x75\xf8\x30\x65\xb5\x31\xc6\
\x18\xb3\x1d\xf1\x2b\xb0\xc6\x18\x63\xaa\xd8\x48\x18\x63\x8c\xa9\
\x62\x23\x61\x8c\x31\xa6\x8a\x8d\x84\x31\xc6\x98\x2a\x36\x12\xc6\
\x18\x63\xaa\xd8\x48\x18\x63\x8c\xa9\x62\x23\x61\x8c\x31\xa6\x8a\
\x8d\x84\x31\xc6\x98\x2a\x36\x12\xc6\x18\x63\xaa\xd8\x48\x18\x63\
\x8c\xa9\x62\x23\x61\x8c\x31\xa6\x8a\x8d\x84\x31\xc6\x98\x2a\x36\
\x12\xc6\x18\x63\xaa\xd8\x48\x18\x63\x8c\xa9\x62\x23\x61\x8c\x31\
\xa6\x8a\x8d\x84\x31\xc6\x98\x2a\x36\x12\xc6\x18\x63\xaa\xd8\x48\
\x18\x63\x8c\xa9\x62\x23\x61\x8c\x31\xa6\x8a\x8d\x84\x31\xc6\x98\
\x2a\x36\x12\xc6\x18\x63\xaa\xd8\x48\x18\x63\x8c\xa9\x62\x23\x61\
\x8c\x31\xa6\x8a\x8d\x84\x31\xc6\x98\x2a\x36\x12\xc6\x18\x63\xaa\
\xec\x69\x66\xc8\xd2\x17\xbf\xd4\xec\xf9\x8b\x83\xcd\xe7\xf6\xfe\
\x49\x63\x8c\x31\x66\xfa\xac\x7e\xf0\xdb\xe6\xe3\x77\xef\x0d\xbf\
\xff\xad\x99\x05\x33\x33\x12\x7b\xbe\xfa\x5a\xb3\xe7\x2f\xff\x4b\
\xb3\xf4\xe2\xe7\x1b\x63\x8c\x31\xb3\xe2\x2b\xcd\x0b\xc3\xfe\xf6\
\xe3\xfb\x7f\xdf\x7c\xf2\xeb\x5f\x36\xd3\x66\x26\xcb\x4d\xcc\x20\
\x5e\x3c\xfc\x37\x36\x10\xc6\x18\xb3\x45\xd0\xe7\x7e\xee\x8f\xbf\
\xd2\x4c\x9b\x99\x18\x89\x17\xff\xf2\xff\x6c\x8c\x31\xc6\x6c\x2d\
\x2f\x1e\x78\xbd\x99\x36\x33\x31\x12\x9f\xfb\xf2\x7f\x6c\x8c\x31\
\xc6\x6c\x2d\x4b\x7b\xbf\xdc\x4c\x9b\xd9\x2c\x37\x79\x99\xc9\x18\
\x63\xb6\x9c\x59\xf4\xbd\x7e\x05\xd6\x18\x63\x4c\x15\x1b\x09\x63\
\x8c\x31\x55\x6c\x24\x8c\x31\xc6\x54\xb1\x91\x30\xc6\x18\x53\xc5\
\x46\xc2\x18\x63\x4c\x15\x1b\x09\x63\x8c\x31\x55\x6c\x24\x8c\x31\
\xc6\x54\xb1\x91\x30\xc6\x18\x53\xc5\x46\xc2\x98\x05\xe4\xc1\x83\
\x07\xcd\xd5\xab\x57\x9b\xc1\x60\xd0\x18\x33\x4f\x66\xba\x55\xb8\
\xd9\x1d\xd0\xa1\xd1\x99\xed\xdb\xb7\xaf\x39\x7a\xf4\x68\xb3\x55\
\x3c\x7d\xfa\xb4\xfd\x44\x90\x81\xcf\x2c\xd2\x58\x5e\x5e\x6e\x66\
\x81\x0c\x41\x8c\xff\xcc\x99\x33\xad\x5e\xf9\x5c\xbb\x76\xad\x31\
\x66\x5e\x78\x26\x61\x36\x0c\x1d\xd8\xfe\xfd\xfb\x9b\xc3\x87\x0f\
\x37\x27\x4f\x9e\x6c\x8e\x1d\x3b\xd6\x1e\x73\x7e\x2b\xb8\x75\xeb\
\x56\x9b\x5e\xfc\xbc\xfc\xf2\xcb\xad\x3c\xd3\x1a\x81\x2b\x8f\xe4\
\x6d\x16\x20\xa7\x64\x8f\x60\x6c\xb7\xda\xe8\x1a\x53\xc2\x46\xc2\
\x6c\x18\x0c\x03\x9d\xdc\x89\x13\x27\x9a\x2b\x57\xae\x34\x87\x0e\
\x1d\x6a\x8f\xe9\x50\xf3\x08\x7f\x52\x88\xa7\x6f\x1c\x8c\xc0\x2f\
\x5e\xbc\xd8\x7e\xf8\x4d\xc7\x5e\xeb\xd4\x4b\xb3\x0f\x8e\x27\x49\
\x6f\x23\xb2\x12\x66\x12\xc3\x75\xf9\xf2\xe5\xe6\xc9\x93\x27\xcd\
\xa9\x53\xa7\x9e\xbb\x26\x79\xa7\x25\x9b\x31\x5d\xd8\x48\x98\x0d\
\x11\x3b\x3d\x96\x43\xce\x9e\x3d\xdb\xdc\xb9\x73\xa7\x39\x7d\xfa\
\x74\x6b\x34\x74\x8d\x11\xf2\xd2\xd2\x52\xb3\xb2\xb2\xb2\xee\x7e\
\xce\xf1\xc9\xe1\x30\x36\x71\x56\xc0\xb2\xcb\xb8\x4e\x0e\xc3\x70\
\xe1\xc2\x85\xf6\x73\xff\xfe\xfd\x76\x04\x4e\xbc\x18\x0b\xd2\x25\
\x5e\xe2\x63\x8d\x9f\xef\xdb\xb7\x6f\xb7\xf7\x11\x2f\xf2\x92\x8e\
\xd2\xc3\xb8\x48\x26\xee\x95\xb1\xe1\x1c\xf1\x44\xe3\x73\xe9\xd2\
\xa5\x75\xf7\xf2\xcd\xec\x26\x52\x9a\xed\x70\x9f\xe2\x8c\x33\x88\
\x18\x3f\xf9\xe6\xf8\xc6\x8d\x1b\xa3\xeb\x92\x27\xa6\x79\xfe\xfc\
\xf9\xa2\x5e\xb3\x6c\x39\x9c\x31\x7d\xb1\x91\x30\x1b\x22\xae\xfb\
\xd3\xf9\xd2\xe1\x72\x0e\x83\xc1\x87\x59\xc5\x46\xa0\x33\xa3\xd3\
\xc7\xd0\xc0\xf5\xeb\xd7\xdb\x0e\x73\x23\x72\x45\xe3\x42\x87\x7c\
\xee\xdc\xb9\x75\xe7\x58\x96\xa2\x13\xe6\x1e\xd2\x23\x5d\x75\xc4\
\x7a\xc6\x12\xf3\xc1\xd2\xcf\xc1\x83\x07\xdb\xdf\x74\xc2\xcc\x5c\
\x20\x1a\x46\x66\x57\x32\x88\x18\x08\xcd\xb6\xb8\x57\x61\xb8\x0f\
\x9d\x29\xce\x52\xfc\x19\xcd\xd0\x88\x1b\x99\x08\x4b\x5e\x30\xaa\
\x25\xfd\x90\x86\xc2\x01\xe1\x64\x9c\x8c\x99\x04\x1b\x09\xb3\x21\
\xe8\x40\x19\xb9\x03\x1d\x92\x46\xe1\x71\xe4\xbb\x11\xe8\xc8\x99\
\x91\xdc\xbc\x79\xb3\xfd\x86\x3c\x0b\xc9\xd0\x81\x62\x4c\xf8\x68\
\xa9\x8b\x0e\x3f\xaf\xe7\x33\xdb\x79\xf4\xe8\x51\x73\xfc\xf8\xf1\
\x36\x2c\xf7\x11\x8e\x73\xa4\xc7\x2c\x44\x4b\x66\x74\xe2\xfc\x66\
\xd9\x07\x08\x87\x3c\x74\xb6\xea\xe8\x81\x7b\x30\x8a\xdc\x8f\xec\
\xa0\xce\x58\xdf\xe8\x49\x79\x22\x3e\xe4\x62\x96\x43\x9c\xf1\xa1\
\xb4\xe2\x2f\x21\x43\xa0\xd9\x12\x61\x91\x9b\x72\x20\x2f\x59\x47\
\xa4\x43\x18\x3e\x92\x95\x70\xc6\x4c\x8a\x8d\x84\xd9\x30\x74\x3e\
\x74\x42\xac\x9b\x6b\x14\xce\xa8\x9a\x11\xfa\x46\xa1\x03\x17\x1a\
\xc5\x8f\x5b\x83\xe7\x1a\x9d\x28\x1f\x64\x40\x16\x3a\xe4\x08\x9d\
\x29\x1d\x30\xd7\xf8\x7d\xf7\xee\xdd\xf6\x3c\xf2\x6a\xf6\xc1\x37\
\x86\x04\xf2\xb2\x51\x4e\x4f\xe1\x31\x04\x4a\x5b\xe7\xf5\xad\x07\
\xf8\x9a\x15\x81\x8c\xe0\xa4\x6f\x2c\xc9\x08\xc4\xb8\xc8\x8b\x74\
\xf4\xf0\xe1\xc3\x75\xe1\xa3\x81\xd4\x73\x8d\x69\x3d\xcc\x37\xbb\
\x0b\xbf\x02\x6b\x36\x05\x9d\x91\x3a\x24\x46\xaa\x2c\x17\xd1\x39\
\xd2\xc9\xc6\x0e\x6d\x23\xf4\x7d\x95\x35\x8e\xf8\xf3\x12\xd1\xa4\
\x71\x31\x23\x1a\x17\xfe\xd9\xb3\x67\xed\x77\xc9\x78\xe9\xad\xa4\
\xb8\xac\x35\xcd\x57\x72\x73\x5c\x7b\xf7\xee\x1d\xc9\xd2\x15\xce\
\x98\x8d\x62\x23\x61\x36\x04\x9d\x12\xeb\xed\xc0\xa8\x98\x51\x2d\
\xa3\x72\x96\x9b\x18\xf5\xaa\x23\x55\x67\xc5\x48\x57\xc6\x64\xda\
\xaf\xc8\x6e\xe4\x55\x51\xfd\x27\x01\x59\xb5\x6c\x06\x9a\x81\x74\
\xfd\x27\x42\xcf\x0d\x48\x97\xf0\xca\xa3\x1e\xe6\xeb\xbf\x1a\x32\
\x16\x5a\xd6\x52\x7a\xcc\x62\xe2\xac\xa5\xaf\xbc\xc4\xc3\x43\x77\
\xdd\x47\xdc\x9a\x41\xd4\x9e\x65\x18\xb3\x59\x6c\x24\xcc\x86\xd0\
\x1b\x44\x7c\x98\x3d\xb0\x4c\xf4\xf8\xf1\xe3\xd1\xb2\xc8\x91\x23\
\x47\xda\x6f\x66\x13\x18\x05\xad\x8b\x43\x6d\xdd\x7d\x2b\x61\x09\
\x06\x39\x90\x97\xa5\x22\xe4\xe5\xb7\x9e\xa9\xc4\x99\x09\xd0\x21\
\xb3\xb4\x44\x67\xcd\xbd\x18\x25\x3d\xe4\xc6\xc8\x90\x77\xf2\x48\
\x38\x66\x54\xcc\x66\x58\x5a\xe2\x1c\xf1\xeb\x79\x85\x9e\x69\xa8\
\xa3\x8f\x23\x7e\xf4\xc8\x7d\xa5\xd7\x5e\x09\xcf\x75\xe2\x43\x9f\
\x84\x8b\xcf\x55\x36\x3b\x6b\x33\xa6\x86\x8d\x84\xd9\x30\x8c\xa2\
\x99\x4d\xb0\xb4\xa4\x35\x7c\x3d\xd0\xd6\xc8\x99\xce\x4d\x9d\x99\
\x3a\x4a\x3a\xd8\x79\xaf\x8f\xeb\x41\x34\xf2\xeb\xa1\x37\x20\x3f\
\x06\x42\xf2\xd3\x19\x63\x00\x19\xc1\xd3\x41\x23\x3b\x9d\x38\xb3\
\x27\x0c\x04\x1d\xb6\x66\x54\x40\xde\xd5\xc9\xf3\x5b\x6f\x20\x29\
\xef\x40\x1c\x32\x9a\xa4\xc7\x35\xc2\xf0\x51\xfc\x19\xbd\x99\x85\
\xa1\x8a\x0f\xa0\x91\x2f\x3f\x7f\x31\x66\x9a\x2c\x7d\x70\xeb\xc7\
\xab\xcd\x94\xf9\xc2\xf1\xef\x36\x66\xf7\xc0\x88\x5a\x9d\x3e\x23\
\xda\xd2\x7a\xb8\xc2\xe8\xad\x23\xcd\x38\xb4\x4c\xa4\x63\x3a\xbd\
\x78\x7f\x0e\x17\x89\xcb\x3b\xb5\x57\x6e\xe9\x58\xe9\xc8\x6b\x61\
\xb8\x4e\x1a\x5a\xd3\xef\x92\x1f\x72\x3c\x31\xef\xc8\x58\x5a\xa6\
\xe2\xba\xee\x2f\xbd\x75\x05\xc8\xa8\xd7\x88\x89\x5f\xc7\x59\x1f\
\xfa\xff\x47\xed\x0d\xae\x92\xbe\xa4\x83\x7c\xde\xec\x4c\x7e\x77\
\xfb\x27\xcd\x34\xb1\x91\x30\xc6\x98\x1d\xc4\xb4\x8d\x84\x5f\x81\
\x35\xc6\x18\x53\xc5\x46\xc2\x18\x63\x4c\x15\x1b\x09\x63\x8c\x31\
\x55\x6c\x24\x8c\x31\xc6\x54\xb1\x91\x30\xc6\x18\x53\xc5\x46\xc2\
\x18\x63\x4c\x15\x1b\x09\x63\x8c\x31\x55\x6c\x24\x8c\x31\xc6\x54\
\xb1\x91\x30\xc6\x18\x53\x65\x26\x46\x62\xf5\xe3\x8f\x1a\x63\x8c\
\x31\xdb\x9f\xd9\x18\x89\x67\xef\x37\xc6\x18\x63\xb6\x96\xcf\xde\
\xff\xe7\x66\xda\xcc\xc4\x48\x7c\xfc\xee\xbd\xc6\x18\x63\xcc\xd6\
\xf2\xc9\x3f\xfd\xb2\x99\x36\x33\x31\x12\x58\x33\x1b\x0a\x63\x8c\
\xd9\x3a\x3e\x7e\xe7\x5e\xf3\xe9\xaf\xa7\x6f\x24\x66\xe6\x4f\xe2\
\x93\x77\xde\x6e\x3e\xfb\x97\x5f\x35\x7b\xbe\xf6\x7a\xf3\xb9\xbd\
\x7f\xd2\x18\x63\x8c\x99\x3e\x9f\x3d\xfb\xd7\xe6\x93\x5f\x3d\x98\
\xc9\x52\x13\xcc\xd4\xe9\xd0\x67\xc3\x67\x13\xff\xfe\xf6\xff\x6a\
\x8c\x31\xc6\x6c\x4f\xfc\x0a\xac\x31\xc6\x98\x2a\x36\x12\xc6\x18\
\x63\xaa\xd8\x48\x18\x63\x8c\xa9\x62\x23\x61\x8c\x31\xa6\x8a\x8d\
\x84\x31\xc6\x98\x2a\x36\x12\xc6\x18\x63\xaa\xcc\xf4\x15\x58\x58\
\x7a\xf1\xf3\x4d\xf3\xe2\x1f\x35\xc6\x18\x63\xa6\xc8\xc7\xff\xbe\
\x25\xfb\xe4\xcd\xcc\x48\xec\xf9\x4f\x87\x9a\x3d\x7f\x71\xa8\x59\
\xfa\xe2\x7f\x68\x8c\x31\xc6\x4c\x9f\xd5\x0f\x7e\xdb\x7c\xfc\xce\
\xdb\xcd\xa7\x33\xd8\x8e\x43\xcc\x64\xb9\xe9\xc5\xbf\xfc\xbf\x86\
\x9f\xff\x62\x03\x61\x8c\x31\x33\x64\xe9\x8b\x5f\x6a\xfe\xe8\x3f\
\xff\x4d\xf3\x47\x87\xff\xa6\x99\x15\x53\x37\x12\x2f\xfc\xf9\x6b\
\xc3\x59\xc4\xc1\xc6\x18\x63\xcc\xd6\xf0\xc2\x57\x5f\x6b\xfb\xde\
\x59\x30\x75\x23\xf1\xa2\x0d\x84\x31\xc6\x6c\x39\x7b\xbe\xba\x4d\
\x8c\xc4\x92\x37\xf3\x33\xc6\x98\x2d\xe7\x73\x5f\xfe\x4a\x33\x0b\
\xfc\x0a\xac\x31\xc6\x98\x2a\x36\x12\xc6\x18\x63\xaa\xd8\x48\x18\
\x63\x8c\xa9\x62\x23\x61\x8c\x31\xa6\x8a\x8d\x84\x31\xc6\x98\x2a\
\x36\x12\xc6\x18\x63\xaa\xd8\x48\x18\x63\x8c\xa9\x62\x23\x61\x8c\
\x31\xa6\x8a\x8d\x84\x31\xc6\x98\x2a\x36\x12\xc6\x18\x63\xaa\xd8\
\x48\x18\x63\x8c\xa9\x62\x23\x61\x8c\x31\xa6\x8a\x8d\x84\x31\xc6\
\x98\x2a\x36\x12\xc6\x18\x63\xaa\xd8\x48\x18\x63\x8c\xa9\x62\x23\
\x61\x8c\x31\xa6\x8a\x8d\x84\x31\xc6\x98\x2a\x36\x12\xc6\x18\x63\
\xaa\xd8\x48\x18\x63\x8c\xa9\x62\x23\x61\x8c\x31\xa6\x8a\x8d\x84\
\x31\xc6\x98\x2a\x36\x12\xc6\x18\x63\xaa\xd8\x48\x18\x63\x8c\xa9\
\x62\x23\x61\x8c\x31\xa6\x8a\x8d\x84\x99\x88\xa7\x4f\x9f\x36\x83\
\xc1\xa0\x31\xc6\xec\x0e\xe6\x66\x24\x1e\x3c\x78\xd0\xac\xac\xac\
\x8c\x8e\xe9\x7c\x38\x8e\x1d\x10\xbf\x63\x98\x59\x40\xba\xd7\xaf\
\x5f\x6f\x6e\xdd\xba\xb5\x6b\x3a\x3f\xe9\x5e\x9f\x49\xb8\x74\xe9\
\x52\xb3\x7f\xff\xfe\x56\x57\x37\x6e\xdc\x68\x8e\x1d\x3b\xd6\x6c\
\x16\xca\x60\x5a\xdc\xbd\x7b\x77\x26\xe5\x48\x5e\xe7\xc5\x3c\xd3\
\x8e\x4c\xb3\x9c\xcc\xf6\x61\x6e\x46\x42\x1d\x8c\x2a\x1e\x9d\x34\
\xc7\x67\xce\x9c\x19\x85\x39\x79\xf2\x64\x73\xfe\xfc\xf9\x66\x56\
\x90\xe6\xcb\x2f\xbf\xdc\xa6\x41\x5a\xa4\xbf\x1b\x0c\x85\xf2\xaa\
\x0f\x9d\xfe\xd5\xab\x57\x7b\xdd\x7b\xe4\xc8\x91\xe6\xc2\x85\x0b\
\xcd\xf2\xf2\xf2\x54\x8c\x38\x71\xc4\x7a\xb0\x59\x1e\x3d\x7a\xd4\
\xcc\x82\x79\xd6\x8b\x45\xa9\x93\x7d\xeb\x88\xd9\x59\xec\x69\xe6\
\xc4\xf1\xe3\xc7\x9b\x2b\x57\xae\xb4\x9d\xcc\x89\x13\x27\xda\x0e\
\x1b\x18\xe5\x02\x9d\x06\xbf\xcf\x9d\x3b\x37\x3a\xbe\x78\xf1\x62\
\xf3\xf0\xe1\xc3\x66\xdf\xbe\x7d\x6d\x47\x75\xe8\xd0\xa1\xd1\x3d\
\x8c\x70\x09\x73\xfa\xf4\xe9\xb6\x51\x11\xe6\xec\xd9\xb3\xed\x79\
\x7e\x0b\xce\x09\xae\xd1\xd9\xd1\xb1\x10\x07\x9d\x27\xb3\x0a\xd2\
\xc1\x58\x21\x23\xb2\x29\xac\xe2\x24\x0c\x72\x70\x2f\x72\xf3\xad\
\x8e\x53\x61\xd5\x79\x12\x5e\x71\x70\x8e\x86\x86\x9c\x74\xb6\xe4\
\x8d\x38\xa3\x8c\x5c\x23\xae\x18\x36\xc7\x4f\xfa\xb7\x6f\xdf\x1e\
\xe5\xf7\xd4\xa9\x53\xeb\x64\xd4\xac\x2c\xdf\x17\xe1\xbe\x6b\xd7\
\xae\xb5\xba\x22\xbf\xc8\x72\xf0\xe0\xc1\xe6\xe8\xd1\xa3\xed\x39\
\xe2\xe2\x1b\x1d\x73\x9e\x11\x3a\xe1\xe1\xf1\xe3\xc7\xcf\xc5\xa7\
\xbc\x10\x17\x10\x1e\x39\xc9\x3f\x46\x98\x78\x2e\x5f\xbe\xfc\xdc\
\x7d\xc8\x49\x18\xf4\x4f\xda\xa0\x4e\x91\x73\x4a\x8b\xb2\x50\x3e\
\x38\x4f\x5a\xe8\x00\xf8\x2d\x1d\xc4\x78\x15\x5f\xd7\x39\x74\xa5\
\x91\x3a\xf1\x90\x8e\xf2\x9d\xc9\x61\x95\xa6\xe4\xe1\x1a\xf7\x73\
\x2f\xe7\x90\x8f\xf3\x59\x3e\xcd\xc2\x5e\x7d\xf5\xd5\x66\x69\x69\
\xa9\xad\x0b\x40\xfe\x48\x83\x3a\xf5\xec\xd9\xb3\x66\xef\xde\xbd\
\xcf\xc9\x5b\x82\xf0\xe8\x89\xf8\x62\x5d\x23\xbe\x9a\x8e\x90\x81\
\x6b\xa4\x81\x0c\xf1\x1a\xf7\x52\xbf\xe3\x35\xc2\x93\x27\xca\x94\
\xb8\x48\x47\x33\x7f\x64\x55\x98\xa8\x37\xe9\x5b\x4b\x94\xd4\x89\
\x18\xa7\xd2\x81\x58\xbe\xb9\xcc\x72\x98\xae\xb2\xe5\x1b\xf9\x94\
\x96\x64\xcd\x79\x26\xac\xd2\xcb\xe5\x21\x5d\x48\x87\x5c\xe3\x9c\
\xd2\x26\x6e\xc2\x92\xd7\x9c\xdf\x52\x7e\xa2\x4c\x5d\x79\x5d\x58\
\x3e\xb8\xf5\xe3\xd5\x69\x7e\xfa\xf2\xe4\xc9\x93\xd5\xa1\xe2\x56\
\x87\x9d\x4b\x7b\x3c\x54\xda\xea\xb0\x30\x57\x87\x22\xad\xde\xb9\
\x73\xa7\xfd\xe8\xb7\xae\xf3\x19\x76\x42\xab\xc3\x02\x1e\x5d\x1b\
\x76\xf0\x6d\x3c\x7c\x86\x1d\x5f\x1b\x86\xdf\x84\x01\x85\xe5\xdc\
\xb0\x33\x5a\x27\x03\xd7\x38\x3f\xac\xf8\xad\x3c\x11\xee\x21\xad\
\x18\x56\x71\x92\x0e\xd7\x39\x1e\x56\x9e\x36\x8e\x61\x65\x69\xaf\
\x0d\x3b\xd2\xd1\xbd\xe4\x87\x6b\xc4\xad\xf3\xba\x47\xbf\x4b\x32\
\xde\xbf\x7f\x7f\x74\x9d\x78\xc8\x93\xe2\x1f\x76\xb4\xed\x35\x64\
\x50\x3c\xd2\xa1\xe2\x29\xa5\x11\x21\x3e\xee\x8f\x90\x36\xf2\xea\
\xba\xf4\x49\xba\xc4\xc3\x07\x90\xa7\xf4\x5b\x7a\x90\x1e\x39\x26\
\x1e\x20\x8e\x9c\x9e\x90\x8e\xa3\xae\x29\x57\xf4\x40\xd9\x0a\xf2\
\xad\x63\xc2\x52\x66\x82\xf3\x3a\x46\xcf\x1c\xf3\xad\xba\x13\xcf\
\x47\x38\x46\x77\x92\x99\xe3\x1c\xb7\x20\x3f\x39\xcd\xe1\x20\x67\
\x14\x77\x8e\x07\x79\x4b\xf2\x95\xae\x71\xaf\x64\x25\xfd\x28\x27\
\x69\x44\xdd\x64\x62\xbe\xa2\x4c\x25\x79\xbb\x64\xd0\xb5\x9b\x37\
\x6f\xae\xbb\x46\x5d\xd4\xb5\x2c\x07\xf5\x25\xa6\x9d\xf5\xa6\xf0\
\x5c\x23\x6c\xd6\x73\x2c\x9f\xdc\x36\x81\xf0\x31\x4d\x85\x29\xe9\
\x43\xe7\xd0\x25\x79\x10\xc3\x41\xd2\x3a\xdd\xc6\xf0\xc4\x9f\xe5\
\xe6\x98\x7b\x14\x26\x5e\xcb\x75\x0a\x3d\xe9\x98\x6b\xe8\x2a\x5e\
\xd3\x31\xf5\x3f\x96\xa9\xd2\x9e\x05\xd3\xee\xcf\xf9\xcc\x6d\xb9\
\x09\xcb\xaa\x11\x17\x1f\xac\x39\xa3\x5e\xce\x63\x8d\xb1\xba\xfc\
\xd6\xe8\x80\xeb\x8c\x56\xb5\xdc\x01\x58\x78\x3e\x8c\x54\x86\x05\
\xd2\x8e\x74\xf9\x2e\xa5\xc5\x79\x66\x2e\x11\xc2\x23\x03\xa3\x6a\
\x96\x9d\x98\x3d\xf4\x5d\xf6\x20\xce\x61\x05\x69\x47\x56\xc8\xa5\
\x3c\x30\xa2\xe3\x9a\x46\xf1\xc3\x0a\x3b\x92\x95\x73\xba\x87\xef\
\x38\x7a\xd3\x8c\x06\x19\x19\x8d\x6b\xb6\x44\x7e\x91\x4f\x7a\x22\
\x1e\x74\xc2\xbd\x9c\x67\x94\xc4\x3d\x92\x3b\xa6\x81\x5c\x7d\x97\
\x83\xe2\xe8\x97\x7c\x10\xa7\xf4\xd9\x67\x34\x8b\x2c\x1a\x69\x6b\
\x64\xc6\x39\x50\xd9\x64\x48\x4f\x23\x2a\xcd\x80\x04\x4b\x60\x71\
\xb4\x45\x5e\x34\x8a\x47\x4f\x59\x77\x79\x49\x06\xbd\x68\xe4\x06\
\x94\x4b\x1e\xbd\x69\x16\xa3\x59\x1c\xd7\x35\xaa\x2f\x91\xd3\x04\
\xc9\xcc\xe8\x50\xf1\x30\x03\xd4\x0c\x58\x61\x09\x27\xfd\xe4\x6b\
\x71\x86\x14\x8f\x95\xa6\x66\xd5\x94\xa9\x3e\x2a\x57\xd2\x54\xde\
\xb9\x2f\xca\x58\xd3\x51\x49\x06\x5d\xa3\xed\xc5\x6b\xd4\x0b\x46\
\xcd\x25\x38\xdf\x77\x44\x4c\x1d\x8a\x7a\x26\xbd\x58\xaf\x58\x72\
\xd4\x2a\x42\x64\xb5\x1d\xaf\xfd\x1e\xcd\x52\xc7\xa1\x99\x03\x90\
\x17\x8d\xee\x87\x1d\xf3\xe8\xbc\xca\x5d\xb3\x3f\x81\x6c\xf1\xfe\
\x78\x8d\x3a\x14\x65\x26\x6e\xd5\x31\xae\xc5\x59\x05\xd7\x34\x8b\
\xa3\x4e\x45\x3d\x11\x6e\x3b\x2d\x6b\xcf\x6d\xb9\x09\x28\x0c\x0a\
\x1e\x45\xa3\x44\x4d\xdf\xb4\xf4\x94\x97\x1f\x62\x27\x1f\xa7\x8a\
\xf1\x58\xc6\x27\xc2\x71\xa9\x32\xab\x43\x25\x0e\xd2\x64\x59\x84\
\xfb\x4b\xcb\x22\x99\xb8\x84\x15\x1b\x11\x95\x8f\x4e\x8c\x7c\x11\
\x2f\x1d\xa5\xe4\x89\x32\xe4\x8e\x97\x6b\x8a\x93\xe9\x3b\x1d\x43\
\x7c\x3e\xa3\x8e\x46\x4b\x1b\xf9\x5a\xe9\x77\x94\x71\x1c\xc8\xca\
\xbd\x6a\x48\x31\x4f\x7d\x3a\x02\xf2\xc3\x07\x3d\x32\x9d\x87\xbc\
\x04\x94\xa1\x11\xc9\xe0\x13\x96\xce\x55\xc7\xb5\x8e\x09\x30\x20\
\x19\xc2\xc7\x86\xa7\x65\x1e\x75\xce\xa5\x3c\x94\x0c\x07\xc7\xa5\
\xe5\xb4\x92\x2e\xc9\x67\x34\xce\x7d\xc2\xc6\x8e\x4a\xb0\x9c\x07\
\x5c\xcf\xf9\x56\x3e\xf2\xd2\x86\xa0\x0d\x61\x34\xb4\xd4\x28\x9d\
\x77\xe9\x08\x19\xf2\xc3\xf0\xd8\x19\x67\x6a\x83\x04\x06\x56\x7d\
\x51\x1e\x45\xd6\x7b\xd4\xa5\x20\x3f\xb4\x1f\xf2\x06\xe4\x6d\x5c\
\x9d\xce\xd7\xe3\xe0\x83\x8e\x5b\x71\xd1\x71\x2b\x5f\xf9\x9e\xa8\
\xe7\x78\x4d\x83\x9f\x2c\x37\x68\x00\x57\xca\x63\xd6\x53\x29\xaf\
\x8b\xcc\x5c\x8d\x04\x15\x07\x65\xd1\xf9\xab\xc0\x64\x38\x40\x46\
\x41\x85\x46\x85\xa1\x13\x51\x61\x51\xd0\x1a\x25\x68\xdd\x50\x0f\
\x53\xfb\x8c\x7e\x35\x73\x60\xb4\xaf\x0a\xa4\x8e\x86\xca\x41\x3c\
\xa4\xa7\x35\xd5\x3e\x9d\x25\xf7\x1c\x3e\x7c\xb8\x6d\xb8\xc8\x8f\
\xe1\xd1\x7a\xa6\xde\xa0\xe2\x37\x1d\x22\x15\xab\x34\xc2\xd6\xa8\
\x1e\x03\x46\x58\xe2\xd2\x28\x46\xf9\xe2\x1a\x70\x8d\x75\xd4\x49\
\x0c\x42\x46\xf9\x46\xef\xea\xa4\xe8\xc0\xf5\x7c\xa2\xef\x6c\x84\
\xb2\xd3\xac\x8a\xb2\x5a\x4e\xcf\x10\xb2\xfe\xf4\x66\x59\x3c\x16\
\x5d\x23\xad\xd2\x88\xb3\xd4\xe1\xa3\x77\xea\x05\x8d\x52\xb3\x9a\
\x08\x79\x25\xae\xd8\x29\xa8\x3e\x95\xe2\x47\xbe\xa8\x67\x8c\x79\
\x49\xef\xa5\x0e\x40\xf2\xd1\x61\xe4\x78\x48\x93\xb6\xb0\xbc\xf6\
\x0c\x21\xd6\x5d\xf4\xd0\xa5\x0b\x0d\x44\xf4\x9b\xb2\x64\x90\xd3\
\xa5\x23\x64\x28\x3d\xc3\xa9\x41\xbd\x8d\xa3\xeb\x12\x79\x26\x08\
\x9b\x7d\x89\x40\x7a\xd2\xc0\x81\xba\x45\x9b\x52\x5a\xb9\x03\xef\
\x83\xe2\xd2\xf3\xc8\x52\x5c\xb5\xfc\xe6\x99\x9a\xc2\x02\x75\x68\
\x12\x9d\x6e\x27\xe6\xfa\x3f\x09\x4d\x41\xe3\xd4\x93\x8e\x5f\xa3\
\x3f\x4d\xfd\x55\x00\x74\x62\x4c\x4b\xd5\x09\xab\xd0\xf8\xa6\xa1\
\x30\x7a\xe2\xd3\xb7\xc3\xa4\x61\x52\xc8\xdc\xa3\xc6\xab\x82\xd6\
\x52\x0d\xe7\xf5\xca\x67\x1f\xb4\x2c\x86\x9c\x18\x82\xb8\xf4\xc4\
\x6f\x64\x27\x3e\xc2\xd4\x46\xcb\x9a\x0a\x2b\xaf\x18\x33\x8d\x40\
\x89\x87\x0e\x80\x38\xf2\xb5\x49\x88\xf9\x46\xaf\xc4\x4b\xde\xb5\
\x94\x45\x63\xe4\x1a\x69\xf4\x1d\xf5\x68\xa4\x17\xf5\x08\xc4\xc1\
\x4b\x01\x11\xca\x8f\xa9\x3c\xe5\xa6\x0f\xc7\x6a\x58\x7a\x80\xab\
\xdf\x34\x6a\xc5\x49\xbd\xd0\x32\x23\x70\x4f\x69\x24\x2c\x59\x4a\
\x33\x03\xa0\x23\x88\x03\x03\xe2\x29\x75\xae\x40\x19\xa2\x93\x18\
\x96\x34\x4b\x75\x8d\xf2\xab\xc9\x27\xdd\xc6\x78\xe2\x6c\x18\x83\
\x16\x5f\xde\x50\x3d\xaf\x91\x65\xd6\x88\x7d\x79\xed\x81\x6b\x4d\
\x06\xbd\x14\x91\xe3\xa0\x0c\xe2\x5b\x4c\x71\x74\x4c\xdc\x35\xfd\
\x68\x49\x37\xe6\xab\xa6\xf7\x49\xd0\x40\x11\x59\x19\x0c\x49\xc6\
\x28\xd7\x38\x1d\xc5\xb8\x94\x67\x3d\xd4\x56\xbf\x12\xe5\xc6\xf8\
\x97\xa0\xde\x45\xdd\xc4\x17\x4e\x88\x4f\x32\xa9\xbe\xf6\x91\x69\
\x3b\xb0\xc4\x83\x89\x66\x8a\x7c\xe1\xf8\x77\x27\x0a\xaf\x46\x12\
\xdf\x36\xd0\xe8\x32\x8f\xfe\xe8\x34\xf4\x76\x53\x9c\x7a\xaa\x43\
\xa1\x52\x52\x81\x64\x64\xf4\x06\x86\x7e\x97\xd0\xac\x84\xb8\xa8\
\x04\x71\x54\xa9\xf4\x64\xac\x6a\x71\x6a\xb4\xcd\xb1\x8c\x9e\xe2\
\x8c\x6f\x32\xe8\xed\x0a\x19\x40\x19\xc6\x92\x8c\x8a\x93\x3c\xc5\
\xb0\x93\xc4\xa3\xe7\x18\x25\x3d\xc6\x8e\x5f\x72\x47\x34\x7b\x51\
\xde\x35\x62\x8d\x71\x96\xe2\xd7\x6b\xc4\x71\x14\xa9\x46\x1c\xf3\
\x50\x7b\xd3\x88\x7b\xe3\x12\x8e\xd6\x75\x63\x79\x13\x9f\x9e\x55\
\xd1\xa0\xf5\x56\x96\xe4\xd4\x12\x0d\xd0\xa8\xc7\xbd\x4d\x12\xf3\
\x4a\xf9\x97\x96\xa7\x34\xe3\x20\xec\xb8\x34\x75\x4e\xb2\xc7\xb0\
\xba\x16\x65\xcf\x69\xaa\x2e\x6b\x06\x94\x67\x3b\x19\x85\x8f\xcb\
\x4d\x32\xaa\x25\x1d\x95\x64\x28\xd5\x2f\xd2\xcf\xe5\x26\xc3\x4d\
\x9d\x29\xc9\xa5\xb6\xab\x51\xba\xf2\x96\x75\x9a\xef\xad\x2d\x0b\
\x46\x59\x62\x3d\xcd\xe7\x07\x6b\x6f\x56\x95\x64\xd2\xb9\x98\xe7\
\xd8\xd6\x6b\xba\x28\xc5\x35\x08\x6f\x42\xc5\x3e\x2b\xca\x04\xb1\
\xbe\xf6\xcd\xeb\x34\xf8\xdd\xed\x9f\x34\xd3\x66\xee\x46\xc2\xec\
\x1c\x68\x68\x18\x09\x3a\x8a\x71\xcf\x23\xc6\xc5\x03\xb5\x25\x43\
\xe2\x2f\x2d\x1f\x95\xa0\xb3\xd4\x12\xc3\x6e\x62\xb7\xe6\x7b\xb7\
\x33\x0b\x23\xe1\x6d\x39\xcc\xd4\x88\x4b\x80\x8b\x40\xdf\xe7\x48\
\xc6\x98\x3a\x9e\x49\x98\xa9\xa1\x3f\x0d\x75\x2d\x8d\xf4\x41\xcb\
\x4d\xb5\x67\x4b\xf9\x41\x63\x8d\xdd\x6c\x24\x6c\x20\x77\x27\xb3\
\x98\x49\xcc\xf5\xed\x26\xb3\xb3\xe8\xf3\x46\x59\x1f\x26\x7d\xcd\
\xb1\xc6\x6e\xee\x24\x6d\x20\xcc\xb4\xf0\x72\x93\x31\xc6\x98\x2a\
\x36\x12\xc6\x18\x63\xaa\xd8\x48\x18\x63\x8c\xa9\x62\x23\x61\x8c\
\x31\xa6\xca\x42\x1b\x09\xf6\x74\x8a\xff\x62\x14\xf1\xdf\xb8\x9b\
\xa1\xeb\x9f\xc4\xb3\x72\xf4\x32\xee\xdf\xcb\xbc\x21\xc4\xab\xa4\
\xf1\x1f\xde\xd1\x49\x50\xed\xbc\xfe\x48\x97\x21\xbc\xf6\xf6\xc9\
\xff\x1a\x47\x87\x9c\x9f\x86\x2e\xb7\x92\x45\x71\xc2\xb3\xc8\xe8\
\x8f\x8e\xd3\x66\xb3\xba\xdf\x4e\x65\x37\x2b\x1d\x6e\x37\x16\xda\
\x48\xf0\xaf\x48\xed\xc2\x18\xff\x0e\x4f\x67\x58\xfb\xeb\xfc\x24\
\x74\x39\x51\xe9\xbb\x0d\xc7\x34\xd3\xd4\x35\xf9\xd7\x50\xe7\xcd\
\xbf\x38\x97\xd7\x76\x07\xc5\x18\xa8\xa1\xc5\xf3\xa5\xb7\x59\xb4\
\x71\xa1\xf6\xbc\x8a\xdb\x34\xc8\x2f\x80\xb6\x0b\xd9\x4e\x8d\x77\
\x56\x65\xb3\x93\xd0\xbf\x7a\xa7\xcd\x66\x75\xbf\x9d\xca\x6e\x56\
\x3a\xdc\x6e\xcc\xed\x15\xd8\xbc\x2d\x83\x36\xe8\x8b\xd7\xe3\x76\
\x16\xda\x2a\x39\x76\x88\xda\x5e\x42\x4e\x4f\x6a\x9b\xad\xa9\x03\
\x94\x53\x16\xc5\x9d\x9d\xa8\x74\xc9\x9a\x9d\xb0\xc4\x6b\x72\x42\
\xa2\x0d\xf1\x94\xaf\xec\x0c\x66\x50\x70\xdc\x92\x65\xd5\xbd\xda\
\x28\x4f\x28\xcf\x71\x57\xcc\x78\xbe\x44\x74\xda\x04\x18\x5d\x39\
\xf7\x41\x2e\xfd\x6b\x99\xe3\x9a\xf1\x92\xfe\x72\xde\x73\xf9\xc5\
\xfd\x87\x6a\xfa\xd2\x3f\xa9\xd1\x97\xb6\x45\x88\x65\xb6\x52\xd9\
\x98\x51\xb2\xe5\x3d\xa1\x74\x8f\xd2\x8a\xbb\xed\x46\x27\x46\xe3\
\xe2\x8f\xf1\x80\xb6\xf1\xd0\xd6\xdd\x35\x19\xb5\x45\x87\xe4\x5a\
\x5e\xdb\xa9\x77\x10\x1c\xec\x8c\xab\x9b\x72\x30\x24\x27\x36\xcb\
\xc1\x51\x8d\x3a\x29\xae\xd7\xb6\x16\x89\xf5\x3b\xca\x9e\x29\xc9\
\x5a\xd2\x49\x2c\xc7\x92\x7c\x4a\x53\xdb\x60\x94\xf4\x92\xf5\xaa\
\x6d\xff\xe3\xb6\xdb\x4a\xab\xe4\x7c\x49\x71\x97\xf4\x1e\xf3\x11\
\xb7\x79\x2f\xa5\x29\x99\xd5\xae\x4a\xce\x8f\xe2\x16\xef\x59\x9e\
\xae\x9d\x88\x77\x13\x73\x9b\x49\xd0\x20\x65\xa5\xb5\x24\x12\x8f\
\xe9\xc4\xb4\x03\xa6\xb6\x49\xa6\x53\x8b\x1d\x30\xbf\xe5\x99\x2d\
\x76\x9c\x11\x3a\x49\xae\x53\xa1\x88\x83\x5d\x59\xe3\xd6\xe4\xf2\
\xc9\x50\x43\x9b\x9f\x71\x3f\x61\xd9\xdb\x45\x8d\x52\x32\x33\x1a\
\xe7\x9a\x96\x6f\x40\xa3\x7c\xa5\x4b\x47\x37\x2e\x4d\x36\xea\x8b\
\x23\x97\xcd\xfe\x29\x2d\xa6\x41\xbc\xf2\xa6\x57\xfa\x33\x5a\x6d\
\xa9\x0a\xb9\x95\x77\x1a\xb1\x76\xe8\xcd\x4b\x54\xf2\x97\xc1\xf9\
\xac\x2f\x75\xf2\xe8\x84\x6b\xf2\x2a\x18\x3b\x37\x95\x79\x46\x7b\
\x2f\x11\x1f\xf7\x69\xcf\x2a\xc9\x10\xd3\x02\x6d\xe2\x46\x5e\xa3\
\x91\xed\xda\x04\x4e\xf2\x11\x0f\x1f\xe2\xd5\x40\x22\xcf\x60\x65\
\xe8\x28\x67\xea\x5f\x96\x2b\x6e\x46\x38\xae\x6e\xb2\x39\x23\x65\
\xa4\x3a\x12\x37\xa0\xe3\x1e\xd5\x15\x6d\xc8\x57\x8b\x43\xf5\x5b\
\x9b\xd5\x95\xf2\x17\x65\x95\xcf\x0f\x88\x3e\x37\x60\x10\x76\x9d\
\xa5\xad\xe8\x3e\x0d\xae\x80\xba\x93\xe5\xc9\xf1\x28\x0f\x40\x9a\
\xc4\x11\x97\x4b\xd5\x59\xab\xed\x68\xf3\xbc\xb8\xd1\x5e\x94\x89\
\xba\xa1\x3f\x6b\xaa\x9c\x4a\x3a\xd1\x52\xad\xe2\x55\x79\x00\xbf\
\xb5\x2b\x73\x4c\xb3\x26\x8f\xf6\x61\xda\xed\xcc\xcd\x48\xd0\xf0\
\xd5\x88\x29\x7c\xb6\xeb\x56\xa7\xc1\x71\x97\xf3\x17\x88\x23\x8d\
\xbc\xb9\x9a\xa0\x90\xe5\x56\x13\x36\xb2\x65\x04\x15\x27\x3b\x61\
\x51\x45\xa6\xe2\x66\x07\x27\xda\x5f\x9e\xef\x41\xc5\x19\x4c\x0d\
\x39\xd6\xa1\x52\xc7\x0e\x94\xcd\xf2\xe4\x6c\x86\x6b\xd2\x4d\x3c\
\xbf\x32\x66\xab\x67\xe5\xa1\x66\x24\x4a\x10\x67\x76\x5c\xa3\xdd\
\x72\x63\xa7\x11\x29\x39\xad\x89\x9b\xfd\xe9\x9a\x76\x0d\x8d\x69\
\xe5\x32\xd7\xc6\x79\xb1\x73\xcf\xb3\xb8\x9c\x96\xf6\xee\x27\xdc\
\x38\xa7\x43\x22\xce\xe0\x24\xa3\x46\xbf\x71\x87\x5d\x2d\xdd\x51\
\x6f\xb5\xb5\xb7\xa0\x3e\xab\x53\xe9\x5b\x37\xb5\xd4\x07\xcb\x6b\
\x3b\x19\x2b\x8e\xb8\x79\x9c\x74\x90\x0d\xf9\x4a\x72\x9a\xb4\x6f\
\xcd\x7d\x6c\xde\x72\x3d\xeb\x50\xbb\xd4\x76\x41\x1e\xf3\xac\x44\
\xb3\x61\xc9\x1b\x77\x91\xad\xb5\xd7\xa8\xd7\xb8\xdf\x56\x5e\x39\
\x20\x3e\xed\x60\xcb\x3d\x71\xcb\xf6\x18\x56\x03\x09\x19\x8b\x4c\
\x9c\x21\x2b\xae\x38\xd8\x8a\x9b\x04\xc6\x59\x62\x97\x3c\xbb\x9d\
\xb9\x2d\x37\x2d\x87\xbd\xf3\xb5\x83\xa5\x2a\x1d\xd3\x49\xae\x77\
\xad\x5f\x2e\x77\x2c\xb3\x08\x1a\x78\x2e\x68\x2a\xcc\x24\x23\x84\
\x49\x1d\xb4\xb0\x2d\x36\xc8\x01\x8f\x46\x2a\x71\x5a\x5b\x43\x33\
\x0f\x88\xa3\x78\xb6\xf4\x2e\x6d\x68\x57\x3b\x9f\xa1\x61\xa8\x53\
\xe7\xd3\x77\x86\x42\xb9\xd0\x59\xc6\xce\x56\x9d\x26\xf9\xd3\x68\
\x3a\x6e\xe8\xa7\x29\x7b\x24\x76\x62\x11\x64\xd7\x32\x82\xca\x3c\
\x42\x5c\x35\x27\x3c\x50\x72\x7a\xa3\xf2\x8e\x3b\x04\x8f\xdb\x71\
\xb3\xcb\x61\x8c\xf4\xa6\x7a\x1a\x97\xd3\xe2\x73\x31\xd2\x88\xdb\
\x74\x8f\x63\xd2\xba\x29\x47\x35\x79\xa7\xd9\xa3\x05\xe7\x55\x91\
\x9a\x0e\xc7\x51\x1a\x48\x44\x63\x23\x43\xc3\xb7\x46\xe0\x7d\xe8\
\xd2\x4d\xbc\x86\x6e\xf2\x12\x96\x7e\x4f\xd2\xa6\x24\x77\xe9\x77\
\xe9\xb8\x26\xcf\x6e\x66\xee\xdb\x72\xc4\x51\x08\xdf\x1a\xf9\x4c\
\x03\x19\x9a\xe5\xb4\x45\xf1\xa4\x4c\xe2\x4c\x44\xa3\x63\xd2\xd5\
\x2c\x43\x53\xde\x2e\x8f\x77\x79\x9d\xb7\x34\x72\x9c\x14\x19\x19\
\xa1\x4e\x48\xcf\x4e\xc6\xa1\x75\xe4\xbc\x36\x1c\x3b\x7d\xf9\x6b\
\x90\x8e\x4b\xb3\xa6\x9a\xbe\x64\x68\x88\xa7\x34\x6a\xd3\x32\x5d\
\x5e\x33\x97\x5e\x4a\x7e\x34\x62\xc7\x22\xa7\x43\x5a\x12\xac\x51\
\x72\x18\x13\xbd\x23\x46\x6f\x66\x0a\x8f\x91\x88\xf7\xf4\xd1\x67\
\xa4\x56\x37\x27\x19\xbd\xd6\xe2\x88\xe5\xa5\x65\xbd\xd2\x73\x87\
\x12\x8a\x2f\x0e\xe2\xe2\xb5\x41\x70\xca\x25\x03\x5c\x93\xb9\x54\
\x3e\x6a\x7f\x35\xc7\x41\xd1\x38\xeb\x8d\xbc\x38\x00\x39\x1a\x1c\
\x6f\xf5\xdd\xe9\xb6\x8f\xf3\xa3\x71\xf2\xec\x66\xe6\xfa\x76\x93\
\xd6\xab\x55\xe8\x54\x68\xd6\x58\x6b\x53\xd7\x49\x1b\xa2\x46\xb9\
\x79\x1d\x54\xc8\xf7\x43\x17\xd1\xb7\x32\xe8\x61\x34\x20\x67\x5c\
\x6f\x96\xa3\x1e\x88\x6f\x21\xc5\x91\x6c\x2d\x4d\xbd\x61\x14\xd7\
\x64\xb5\x74\xb5\x51\xb2\x93\x14\x74\x21\xdd\x46\x77\x9f\xf1\x25\
\x81\x08\x8d\x93\xfc\x2b\x1c\x0d\x3c\x2e\x03\x68\x0d\x3c\x76\x12\
\x25\xa7\x35\x5d\xce\x67\x94\xef\xd2\x43\x4f\xae\xa1\x83\x95\xe0\
\x88\x88\x8e\x4b\x0d\x99\x99\x48\x4c\x4b\x8e\x94\xe2\xfd\xd9\xd0\
\x96\x96\x59\xe2\x73\x13\xa0\x1c\xb3\x0b\xcb\xd8\x61\x4a\x2e\xe9\
\x85\x34\xf4\xcc\xa9\x2f\xa5\xba\x49\x5d\x1a\xe7\x01\xae\x4f\x1c\
\x51\x0e\x64\x65\xe6\x1b\x1d\x19\xc5\xa5\x95\x58\x0f\x06\x83\x3f\
\x78\x21\x5c\x0e\x0f\xe1\x75\x5f\x7e\xae\x43\x5d\x62\x8d\xbf\x36\
\x33\x8d\xcf\x74\xa4\x23\x95\x5d\xc9\xd9\x4f\xf6\x0a\xa8\xb6\xb2\
\x1c\x5e\x60\x89\xf1\x95\xc8\xf5\x4f\x9e\x1b\xc7\xd1\x47\x9e\xdd\
\xca\x42\x38\x1d\x8a\x1d\x44\x74\xd0\x11\x97\x0a\xf4\xd0\x30\x3a\
\x32\xc9\x23\xa8\x5a\x65\x8d\x4e\x65\x48\x2b\x86\x8d\x4e\x54\x22\
\x31\xcc\x60\x8c\x03\x19\x39\x18\x92\xfb\x54\xdd\x17\x2b\x5a\x1c\
\xd1\xd7\xd2\x2c\xc9\xda\x95\xb7\x71\xce\x68\xb2\xec\x79\x8d\x39\
\x3a\x55\x3a\xda\xb1\x39\x5f\xc9\xd1\x8e\x58\x29\xbc\xd5\x32\xa8\
\x38\xad\xa9\x39\x84\xc9\xa3\xf2\x4c\x34\xcc\x59\xc7\x31\xad\xd8\
\x89\xd7\x9c\x0e\xd5\x46\x9f\x39\x9e\xa8\xa7\xd2\xdb\x3c\x25\xb9\
\xe2\xe8\xba\x6f\xdd\x54\x19\xa0\xdb\x58\x1f\xf2\x3d\x83\x82\x63\
\xa3\x2c\x47\x74\xd3\x9a\xe5\x88\x75\x31\xbf\x6d\x15\xdf\xc2\xd3\
\x5b\x40\xcb\xe1\x0d\xc2\x2e\x07\x48\x72\x29\x5a\xa3\xab\x7d\x0c\
\x92\x63\xad\xdc\xae\x4b\x75\x83\x73\x1a\xe8\xd5\xde\x1a\xcb\x75\
\x9e\x38\x6b\xce\x8f\xb2\x11\xea\x92\x67\x3b\x60\xa7\x43\x66\xc7\
\x21\x2f\x73\xb3\x6a\x88\xd1\x28\x68\xc6\xe4\x25\x84\xe9\xb0\x32\
\xc6\x39\xd4\x66\xb1\xe3\xa4\xc9\xb1\xd3\x21\xb3\xe3\xe8\x7a\xeb\
\x68\xb3\xe4\x35\xe5\xf8\x3f\x04\xb3\x79\x18\xd1\xcf\xca\x40\x98\
\xc5\xc1\x33\x09\x33\x37\xc6\x39\x17\xda\x2c\x7e\xf0\x38\x5b\x66\
\xa9\xdf\x59\xd7\x8d\x9d\x8a\x9d\x0e\x99\x1d\xc5\xac\x3b\x00\x1b\
\x88\xd9\x32\x4b\xfd\xda\x38\x2c\x0e\x5e\x6e\x32\xc6\x18\x53\xc5\
\x46\xc2\x18\x63\x4c\x15\x1b\x09\x63\x8c\x31\x55\x6c\x24\x8c\x31\
\xc6\x54\x59\x38\x23\x31\xa9\x5f\x03\xfd\x93\x73\x2b\xc9\x4e\x81\
\x6a\x6c\x76\x5b\x0d\x63\x8c\x99\x37\x0b\x67\x24\xfa\x74\xbe\x11\
\xfd\x93\x73\x2b\xe1\x9f\xb1\x7d\xde\xec\xd8\x6a\xe3\x65\x8c\x31\
\xd3\x66\xae\xaf\xc0\x96\x1c\x02\x89\xbc\xdd\x43\xdc\x1a\x41\xfb\
\xd2\xb3\x55\x04\xdb\x5d\xc8\xc1\x8c\xfe\x01\x9a\x9d\xc7\x08\x6d\
\x2f\xa1\x6b\x83\xc2\x2e\x9a\x31\x5d\x6d\x05\x12\x37\xea\x93\x11\
\xd3\x5f\xf6\x07\xc1\x89\x09\x7f\x0c\xd3\xd6\xcd\xf2\x75\x10\xff\
\x51\x1c\xb7\x14\x88\xc6\x4d\xdb\x8d\xb0\x95\x40\xcd\x91\x8a\x31\
\xc6\xcc\x83\xb9\xce\x24\xa2\xc3\x14\xed\xf8\x29\xb2\x13\x13\x39\
\x92\x01\x39\x64\xd1\x7e\x48\x0a\xab\x7d\x8f\xe4\x94\x24\xba\xeb\
\x8c\x8e\x57\xe4\x00\xa5\xb4\x2d\x73\x4c\x97\x8e\x3e\x1e\xcb\xc7\
\x40\xdc\x2c\x2d\x3b\x98\x61\xc3\x33\xc0\xb0\xc8\x69\x8c\x76\xeb\
\x24\x3e\xa5\xcf\xde\x30\xd1\x0d\xe9\x60\xcd\x51\x8a\x0d\x84\x31\
\x66\x91\x98\x9b\x91\xc8\xa3\x66\x3a\xd2\x71\x8e\x86\x04\x9b\xa1\
\x95\x36\x4c\xcb\xae\x45\xf9\x1d\x3d\x99\xc5\x59\x85\xbc\x56\x65\
\xe2\xce\xa1\x18\x1c\x66\x1c\x9a\xa1\x94\xfe\x61\x8a\xe1\x89\x79\
\xa8\x2d\x43\x61\x10\xa2\xd7\x30\x19\x0e\x31\xc9\xee\x9f\xc6\x18\
\xb3\x55\xcc\x6d\xb9\x69\x33\x0e\x81\x4a\xce\x66\x60\xb9\xc3\xf3\
\x58\x69\x84\x5e\xdb\x1e\x1b\x19\x30\x58\xda\xc1\x34\xfb\x34\x88\
\xf4\x1d\xf9\x77\x39\x2f\xf2\xec\xc1\x18\xb3\xa8\xcc\xd5\x33\xdd\
\x60\x02\x87\x40\x93\x3e\xd0\x8e\xd4\x7c\x38\xd4\xfc\x3a\x60\x54\
\xe4\xbe\x11\xf4\x6c\xa2\xef\x4c\xa7\x04\x86\x6d\x12\xe7\x45\xc6\
\x18\xb3\x08\xcc\x6d\xb9\xa9\xe4\x30\x25\x3a\xf9\xe0\x41\x76\x74\
\x30\xb2\x19\xa7\xe4\x74\xfc\xc4\x27\x3f\x0e\xe3\x9c\xc4\x10\x1e\
\x59\x34\xc2\x97\xf3\x9e\xbe\x6e\x3f\x45\xf4\xcc\x25\x2f\x69\x42\
\xfb\xd6\x67\xd0\xc3\x46\xbc\xe7\x19\x63\xcc\x2c\x78\xe1\x6f\xdf\
\xfc\xe6\xc5\x66\x8a\xbc\x78\xe0\xf5\xde\x61\x59\x87\xa7\xe3\x96\
\x01\x78\xf3\xcd\x37\xdb\x8e\xf9\x95\x57\x5e\x69\x3b\xe4\x0f\x3f\
\xfc\xb0\xbd\x46\x87\xcd\xf3\x0b\xce\xcb\xf1\x0a\xbf\x85\x8e\xf3\
\x79\xd0\x79\xe2\x7b\xef\xbd\xf7\xda\x8e\xfa\xdd\x77\xdf\x6d\x3b\
\xed\x7b\xf7\xee\x15\x97\x91\x30\x1e\x07\x0e\x1c\x58\xf7\xac\x81\
\x78\xa2\x77\x39\x5d\x53\xfc\x59\x16\x20\x0e\xf2\x27\xdf\xc0\xf2\
\xc2\x46\xba\x84\xd1\x73\x88\x2c\x37\x46\x2c\xe7\xc3\x18\x63\xc6\
\xf1\xc9\xbb\x6f\x37\xd3\x66\xd7\x6c\x15\x4e\x67\x9d\x1f\x0e\xdb\
\xa9\x89\x31\x66\x27\xe1\xad\xc2\x37\x01\x23\x79\x46\xf1\x3c\x2c\
\xd7\x7f\x12\xb6\xfa\x4f\x78\xc6\x18\xb3\xdd\xd8\x35\x46\x42\x5e\
\xc9\xf4\xb0\xb8\xe6\x1f\xd7\x18\x63\xcc\x1f\xd8\x55\x4e\x87\x30\
\x0a\xfe\x3f\x82\x31\xc6\xf4\xc7\xbb\xc0\x1a\x63\x8c\xa9\x62\x23\
\x61\x8c\x31\xa6\x8a\x8d\x84\x31\xc6\x98\x2a\x36\x12\xc6\x18\x63\
\xaa\xd8\x48\x18\x63\x8c\xa9\x62\x23\x61\x8c\x31\xa6\x8a\x8d\x84\
\x31\xc6\x98\x2a\x36\x12\xc6\x18\x63\xaa\xd8\x48\x18\x63\x8c\xa9\
\x62\x23\x61\x8c\x31\xa6\x8a\x8d\x84\x31\xc6\x98\x2a\x36\x12\xc6\
\x18\x63\xaa\xd8\x48\x18\x63\x8c\xa9\x62\x23\x61\x8c\x31\xa6\x8a\
\x8d\x84\x31\xc6\x98\x2a\x36\x12\xc6\x18\x63\xaa\xd8\x48\x18\x63\
\x8c\xa9\x62\x23\x61\x8c\x31\xa6\x8a\x8d\x84\x31\xc6\x98\x2a\x36\
\x12\xc6\x18\x63\xaa\xd8\x48\x18\x63\x8c\xa9\xb2\xa7\x99\x13\x4f\
\x9f\x3e\x6d\x1e\x3c\x78\x30\x3a\xde\xb7\x6f\x5f\x73\xe8\xd0\xa1\
\x66\x9e\x1c\x3b\x76\xac\x39\x7d\xfa\x74\x73\xea\xd4\xa9\xde\xf7\
\x90\x8f\x5b\xb7\x6e\xb5\xf2\x1f\x3d\x7a\xb4\xfd\xde\x4d\x50\x86\
\xe8\x00\x96\x97\x97\xdb\xcf\xbc\xb8\x7b\xf7\x6e\xf3\xe4\xc9\x93\
\xe6\xc4\x89\x13\x8d\x59\x3c\x54\x4f\x66\xd1\x46\xae\x5e\xbd\xda\
\x1c\x3f\x7e\x7c\xae\xf5\x6f\xa7\x32\xb7\x99\x04\x9d\x0b\x9d\xb2\
\x3e\x87\x0f\x1f\x6e\x4e\x9e\x3c\xd9\xcc\x93\x95\x95\x95\x66\x30\
\x18\xf4\x0e\x7f\xfd\xfa\xf5\xe6\xe5\x97\x5f\x6e\xce\x9f\x3f\xdf\
\xca\x4e\x1e\x26\xb9\x7f\x27\x80\x51\x25\xcf\x7c\x2e\x5e\xbc\xd8\
\x36\xd6\x79\xf1\xe8\xd1\xa3\xe6\xd9\xb3\x67\x8d\x59\x4c\x18\x4c\
\xdd\xbe\x7d\xbb\x99\x05\x71\xc0\x69\xa6\xcb\xdc\x97\x9b\xee\xdc\
\xb9\xd3\xac\xae\xae\x36\x97\x2f\x5f\x6e\x2b\x11\x1f\xa0\xd0\xcf\
\x9c\x39\xd3\x1a\x10\xbe\x63\xe7\x4b\x18\x3a\x65\xae\xf1\x9b\xeb\
\xba\x8f\xdf\x37\x6e\xdc\x68\x2e\x5d\xba\xf4\xdc\xbd\x0a\x8b\x31\
\xd0\xfd\x84\xcd\x28\x9c\x46\x3e\x8a\x37\x77\x80\x1c\x33\xfb\x61\
\xf4\x4a\x3e\x00\xc3\xa1\xf0\x92\x09\x90\x47\xf7\xf3\x1b\xc3\xc2\
\x71\x96\x91\x34\x25\x3b\x9f\x58\xf9\xa3\xdc\x51\x96\x73\xe7\xce\
\xb5\xc7\x7c\xb8\x37\x87\xcd\xfa\x43\xc6\x52\xfe\x15\x4f\x49\x77\
\xc8\x8b\x11\xcc\x30\x2a\xc4\x50\xf0\x21\xde\x98\x67\x64\x20\x0e\
\x95\x49\x44\xd7\x48\x93\x34\x24\x37\xf9\x27\x6c\xbc\x1e\x75\x40\
\x38\xe9\xa8\x14\x2f\x30\xa3\xe0\xfe\x48\xc9\x78\xa9\x8e\xc5\xb2\
\xe2\x5c\xcc\x83\xd2\x8c\xd7\x38\x46\x7f\xc8\x16\xeb\x08\x69\xc4\
\x3c\x09\xf4\xa2\x74\x62\x5e\x30\xaa\xc8\x89\x6e\x95\x77\xe5\x2b\
\xc7\x51\xbb\x36\x4e\xa6\x08\xf7\x70\x3d\xeb\x0d\x39\x6a\xfa\xab\
\x95\x21\x79\xe2\x1a\xf1\x91\x7e\x2e\x07\xce\xc5\xbc\xf2\x9b\x30\
\xd2\x45\x6c\xeb\x0a\x1f\x8f\x09\xa7\x3c\x76\xd5\xa3\x52\xfe\xd0\
\x43\xad\xbe\x95\xf2\x11\xf5\xa5\xfa\xa7\x6b\xaa\x23\x7c\xd7\xf4\
\xb7\xe3\xf9\xe0\xd6\x8f\x57\xa7\xf9\xe9\xcb\xb0\x53\x5d\x1d\x26\
\xdf\x7e\xc7\xe3\x9b\x37\x6f\xae\x0e\x47\x84\xab\xc3\xce\x67\x75\
\xd8\x01\xaf\x0e\x2b\xf0\xea\x70\x0a\xd9\x7e\x86\x9d\xf1\xea\xb5\
\x6b\xd7\xda\x70\x5c\x1b\x76\x4c\xed\x79\x8e\x09\x07\xfc\xe6\xde\
\xe1\xd2\xcf\xea\x70\xd9\xa1\x3d\xd6\xbd\x84\xd1\xf5\x78\xef\xb0\
\x32\x8c\xee\x25\x8c\x64\x51\x9c\x3a\x56\x38\x41\x1a\xc4\x95\xcf\
\xc7\xb8\x62\x58\x3e\xfa\xcd\x75\xbe\x87\x4b\x5b\xa3\xdf\x20\x19\
\xf9\x46\x7e\xe2\x8f\xf9\x8e\xf7\x70\x1d\x94\x0f\xc2\x9e\x3d\x7b\
\xb6\xd5\xa1\xc2\x4a\x7f\x39\x7e\xf2\xaf\x78\x86\x15\x7f\x5d\x3c\
\xc4\x9b\xe5\x22\x0c\x3a\xcf\x1c\x39\x72\x64\xdd\xb1\xc2\xa0\x33\
\xe2\x40\x76\xb8\x70\xe1\xc2\xea\x95\x2b\x57\xda\xdf\xe4\x05\x39\
\xb9\xc6\x87\x6b\xa4\x0d\x2a\x7b\xce\x71\x8d\x63\x64\x50\x3d\x51\
\xb9\x2a\xde\xe1\xe0\x62\xa4\x07\xe2\xa5\x2c\xb8\x26\xb9\x15\x27\
\xf9\xcd\x10\x26\xa6\xc1\x37\xe9\xc4\x72\x53\x38\xe5\x29\xca\x42\
\x7a\xba\xc6\x6f\x64\x06\xf4\x2f\x99\x88\x2b\xe6\x05\x9d\xe8\xfe\
\x83\x07\x0f\xb6\x7a\xe0\xbc\xd2\xd1\x35\xc9\xa4\x7c\xc6\x6b\xf7\
\xef\xdf\xaf\xca\x84\x3e\x62\xde\xa3\x0e\x28\x1b\xa5\x45\x38\xe9\
\x24\xa6\x03\xc3\x65\x9b\x36\x1c\xe9\x44\x5d\xc7\x32\xe4\x5e\xe9\
\x8c\xeb\xc4\x1d\xe3\x28\xc9\xa0\xf2\x01\xc2\x4a\x47\x80\x5e\xe2\
\x71\xd4\x9f\xea\x0a\x69\x51\x0f\x25\x43\x04\x79\xf8\x48\x06\xc2\
\x49\x27\x84\x8f\x71\xe4\x7c\x48\x27\xd2\x93\xf4\xa2\x38\x95\x47\
\xe5\x37\xc7\xbf\x48\x4c\xbb\x3f\xe7\x33\xb7\x67\x12\x82\x51\x14\
\xa3\x51\x2c\x35\xeb\x89\x8c\xcc\xb1\xd2\x58\x74\xac\xf6\xab\xaf\
\xbe\xda\x5e\xe7\x37\x53\x55\xae\x11\x8e\x91\x3b\xe7\x19\x21\x30\
\xea\x8d\xe8\x3a\x30\xba\xcb\xa3\xd1\x61\x23\x6e\x9f\x1f\x90\xc6\
\xfe\xfd\xfb\xdb\x11\x43\x7c\x0e\xc1\x35\x3e\x9c\x1f\x56\xa8\xf6\
\x9b\x38\xf3\xb3\x8a\x61\xa5\x6f\x47\x15\x1a\x49\xf3\x61\x46\xd4\
\x67\xcd\x95\x30\x92\x91\x25\xab\x61\xa5\x6d\xe5\xe1\xc3\x35\xd2\
\x63\x8d\x75\x58\xb9\xdb\x30\x31\xdf\xa0\x65\x9e\x98\xe7\x61\xa3\
\x6e\xef\x65\x4d\x9e\x6f\x64\x07\x66\x3a\xe8\x01\x1d\x90\x17\xf2\
\xa6\xbc\xb0\x3c\xc3\x39\xe4\x56\xde\xd1\x0f\x2c\x2d\x2d\x8d\x66\
\x46\xba\x9e\x41\x5e\x85\x41\x46\xc5\x4b\x7e\xf8\x48\x17\x8c\x56\
\x29\x5b\xf2\x43\x38\xe5\x43\xd7\xe2\xc8\x8c\x70\x1a\xdd\x72\x3f\
\xf2\xa0\x67\x64\x93\x2c\x8a\x57\xf5\x22\xea\x42\xd7\xc8\x2f\x71\
\x51\x47\x4a\xcf\x99\xb8\x07\xf9\xd1\x9d\xf2\x3c\x0e\xc2\x4a\x0e\
\xca\x20\xce\x50\xb4\xd4\x85\xfe\xf5\x7c\x8d\xb4\x95\x57\xe4\x42\
\x27\xb1\x2e\x72\x2c\x59\x63\xdc\xaa\x6f\x2a\x77\xe2\xd4\x35\xe2\
\x56\xbe\xb2\x4c\xd2\x47\x06\x39\xd1\x9b\xd6\xec\x09\x47\xbb\x21\
\xff\xd4\x13\xae\xf3\x8d\x4e\x28\x77\xa5\x99\xcb\x90\x7b\x54\x27\
\x09\xaf\xf8\x08\x8b\xac\x5c\x43\xae\x71\xcf\x17\x15\xa7\xea\x3c\
\x69\xc6\x63\x5d\xcf\xfa\x23\xcd\x28\x43\x04\x7d\xe9\x3e\xae\x33\
\xbb\x42\x2f\xcc\x50\x62\x1c\xe4\x83\x59\x71\x29\x8e\x0c\x61\xe2\
\x73\x0e\xcd\x3a\xd4\xb6\x76\x03\x73\x37\x12\x74\x84\x54\x2e\x0a\
\x4f\x9d\x9c\x1a\x7c\x9c\x06\x53\x50\xf1\xc1\x97\x2a\x83\x1a\x47\
\x24\x56\xd0\xe1\x68\xad\xfd\x7e\xfc\xf8\xf1\x73\xd7\xf5\xb0\xbc\
\x34\x3d\xa7\xd2\xd3\x90\xa8\xa4\x34\x3a\x3a\x84\x8c\x3a\x6d\xe4\
\xa5\xa3\xa4\x52\x72\xae\x4f\x05\x8a\x86\x24\x36\x18\xee\xa5\x53\
\x27\xef\x9a\xde\x92\x47\x7e\xc7\xca\x9a\xf3\xcd\x35\xc5\xa3\xce\
\x8a\x8e\x35\x5e\x27\x7e\x75\x8c\xf1\x1a\xf7\x95\x74\xd0\xf7\x21\
\x20\xe1\xa4\xa3\x68\x7c\xb4\x4c\x93\xe3\x2b\x3d\xb7\x89\x69\xe5\
\x74\x63\x9d\x28\x5d\x97\x7e\x22\xe8\x11\x99\x34\xe8\x88\x46\x49\
\x70\x0e\x3d\x23\x2b\xe5\xdd\xe7\x85\x85\x92\x6c\xa0\xe5\x36\xe2\
\xc1\xe8\xd7\xea\x80\x5e\x70\x88\xf7\x82\x5e\xe4\x88\xe5\x02\xc3\
\x99\xda\xa8\x7e\x45\xe3\x42\x1d\xa9\xc9\x54\x82\xf8\x31\x04\xd1\
\x18\xef\xdd\xbb\xb7\xfd\x46\x1e\x06\x6b\xc8\x1c\x0d\x6a\xa9\x0c\
\x75\x4f\x86\xce\x14\xd9\xf9\x46\xd6\xbc\x84\x55\x82\x74\xb5\x8c\
\x43\x9a\x7c\x53\x66\xc3\x01\x71\xb5\x2c\x6a\x75\x15\xfa\xd6\x57\
\xc5\x33\x69\x38\x06\x85\x18\x4d\xfa\x92\xbe\xed\x7c\x27\x30\x77\
\x23\x41\x45\x41\xe1\x54\x30\x2a\x08\x95\x43\x9d\x38\x85\xc2\x75\
\x2a\x2e\xeb\xa4\x18\x14\xad\xc1\xaa\xd3\x2c\xad\x35\x73\x5d\xa3\
\x1c\xee\x03\x66\x24\xea\x48\xe2\xa8\x89\xb8\x4b\x06\x00\x39\xa8\
\xe8\x7a\x36\x51\x1a\x75\xa8\x41\x23\xa7\xd6\xf3\x95\x86\x66\x47\
\xc0\x39\x8d\x6a\xc7\x81\xec\x8c\x72\x68\x68\x54\x48\x1a\x2f\xb2\
\x60\xec\xc8\x4b\xcc\x37\xbf\x4b\x23\x7c\xd2\x21\x3d\x3a\x41\xc2\
\x12\x17\x15\x5b\x33\x24\x88\x33\xad\x68\x74\x6b\xc8\xc0\xe4\x3c\
\xa8\xd3\xe3\x3c\x23\x3c\xca\x48\x33\x21\x74\x16\xc3\xab\x83\x92\
\x61\x8e\x69\xc6\x4e\x3e\x77\xf8\x39\x5d\xca\x2c\x1a\x49\x75\x6c\
\xf1\x3e\xae\xd3\xc1\xa1\xb7\x52\xf9\x2a\x4f\x9a\x05\xa1\x67\xcd\
\x5a\x73\x27\x34\xe8\xf1\x32\x02\x61\x30\x10\x9a\xe1\x51\x37\xd0\
\x71\xec\xcc\x15\x8e\x4f\xc9\xc8\xf3\xa1\x2e\xc5\x7c\x71\x4e\x71\
\xc7\x4e\x49\xb3\xdb\x3e\xb2\x01\xfa\x43\x17\x31\x5d\xe2\x50\x19\
\x10\x3f\xe9\x45\x83\xda\x55\x86\x19\x95\x39\xf5\x17\xe3\xd2\xa7\
\xc3\xa6\xcc\x28\x23\x74\xa4\x67\x03\xf1\x18\x34\xa8\x91\x9c\x1c\
\x6f\xe4\xed\xa8\x1c\x47\x24\x0e\xc0\xba\xf4\xc9\x35\xcd\xfc\x90\
\x53\x33\xa7\x9d\xce\x42\xfc\x4f\x82\x86\x45\xe5\xd5\x43\x37\x2a\
\x0f\x85\xa6\xb7\x9e\xf4\x80\x3a\x5a\x6f\x96\x89\xf8\xa8\xd0\x32\
\xdc\xc7\x75\x3a\x7a\x0a\x32\x37\x0e\xae\x11\x26\x2e\xcb\x44\xb4\
\xc4\x45\xc5\x40\xbe\x52\xa5\xa7\xd1\x29\x2e\x3e\xa0\x4a\xc3\x3d\
\xc8\xcc\xa8\x92\x74\x6a\xa3\x9f\x8c\x96\xd9\xf4\x70\x5a\x1d\xb8\
\x46\x66\xca\x17\x61\xba\x46\x75\xdc\x23\xfd\xd1\x61\xad\xb6\x8f\
\x49\x9a\xd1\x68\x51\xf9\x27\x9e\x3e\x28\xae\x1a\xa4\xa7\x29\xbe\
\xd2\xe1\xb7\xde\x18\xa3\x13\x56\x87\x49\x38\xe2\xe3\x5a\x7c\x70\
\x9b\x75\x80\xa1\xd3\x03\xf8\xdc\x41\x72\x9e\xeb\xdc\xcb\x68\xbb\
\x54\x3e\x1a\x21\x73\x3d\xa3\xd9\x94\xe4\x53\x47\xa1\x65\x1c\x3a\
\x80\xf8\x40\x7d\x1c\xdc\x43\x58\x8d\x8c\xe3\x72\x18\xf2\x2b\x2f\
\xa4\x59\x92\x95\x73\xd4\x27\xc5\xa1\xf8\x64\x84\xf5\xe0\x97\xb8\
\x35\x23\x98\x64\xe4\xac\x0e\x39\x96\x47\xec\x10\x29\x13\xce\xc5\
\x76\x82\xce\x39\x17\xef\xe1\x0d\xb2\x1a\x0c\x10\x34\xa8\x29\x81\
\xbc\x2a\x73\x75\xda\x5a\xde\x82\x7c\x2c\x19\x54\x4e\xd2\x5f\x6d\
\xe9\xb3\x86\x66\x39\x8a\x83\xf2\x50\x3b\x45\x56\x64\x96\xce\x6b\
\xfd\x09\xc8\x30\x64\xc3\xb5\xd3\x59\xe2\xc1\x44\x33\x45\xbe\x70\
\xfc\xbb\xbd\xc2\xe9\xff\x05\x9a\x49\x68\x54\xaf\x63\xd0\x08\x98\
\xc6\x13\xdf\x7d\xd7\xb4\x14\x28\x64\xe2\xd1\x3a\x2d\x15\x4c\xcb\
\x1e\x8c\xbc\xe3\xbd\x14\x32\x9d\x2d\x15\x5d\xf7\xc7\x77\xab\x49\
\x4f\xf1\x80\x9e\x67\x30\xb2\x2a\x2d\x6b\x01\x95\x8b\xb8\xa8\x30\
\xf9\x3d\x6d\xc9\xaf\x4e\x8a\x3c\x6b\xc4\xa6\xdf\x8a\x83\x8f\x9e\
\x25\xd4\xe2\x54\xbe\xb9\x97\x38\x25\x93\xde\x0a\xc9\x3a\x22\x1d\
\xa5\x1f\xe5\xe7\x9a\x46\x84\x5d\xf1\x48\x2e\x19\x3c\x46\x88\xb9\
\x03\xc8\xa3\x7a\xc2\xe9\xfe\x9a\xbc\x51\x06\xf2\x48\x9c\xa4\xa3\
\x65\x23\xca\x89\xce\x21\x5e\x57\x83\xc4\xb8\x50\x1e\x51\xb7\x8a\
\x57\x9d\x9e\xf4\x45\x9c\x94\x61\x1c\x9d\x47\x6a\x3a\x8a\xe7\xd1\
\x3f\xf2\xeb\x19\x56\xd7\xac\x46\x33\xde\x2c\x73\xce\x6b\x5c\x6f\
\xcf\xf5\x0a\xfd\x3d\x7c\xf8\xf0\xb9\xb0\x50\x6a\x0f\xe3\x64\xea\
\x93\xdf\x98\x36\xf1\xc4\x3a\x5c\x2b\x43\xcd\x72\xb2\xa1\x62\x20\
\xc1\xb2\x71\x0d\xd2\x50\xdd\xd7\x33\xc5\x18\x8f\x3a\xe0\x98\x9f\
\xa8\xbf\xda\x7f\x21\xf4\x1c\x24\x2e\xdd\xaa\x4e\x8d\x8b\x23\x5f\
\xd3\x4c\x2f\xc7\x09\xa5\x7a\xb7\x48\xfc\xee\xf6\x4f\x9a\x69\x33\
\x37\x23\x31\x2b\x64\x24\x4a\x1d\x83\x8c\x84\x46\xd5\xe3\xa0\x43\
\xa2\xc2\x74\x8d\x9e\xcc\x74\x91\x91\xa8\x75\xec\x32\x12\x7d\xd0\
\xcb\x04\x8b\xd8\x98\x77\x22\x18\x13\x3a\xe6\xdd\xf4\x50\x77\xd1\
\x98\x85\x91\x98\xfb\x33\x89\x45\x45\xd3\x4f\xad\x8d\x9a\xed\x87\
\x9e\xc3\x98\xad\x41\x0f\x76\xcd\xce\x62\xc7\x19\x09\x2a\x6a\x6d\
\xad\x96\xa9\x24\x0f\x27\xfb\xa0\x57\x54\xdd\xc9\x6c\x2d\xb5\x67\
\x44\xa2\xef\x7a\x34\xcb\x0d\xb5\xd9\x88\x99\x0d\xcc\xd2\x27\x79\
\x4e\x62\xb6\x07\x3b\x6e\xb9\xc9\x18\x63\x76\x2b\xb3\x58\x6e\xf2\
\x2e\xb0\xc6\x18\x63\xaa\xd8\x48\x18\x63\x8c\xa9\x62\x23\x61\x8c\
\x31\xa6\x8a\x8d\x84\x31\xc6\x98\x2a\x0b\x6d\x24\xf4\x37\x7d\xf3\
\x7b\xe2\xb6\x1f\x91\x41\xcf\xad\x19\xba\xee\xdb\x4d\xba\xe6\x8f\
\x53\x1b\xf1\x3f\xc0\x7f\x34\xf4\xcf\xf7\x8d\xea\x7c\x5a\xf0\xff\
\x8f\x59\xfb\x50\xd8\x8a\x34\x16\x95\xbc\x43\x42\xde\x44\x74\x37\
\xb1\xf0\x46\x62\xde\x8d\x71\x91\xa8\x35\xd8\xda\xde\x44\xe3\x88\
\xf7\xed\x26\x5d\xeb\x5f\xbd\x93\xc0\x1f\xc5\xf8\x97\xb0\x8c\x44\
\xde\x88\x6f\xab\xd9\x8a\xd7\x4d\x77\xf3\x2b\xad\xda\x8e\x44\x4c\
\xba\x15\xc8\x4e\xe2\x85\xbf\x7d\xf3\x9b\x17\x9b\x29\xf2\xe2\x81\
\xd7\x7b\x85\x63\x54\xfc\xc6\x1b\x6f\x8c\x8e\x69\x74\x71\x5b\x09\
\xae\x1f\x38\x70\xa0\xdd\xe6\x40\xa3\xdc\x5f\xfc\xe2\x17\xed\xb9\
\xb8\xdd\x01\x15\xf9\x67\x3f\xfb\xd9\x68\x53\xb1\x97\x5e\x7a\xa9\
\xbd\x87\x0e\x95\xf3\xc4\xf3\x9b\xdf\xfc\x66\x5d\x5a\x11\xc2\xfd\
\xf0\x87\x3f\x1c\xc5\xa1\xcd\xe7\x38\x17\xb7\xab\xf8\xf0\xc3\x0f\
\xdb\xf4\x89\x9f\x63\xe2\xa5\x12\x45\x79\xb8\xef\x47\x3f\xfa\xd1\
\xc8\x69\x4e\xbc\xa6\xbd\x78\xf2\xf9\x52\xfa\x42\xf7\xd0\x41\x91\
\xb7\x7b\xf7\xee\xb5\x32\xc5\x6d\x02\xb8\x4e\x7e\xd9\xca\x01\x88\
\xbb\x4b\x8e\xda\x7d\xaf\xbc\xf2\x4a\x7b\xcc\x1f\xd0\xb8\xb7\xaf\
\xae\x33\xda\xdf\x86\x74\xd1\x39\x61\xb4\x65\xb3\x50\xf9\x10\xbf\
\xf6\x27\xfa\xfe\xf7\xbf\xdf\xde\x47\x78\xce\xd7\xea\xcc\x5b\x6f\
\xbd\x35\xca\x13\x7f\xdc\x22\xde\x71\xe5\x1d\xf5\x88\xec\xda\x1e\
\x3c\x77\x80\x59\x6f\xe8\xe4\xe7\x3f\xff\xf9\x28\x5f\xef\xbc\xf3\
\x4e\x7b\x3f\xdf\xc4\x85\xee\x62\x9d\x29\xe9\x1c\xb9\xd0\x25\xb2\
\x11\x3e\xd7\x43\xfe\xac\x19\xeb\x12\xf1\x68\xf7\x5a\xd5\x3d\xd2\
\x93\x4e\x38\x46\x47\x0a\x4f\xbd\x24\x6e\xd2\x89\x6d\x84\xf2\x92\
\x4e\xc9\x87\xf2\x2a\x23\x27\x7d\x48\x76\xce\xa3\xdb\x8f\x3e\xfa\
\x68\x5d\xda\x5d\x69\xd4\xea\x06\x28\x4c\x26\x96\x85\x36\x05\x94\
\x1e\x00\x99\xf3\x56\x18\x39\x7e\xae\xab\x7f\x50\x1d\x64\xfb\x1c\
\xd5\x37\xe5\x53\x5b\xa9\xd4\xda\x42\x8e\x97\x0f\xe7\x68\x03\xd4\
\x2d\xca\x8b\xcf\x37\xbe\xf1\x8d\xe6\xa7\x3f\xfd\xe9\x86\xea\x1a\
\xf1\x21\xd3\x56\xed\xf3\xf4\xc9\xbb\x6f\x37\x53\x67\x5e\x4e\x87\
\xe4\xdc\x07\xf8\xc6\x69\x49\x3c\xc6\x29\x88\x1c\xd0\xc4\xf3\x72\
\x46\x22\xa7\x2c\x38\x46\x81\xe8\xe8\x05\xe7\x26\xd9\xc1\x4a\x76\
\x24\x13\xe3\x88\x0e\x6c\xe4\x80\x87\xf0\x72\x80\x14\x1d\xa0\xf0\
\x3b\x3b\x7f\xe9\x72\x0c\x13\x9d\xda\xe8\xb7\x1c\xb4\xc4\xdf\x39\
\x7d\xf2\x90\x9d\xf6\x0c\x1b\xd4\x3a\x07\x29\x22\x3a\xfe\xc9\x4e\
\x7a\xa4\xdb\xe8\x10\xa6\x76\x5f\x5f\x5d\x23\x5b\x74\x10\x23\x38\
\x4f\x1e\x72\x5e\x8e\x26\x07\x34\x84\x53\x79\x70\x2d\x3a\xe5\x89\
\xf5\x20\x42\x5c\x31\x1c\x4e\x64\xe4\xe0\xa8\xab\xbc\x4b\x3a\x46\
\x8f\xa5\x34\x62\xda\xca\xb3\x1c\xd0\x44\x87\x39\xa5\x3c\xd5\xca\
\x3e\x3a\x05\xca\x65\x30\xec\x84\x47\x3a\x8a\x75\x24\x3b\xdf\x29\
\x39\xe3\x91\x33\x9c\x5c\x6e\xd4\x59\xf2\x41\xfb\xc9\x75\x0f\x70\
\x74\x24\xe7\x48\xd2\x4d\x74\x2c\x84\x3c\xca\x67\x2d\x0d\xdd\x17\
\xe5\x8e\xf5\x86\x7a\x5b\x6a\x6f\xd9\x81\x10\xe1\x62\x5a\xd9\x01\
\x50\xd4\x6d\x76\xf6\x43\xfe\x74\x6f\x96\x0f\xfd\xc7\xba\x17\xcf\
\xc7\xb6\x17\xaf\xa1\x37\x74\x13\xe5\x89\x75\x44\x6d\x65\x5a\x75\
\x6d\x56\xcc\xc2\xe9\xd0\xdc\x96\x9b\xd8\x20\x4b\x9b\xec\xc9\xe9\
\x8d\x8e\xf9\xe6\xdf\xd1\x10\xb7\xb7\xe6\x7b\xa8\x87\xd1\x46\x65\
\x2c\x97\x68\xd4\xc3\x2c\x84\x51\x89\x96\x64\x74\x0c\xda\xa4\x2f\
\xc3\x28\x22\x3b\xb0\xd1\xfd\xda\xd1\x94\x69\x67\x9c\x6a\x46\x79\
\x48\x5b\xce\x56\xb4\x51\x59\xbc\xa6\xed\xc3\xb5\xfd\xb4\x46\xb0\
\x72\x98\x44\xfa\xfc\x2b\xb8\x94\x3e\x71\x72\x3d\x3a\x7c\xe9\x33\
\xf5\x97\x5e\xa2\xce\x38\xee\xe3\x5b\x38\xeb\x5a\x32\x73\x6f\xdc\
\x32\x9a\xf8\xb2\x8f\x07\x60\xe4\x24\xbf\x1d\xe4\xa5\xef\x36\xca\
\x84\xd5\xa8\x92\x7c\x6a\x76\x23\xb4\x59\x9b\xf4\xa1\x70\x71\xc9\
\x28\xee\xd4\x2b\x97\x9a\xfa\x8d\x43\xa1\xa8\x63\xf9\x18\x89\x68\
\x33\xb7\xa3\xc1\xe9\x4f\xdf\x3d\x88\xb4\x14\x95\xeb\xc5\x4a\x72\
\x0a\x94\x47\x93\xab\x61\x0f\x31\x6d\x13\xae\x5d\x7f\xa3\xf3\x9d\
\x78\x5c\x22\xca\xad\xd9\x78\xdc\xb2\x9d\x8d\x02\x63\xf9\x6b\x36\
\x21\xb9\xb2\xb3\x9e\xb8\xcc\x52\x4a\x43\xbb\xe5\xc6\x76\x18\xeb\
\x4d\x6d\xb7\x60\xed\xb2\x2a\xb9\xf8\x1d\xb7\xbd\xc9\x0e\x7e\x22\
\xd1\xd9\x0f\x69\x23\xb3\xe4\x24\x6f\x94\xb1\x36\xad\x94\x5b\x81\
\x5a\xb9\x68\x03\xcd\x28\x37\xe7\xd9\x1d\xb6\x0f\x5d\x75\x2d\xb7\
\xe7\x52\x5d\xdb\x6e\xcc\x6d\x5b\x0e\x0a\x47\xbe\x20\xd8\x94\x8f\
\x63\x15\xb2\x3a\xd3\x41\x61\xef\x78\xb6\xde\x06\x3a\x23\x6d\xfd\
\x2b\x36\xe2\x88\x45\xcb\x1d\x82\xed\xb7\xd5\x38\xb5\xfb\x69\x8c\
\x2b\x6f\xeb\x11\xfd\x3c\xe4\x2d\x3c\x08\xcb\xfd\xc4\x45\xe5\xa1\
\x71\x2a\xaf\x54\x72\xf2\x90\xfd\x61\x68\xfb\x6f\x3a\x90\x9c\x87\
\x3e\x79\x8a\xbb\xce\xc6\x38\xfb\x3c\x6f\xc8\xba\x5e\x5e\x73\x54\
\xa4\x1d\x7b\x63\x47\x83\xae\x73\xa7\x25\x87\x33\xe3\x1c\xef\x74\
\xa5\x2b\xfd\x47\x54\x1f\xf2\x3d\xb1\x2c\xb2\xec\xd2\x63\xc9\xb7\
\x41\xa9\x13\x1b\x0c\x06\x1b\xd2\x37\xc8\xff\x41\x76\x0a\xa4\x6d\
\xd8\x6b\xf1\xa0\x27\xed\x88\x4a\xbd\xd0\x60\x44\x03\x28\xea\x80\
\x3a\xfb\xe8\xa1\x2e\x53\xd2\x4d\x2d\xcd\xac\xa7\x3e\xbe\x44\x4a\
\x69\x08\xed\x4a\x1b\x51\x9b\x18\x07\xe9\x46\x43\x59\x93\xa3\xe4\
\xec\x27\xfa\xfd\xa0\x0f\xa0\xee\xa9\x2d\xb1\x0b\xad\xea\x62\xa9\
\x5c\xd0\x2f\xe7\xf2\x8e\xc6\x93\x6c\xd9\x13\x89\x75\x2d\xfb\x5b\
\xe9\xda\x5e\x7f\xbb\x30\xd7\x07\xd7\xcb\x6b\x4e\x4a\xa4\x58\x8e\
\xb5\x65\xef\x38\xe4\xa6\x93\x0a\xa4\x4f\x9c\x3d\xf4\x01\x9f\x0a\
\x54\xa6\x18\x07\x6f\x31\x68\x94\xac\xd1\x65\x34\x44\x79\x94\xab\
\xce\x25\xce\x62\x84\xb6\x2a\x96\xd1\xa1\xc2\x92\x06\xa3\x1e\x6d\
\xef\x4c\x45\xcd\xe9\x03\x9d\x46\xee\xd8\x4b\x23\xbc\x0c\x15\x3d\
\x37\x50\x64\xde\xcc\x88\xa6\xa6\xeb\xdc\x20\x06\x6b\xce\x71\xe4\
\xf4\x49\x7e\x22\x72\xc7\xaf\x75\xeb\x49\xd2\x1f\x14\x1c\xc5\x44\
\x6f\x83\x35\x72\xf9\x41\x6d\xa4\x9c\xcb\xaf\x8f\xbe\x41\x9d\xf7\
\xa4\x75\x31\xea\x0b\x03\xa1\xb2\xd7\x2c\x84\x8f\xf4\xcc\x6f\xea\
\x8d\x66\xd8\x8b\x02\xf5\x2a\xb7\x89\x9a\x81\x28\x95\x61\xf4\x1d\
\x51\x63\xb0\xe6\xec\x47\x33\xc2\xe8\xbc\x2a\xfa\xd5\x38\xba\xe6\
\xaa\x54\x71\x76\x95\x0b\xf7\x66\xb9\xfb\x96\x77\x8d\xbe\x75\x6d\
\xbb\x31\xd7\x0d\xfe\xa8\xf0\x4c\xf1\xb4\xff\x3c\x1d\x26\xc7\x7d\
\x36\x66\x53\x58\x2a\x0d\x23\x03\x2a\x0b\xa3\x84\x49\xde\xf4\x91\
\x33\x12\x58\x5e\xf3\xf6\xa6\x51\x41\x5c\x8a\x22\x1d\x75\x88\xf2\
\x51\x40\x9a\x34\x06\x3a\x7e\xc9\xaf\x87\x90\x1a\xa9\xf0\x5b\xcb\
\x5c\xa4\xa3\x91\x35\x9d\xa4\x9c\xf4\xd4\xd2\x27\x6d\xd2\xd5\xe8\
\x92\xb4\x6a\x9d\x0e\x8d\x42\xcb\x5d\xe4\x9f\xce\x66\x79\xcd\x89\
\x8d\xb6\x6f\x2e\xbd\x9d\x11\xef\xeb\xa2\xa6\xeb\x8c\x7c\x4e\x50\
\xae\xf2\x89\x00\x34\x5e\xe5\x3f\xfa\x11\xe9\x8b\xf6\xf9\x97\x7b\
\x4c\xb9\xe2\xec\x33\xf2\x8b\x3a\x26\x1e\xbd\x04\x90\xa1\x7c\xd1\
\x3d\x33\x4b\xf9\x14\xc8\x9d\x48\x84\xb0\x2a\x6b\x75\x4e\xe8\x45\
\x9d\x26\xbf\xb3\x1f\xf2\xcc\x60\xcd\x81\x90\xf4\x22\x7d\x69\x94\
\x1c\x8f\x35\xab\xdb\xaa\x07\xa0\x7d\xa1\xd3\x25\x0f\xb9\xbe\x95\
\xbc\x30\x92\xcf\xe8\xf0\x07\x5d\xf7\x79\x6b\x88\x70\x9a\x21\xc7\
\x59\x65\xee\x2f\x38\x66\xe4\xae\x63\xad\x56\x50\x16\x9a\x9d\x51\
\x4e\xf2\x37\xa3\x01\xa1\xe4\xce\x2e\x8e\x35\x73\xee\x5b\x57\xbb\
\xea\x1a\x3a\xa1\x5e\xf4\x71\x91\xbb\x68\xcc\xed\xed\x26\x40\x81\
\xbc\x6d\xa0\xb7\x03\x50\x2c\x6f\x62\xc4\x42\x89\x6f\x66\x28\x0c\
\xc7\x5a\x0e\x42\xf9\x74\xa0\x54\x82\xef\x7c\xe7\x3b\xcf\x85\x89\
\x69\x95\xa6\xe5\x47\xd7\xbc\x7e\x11\xc7\xd7\xbf\xfe\xf5\x36\x4e\
\x2a\x22\x6f\x24\xe8\x6d\x09\x55\x78\x0a\xf9\x5b\xdf\xfa\xd6\xe8\
\xad\x17\xae\x51\xc9\xf5\x46\x05\x0d\xe6\xbd\xf7\xde\x1b\x39\x9e\
\xe1\xad\x25\xbe\xb9\xae\x37\x23\x78\x1b\xe2\x7b\xdf\xfb\x5e\x1b\
\x47\x2d\x7d\xe5\x9b\xb7\x2a\x74\xcf\xb7\xbf\xfd\xed\x56\x57\xcb\
\x85\xb7\x8a\x14\x87\xf4\x27\xbd\xf0\x36\x14\x0d\x00\x39\x4a\xe4\
\xfb\x36\xa2\xeb\x08\xfa\x42\x77\x1a\x49\xfe\xe0\x07\x3f\x18\x9d\
\x97\xce\x88\x8b\x7b\x89\x57\xe9\xe5\x34\x25\x4b\x8e\x9b\x6b\xc4\
\x81\x21\xa2\xc3\x91\x3e\xba\xca\x5b\x3a\xd6\x9b\x5b\x94\x1f\xe5\
\x29\xfd\x47\xb4\xfc\x43\x58\xe9\x51\x32\xe6\x34\x90\x87\xb7\x7e\
\x94\x16\x65\x45\xa7\xcf\xbd\x18\x10\x06\x19\x7a\xab\xa5\x94\x1f\
\xdd\x47\x1e\xf4\x26\x4c\xac\x4b\x9c\x27\x4e\xa5\xc7\xb1\xe4\x8e\
\x65\x43\xf8\x5c\x6e\x25\x9d\xc6\x3c\x94\xf4\x1d\x75\x91\xf3\x5c\
\x4a\x23\x5e\x8b\xf5\x8d\xba\x81\x6e\x4a\xdb\xb4\x23\x3f\xd7\x94\
\x5f\xea\x87\xe2\x8c\xf1\x65\x62\xdd\xa3\x8d\x68\xc9\x2d\xf7\x17\
\xdc\xab\xb2\x10\x6f\xbe\xf9\x66\x5b\x2e\xd4\x9b\x3f\xfd\xd3\x3f\
\x1d\x6d\x65\x4e\x58\xae\xf1\xe6\x98\xe4\xd6\xb3\x06\xe2\x55\xf9\
\xf2\x51\x3d\xdb\x48\x5d\xd3\x12\x99\xca\x6d\x79\x82\x95\x8e\x8d\
\x30\x8b\xb7\x9b\xbc\x0b\xec\x04\x30\xa2\x59\x54\x8f\x54\xc6\xcc\
\x03\x8c\x2a\x1d\xaf\x1e\x86\x03\x33\x6a\x66\xa9\xdb\x71\xd4\xbc\
\x19\xf4\x6c\x32\xe6\x1b\x83\x86\x7e\x66\x6d\x1c\x84\x9d\x0e\x19\
\x63\x16\x0a\x8d\xa8\x59\x66\x61\x00\xc5\xc8\x99\x51\x3f\xcf\x0f\
\x76\x1b\xcc\xda\x31\x96\x18\x0a\x3d\xbc\xcf\xee\x60\xb7\x23\x9e\
\x49\x4c\x80\xde\xb6\x5a\xb4\x75\x61\x63\xe6\x8d\x5e\xf4\x58\x0e\
\xaf\x81\xef\x56\xd0\x83\x5e\x4c\x29\x3d\x9b\x99\x25\xf6\x71\x6d\
\x8c\x31\xa6\x8a\x9d\x0e\x19\x63\x8c\xd9\x52\x6c\x24\x8c\x31\xc6\
\x54\xb1\x91\x30\xc6\x18\x53\xc5\x46\xc2\x18\x63\x4c\x15\x1b\x09\
\x63\x8c\x31\x55\x6c\x24\x8c\x31\xc6\x54\xb1\x91\x30\xc6\x18\x53\
\xc5\x46\xc2\x18\x63\x4c\x15\x1b\x09\x63\x8c\x31\x55\x6c\x24\x8c\
\x31\xc6\x54\xb1\x91\x30\xc6\x18\x53\xc5\x46\xc2\x18\x63\x4c\x15\
\x1b\x09\x63\x8c\x31\x55\x6c\x24\x8c\x31\xc6\x54\xb1\x91\x30\xc6\
\x18\x53\xc5\x46\xc2\x18\x63\x4c\x15\x1b\x09\x63\x8c\x31\x55\x6c\
\x24\x8c\x31\xc6\x54\xb1\x91\x30\xc6\x18\x53\xc5\x46\xc2\x18\x63\
\x4c\x95\x1d\x67\x24\x9e\x3e\x7d\xda\x0c\x06\x83\xc6\x18\x63\xcc\
\xe6\x59\x08\x23\xb1\xb2\xb2\xd2\x7e\xa6\xc1\xb1\x63\xc7\x9a\xc3\
\x87\x0f\x17\xaf\xdd\xbd\x7b\xb7\xbd\xfe\xe0\xc1\x83\x75\xe7\x31\
\x2a\x92\x81\x0f\x86\x66\xb3\x9c\x3b\x77\xae\x39\x79\xf2\xe4\xd8\
\x70\xa4\x75\xfd\xfa\xf5\xe6\xd6\xad\x5b\x53\x37\x6e\xe4\x33\xe7\
\x95\xfc\xe5\x73\x5b\x0d\xe9\x47\x7d\xf3\xd9\x68\xde\xd1\xdf\x34\
\xca\x2b\xc6\xb7\x08\x6c\x26\x5f\x97\x2e\x5d\x6a\xce\x9f\x3f\x5f\
\x8c\x33\x52\x0a\xb3\xc8\x5c\xbd\x7a\x75\xe2\x7a\x42\x9b\xdf\x0e\
\xf9\xdc\x48\xde\xb6\x8a\xb9\x1b\x09\x3a\x08\x3a\x6e\x3e\xd3\x68\
\xa0\x67\xcf\x9e\x6d\x2e\x5c\xb8\x50\xbc\xf6\xe8\xd1\xa3\xa2\x11\
\xa0\x51\x49\x06\x3e\x2f\xbf\xfc\x72\x73\xe3\xc6\x8d\x66\x33\x3c\
\x7c\xf8\x70\x6c\x67\x8c\x61\x20\x2d\x2a\x31\x06\x85\xb4\xa7\x59\
\x51\x88\x37\x37\x10\xd2\xa0\x42\xce\x13\xcd\xf6\x90\x63\x33\x06\
\x02\xd0\xf1\x34\x3b\x01\xe2\x5a\x84\xc6\x4a\xbe\x36\x52\x4e\xd2\
\xe7\xe5\xcb\x97\x9f\xbb\x96\xf3\x76\xff\xfe\xfd\x66\x3b\xb1\x91\
\xc1\xcd\xc1\x83\x07\xdb\x3e\x61\xd1\x99\xf7\xc0\xad\x8b\xb9\x1b\
\x09\x46\xd1\xcb\xcb\xcb\xed\xef\xd8\x28\x18\x89\x5f\xbc\x78\x71\
\x74\x4c\x87\x7a\xe6\xcc\x99\x51\x25\xa7\x63\x57\xc7\x1a\x3b\xf4\
\xc7\x8f\x1f\x37\x4b\x4b\x4b\xa3\x63\x19\x00\xee\xe5\x5a\x0d\x64\
\x58\x5d\x5d\x6d\x9e\x3c\x79\xd2\x1c\x3d\x7a\x74\x94\x36\x1d\x9a\
\xe2\x20\xbd\x38\xe3\xa1\x60\xa3\x0c\x84\x2b\x35\x6c\xee\x21\x7d\
\xf2\x10\x21\x2c\xe9\x92\xa6\x1a\x2c\xfa\x80\x1c\x3e\xc6\x4d\x18\
\x1a\x3c\xc7\xa4\x1f\xf5\x32\x09\x31\x6f\x59\x8f\xe8\x3f\x1e\x2b\
\xcd\xf8\x1b\xf9\xb8\x5f\xe7\x72\x79\xa0\x1f\x66\x75\x79\x96\x88\
\x7e\x4f\x9f\x3e\xdd\x1c\x3a\x74\x68\xf4\x1b\x3d\x30\xea\x53\x9c\
\xdc\x13\xcb\x1f\xb8\x9e\x1b\x93\x0c\x4d\xd4\x81\x8e\xf9\xd4\x8c\
\xbd\xf2\x4e\x18\xe9\x95\xf8\xb9\x37\x1a\xd7\x18\x0e\x9d\xc8\xb8\
\x71\x3e\xcb\x87\xec\xa5\xc6\x5e\x93\xa7\x34\x7b\x94\x2c\x7c\xe7\
\x3a\x3f\x2e\x4e\x64\xe2\xbe\x92\xe1\x24\x2e\xe5\x2d\xd6\xd1\x18\
\x4f\x4c\xa7\x94\xef\x12\x94\x7b\x0e\x93\xf3\x25\xb9\xa2\x1c\x9a\
\x69\x77\x0d\xc6\x24\x1b\x61\xa3\x5e\xf9\x9d\xef\x43\x56\xcd\xbe\
\xb8\x46\x7a\x1a\x9d\x53\xae\x92\x95\x7b\x89\xb3\x94\x76\xce\x0b\
\xdf\x19\xee\x27\x0f\x2a\x9b\x92\x6e\x48\xb7\x74\x2d\xea\x94\xba\
\xc3\xb5\x52\xfe\x55\x86\x8b\xc2\xdc\x8d\x04\x05\x48\x47\xc1\x27\
\x76\x8a\x74\xf4\x6a\x8c\x40\x01\x52\x69\xe8\x4c\xa8\xe8\x6a\xa0\
\xfb\xf6\xed\x6b\x3b\x19\x55\x42\xc2\x28\x9e\x18\xae\xd4\xa8\x4b\
\x10\xdf\xde\xbd\x7b\x47\xe9\xd2\xc9\x91\x36\x23\x12\xa0\x13\xd4\
\x68\x4d\x46\x03\x99\x88\xfb\xca\x95\x2b\xcf\x19\x02\xc2\x51\x29\
\x08\x47\x1e\x33\xaa\xd4\xc4\xc1\x4c\x47\x32\x92\x26\xb3\x11\x11\
\xf3\x85\xce\x94\x16\xb2\xf2\x8d\x5c\x25\x34\x6a\xd7\x27\x22\x43\
\x4c\xda\x59\x8f\xb7\x6f\xdf\x5e\xd7\xb9\xab\x03\xd7\x6f\x35\x28\
\x2d\x1d\xf1\x9b\x38\x5e\x7d\xf5\xd5\x36\x1e\xc2\xaa\xd1\xf6\x9d\
\x21\x92\x7f\x1a\xd1\x91\x23\x47\x5a\x03\x42\x3a\xf1\x5e\x46\xc7\
\xa4\x11\x61\x94\x88\x5e\xaf\x5d\xbb\xd6\xe6\x83\x74\x91\x8d\xb0\
\x9c\x53\x9c\x19\xce\xa1\x3b\xc2\x30\x38\x50\xba\xc4\xc5\xbd\x1a\
\x89\xa3\x23\xf2\x44\x38\x7e\xcb\x38\x22\x47\x96\x0f\xdd\x65\xf9\
\x34\x23\x90\x3c\x0c\x08\xd4\x81\x53\xbe\xb9\x4c\xa4\x63\xf2\x75\
\xe2\xc4\x89\x51\xbe\x72\x98\x52\x1e\x49\x5b\xf7\xe5\x99\x04\xe7\
\x94\x37\x8d\xac\x91\x9d\xb2\x23\x0e\x66\xdf\xd4\x67\xe5\x87\xdf\
\xe8\x43\xf9\xa6\x7c\x73\x39\x72\x2f\x3a\x20\x4e\x85\x29\xe5\x8b\
\xfb\x94\x2f\xae\xa9\x5d\xde\xbc\x79\xb3\xd8\xe1\x03\xf9\x53\x1e\
\x09\x2b\xe3\x12\xe5\xce\xb2\xa8\xae\x11\x9e\xf6\x7a\xea\xd4\xa9\
\x75\x61\x91\x35\x96\xc5\x9d\x3b\x77\x46\xd7\xd0\x1f\xb2\x28\x2f\
\xb4\xaf\x92\x5c\xc4\x87\xfc\x7c\x4b\x37\xe8\x4a\x9d\x3a\xd7\x54\
\xaf\xa4\x13\xe9\x82\x36\x2a\x9d\xd2\x46\xd4\x2f\x44\x90\x8f\x01\
\x23\xf5\x7f\x51\x98\xab\x91\xa0\x23\x42\x81\x14\x26\x95\x58\x1d\
\x0e\x1c\x3f\x7e\xbc\x2d\x08\xc2\xe8\x9b\x4a\xce\x6f\x0a\x10\x25\
\x53\xc9\xf8\x10\x96\x8a\x91\x2b\xb1\xc2\x51\x19\x08\xd7\x65\x24\
\xb8\x57\xcf\x33\x48\x8b\x86\x24\x63\x40\x1c\xc8\xa7\xc6\x45\xe5\
\x91\xec\xc4\x4d\xa1\xd7\xa6\xee\xea\xbc\x09\x97\x3b\x10\xee\xa3\
\x32\x10\x3f\xcb\x4e\xa5\x86\x58\x83\xb8\x88\x93\x86\xa4\x11\x4b\
\x69\xb4\x87\x4e\xf7\xef\xdf\x3f\xfa\xc4\xf3\xe4\x83\xce\x01\x39\
\xd0\x0f\xfa\x45\x67\x7d\x40\x4e\xf2\xcc\x7d\x51\x26\x64\x41\x2e\
\xcd\x12\xe8\xc0\xd0\x5d\x5f\xd0\x05\xf7\x11\x17\xb2\xc9\x68\x91\
\x37\x74\x94\x3b\xcc\x0c\xe1\x29\x67\xe9\x9a\xdf\xa5\x25\x46\xae\
\x6b\xc6\x89\xcc\xa5\x25\x09\xd2\x7c\xf6\xec\x59\x2b\x13\x90\x76\
\x5c\xca\xcc\xf2\x71\x3d\xcb\x47\xa7\x11\x8d\x9b\x46\xc5\x9b\x59\
\x5a\xed\x9b\xc7\x3e\xa8\x4d\x20\x37\xf9\xd4\x33\x22\x8e\x35\xa8\
\xe1\x37\x6d\xb4\xd6\x69\xf2\x21\x4c\xac\x0b\x5d\x44\x7d\xa0\xc3\
\x3c\xb0\x52\x1e\xa9\x8b\x84\xe3\x13\xf3\x3b\x0e\xd5\xbd\x52\x78\
\xca\x59\x71\x92\x5f\xda\x31\x20\x83\xd2\xd3\xa0\xaf\x86\x66\xbf\
\x40\x58\xf2\xa3\x01\xad\xfa\x0b\x5d\xa3\xbc\x35\xdb\x95\x5c\xba\
\x96\x97\xc5\x91\x85\x36\xa5\xd5\x84\x45\x61\x4f\x33\x47\xa8\x54\
\x2a\x48\x46\x6b\x20\x63\xc0\x07\xa5\xa2\xb0\x58\xa1\xd4\x10\xe2\
\xa8\x5c\x1d\x7b\x6c\x24\xea\x30\x63\xa3\x55\x1a\x35\x54\xb1\x18\
\x85\xf0\x5b\x85\xa5\x51\x8d\xe2\x8b\xa3\x63\xc5\xcf\x7d\xd9\xfa\
\x4b\x06\x2a\x51\xa9\x73\xe3\x1c\x1d\x2a\xe1\xa8\xa4\x74\x28\xc4\
\x53\x5a\x4f\xce\xc4\x06\xd0\x95\x2f\x8d\xb2\x85\x0c\x85\xe4\x8f\
\x32\x23\xcf\x4a\xe5\x05\x02\x46\xc0\x39\x7d\xe5\x49\x69\xa8\x61\
\x2b\x5f\x1b\x21\xe6\x8b\x78\x31\x9c\x94\x3b\x72\xd1\x51\x8d\x83\
\x59\x41\xd6\xb5\xca\x2c\xc6\x4d\x9c\x94\x29\x0d\x1a\x63\xc1\x71\
\xee\x54\x28\x97\x5c\xa6\xf1\x38\xca\x47\xde\x6b\xf2\x95\xe4\xd9\
\xc8\xf2\xa0\xe8\xca\xe3\x24\xe4\xfc\x32\x02\xc6\x28\xa2\x0f\x2d\
\xcb\x08\xca\x3f\x1b\x7b\xf2\x4f\x3e\x34\x33\xd2\x60\x6f\x52\x19\
\x4a\x72\x23\x4b\x96\x6f\x5c\xfb\x8d\x71\xf6\xb9\x16\xdb\x72\xbe\
\x47\x86\xa4\x44\xd6\x3d\x7a\x60\x26\x82\x2e\xb2\xde\x80\x3a\xc3\
\xb5\xbc\x92\x90\xe3\xa1\xed\x6c\xb4\xdd\xcc\x92\xb9\xcd\x24\xb4\
\xcc\xa2\x11\xbc\xde\x04\x8a\x56\x54\xb3\x0b\xce\xa1\x68\x2d\x8b\
\xf0\x51\x38\xbd\x1d\x94\x47\x71\x0a\xab\x65\x0f\x58\xe9\x78\x83\
\x4a\x23\x57\x2d\x5f\x80\x3a\x04\x3a\x12\x46\xc4\x14\x20\xbf\x09\
\xa3\x0a\x1b\x47\x92\x39\x7e\x8d\x24\x34\x95\xcd\x68\x6d\x54\xe1\
\x90\x41\xe1\xf8\x1d\xa7\xd7\x9b\xe9\x54\xa4\x9b\xa8\x1f\xe5\x4d\
\xeb\xb5\x9a\x96\xc7\x4e\x50\x69\x72\x2d\x2e\x7d\x49\x3e\xc1\x7d\
\x3c\xef\x41\x3f\xe8\x29\xae\x41\xaf\x6c\xf2\xad\x35\x8d\x6e\xa9\
\x2b\xa5\xe5\xba\x0c\x72\x65\x5d\x69\x94\x1f\x41\xcf\xc4\x4d\xdd\
\xa1\xdc\x4b\x0f\xbf\xd1\x45\x96\x3f\x97\xa3\xe4\xe3\x7c\x49\x3e\
\xd2\x2d\xbd\x61\xa6\xfa\x19\x9f\x93\xf5\x2d\xe3\xbe\x79\xdc\x28\
\xd4\x6d\xf2\x8e\xe1\xd7\x87\xfa\x99\xf3\xa7\x8e\x4f\x33\xfa\xf8\
\xac\x23\x76\xfc\x1b\x99\xe1\x60\xa8\xf2\x7d\xaa\x83\xa5\x7c\x6e\
\x66\x66\x26\x7d\xe6\x41\x66\xad\x3c\x4a\x4b\x5d\xea\x9f\xf8\x44\
\xbd\xd1\x57\x30\xe8\x2c\xd5\xa5\x7c\x4c\xf8\xb8\xe4\xb7\x28\xcc\
\xcd\x48\x68\x8a\x49\xc7\xc2\xc8\x88\x0f\x4a\x8a\x6b\x88\x28\x58\
\xeb\x99\x7a\x88\xa4\xce\x9c\x30\x2c\x3f\x30\x32\xae\xbd\xcd\x41\
\x38\x2d\xb7\x10\x56\x53\xcb\xbe\x50\xb0\xc4\xc1\xd4\x53\x4b\x51\
\x32\x48\x18\x30\x4d\x4b\x89\x9f\x6b\xa5\x91\x07\xf7\x13\xae\xf4\
\xe6\x12\x95\x87\xbc\x69\x29\x88\xbc\x6a\xd9\x83\xfc\xe6\x3c\x4e\
\x13\xe9\x91\xd1\x8b\xd2\xd0\x3a\x2b\x68\xb9\x2d\x5e\xab\x41\xfe\
\x88\x07\x1d\xa8\x92\xa3\x3b\xf4\xbd\xd9\xb7\xa9\x90\x03\x63\xaa\
\x29\x7c\x86\x74\xb4\x4c\xa9\xf5\x68\x3d\x2b\xd2\x03\x5c\xd6\x81\
\x33\x5c\x97\xf1\xc6\x00\xc9\xe8\x93\x17\x8e\xb9\x8e\x8e\xb8\x57\
\xe1\x38\x97\x97\xe3\x90\x8f\xf4\x6a\xf2\xc9\x00\x45\x79\x18\x71\
\x13\x37\xdf\xc4\xa7\x6b\x71\x39\x47\xcf\x57\x4a\xcb\x48\x7d\xf3\
\x98\x21\x4e\xca\x64\xdc\x43\x51\x74\x8a\x7c\x7a\x80\x2a\x5d\xe5\
\xce\x59\xcf\xe5\xe2\x32\x31\xb0\xfc\xab\x25\x16\x3d\x2c\x9f\x14\
\xf4\xa6\xe7\x7f\x8a\x43\xe9\x6b\x06\x80\xbe\x34\x93\xd9\x6c\xc7\
\xaa\x7a\x56\x4a\xaf\x84\xea\x84\x5e\xb4\xd0\x32\x56\xae\x2f\x8a\
\x07\x9d\xea\xd9\x97\xee\xcb\x03\x2f\x19\x98\x45\x33\x14\x4b\x1f\
\xdc\xfa\xf1\x6a\x33\x45\xbe\x70\xfc\xbb\xbd\xc2\xc5\xf5\x7e\x21\
\x83\x10\xd7\x43\x35\x13\xe0\x38\x16\x9a\xde\x0c\xa0\x60\xa8\x94\
\xba\xa6\x46\xa5\x69\xaf\x1e\xae\x29\x9c\x1e\x20\xc7\xb8\xf2\x3d\
\x19\x15\xa8\x1a\xb6\x8c\x81\xe4\x65\x34\xa8\x46\xaa\x78\x62\x9c\
\x9a\x65\xc4\x7c\xc5\x7c\xc8\x78\xe9\x81\x6d\x4e\xb7\x2b\x6e\xc5\
\xc1\x39\x8e\xf3\x08\x3f\xe7\x4b\x46\x4e\x72\x44\xfd\xc4\xbc\x4d\
\x92\x7e\xcc\x07\xe7\xf5\x00\x58\x65\x44\xbc\xa5\x06\x47\x63\x89\
\xcb\x56\xa5\x25\x42\xc0\xf8\x30\x52\xad\x35\x5a\xfd\x1f\x44\xe5\
\x5a\x92\xa5\x84\xf2\x87\xb1\x8e\x79\xd1\x00\x46\xe7\x14\x2e\x3e\
\x94\x8f\xe1\xc7\xc9\xd7\x25\x4f\xac\xc7\xe8\x49\xe5\x58\xca\x57\
\x29\x4e\xd0\xf2\x28\x68\xd6\x59\x7b\xf0\x19\xf3\xb6\x92\x5e\xa6\
\xc8\xfa\xaf\xd5\xfb\x2c\x47\x94\x5f\x61\x72\xfb\x24\x1f\x5a\x19\
\x88\x65\xae\x74\x4a\x6d\x2f\xc7\xcd\xbd\x32\x60\xa5\xb6\xa7\x3c\
\xc7\x59\x1d\xe1\x74\xac\x11\x7f\x6c\xbf\x31\x6c\x4e\x8f\x72\x65\
\x66\x1c\x51\x7b\xd1\x33\x9a\x92\x6e\xfa\xb4\x29\x95\x59\x49\x36\
\xcd\x62\xfa\xcc\x9c\x33\xbf\xbb\xfd\x93\x66\xda\xcc\xcd\x48\x18\
\xd3\x07\x1a\x0b\xa3\xaf\xf8\x5c\x65\x91\x58\x74\xf9\x4c\x3f\x98\
\xf9\xc4\xc1\xe6\x60\xed\xad\xc4\xfc\x8c\x40\x06\xa0\xf6\x5f\xac\
\x79\x33\x0b\x23\x31\xd7\x07\xd7\xc6\x8c\x83\xa5\x95\xda\x52\xce\
\x22\x80\x7c\xa5\xf7\xe9\xcd\xf6\x82\xd9\x08\x46\x81\x19\x0d\x0f\
\xcd\xf5\xe6\x9f\xf1\x4c\xc2\x2c\x38\x5a\x62\x58\x54\x16\x5d\x3e\
\xd3\x1f\x3d\x0f\xd5\x52\x6a\x69\x79\x2d\xbe\xf2\xbb\x88\x78\xb9\
\xc9\x18\x63\x4c\x95\x59\x18\x09\x6f\x15\x6e\x8c\x31\xa6\x8a\x8d\
\x84\x31\xc6\x98\x2a\x36\x12\x6b\xf0\x76\xc3\x66\x77\x7e\x35\x65\
\x58\xc3\x5d\xc4\x3f\x09\x19\x63\xc6\x63\x23\xd1\xfc\xe1\x7f\x06\
\x7d\xb6\x7d\x30\x93\xa3\x8d\xe7\xf2\x76\x05\xc6\x98\xc5\x67\xae\
\xdb\x72\x94\x76\xe7\x9c\x07\xbc\xc6\xa8\x7f\x6c\xc7\x7f\xe2\x8a\
\x95\xb5\xad\x8d\xb5\x3f\xcb\x3c\x99\xc6\x68\x3c\x6e\x55\xb2\x55\
\xf0\xc7\x20\xfe\x71\xba\xb2\xc1\x6d\x3a\x66\x5d\x5f\x4a\x5b\x9f\
\x68\xab\x86\xbc\x65\x83\x58\x64\x1f\x00\x1b\x21\xee\x49\x06\xb3\
\x74\x84\xb3\x1d\x66\x95\x59\x1f\xbb\x95\xb9\x1a\x89\x79\x77\xb8\
\x82\x7f\x6d\xc6\xbf\xfc\x83\xfe\x32\xaf\xcd\xfd\x30\x12\x7a\x97\
\x7a\x9e\x15\xa7\x8f\xb7\xbb\x2e\x68\xf8\x6c\x15\x30\x8f\x0e\x0e\
\x1d\x6a\xaf\xa8\x49\x99\x75\x7d\xc1\x70\x66\xd9\xe4\xa3\x80\x65\
\xc8\xbc\x14\x39\x58\xf3\x2b\xb1\x93\x40\x07\x31\x4f\xb3\xac\x23\
\x9b\xad\xc7\x5b\xc1\xb4\x1d\x5a\x6d\x57\x5e\xf8\xdb\x37\xbf\x79\
\xb1\x99\x22\x2f\x1e\x78\xbd\x57\x38\x1a\x9f\xf6\xe3\xa7\x31\xfe\
\xe2\x17\xbf\x68\x0e\x1c\x38\xb0\xee\x2f\xf3\x3f\xfa\xd1\x8f\x46\
\xfb\xe8\xe8\x1a\xe7\x7f\xf6\xb3\x9f\xad\x7b\x37\x5d\x5b\x4d\x7c\
\xf8\xe1\x87\xed\x35\xe2\xbd\x77\xef\x5e\xf3\xc6\x1b\x6f\xb4\xd7\
\xb4\x8f\x4c\x8c\x5f\x70\x9e\x9d\x2f\xbf\xf1\x8d\x6f\xb4\xc7\xfa\
\x5b\x3c\x1b\x8c\x91\x06\xb3\x8c\x1f\xfe\xf0\x87\xa3\xcd\xbb\x30\
\x28\x2f\xbd\xf4\xd2\x73\xef\x49\x97\xe4\xe5\x37\x32\x08\x1a\x21\
\x32\x12\xdf\x5b\x6f\xbd\xd5\x7c\xf4\xd1\x47\xa3\x9d\x6e\x4b\x3a\
\xc8\xd0\xc9\xfe\xfc\xe7\x3f\x6f\xde\x7d\xf7\xdd\xd1\xd6\x06\xc8\
\x8a\x8c\xe4\x9b\x7c\x70\x0e\xf9\x4a\x10\x96\x70\xda\xe6\x61\xb9\
\xe0\xa7\x80\x7b\xd5\x59\xd4\x74\xc6\xb5\x77\xde\x79\x67\x9d\xcc\
\xda\x67\x9f\x3c\x13\x07\xe7\x32\xc4\x83\x8e\xf2\x9f\xe3\xc8\x97\
\xf4\x0f\xfa\x53\x93\xf4\x8a\xae\x88\x8f\x72\x45\xff\xc4\x91\x75\
\x95\xf5\x10\x37\x30\xa4\xb1\x73\x1e\xb9\x7f\xf3\x9b\xdf\xac\x2b\
\x13\x41\x18\x95\xb9\x88\x3b\x12\x93\xd7\x28\x37\x71\x31\x68\xc8\
\xf9\xd4\x16\xd3\x84\x57\x1e\xf8\x5d\xaa\x17\x84\x8d\x5b\x2f\xa8\
\x7e\xa0\x3f\xd5\xa5\x98\x97\x0c\x32\xa0\x1b\xc5\xcb\x3e\x50\xc4\
\x17\xf3\x0c\xcb\x6b\xbb\xfb\x22\x07\x79\x2a\xc5\x89\x9e\xbf\xff\
\xfd\xef\xb7\xf7\xd1\x76\x88\x87\xba\xa6\x7d\xb9\x62\x7d\x15\xb1\
\x6d\xbd\xf2\xca\x2b\xed\xa7\xa4\x57\xe2\xd5\x16\x22\xc8\x19\xeb\
\x31\x90\x67\xca\x13\x79\x91\x83\x30\xb5\xf2\x24\x3e\x85\x25\x6d\
\x7e\xa3\x4b\xd5\xf9\x7c\x1f\x9f\xb8\xf9\x61\xd6\x99\xea\x8f\xf4\
\x13\xcf\x53\x9f\x89\x9f\x01\x63\xdc\xce\x63\x91\xf9\xe4\xdd\xb7\
\x9b\x69\x33\xd7\x67\x12\xda\xa7\x89\x7d\x6f\xe4\xd0\x05\xf4\xa0\
\x53\x0e\x3a\x68\x6c\x7a\xf0\x19\x37\x00\x14\x32\x36\x7c\x88\x47\
\x0e\x47\xf4\x17\xfa\xe8\x30\x26\xa3\x8e\xb5\x46\xbe\x4e\x65\xc9\
\x1b\x73\x41\xcd\x39\x4d\x84\xfb\xe4\x95\x4a\x0e\x57\xd8\xc4\x4c\
\x3a\x20\x9f\x5d\xeb\xf6\x34\x56\xed\xce\xa9\xbd\x91\xb4\xf9\x9d\
\x9c\xe7\xd4\xee\x47\x37\xda\xd6\xba\x86\x1c\xc2\x68\xa3\x31\x39\
\x46\xc9\x33\x27\xfd\xc3\x38\x96\x9b\x9c\xb9\x68\x6f\xfd\xd2\xb2\
\x12\x8d\x0c\x19\x33\x6c\x22\xa8\xf0\xda\xb4\x6e\x25\x38\x8a\x51\
\xe3\x44\x9f\x94\xad\x7c\x5f\x28\xaf\x25\x3d\x68\xa4\x2a\x87\x3c\
\xd4\x07\xee\xd3\x26\x6b\x93\x10\x07\x2e\x22\xee\xb1\x14\x91\xd7\
\x32\xe9\x19\x99\xf8\x07\xaf\x9c\xd9\xc4\x7a\x51\x73\x5a\xa4\xcd\
\xf4\xe4\xa4\xa8\x24\x2f\xf1\x70\x4d\xf1\xca\x00\xc4\x3c\x6b\x2f\
\xb0\xec\xf8\x88\xeb\x79\x16\xa4\x7d\x86\xe4\xe8\x48\x79\xc6\x50\
\xc5\xfa\xba\x12\x9c\xf4\x68\x63\x4d\x39\xe9\x29\x95\xb9\xfc\x69\
\x68\x3b\x75\xee\x89\xf5\x98\xf4\xb4\x6b\x70\xdc\xf3\xab\x56\x9e\
\x31\x2c\x32\x11\x8f\xae\x69\xc3\xc1\x78\x1f\xb2\x6b\xa7\xdd\x9a\
\x43\x20\x6d\xad\xa2\xbc\xc8\x07\x4c\x76\x68\xb5\x5b\x99\xab\x91\
\xc8\x4e\x38\x34\x8a\xa7\x11\xc9\xf9\x0c\xc8\xc9\x47\x9f\x5d\x5c\
\x35\xf2\x8b\x56\x5f\xff\x90\x2c\xed\x14\x4b\x43\xeb\x1a\x21\xe4\
\x4e\x2d\x7a\xad\x13\x34\x9e\x2e\xe7\x34\x91\xe8\xb7\x40\x3b\xbe\
\xc6\x7c\x4e\xb2\x94\x45\x63\x21\xbe\xb8\xa5\xb9\x46\x8d\x19\x2a\
\x7f\x9f\xca\x2e\xfd\x01\xf1\x96\x9c\xcd\x1c\x4d\x4e\x57\xe2\x46\
\x66\xcb\x6b\xdb\x9e\x4f\xb2\xac\x44\x83\x8f\x2e\x26\xd1\x8b\x8e\
\xe9\x08\xb4\x81\x5b\x94\x2d\xce\x34\xe4\x24\x2a\xea\x21\x6e\xa7\
\x2d\xbd\x48\x0f\x25\x27\x37\xe3\x88\x0e\x86\xb4\x59\x63\x0d\xf9\
\xd4\x18\xac\x39\x2d\xd2\x36\xf0\xb9\x0e\xd6\x9c\x16\x45\x1f\x0b\
\x25\x87\x48\xda\x98\x4e\x8e\x78\x14\x6f\xac\x3b\xd1\x79\x93\x9e\
\xb9\x45\x27\x45\x7d\x75\xa0\xdd\x4d\xf5\x5b\x75\x61\x65\xcd\xbd\
\xac\xd2\x27\xcf\xa5\xe5\x37\x3d\xcf\xd1\x40\xa8\xd6\xd6\xa2\xa3\
\xa0\x71\xf5\x3a\x6e\x50\xc9\x35\xe5\x5b\x86\x30\xde\xa7\xdf\x35\
\x87\x40\xea\x53\xe2\x3f\xa9\xb7\x9b\xef\xef\x59\x33\xd7\xbd\x9b\
\x6a\x0d\x2d\xee\xec\x18\xc3\xd2\x30\xc6\x6d\x89\x9c\x9d\xd6\x68\
\x54\x02\xa5\x8e\x9b\x51\x6c\xd7\x5a\x77\xf4\x97\x0d\x34\xfa\x5c\
\xd1\xb5\x35\x76\xa4\xb6\x44\x90\xef\xcd\x3a\x98\x64\x4a\x5b\xda\
\x1e\x40\x4b\x62\x11\x1a\x8f\xf2\x41\x5e\x31\x8c\x84\x29\x39\x5b\
\xc9\x8e\x5d\x88\xaf\x4f\x87\x1f\xe3\xc1\x90\xd6\x40\xdf\x19\xca\
\x49\x1d\x0c\x72\xaa\x83\xa3\xbc\x34\x93\x43\xee\x92\xee\xd4\x61\
\xd2\xe9\xc5\x41\x04\x79\x54\xe7\x51\x72\xae\x33\x29\xc8\xc3\x48\
\x54\xce\x8a\x6a\x9e\xcb\x62\x5a\x83\x82\x8f\x87\x78\x1c\x9d\x16\
\x21\xbb\xde\xae\x1b\xe7\x10\xa9\x54\xee\xd9\x49\x4e\xfc\x8d\x0e\
\xf3\x6c\xa4\xaf\x0e\x6a\xf5\xb1\xe4\x5c\xa7\xe4\x14\x88\x0d\xf2\
\xd0\x15\x32\x60\xd8\x6b\x6f\x10\xf6\xc9\x1f\x75\x96\x34\x6a\x6d\
\xa6\x74\x9f\xdc\x0e\x0f\x3a\x1c\x02\x69\xd6\x86\x9c\xe8\x9b\x72\
\xf1\x9b\x8e\x7f\x60\x21\x37\xf8\xa3\x60\xe5\xfb\x5a\x30\x8a\x88\
\x5b\x56\x47\x6a\x9d\xbc\xb6\xdb\xa5\xb1\x69\x2a\x9a\x47\x09\xf2\
\xe9\x50\x43\xc6\x49\x9d\x3e\xa3\xa1\xbc\xa6\xce\x35\x1a\x61\x34\
\x42\x5b\xf1\x60\x58\xb2\xc5\x86\x41\xfe\xf2\x86\x73\x74\x08\xcb\
\x6b\x7e\x12\x00\xdd\xd2\x68\xe5\x0c\x25\xc2\x92\x53\xde\x02\x7c\
\x79\x4a\x53\xed\xae\xb7\x45\x96\xd7\xfc\x27\xa8\xcc\xe5\x4b\xa0\
\xcf\x76\xc9\x1a\x85\xc6\x86\x2d\x47\x55\x93\x94\x43\xe9\xed\xa6\
\xd8\x79\x69\x7b\xed\x71\x4b\x94\x51\xae\xdc\x39\xd7\x9c\x16\x91\
\x77\xcd\x18\xe4\x10\x89\x0f\xbf\xf3\x2e\xb3\x71\xa6\x11\x65\xad\
\xe9\x56\x33\xc2\x58\xd6\x9b\xfd\x4f\x90\x96\x56\x63\xfa\x25\x5d\
\xcb\x29\x18\x60\x64\xb9\x6f\x5c\x99\x6a\x50\x10\x75\xcc\x12\x99\
\x5c\x1a\xd7\x90\x5f\xf4\xe5\xe4\x06\x40\x4b\xba\x32\x06\x42\xf2\
\x6a\xb0\x24\x39\x09\x4f\x5a\xdb\xe1\x19\xc4\x56\xb0\x90\x46\x82\
\xc6\xc8\xc8\x92\x42\xa5\x23\x93\xa3\x14\x4d\xd5\xb5\x2e\x29\xe7\
\x26\xb5\x8a\xa3\x37\x50\xe4\xf6\xb4\x54\xe8\xb5\xe5\x19\x41\xe3\
\x62\xf4\x41\xda\x74\xa0\x7c\x72\x25\x8f\xce\x46\x54\x91\xa3\x87\
\xbd\x2e\xd7\x96\x35\xd4\xc9\x95\x5c\xa2\x6a\xb9\x43\x0e\x6f\xe8\
\xb4\x48\x5f\x6b\xda\xf9\x9e\x6c\xd4\x06\x6b\x7e\xc5\x4b\xb3\x1d\
\xad\x5f\x6b\x09\x08\x39\x30\x3c\x74\x62\xa4\x33\x49\x3e\x48\x27\
\x8e\xba\xb5\x8c\x58\x02\xbd\x45\x23\x4e\xfa\x74\x2a\x7d\xb6\xe0\
\x46\x26\xad\x4b\x73\x1f\x1d\x60\x76\xb7\x3a\x0e\xea\x9c\x3a\x13\
\x3a\x32\xea\x1c\x75\x2f\xd6\x19\xbd\xdd\xd6\xe5\xff\x38\xa2\x7a\
\x21\x47\x43\xaa\xb7\x11\xca\x10\xbf\x05\x31\x4e\xd2\xe6\x83\x4e\
\xa2\x43\xa4\x1c\x2f\xb2\xc8\x31\x17\xf1\xd6\xdc\x7b\xea\x3f\x2a\
\x72\x80\x45\xd8\xd2\x4c\x42\xb3\xc6\x95\xe4\xa1\xb0\x04\x03\x11\
\x74\xae\xb6\x55\xda\x2e\x5d\xcf\xc1\xe4\xbe\x37\x76\xfc\x7a\xb6\
\x58\x32\xb6\xaa\xd7\x5a\x51\x88\xf5\x7a\x5c\x5b\xcd\xf5\x40\xb3\
\xea\x52\x1b\x8d\x32\x4b\xce\xd8\x97\x68\x10\x26\x7d\x20\x47\x5c\
\x7e\xdb\x2d\xcc\xed\xed\x26\xe0\x6d\x88\x58\x49\xb4\xbe\xc9\x9b\
\x0a\x1a\x45\xf1\xa6\x05\x8d\x95\x37\x82\x04\xd7\x78\xbb\x86\x0a\
\xfd\xf5\xaf\x7f\xbd\x7d\x33\x46\xf7\xc5\x38\xf9\xe6\xcd\x07\xbd\
\xe9\xf0\x83\x1f\xfc\xa0\xf8\xe6\x0f\xd7\x14\x3e\xca\xa1\x6f\xe2\
\x47\x16\xee\x45\x8e\x52\x1c\x7a\x9e\xa0\xa5\x19\xad\xd7\xf2\xa6\
\x04\xb2\x22\x07\xc7\xc8\x17\x2b\x59\xd6\x81\x46\x3c\x6a\x50\xb9\
\x42\xca\x71\x0b\xd7\xb8\x97\xe3\xa8\x8b\xef\x7c\xe7\x3b\xcd\x38\
\x62\xfe\x22\xc4\xf1\xad\x6f\x7d\xab\x8d\x97\xb7\x4f\xc8\x27\x0d\
\x87\x6f\x3e\x51\xfe\xf8\x56\x4f\x2c\x37\x1d\xeb\x6d\x17\xde\x26\
\x52\x87\x43\x43\xfc\xde\xf7\xbe\x57\x35\xd6\xc4\xa9\x37\x8f\x94\
\xbf\x68\x90\x6b\xf5\x85\x6f\xd5\x17\xf2\x40\x67\x20\x3d\x94\xf2\
\x2a\x1d\x47\x90\x9d\x7b\x88\x83\x81\x40\x49\x97\xba\x8f\xfa\x50\
\x7b\x83\x2c\xc7\x8d\xfc\x84\x45\x9f\x40\xfd\x89\xfa\xe3\x1a\x9d\
\x59\xd4\x4b\xac\x4b\xaf\xbf\xfe\x7a\xb1\x4c\x55\x9f\x88\x97\xfa\
\x4b\x67\x4d\x9c\xb1\xde\x2a\x3e\xbe\xf5\xd6\x13\xed\x89\xbc\x95\
\x8c\xb5\xe4\x7e\xef\xbd\xf7\xda\xb8\xa4\xef\x98\x57\x9d\xa3\x4c\
\x63\xdb\x42\xfe\x92\x4e\xd5\x76\x54\xb7\x54\x17\x74\x5e\xba\x88\
\x6f\x47\x71\x9f\x96\x8a\x73\xbd\x8e\x75\x2b\xeb\x3c\xdf\x47\x3d\
\xe0\xbc\xde\x5a\x53\x5d\x92\xce\xe8\x0f\x88\x47\xf7\x71\x9e\xfa\
\x4a\x5e\x74\x9e\x3c\xd2\xbe\x38\xa6\x4c\x4a\x6f\xc6\x2d\x12\xb3\
\x78\xbb\xc9\xbb\xc0\x36\x7f\x78\x9b\xaa\xeb\xc1\xda\x6e\x40\x6f\
\xc4\xf4\x59\xe2\x99\x14\x46\x61\x8c\xee\xfb\x8e\xc2\x77\x0b\x76\
\x5a\x34\x3d\x64\x1c\xe2\x6c\x57\xcb\x76\xb3\xa8\xd3\x8b\x88\x77\
\x81\x9d\x11\x18\x06\x1a\xe9\x46\xff\x0d\x6c\xfa\x61\x03\xf1\x3c\
\xe8\xc4\x0f\x49\xa7\x83\x96\x87\x98\xb1\xca\xf7\xb4\x66\x51\x66\
\xe3\x78\x26\x61\x46\xe8\x41\xad\x1f\xd8\x6d\x1d\x76\x5a\x34\x7d\
\x18\xec\x69\xb9\x76\xb7\x19\x08\xbb\x2f\x35\x33\x65\x79\x4a\x6f\
\x31\x99\xfe\xd8\x40\x4c\x1f\xcf\x1c\xa6\x8b\x97\x9b\x8c\x31\xc6\
\x54\xb1\x91\x30\xc6\x18\x53\xc5\x46\xc2\x18\x63\x4c\x15\x1b\x09\
\x63\x8c\x31\x55\x6c\x24\x8c\x31\xc6\x54\xb1\x91\x30\xc6\x18\x53\
\xc5\x46\xc2\x18\x63\x4c\x15\x1b\x09\x63\x8c\x31\x55\x6c\x24\x8c\
\x31\xc6\x54\xb1\x91\x30\xc6\x18\x53\xc5\x46\xc2\x18\x63\x4c\x15\
\x1b\x09\x63\x8c\x31\x55\x6c\x24\x8c\x31\xc6\x54\xb1\x91\x30\xc6\
\x18\x53\xc5\x46\xc2\x18\x63\x4c\x15\x1b\x09\x63\x8c\x31\x55\x6c\
\x24\x8c\x31\xc6\x54\xb1\x91\x30\xc6\x18\x53\xc5\x46\xc2\x18\x63\
\x4c\x15\x1b\x09\x63\x8c\x31\x55\x6c\x24\x8c\x31\xc6\x54\x99\xba\
\x91\x58\xfd\xf8\xa3\xc6\x18\x63\xcc\xce\x60\xfa\x46\xe2\xd9\xfb\
\x8d\x31\xc6\x98\xad\xe5\xb3\xf7\xff\xb9\x99\x05\x53\x37\x12\x1f\
\xbf\x7b\xaf\x31\xc6\x18\xb3\xb5\x7c\xf2\x4f\xbf\x6c\x66\xc1\xd4\
\x8d\x04\xd6\xcc\x86\xc2\x18\x63\xb6\x8e\x8f\xdf\xb9\xd7\x7c\xfa\
\xeb\xd9\x18\x89\x3d\xcd\x0c\xf8\xe4\x9d\xb7\x9b\xd5\x0f\xfe\xad\
\xd9\xf3\xe7\xaf\x35\x4b\x7b\xbf\xdc\x2c\xbd\xf8\xf9\xc6\x18\x63\
\xcc\xf4\xe0\xf9\x2f\xcb\xfb\x0c\xca\x67\xb5\xd4\x04\x33\x31\x12\
\x80\x55\x9b\x95\x65\x33\xc6\x18\xb3\x35\xf8\x15\x58\x63\x8c\x31\
\x55\x6c\x24\x8c\x31\xc6\x54\xb1\x91\x30\xc6\x18\x53\xc5\x46\xc2\
\x18\x63\x4c\x15\x1b\x09\x63\x8c\x31\x55\x6c\x24\x8c\x31\xc6\x54\
\xb1\x91\x30\xc6\x18\x53\xc5\x46\xc2\x18\x63\x4c\x15\x1b\x09\x63\
\x8c\x31\x55\x6c\x24\x8c\x31\xc6\x54\xb1\x91\x30\xc6\x18\x53\xc5\
\x46\xc2\x18\x63\x4c\x15\x1b\x09\x63\x8c\x31\x55\x6c\x24\x8c\x31\
\xc6\x54\xb1\x91\x30\xc6\x18\x53\xc5\x46\xc2\x18\x63\x4c\x15\x1b\
\x09\x63\x8c\x31\x55\x6c\x24\x8c\x31\xc6\x54\xb1\x91\x30\xc6\x18\
\x53\xc5\x46\xc2\x18\x63\x4c\x15\x1b\x09\x63\x8c\x31\x55\x6c\x24\
\x8c\x31\xc6\x54\xb1\x91\x30\xc6\x18\x53\xc5\x46\xc2\x18\x63\x4c\
\x15\x1b\x09\x63\x8c\x31\x55\x6c\x24\x8c\x31\xc6\x54\xd9\xd3\xcc\
\x90\x17\xfe\xfc\xb5\x66\xcf\x57\x5f\x6b\x3e\xf7\xe5\xaf\x34\xc6\
\x18\x63\xa6\xcf\xea\xb3\xf7\x9b\x8f\xff\xf1\x41\xf3\xe9\x3f\xfd\
\xb2\x99\x05\x33\x33\x12\x2f\x1e\x78\xbd\xd9\xf3\xb5\xbf\x6a\x8c\
\x31\xc6\xcc\x8e\xa5\xbd\x5f\x6e\xfe\xe8\x3f\xff\x4d\xf3\xc9\x17\
\xbf\xd4\x7c\xfc\xee\xbd\x66\xda\xcc\x64\xb9\xa9\x9d\x41\xd8\x40\
\x18\x63\xcc\x96\xb1\xe7\xc0\x5f\xb5\x7d\xef\xb4\x99\x89\x91\x60\
\x89\xc9\x18\x63\xcc\xd6\x32\x8b\xbe\x77\x26\x46\xc2\xcf\x20\x8c\
\x31\x66\xeb\x99\x45\xdf\xeb\xb7\x9b\x8c\x31\xc6\x54\xb1\x91\x30\
\xc6\x18\x53\xc5\x46\xc2\x18\x63\x4c\x15\x1b\x09\x63\x8c\x31\x55\
\x6c\x24\x8c\x31\xc6\x54\xb1\x91\x30\xc6\x18\x53\xc5\x46\xc2\x18\
\x63\x4c\x15\x1b\x09\x63\x8c\x31\x55\x6c\x24\x8c\x31\xc6\x54\xb1\
\x91\x30\x63\x19\x0c\x06\xcd\x99\x33\x67\x9a\xab\x57\xaf\x36\x66\
\x7b\xb0\xb2\xb2\xd2\x9c\x3c\x79\xb2\x79\xf0\xe0\x41\x63\xcc\x66\
\x98\xe9\x56\xe1\x66\xb1\xb9\x7e\xfd\xfa\xba\xe3\x7d\xfb\xf6\x35\
\xcb\xcb\xcb\xcd\xa1\x43\x87\xd6\x9d\xbf\x71\xe3\xc6\x28\xec\xf1\
\xe3\xc7\xdb\x30\x7d\xc0\xb8\xf0\x21\xde\x1c\xe7\x56\x83\xfc\x18\
\xba\xa3\x47\x8f\x36\x77\xee\xdc\x79\xee\x3a\x9d\x2a\xb2\x22\x67\
\x96\x55\x79\x3f\x71\xe2\x44\x9b\x97\xcd\x70\xec\xd8\xb1\x36\x2d\
\xe2\x3c\x75\xea\x54\x33\x0d\x88\x0f\xc8\x9b\xb8\x74\xe9\x52\x7b\
\xfe\xe9\xd3\xa7\xc5\xfc\x1a\xd3\x17\x1b\x89\x5d\x0c\x9d\x66\x09\
\x3a\x9b\x6b\xd7\xae\x8d\x8c\x01\x9d\x19\x1d\xce\x24\x06\x02\x30\
\x2e\x17\x2f\x5e\x6c\x4e\x9f\x3e\xdd\xc6\xb7\xc8\xc8\x10\x22\x6f\
\x36\x12\xd2\x13\x7a\xd9\xac\x91\x98\x05\x18\x1e\x58\x5d\x5d\x1d\
\x9d\x3b\x7b\xf6\xec\xba\x6f\x63\x36\x8a\x8d\x84\x69\xae\x5c\xb9\
\xd2\xec\xdd\xbb\xb7\x79\xf6\xec\x59\xfb\x1b\x83\x70\xf8\xf0\xe1\
\xe6\xfe\xfd\xfb\xad\x51\xa0\x63\xbc\x70\xe1\xc2\x73\xf7\x31\x4a\
\x65\x39\x83\x11\x38\xe1\xe2\x48\x56\xb3\x08\x85\x23\x4e\xc2\xd4\
\x8c\x0c\x61\x09\x43\x5a\xc4\xc3\x3d\x71\x16\xa2\xb4\x80\xeb\x5d\
\x23\x7f\xa5\x79\xeb\xd6\xad\x51\x7c\xd3\x02\x19\x88\x3b\xe7\x25\
\xcb\x27\x24\x67\xd6\x4f\xcc\xb7\xae\x23\x2b\xe1\x99\xb1\xc4\xf4\
\xf8\xe8\xfe\x18\x9e\x8f\x66\x11\x4a\x4b\xe9\xa3\x13\xca\x2c\xeb\
\x5b\x65\xa1\x3c\x64\x99\x94\x3f\xe9\x14\x1d\xd6\x64\x37\xbb\x03\
\x1b\x09\xb3\x6e\x86\xc0\xc8\x93\xb5\x6c\x3a\x07\x46\xd0\x2c\x55\
\xd0\x71\x30\x5a\x25\xcc\xa3\x47\x8f\xda\x70\x9c\x23\x9c\x0c\x01\
\x70\xfd\xe6\xcd\x9b\x6d\x07\x13\x97\xa8\x88\x8b\x0f\xa3\xf4\x92\
\xb1\x61\x69\x84\x6b\x31\x1e\xe2\xe0\x1e\xcd\x42\x24\x83\x96\xc4\
\xe2\x5a\xfb\xb9\x73\xe7\x9a\xcb\x97\x2f\x77\xc6\x77\xe4\xc8\x91\
\x66\x1a\xdc\xbe\x7d\xbb\x8d\x3b\x2f\x5b\x49\x5f\x9c\x57\x67\xce\
\x71\xec\xc4\x65\xfc\x72\xde\xb5\xf4\x74\xf7\xee\xdd\xf6\x3e\xcd\
\x08\xb8\x3f\x2e\x09\xaa\xb3\xd6\x8c\x07\x5d\x6a\x16\x01\xb1\x8c\
\x14\x6f\xd4\x39\xcf\x94\x38\x8e\x32\x10\x9e\x7c\xa8\xfc\x55\xa6\
\x32\xc4\xb5\x70\x66\xf7\xe0\x07\xd7\xe6\x39\xb4\x44\xa1\x11\x67\
\x86\x4e\x44\x9d\x89\x3a\x71\x3a\x39\x8e\xe9\xa8\xb8\x87\x4e\x59\
\xa3\x4f\x3a\x7c\x3a\xa7\x52\x47\xad\x8e\x0c\x18\x41\xeb\x37\x9d\
\x6e\x09\xc9\xc3\x8c\x47\x6b\xfa\x9a\xfd\xe4\xf8\x48\x9f\xdf\x18\
\x16\x8c\x56\x1f\x9e\x3c\x79\x32\x1a\xad\xc7\xd9\x50\x49\x37\xb1\
\x13\xd5\x43\x7d\xf4\x01\xe7\xcf\x9f\x1f\xcd\x8c\xb8\x87\x0f\x71\
\xd5\x1e\x24\x23\x9f\x46\xf7\xa0\x4e\x5e\x71\x2a\x4f\xf9\x39\x52\
\x34\x86\xfc\xc6\x60\x96\x40\x16\xae\x91\x86\xe2\x23\xad\x58\x66\
\x11\xe4\x44\x66\x74\xab\x70\xb5\xe5\x49\xb3\xb3\xf1\x4c\xc2\x3c\
\x47\x5c\x5a\x28\x19\x09\x2d\xa1\xd0\xa9\xeb\x59\x03\x1d\x0f\x61\
\x19\x69\xd3\xe1\xd1\xc1\x30\x32\x26\xac\x96\x3e\x4a\xa8\x73\xe5\
\xba\x3a\x3c\x8d\x90\x63\x27\x2c\xe8\x74\x99\xad\xc4\x11\x2d\xe9\
\xf1\x41\x6e\x19\x83\xf8\x1c\xa4\x2b\xbe\x92\x3c\x5d\x6f\x71\x69\
\xf9\x8a\xb8\xc8\x9f\x66\x0d\x5a\x12\x92\xb1\x94\x91\xd3\x92\x1d\
\xd0\x49\xef\xdf\xbf\xbf\x18\x2f\x61\x08\xab\x67\x1e\x32\x06\xcc\
\x90\xd4\xf1\xa3\x53\xee\x8f\x65\x92\xf5\x56\x03\xa3\x23\x19\x34\
\xeb\x22\x3e\x96\x15\x91\x57\x65\x26\xa2\x11\x3e\x78\xf0\xe0\x48\
\x7f\xa4\xbd\x88\xcf\x65\xcc\xec\xf0\x4c\xc2\x4c\x0c\x9d\x23\xd0\
\x69\xd0\x69\xe9\xa3\xf3\x93\xbc\x76\xa9\xb0\x71\x1d\x1e\x6a\x6b\
\xe0\x5a\x6e\x12\xb9\xd3\xd5\xc8\x3f\xbf\x39\xd4\xf7\x4d\x22\x0c\
\x1a\x06\x26\x7e\x32\xea\x8c\xe9\x48\x21\xce\x84\xe0\xe1\xc3\x87\
\xed\x77\x7e\x6e\x51\x7a\x73\x4c\x90\x8e\x3a\x5f\x3d\x8f\xd1\x79\
\xc1\xf5\x92\x3c\x7d\x50\x7c\x2c\x2d\xc6\xf8\x24\x73\x2e\xb3\x57\
\x5f\x7d\x75\xf4\x7b\xdc\xa0\xc1\xec\x6c\x3c\x93\x30\xcf\xa1\x51\
\xac\x3a\xb9\xbc\xe4\x22\xe8\xf0\x4a\x9d\x39\x23\xcf\xbe\xd0\x51\
\xd1\xf1\x4c\xbb\xf3\xc9\xf1\xf1\x50\xbe\x0f\x74\x9a\x79\x44\x9e\
\x97\x78\xf4\x96\x93\x1e\x02\xcb\x38\xce\xe2\x4d\xa2\x3c\x72\xd7\
\x33\xa1\xcd\xc4\x17\x61\x79\x0d\x3c\x3b\x30\x35\x3c\x93\x30\xeb\
\xc0\x20\x68\x69\xa2\x36\xfa\x8e\xa3\x61\x3a\x54\x7d\x4a\xd7\xc7\
\xa1\xb0\x71\x89\x07\x19\x72\xc7\xdc\x17\x19\xad\x18\x1f\x1d\xa3\
\x46\xfd\xd3\x42\x4b\x40\xf1\xd9\x8c\x66\x0d\x7a\xf6\xa2\x65\x1c\
\xc1\x12\x54\x9f\x59\x56\x9c\x2d\x65\xbd\x68\x96\x52\xa2\xcb\xd0\
\xca\x70\xb3\x1c\x18\xe3\x93\x81\x9b\xf7\xff\x58\xcc\xe2\x62\x23\
\x61\xda\x07\x92\xac\x39\xb3\x3e\xcd\xf2\x8d\xde\x6e\x89\x0f\x45\
\x23\x18\x0f\xbd\x7e\x49\x78\x8c\x0a\xf7\x13\x9e\xce\x5d\xa3\x52\
\x2d\x59\xd0\x39\x72\xbd\xf4\xf0\x58\xc6\x85\x30\xc4\x85\x2c\x5a\
\x27\xdf\x08\x32\x6c\x92\x8d\xf8\x94\xa7\x69\xc2\xac\x41\xb3\x89\
\x98\x2e\x70\x5e\x46\x04\xe3\x41\xde\xf9\x60\x50\x26\x89\x1f\x30\
\x6e\xdc\xdb\xa5\x17\xe9\xbb\x2b\x0d\x3d\xc0\xa7\x7c\x72\x7c\x7a\
\x96\x62\x4c\x09\x1b\x09\x33\x7a\x53\x87\x51\xae\x1e\x32\x77\xfd\
\x4b\x97\xce\x86\xeb\xac\x6f\xd3\xc9\xd0\x01\x71\xbf\x5e\x0b\x55\
\xa7\x45\x07\x49\xe7\xa3\x65\x99\x52\x07\xc7\x3d\x3c\x48\xd5\xb2\
\x16\x9d\x98\x9e\x0b\x6c\x04\xe2\xd3\x83\xed\x18\x5f\xcd\xe0\x6d\
\x14\xf2\xa8\x19\x43\xe9\x7f\x04\xf1\x81\xb3\xf4\x8b\x5e\xfb\xfe\
\xdf\x80\x7b\x65\x40\xf5\x0f\x6d\xf2\x51\x5a\xd2\xd2\x1f\x1f\xf5\
\x9f\x8a\x12\xdc\xab\x57\x58\x15\x1f\xe5\xc2\xf2\x1a\x0f\xcc\x8d\
\xa9\xb1\xf4\xc1\xad\x1f\xaf\x36\x53\xe6\x0b\xc7\xbf\xdb\x98\xc5\
\x27\x77\xda\x5d\xef\xc0\x2b\x6c\xe9\xcf\x59\x7a\xb3\x67\xdc\xfd\
\x74\xac\x5d\x6b\xdf\xc4\xa3\xa5\x16\x3d\xa7\x88\xf7\x94\x64\x28\
\x85\xeb\x8a\x2f\xdf\xdf\x27\x9e\x5a\xde\xfb\x6c\xb1\xa1\x87\xd0\
\xfa\xb3\x5c\x4e\xa7\x2b\x5d\xdd\x1f\xf5\xdb\x15\x5e\xd7\xc6\x85\
\x93\x21\x91\x4c\xa5\xbc\xe6\xfb\x6a\x3a\x30\x8b\xc7\xef\x6e\xff\
\xa4\x99\x26\x36\x12\xc6\x6c\x00\x3a\x5a\x96\x6b\xf2\xab\xab\xc6\
\xcc\x9b\x69\x1b\x09\x2f\x37\x19\xb3\x01\xf4\x20\x7c\x51\xf7\x73\
\x32\x66\x5a\xd8\x48\x18\x33\x21\xf1\xad\xa5\xae\x3f\xb0\x19\xb3\
\x13\xf0\xff\x24\x8c\x99\x10\x96\x98\xe2\x8e\xab\xc6\xec\x64\x3c\
\x93\x30\xc6\x18\x53\xc5\x46\xc2\x18\x63\x4c\x15\x1b\x09\x63\x8c\
\x31\x55\x6c\x24\x8c\x31\xc6\x54\xb1\x91\x30\xc6\x18\x53\xc5\x46\
\xc2\x18\x63\x4c\x95\x99\x18\x89\xd5\x8f\x3f\x6a\x8c\x31\xc6\x6c\
\x2d\xb3\xe8\x7b\x67\x62\x24\x3e\xfd\x97\x5f\x35\xc6\x18\x63\xb6\
\x96\xcf\x66\xd0\xf7\xce\xc4\x48\x7c\xf2\xee\xdb\x9e\x4d\x18\x63\
\xcc\x16\x42\x9f\xfb\xf1\xbb\xf7\x9a\x69\x33\x9b\xe5\xa6\x0f\x7e\
\xdb\xfc\xfb\xdb\xff\x6b\xf8\xfd\x6f\x8d\x31\xc6\x98\xd9\x82\x81\
\xf8\xe8\x1f\xfe\xe7\x4c\xfa\xdc\x99\x6d\xcb\xf1\xd9\xfb\xff\xdc\
\x0a\xfd\xb9\x2f\x7f\xa5\x79\xe1\x8f\xbf\xd2\x18\x63\x8c\x99\x3e\
\x9f\xfe\xf6\x5f\x9b\xcf\x7e\xfd\xce\xcc\x56\x6f\x66\xba\x77\x13\
\x33\x8a\x4f\x7f\xcd\xe7\x97\x8d\x31\xc6\x98\xed\x87\x5f\x81\x35\
\xc6\x18\x53\xc5\x46\xc2\x18\x63\x4c\x15\x1b\x09\x63\x8c\x31\x55\
\x6c\x24\x8c\x31\xc6\x54\xb1\x91\x30\xc6\x18\x53\xc5\x46\xc2\x18\
\x63\x4c\x95\x99\xbe\x02\xbb\xf4\xe2\xe7\x9b\xcf\xf1\x1f\x89\xe1\
\xb7\x31\xc6\x98\xe9\xc1\x5f\x0c\x56\x7f\xf7\xdb\x99\xff\x69\x79\
\x26\x46\x02\xe3\xb0\xe7\x2f\xff\x4b\xb3\xe7\xab\xaf\x35\xc6\x18\
\x63\x66\x07\xff\x43\x63\x3b\x8e\x59\x19\x8b\x99\x18\x89\xcf\x1f\
\xfd\x7f\x9a\xa5\x2f\xfe\x87\xc6\x18\x63\xcc\x6c\x79\x61\x38\x18\
\xff\xdc\xde\x3f\xf9\xfd\xb6\x1c\xdb\x61\x17\xd8\x17\x0f\xbc\x6e\
\x03\x61\x8c\x31\x5b\xc8\xd2\xde\x2f\x37\x2f\xfc\xc5\xc1\x66\x16\
\x4c\xdd\x48\xbc\xf0\xca\xfe\xc6\x18\x63\xcc\xd6\x32\xab\xe5\xfd\
\xa9\x1b\x89\xa5\xe1\xb4\xc7\x18\x63\xcc\xd6\xb2\xf4\xc5\x2f\x35\
\xb3\xc0\xaf\xc0\x1a\x63\x8c\xa9\x62\x23\x61\x8c\x31\xa6\x8a\x8d\
\x84\x31\xc6\x98\x2a\x36\x12\xc6\x18\x63\xaa\xd8\x48\x18\x63\x8c\
\xa9\x62\x23\x61\x8c\x31\xa6\x8a\x8d\x84\x31\xc6\x98\x2a\x36\x12\
\xc6\x18\x63\xaa\xd8\x48\x18\x63\x8c\xa9\x62\x23\x61\x8c\x31\xa6\
\x8a\x8d\x84\x31\xc6\x98\x2a\x36\x12\xc6\x18\x63\xaa\xd8\x48\x18\
\x63\x8c\xa9\x62\x23\x61\x8c\x31\xa6\x8a\x8d\x84\x31\xc6\x98\x2a\
\x36\x12\xc6\x18\x63\xaa\xd8\x48\x18\x63\x8c\xa9\x62\x23\x61\x8c\
\x31\xa6\x8a\x8d\x84\x31\xc6\x98\x2a\x36\x12\xbb\x8c\xc1\x60\xd0\
\x5c\xba\x74\xa9\x79\xfa\xf4\x69\x63\xb6\x8e\x59\xe8\x7b\x9a\x71\
\x6e\x24\x2e\xee\x79\xf0\xe0\x41\x33\x29\xae\x7b\xdb\x8b\x3d\xcd\
\x9c\xa0\xb3\xba\x71\xe3\xc6\xba\x73\xa7\x4e\x9d\x6a\x96\x97\x97\
\x3b\xef\xbb\x7e\xfd\x7a\xf3\xec\xd9\xb3\xe6\xec\xd9\xb3\xcd\x46\
\xa1\x93\x8c\x1c\x3c\x78\xb0\x39\x71\xe2\x44\xaf\xfb\x2e\x5e\xbc\
\xd8\x3c\x7a\xf4\x68\xac\x9c\x5b\xc1\xfe\xfd\xfb\x5b\x39\xee\xdc\
\xb9\x33\x3a\x47\x03\xbc\x7a\xf5\xea\xe8\x78\xdf\xbe\x7d\xcd\xf1\
\xe3\xc7\x47\xf2\xde\xbe\x7d\xbb\xcd\xc3\xb8\x3c\xab\x7c\xb8\xf7\
\xd0\xa1\x43\xcd\x38\x48\x93\x0e\x63\xef\xde\xbd\xcd\xe1\xc3\x87\
\xdb\xb2\x34\x4d\x73\xec\xd8\xb1\xb6\x7c\xce\x9f\x3f\xdf\xea\x72\
\x5c\x3d\x5b\x59\x59\x69\x8e\x1e\x3d\xda\x8c\x83\x70\xe8\xfc\xe6\
\xcd\x9b\x9d\xe1\xa8\x23\xd4\xd7\x2e\x28\xeb\x93\x27\x4f\x36\xf7\
\xef\xdf\x6f\xfa\xc2\x3d\x67\xce\x9c\x69\xf3\xd3\xa7\x7e\xc4\xfb\
\xd0\x09\x32\xf1\x9b\xfa\x3a\xc9\xfd\x66\xeb\x99\xdb\x4c\x82\x0a\
\x42\x67\x75\xeb\xd6\xad\xb6\xc2\xf3\xe9\x33\xc2\xa0\xe3\xba\x72\
\xe5\x4a\x67\x98\x71\xf1\x90\x2e\x71\x28\x5d\x1a\x48\xec\x58\xb7\
\x33\xe4\x9d\xfc\x61\x4c\xc9\x1b\xf9\xa4\xa3\x90\x61\xc4\xb8\xd2\
\x69\xe5\xce\x2a\xeb\x4c\xe5\xf3\xf0\xe1\xc3\x75\xe7\x4a\xe9\xd1\
\xe8\x31\x3a\x97\x2f\x5f\x6e\xce\x9d\x3b\xd7\x76\x00\x74\x20\xe6\
\x0f\x5c\xbb\x76\xad\xd7\x40\x04\x9d\xf7\x01\x43\x32\xce\x40\xf4\
\x85\x01\xc4\x24\x06\x02\xa8\x0b\xc8\x30\xe9\x60\x8d\xb4\x64\xb4\
\x88\x83\x41\x8b\x59\x6c\xe6\xbe\xdc\x44\xc7\x42\xa7\xc5\x47\x23\
\x0a\x46\x5d\x4b\x4b\x4b\xed\x47\xbf\xe9\x74\xd4\xf1\x51\xb9\x38\
\xc7\xef\x08\x06\xe4\xe5\x97\x5f\x6e\x3f\x8c\x66\xe9\xbc\xe8\x20\
\x4b\xd0\x60\x95\x2e\x15\x57\x71\x31\x1a\xe6\x1e\xe2\xe7\x9b\x74\
\xf9\x5d\xa2\x26\x27\x70\xaf\xd2\x57\x5c\xea\x64\x35\x9a\xd2\xbd\
\xdc\xa3\x4e\x1a\xa3\x89\xfc\xba\x27\xce\x7a\x30\x64\xba\x16\xef\
\x29\x41\x67\x43\xde\x68\x90\x74\xdc\x1c\xcb\x28\x92\xb6\xf2\xab\
\x38\xf9\x90\x1e\xe9\x83\xf2\x71\xfa\xf4\xe9\x36\x3c\xba\xe7\x7a\
\x9e\xfd\x71\x3f\x61\xe8\x30\x98\xb5\xa0\x4b\xcd\x54\x94\x5f\x74\
\x8a\x21\x26\x1e\xbe\x95\x86\xd2\x21\x8f\x94\x07\xd7\x63\xfc\xe8\
\x94\x73\xf1\xbc\x66\x2c\x11\xc9\xca\x35\xc2\x71\xcc\x3d\x7c\x6b\
\x94\xac\xf4\xe3\xbd\x84\x55\xfc\x0a\x5b\x82\x78\x09\x83\x8c\x92\
\xb7\xb4\xcc\xa2\xb4\x94\xcf\x18\x26\xca\x5d\xd3\x07\xf1\x62\x94\
\x49\x23\xea\x08\x34\x98\xe1\x43\x79\x6a\x26\x01\xd4\x03\xc5\x47\
\x59\xe4\x99\x72\xd4\x6f\xbe\x36\x4e\x87\x7c\xb2\x5e\x38\x66\xf0\
\x81\x8c\x8a\x4f\x7a\x41\x8e\x18\x5f\x29\xff\xd2\xb5\xe2\xd0\x71\
\xd4\x0b\x1f\x2f\x4b\x2d\x06\x73\x5b\x6e\x12\x8c\x24\xa8\x20\x74\
\x30\x54\x64\x3a\x23\x2a\x0f\x23\x14\x3a\x9e\xd8\x69\x70\x8c\x21\
\x21\x3c\xa3\xa8\x38\x4d\xe5\x1c\x0d\x84\x4e\x8a\x51\x9b\x1a\x51\
\x6d\x59\x88\xf0\xa4\xf5\xf8\xf1\xe3\xd1\xa8\x19\x54\xc9\x89\x83\
\x4a\x5a\x6b\x54\x5d\x72\x0a\x2a\xbd\xe2\xa1\xc3\xa3\x31\xd0\x71\
\x93\x16\xd7\xc8\x03\xd7\x38\x4f\xfe\x89\x8b\xf4\x59\xaa\x21\x2f\
\xe4\x81\xb0\x47\x8e\x1c\x69\x65\xa4\x73\x40\x47\x5c\xa7\x71\xf5\
\x6d\x44\xc4\x8b\xac\x74\x40\x74\xde\x82\xf8\x89\x93\xeb\xc4\x8b\
\xbe\x48\xff\xc9\x93\x27\xed\x39\x64\xe6\x1b\x59\x90\x8f\x6f\x64\
\x89\x10\x47\x5c\xee\x12\xc4\x2b\x3d\x13\x0f\x79\x25\x0e\xa0\x03\
\xe0\x37\x7a\x43\x8f\x18\xb2\x0b\x17\x2e\x8c\xae\xb1\x2c\x83\x7e\
\xc8\x9f\xe2\x26\x6d\xf2\xcd\xb9\xd2\xac\x07\xb4\x46\x8e\xce\x41\
\x1d\x10\xc7\xd4\x03\xae\x33\x78\xd0\x52\x07\xd7\x15\x7f\x6d\xc9\
\x05\xf9\xd0\x47\x0c\x87\x8c\x59\x0f\x10\xd3\x82\x58\x77\xa2\xdc\
\x25\x7d\x50\x97\xd1\x01\xe9\x48\xfe\x0c\x79\x43\x3e\xee\x8b\x33\
\x6f\x74\xcd\xbd\x71\x90\x45\x7d\x44\x5f\xc8\xcb\x77\xd4\x2f\x65\
\xaa\xb4\xc7\xe9\x50\xed\x88\xc1\x9c\x20\x7f\xa4\x79\xf7\xee\xdd\
\x51\xbc\x84\x23\x4f\x3a\xce\x86\x25\xe6\x9f\x6b\xa5\x38\x90\x4d\
\xfa\x23\x3e\x74\xaf\x7a\x64\xe6\xc7\xdc\x8d\x04\x0d\x95\x0f\x15\
\x83\x8e\x8a\xca\xcd\x6f\x2d\x29\xd1\x91\x68\x54\xc5\x79\x2a\xb7\
\x3a\x98\x88\x46\xc6\x32\x1e\xc4\x45\xa7\x58\x1b\x1d\x6a\x54\xa3\
\x0a\x4b\xa3\xd7\x2c\x85\xca\xa9\x35\x75\x8c\x48\x69\x79\xab\x4b\
\x4e\xc1\x39\x2d\x31\xd0\x18\x24\x23\xf7\xd2\xe9\xe9\x9a\xf2\xa2\
\xa5\x1d\x66\x0a\x84\xd7\x0c\x86\xf0\x6a\xd4\x5a\x62\xe0\xde\xbe\
\x53\x75\x75\x5a\xb9\x73\xd5\xfd\xcc\x22\x48\x2f\x3e\xb7\x50\x87\
\x43\xa7\xaa\xdf\xa5\xce\x6b\x75\x75\xb5\xe9\x82\x3c\x21\x6b\xec\
\x94\x68\xf8\xa4\x41\xbe\xf9\x44\x43\xce\x31\x65\x43\x9a\x74\xb2\
\x7a\x2e\x42\x99\xf4\x81\xb0\x42\x72\x2b\x7e\xcd\x74\xd0\x03\xf1\
\x92\x56\x9c\x8d\x72\x5d\x69\x0b\xca\x34\x2e\x01\xa9\x9e\x66\x88\
\x87\x6b\x31\x2f\x74\xc6\x79\xb6\xab\x70\x71\x96\x81\xe1\x46\x1f\
\xe3\x96\x6e\x34\x5b\xcb\x50\x47\xa3\xcc\x74\xe8\x2a\xeb\x2c\x93\
\xf4\xdb\xf5\xdc\x23\xea\x90\x70\xb5\x81\x52\xe4\xd5\x57\x5f\xdd\
\xf4\xb3\x05\xd2\x25\x2d\x0d\xbc\xfa\x3c\x9b\x31\xb3\x67\xee\xcb\
\x4d\x74\x3c\x8c\xec\x4a\xa3\xd1\x8d\x10\x1b\x11\x0f\x51\x6b\x68\
\xb9\x89\xb4\xb9\x27\x4e\x8f\xbb\xee\xeb\x93\x6e\xd7\xb9\xd2\x35\
\x35\x64\x46\xac\xf9\x1a\x1d\x14\x8d\x87\x46\xdf\x15\x5f\x17\xea\
\xa8\xf2\xac\x2a\x1b\x0d\xe2\xd7\x52\x51\x5f\x30\x64\xa5\x19\x8d\
\x46\x8e\xe4\x29\xcb\xdd\x47\xbf\xdc\x43\xdd\xc0\x08\x61\x54\x18\
\x1d\xf7\xa1\x8f\x8e\xa2\x6c\x0c\x0a\xf4\x61\x60\xd0\xa7\x1c\x6b\
\x69\xf4\x49\x5b\x0f\x6b\x63\xba\x74\xae\xa5\x99\x49\x5f\x4a\xfa\
\xdf\x68\x5d\xd9\xec\xbd\x9b\x41\xb3\x5a\x0c\x66\x5e\x1a\x34\xf3\
\x63\xee\x46\x42\xcb\x3d\x1a\xf1\x33\x7a\xd0\x6b\x9a\xfa\x8e\x68\
\x24\x98\x2b\x90\x3a\x40\x3a\x7b\xae\xd1\x31\x76\x8d\xb4\xd5\x50\
\xb5\xac\xa1\xb7\x2c\x68\x20\x5a\x73\x26\x8e\x3c\x3b\x10\x59\xce\
\xbe\x9d\x98\xee\x65\x64\xac\x34\x18\xad\x13\x4f\x1e\x85\x6a\xda\
\x8d\x4c\x74\x22\x5a\xfe\xe2\x3e\xd2\xeb\x5a\x6e\x52\x07\x48\x3a\
\xe8\x84\xb8\xe2\x08\x11\x74\xac\xa5\x2e\xd0\x48\x57\x1d\x85\xf4\
\xa3\xe5\xae\x3c\x33\x63\xa9\x20\x97\x91\x1e\x66\xf3\xad\xbc\x46\
\xe2\x4c\xa5\x06\x33\x1b\xd2\x66\xc6\xa5\x25\x29\xd2\x66\xc4\xca\
\x35\xb1\xd1\x8e\x84\xbc\x63\xe0\x88\x5f\x1f\xe4\xca\x1d\x24\x65\
\x93\x97\x12\x4b\xb3\x1a\xf2\x23\x5d\x89\xd2\x12\xa4\x66\x21\x31\
\x5d\xda\xc0\x66\xa0\xbc\x62\xb9\x20\x5f\x9f\xd1\xff\x2c\xa1\xfe\
\x45\x5d\xd4\x1e\x8c\xc7\x30\xd4\x2f\x2d\xbb\x31\x1b\x8a\xcf\x5c\
\xcc\xfc\x98\xfb\x72\x13\x8d\x44\x30\xb2\xa7\xb3\xd2\x14\x9f\x4f\
\x9e\x72\x6a\xe9\x81\xc6\x4b\x78\x5d\xe7\x5b\x1d\x16\xd7\x68\x38\
\xea\xc8\x4b\x68\x99\x0b\x34\x6a\xe5\x9b\xca\x49\xa7\x4a\x1c\x5a\
\x9e\x28\x31\x4e\xce\x2e\x48\x8b\x4e\x94\x34\x80\x34\xf4\xfa\xaf\
\xf2\xa0\x65\x2c\x4d\xbd\x81\xa5\x1b\xa5\x17\x3b\xf2\x12\x18\x11\
\x19\x2e\xee\x57\xfe\x22\x74\x58\x34\x4c\x7d\x80\xfc\x13\x8e\xc6\
\xca\x07\x39\xe8\xfc\xf4\xcc\xa2\xb6\x3c\x44\x7e\xf8\x4d\xe7\x80\
\x9c\xc4\xa3\x70\x18\x38\xd6\xfb\xd5\x91\x32\x53\x19\xf7\x8a\x2c\
\x61\xb8\x27\x2e\xc1\x69\xa9\x87\xf3\x5a\x26\xdc\x28\x5a\x6a\x92\
\x01\x45\x2e\xea\x56\xd6\x11\xfa\x47\x37\x0a\xa7\xb7\x7a\x32\xdc\
\x47\x9e\x90\x4d\x7a\xa8\xcd\x4a\x48\x47\xe1\xe8\x3c\x89\x57\x46\
\x53\x2f\x25\x10\x57\xdf\x3a\xa5\x3a\x8b\x6e\x30\xa6\x18\x9d\xda\
\x73\x8d\xad\x02\x9d\xe9\x61\x3f\x9d\x7c\xe9\xe5\x0f\x2d\x29\xf2\
\x51\xfd\x27\x1f\x9c\xa7\x6c\x38\xc7\x37\xc6\x76\xde\xf9\xd9\xcd\
\x2c\x7d\x70\xeb\xc7\xab\xcd\x14\xf9\xc2\xf1\xef\xf6\x0e\x9b\x3b\
\x70\x3d\x6f\x00\x8d\x10\xf5\xa0\x3a\x5e\xd3\xc8\x3f\x9e\x8b\x71\
\x72\x2d\xae\xc3\xe7\xce\x24\xa7\x5b\x5a\x86\x89\x6b\xd3\x8a\x43\
\xe9\xc6\xf0\x35\x39\x6b\x32\xc7\x7b\x35\x4b\xc8\xa3\x6a\xa5\x9f\
\xd7\x93\x63\xfe\x94\x5e\x49\xfe\x98\xbf\x9a\x8e\xe2\xf9\xb8\xec\
\x51\x7b\xa0\xa9\x8e\xb4\x6b\x06\xc0\xf5\x9a\x61\x8d\x3a\x8d\x69\
\xe4\xce\x5e\xa3\xc6\x52\x3d\xc8\x69\xe9\xbc\xe2\xc8\xf7\xd6\xe2\
\xcf\xd7\x55\x2e\x5d\x46\x37\xa6\x57\x4a\xa7\x96\xcf\x9a\x6c\x35\
\x7d\x48\xa6\x52\xb9\x65\xd9\xf3\x71\xe9\xb9\xc8\x38\xfd\xe6\x70\
\x7d\x74\x58\x4a\xbf\x14\x26\xb7\x23\xc5\x9b\xc3\xc6\xfc\x66\xbd\
\xe8\xe5\x89\xcd\x0c\x08\x76\x13\xbf\xbb\xfd\x93\x66\xda\xcc\xd5\
\x48\x18\x63\x4c\x17\xcc\x64\xfd\x86\x53\x7f\x66\x61\x24\xbc\x2d\
\x87\x31\x66\x61\xb1\x81\x98\x3f\x36\x12\xc6\x18\x63\xaa\xd8\x48\
\x18\x63\x8c\xa9\x62\x23\x61\x8c\x31\xa6\x8a\x8d\x84\x31\xc6\x98\
\x2a\x36\x12\xc6\x18\x63\xaa\xd8\x48\x98\x99\xe1\x7f\xca\x4e\x86\
\xf5\x35\x7b\xb4\x7b\x80\xe9\xcf\xae\x31\x12\xb5\xed\x35\x4a\x74\
\x6d\x1b\xcd\x1f\x96\xb6\x7a\xcb\x03\xfe\x61\x5e\xda\xe2\x61\x56\
\xf7\x4d\x03\xfe\x10\x35\x4d\x9f\x12\x83\x35\x27\x37\xdb\x8d\xbe\
\xbb\xf5\xea\xdf\xdf\x8b\x4a\xe9\xdf\xdf\xb3\xa8\x5f\xb1\x9c\xe3\
\x76\x3d\xd0\xd5\x2e\xfb\xc6\x9d\xb7\x70\xaf\x91\xb7\x58\xe9\x43\
\xde\xcc\x71\xa7\xb0\x6b\x8c\xc4\x4e\x71\x2a\xb4\x5d\xe0\x1f\xb3\
\xd3\x72\x8a\xb3\x9d\xa1\xde\xf5\xe9\x6c\xa6\xe9\x44\x68\xa7\x40\
\xa7\x1b\xf7\xe9\xda\x2c\x18\x34\xb6\xbd\xe9\xe3\xfc\x89\x7d\xbc\
\x26\xdd\x17\xac\xaf\xc3\xa8\xed\xc6\xdc\xf6\x6e\x62\x54\x40\x81\
\xe9\xef\xf6\x58\x79\xed\x5b\xaf\x3d\xec\xf5\xb7\xff\xb8\x57\x3e\
\xe7\x19\xc1\xb0\xd1\x9b\xf6\x57\xe2\x37\x05\xaf\x8d\xf6\xd8\x39\
\x14\x17\xa7\x9c\x93\x2f\x05\x8d\x50\xd8\x47\x88\xfd\xa2\xa8\x00\
\xf2\xf5\xac\xbd\x93\xa8\x18\xda\x37\x3f\x6e\xa2\xa7\x3d\x9d\x4a\
\xdb\x0e\xc8\xff\x04\x32\xe0\x94\x47\x7b\xe3\x23\x27\xa3\x48\xb9\
\xf3\xd4\xf9\x92\x1e\xf2\xde\xfd\xea\x2c\x38\xd6\xe6\x6f\xec\xc9\
\x83\x3c\x1a\x5d\x11\x46\xf2\x70\x0f\x61\xc9\x37\xdb\x7e\x47\xbd\
\x8a\x9a\x6e\x32\x51\x2f\xda\x8f\x88\x86\xaa\x0d\xd7\x38\x4f\x5a\
\xa4\xa1\x6d\xa4\x39\x56\xfe\xb9\xae\x78\x55\x9e\xa4\xab\x6d\xb8\
\xa5\xef\xe8\xf3\x81\xc6\x2b\xd9\xb5\x77\x54\x17\xf2\xbe\xc7\xbe\
\x4e\xe8\x97\x74\x55\x6e\x71\x24\xaa\xdd\x55\x29\x57\xd2\x93\xef\
\x92\xf8\x89\x7a\x14\x84\x23\x0d\x64\x43\x2e\xf6\x1d\x92\x1f\x0f\
\x95\x99\xb6\x97\xe0\xfe\xa8\xdb\x18\x96\xfb\x75\x4d\x5e\xdc\x4a\
\xfa\x55\xdd\xad\xe9\x8b\x7c\x28\x7f\xe8\x4a\x72\xa1\xaf\xae\x3d\
\x8d\x08\xa7\xc1\xd1\xf2\xda\x76\xf8\x72\xfd\x2b\x27\x44\xaa\x37\
\xe3\x74\x58\x83\x7a\xa9\x36\x00\xb1\x9d\x74\xd5\x4b\xd5\x1b\xb5\
\x8f\x58\x6f\x80\xbc\x93\x57\xd5\x37\xe5\x93\x38\xe3\xd6\x34\xa4\
\x47\x58\xca\x2c\xb6\x31\xe4\x8f\x75\x49\x9b\x75\xca\x1d\x80\xfc\
\xb5\x68\x55\x20\xea\x87\x7d\xc3\x14\x56\xfb\x46\xc5\xbc\x44\x5d\
\x89\xe8\x30\x4a\x6e\x6a\xb3\xfe\x4b\xed\x72\x5b\xc0\xb6\x1c\xd3\
\xfc\xf4\xe5\xce\x9d\x3b\xab\xc3\x86\x3e\x3a\xe6\xf7\xb0\xc1\xad\
\x0e\x2b\xdd\xea\xb0\x41\xad\x3e\x79\xf2\xa4\x3d\xcf\xb7\x8e\xef\
\xdf\xbf\xbf\x3a\x54\xfe\xe8\x1e\xc2\x0e\x95\xbe\x3a\x34\x1a\xed\
\x31\xe1\x38\x27\xce\x9d\x3b\xd7\xa6\xa3\x6b\xf1\xbe\x61\x05\x1b\
\xa5\x01\xc3\x82\x5d\x1d\x56\x9c\xf6\x37\xdf\xfa\x9d\xc3\x47\xb9\
\x87\x0d\xbc\x95\x29\xa6\x87\x2c\x92\x59\xe4\x70\x11\xd2\x91\x1c\
\xdc\x4f\xfe\x74\xcc\x7d\xa4\x3d\xac\xa4\xcf\xe5\x5b\xf1\x73\x6d\
\x58\xf9\xaa\xd7\xfa\xe8\x26\x52\x0a\x27\x5d\x90\x6f\x8e\xe3\xb5\
\x61\x63\x19\x1d\x13\xdf\xb0\x51\xb6\xf7\xf3\x89\xfa\x8c\x32\x12\
\xcf\xd0\x70\x8f\xd2\x13\xc4\x45\x1d\x28\x11\xe3\x43\x2f\x51\x76\
\xee\x53\x99\x50\x4e\x51\xd7\xa4\xcb\x39\xe9\x23\xd7\x83\x78\x2c\
\x08\xc7\x3d\x51\x0f\xe8\x5f\x69\x0e\x9b\xcd\xba\x6b\xe3\xea\x9d\
\xae\xc5\xba\x1c\xe3\xe5\x78\x16\xfa\xa2\x6d\xe4\x76\x24\x3d\xf1\
\x3b\x96\x1d\x32\x2b\x2e\xae\x65\x1d\x12\x57\x4d\x4f\x31\xcd\xae\
\x7a\xa9\x3a\x8c\x0c\xf1\x1a\x69\x95\xea\x4d\xac\xbf\xd2\x4b\x96\
\x39\xea\x45\x79\x8d\x71\x44\x48\x57\xe5\x52\xd2\x0f\x7d\x80\xf4\
\x13\xc3\x02\xf2\x89\xa1\x31\x2b\xb6\xe7\xa1\x91\x29\xe6\x57\xc7\
\xb9\xcf\x99\x05\xd3\xee\xcf\xf9\xcc\x6d\xb9\x29\x6f\x21\x8d\x95\
\x96\x23\x1d\xed\x2c\xca\x39\x6d\x74\x27\xab\x1e\x47\x1b\xcb\x6b\
\xde\xad\x60\x10\x5c\x83\xca\x4d\x27\xd7\x4b\xdb\x85\x63\xf1\xe5\
\x6d\x4d\xe4\xbf\xff\xe7\x74\xb2\x83\x1a\xc5\xa3\x91\x0e\x1f\x8d\
\x40\xb4\x51\x19\xf2\x6a\xbb\xee\xda\xc6\x78\x8c\x24\xb5\xae\x4b\
\x58\xd2\xd5\x31\xa3\x1a\x8d\x3c\xe2\x9a\x30\xe7\x56\xd7\x9c\xfd\
\xc8\x81\x51\xbc\xa6\xcd\xf8\x44\x74\xb0\xd4\xa5\x1b\xce\xe7\x5d\
\x5e\xf3\x6c\x23\x6e\x37\x4e\xbc\x51\x6f\xf2\x1c\x58\x22\x4e\xf1\
\xc9\xb3\x64\x62\x06\xa2\xed\xd6\xe5\x79\x6f\x1c\xda\x19\x56\x79\
\xd1\xae\xa1\x9a\xa5\x44\x19\xf2\x12\x40\x8c\x3f\xea\x31\x23\x2f\
\x87\x42\x7e\x0e\x80\xf8\x75\xad\xa4\xb3\x58\xa6\x11\x66\x64\xda\
\x09\x57\xb2\x93\xff\x52\x1d\xdd\xac\xbe\x34\x2b\x56\x1d\xd7\xac\
\x25\xe7\x51\x50\xae\xaa\xcf\xca\xa3\x40\x87\xb5\xd9\x5d\x4d\x9f\
\xb4\x03\x46\xdc\xca\xe7\x60\x6d\x5b\x7e\x58\x59\xf3\xb8\x28\xb4\
\xe3\x70\x1f\x62\x7a\x9a\x99\x41\xf4\x0e\xa9\x1d\x64\xbb\x40\x3f\
\x31\x5f\xd9\xa7\x4c\x06\xf9\x34\x8b\x61\x65\x62\x9c\xbc\xa5\xbe\
\x4a\xdb\xd1\x6f\x37\xe6\xfa\x4c\x42\x53\x3e\x35\x34\x91\x97\x04\
\x98\x06\x6a\xf7\xcd\x71\x4b\x11\xf1\x3e\xa6\xb2\xd9\x87\x02\xd4\
\xb6\x71\x8e\xe4\xeb\xa5\xa5\xa6\x9c\x1e\xa8\x72\xb2\x05\x34\xe9\
\x53\x11\xbb\xfc\x51\xab\x83\x93\xb7\x30\x19\xa3\xbc\x53\x66\x4d\
\x5e\xd2\x28\x39\xc5\x89\xe9\xe5\xdd\x5e\x6b\xba\xc1\x28\x65\xba\
\xd6\xd3\x57\x57\xfb\xef\x0d\x59\x93\x1f\x03\x4a\xf9\xa2\x27\x6d\
\x01\xde\x87\x5c\x47\x68\x90\x7d\xea\x47\x5f\x87\x3a\x25\x9d\x96\
\x7e\x97\x74\x56\x23\x3b\x39\x1a\x74\x38\x1c\xda\xac\xbe\x4a\xe5\
\x96\xeb\x70\x6d\x17\xdb\x49\x96\x44\xba\xc2\x66\xe7\x4a\x5a\x0e\
\x92\x73\xad\xc8\x46\x1c\x7d\x45\xa2\x17\x40\x79\x1d\x9c\x94\x2e\
\x19\x70\x4b\xc0\x20\x70\x5c\x7b\x16\x3b\xe9\x4d\xb5\xb9\x1a\x09\
\x0a\x96\x51\x51\x74\x17\x2a\xaf\x68\xd9\x29\x8b\xf6\xe1\xcf\x23\
\xb4\xe8\x75\x8d\x8a\xc8\x48\x43\xf7\xd5\x1a\x1a\x61\xb3\xe3\x98\
\xfc\x80\xac\xe4\x68\x26\x6f\x79\xbc\xbc\xe6\xdf\x40\xe9\x71\x2c\
\x27\x4a\xdc\x2f\x9f\xdd\x1a\xd9\x47\x3f\xbf\x31\x1e\x60\x94\xa2\
\x4e\x5b\xa3\xfc\x71\xa3\x21\x60\x3d\x37\xce\x70\xb4\xd5\x72\x9e\
\x79\x70\x3e\xca\x5a\xda\xdf\x9f\xce\x27\x3f\xac\xeb\x1a\xf9\x10\
\x47\x4c\x7b\x90\xde\x46\xe9\x83\x7c\x71\xa0\x27\xe4\xd2\x3a\x74\
\x57\x23\xd3\xcc\x4e\x79\xe1\x37\x7a\x8f\x7a\x16\x93\xf8\x02\x8f\
\xf4\x75\x94\x54\xd3\x99\xf4\x1f\x3b\x1e\xf9\x56\xc8\x75\x7b\x12\
\xf9\xb2\xbe\xf4\xfc\x24\xc7\xa1\x67\x31\x5d\x79\x2a\x21\x1d\xc6\
\x72\xdc\x88\x0e\xa9\x97\xcc\x7a\x94\x4f\xb9\x13\x06\x3d\x0b\x11\
\xa4\xb5\x59\xc7\x4b\x6a\x8f\xf4\x27\x71\x86\x54\x83\x7e\x26\xaf\
\x0c\x64\xfd\x28\xcf\x7c\xcb\x97\x8a\x8c\xf4\xb8\x19\x01\x6d\x39\
\x87\x61\xe0\xb8\x19\x0f\x84\xf3\x62\xae\x4e\x87\xd4\x41\xe6\x65\
\x95\xec\x0c\x86\x02\x25\x2c\x15\x8d\xce\x3c\x3a\x80\x89\x0d\x97\
\x87\x88\x8c\xae\xe4\x7c\x85\x78\xf5\xc0\x8b\x42\x8b\x0f\x95\x48\
\x43\x8e\x70\x08\x9b\x3b\x00\x46\x3b\x51\x06\x39\x45\x89\x8d\x87\
\xe9\x7c\x74\x32\x43\x45\xd7\x83\x3b\x3d\x98\x8b\x0e\x54\x58\x1e\
\x28\x4d\xdd\x65\xfc\xa4\x03\xc9\x3a\xce\xe7\x31\xc8\x29\x0e\x15\
\x52\xcb\x72\xf9\xa1\x1a\xa0\x87\xa8\x1b\x64\xcd\x6f\xd3\xc8\x03\
\x1e\x0d\x5c\x1d\x5a\xd7\x6c\x81\x38\x91\x53\xaf\x17\xcb\x13\xdd\
\xa4\x48\xcf\x7a\x40\x49\x7c\x18\xa0\x9a\x91\x94\x93\x9d\xe8\xe4\
\x48\xe5\xac\x7c\xea\x1a\xf1\xd2\x59\x4d\x0a\xe5\x16\xeb\x07\x94\
\x5e\x3e\xd0\xe0\x45\x4e\x97\xe4\x0e\x57\x61\xf5\x70\x9f\x6f\xf2\
\xa3\xb2\x25\xde\xe8\x70\x68\x12\xe3\xaa\xfb\xd1\x53\x4d\x5f\xa5\
\x76\xa4\x07\xb3\xe3\x50\xb9\x6e\x46\x87\xb1\x5e\x4a\x56\xd5\x4b\
\xae\x49\xb7\xc4\x8d\xce\x4a\xf1\x73\x5d\xaf\xbd\xd6\x5e\xfc\x88\
\xa8\x1c\x54\x5e\x5d\x94\xf4\x13\x67\x45\xe8\x8a\x6b\xd4\x2d\xd2\
\xd6\xc3\xfc\xa8\xf7\x4c\x76\x18\x55\xd2\xff\x24\xb3\xb4\x45\x61\
\xee\xfe\x24\x6a\x4e\x50\xc6\x39\x65\xd1\xb4\xb8\xd4\x40\x4a\xce\
\x57\x4a\x69\x69\x3a\xbc\xbc\xe6\x70\x46\xcb\x15\xf1\x3b\x5e\x8f\
\xf1\x8c\x73\xf6\x02\xd9\x61\x4e\x7c\x93\xa9\xa4\x87\x9a\xa3\x97\
\x3e\x8e\x60\x06\x05\xe7\x39\xa5\xfb\x6a\xb2\x66\x59\xa4\x7b\xb9\
\x4c\x45\xee\x5a\x59\x45\x67\x43\x31\x1f\x59\x9f\xb5\xfc\x66\xd9\
\x79\xbb\xa7\x64\xe8\x72\x3c\x35\x87\x44\x39\x9f\x83\x09\x1d\xea\
\x30\x5a\x54\x9d\x5a\xe9\xe1\xc8\x27\xeb\xac\x94\xd7\xa7\xc9\x11\
\x56\x29\xec\xb4\xf5\x55\x0a\xdb\x37\x8d\x9a\x0e\x73\xf8\x71\xfa\
\x2c\xd5\x4b\x31\xae\xde\x64\xdd\xf5\xd1\x8b\xea\x6a\x89\x92\xbc\
\xb5\x3e\x20\xa7\x3d\x2e\x2f\x31\xbf\xd9\xa1\xd7\xb8\x7b\xa6\xc9\
\xae\x77\x3a\xa4\x57\x4e\x59\x1f\x14\x4c\x2d\xe5\xce\x73\x91\xd1\
\x83\xbb\x3e\x0f\x66\xe7\x09\x23\x31\x1a\xd9\x72\x78\x8d\xb1\xf4\
\xd0\x73\x96\xcc\xdb\xd1\x4c\x34\x12\xdb\x01\x3b\xe6\xf9\x3d\x71\
\xf9\x71\xb7\x32\x0b\x23\x31\x77\x1f\xd7\x93\x10\xa7\xf6\x1a\x59\
\x6c\x97\x29\xdc\xb8\xd1\xfb\xa2\x80\x81\x90\x6f\x6c\xf4\xcb\x52\
\x9f\xfc\x6d\x6f\x15\xee\xf0\x26\xc3\xfa\xfa\x3d\x2c\xa1\xee\x66\
\x03\x31\x2b\xb6\xad\xfb\xd2\x3e\x6f\xb2\x98\x8d\x53\x5b\x5a\x32\
\xc6\x2c\x2e\xbb\x7e\x26\x11\x71\xe7\x35\x5b\xac\x5f\x63\x0c\x78\
\x17\x58\x63\x8c\x31\x55\x6c\x24\x8c\x31\xc6\x54\xb1\x91\x30\xc6\
\x18\x53\x65\x47\x1b\x89\x9d\xf4\xd7\xf8\x12\x8b\x98\xbf\x79\xc9\
\x34\xee\x5f\xda\xdb\x95\x9d\x9a\x2f\xb3\x7d\xd8\xd1\x46\x42\x5b\
\x82\x97\x58\x99\x83\xf3\xa0\xcd\x12\x1d\x27\x91\x2f\x5e\x05\x1e\
\xc7\x60\xca\xce\x7a\xf2\x96\x0d\x19\x64\xda\x4c\xa7\x36\x08\x1b\
\xc1\xf5\x85\xff\x35\x4c\xb2\xef\xd3\xa2\x52\x72\xaa\xc3\x3f\xf1\
\xb7\xfa\x15\x64\x63\x22\xdb\xf6\xed\xa6\x3e\x4c\xe2\x8d\x6e\x3b\
\xc0\x1f\xdb\xf4\x67\x3c\x6d\xeb\xb0\xd5\x68\xfb\x8f\xda\x7f\x3e\
\x36\x2b\x13\x9d\xa4\x76\x4b\xed\x8b\xf6\xfc\xdf\x0e\xff\x43\x99\
\x94\x3e\x5b\xb3\x18\x33\x4b\xe6\x36\x93\x18\xac\x39\x63\xa1\xe3\
\x63\xf4\x49\xe7\xa7\x3f\x71\x81\x8e\xd9\x47\x48\x7f\x6d\xe7\x4f\
\x43\x39\xac\x9c\xb8\x44\xe4\x2c\x48\x4e\x7a\x80\x99\x03\xf7\xf2\
\xc9\x23\x36\xfd\x93\x9b\x6b\xcc\x3e\x6a\x33\x8c\xc1\x9a\xfb\x43\
\x39\x6c\x89\xde\xee\x94\x0f\xae\xeb\x7e\x85\xd7\xf9\x41\xd8\xce\
\x5c\xf1\xc4\xf0\x40\x58\x8e\x95\x86\xae\x45\xc7\x49\xda\x88\x2c\
\xce\x10\x08\x27\xdd\xf0\x3b\xe6\xbd\x04\xd7\x09\x47\x1c\xd2\x89\
\x66\x00\xf9\x5e\x74\xc7\x39\x74\x8d\xe1\x45\x16\xa5\x4d\x7a\xe4\
\x5d\xe5\x14\xff\x51\x2e\x9d\x64\x9d\x63\x68\xb8\x46\x9c\xba\xae\
\x6b\xc4\x4d\x1a\x0a\x4f\x9a\xd2\x61\x69\x96\x12\x1d\xfb\x68\x50\
\x10\xd3\x8d\x7a\x57\x3e\x38\x97\xff\x80\xa6\x3a\x13\xf3\x2c\xdd\
\x13\x6f\x29\x1f\x2b\x6b\x4e\xa2\x22\xca\x7f\x57\x5a\xaa\x6f\x2a\
\xff\xd2\xcc\x49\x9b\xe0\xa1\x2b\xe5\x8b\xb4\x49\x4f\xf7\x6e\xb7\
\x99\xb0\xd9\x9e\xcc\x75\x26\x41\x67\xc7\x16\x1b\x1a\x2d\xb1\xbd\
\x06\x15\x9f\x0d\xb5\xd8\x88\x8c\x4d\xbf\x34\x32\xa5\xf3\xa6\xb1\
\x69\x84\x49\x67\xa2\xb0\xd1\xd3\x97\x3a\x96\xb8\x5d\xb6\x3a\x57\
\xe2\xd2\x79\xe2\xa3\x63\x03\xe2\x8d\xde\xef\x90\x83\xd1\x69\xde\
\x96\x41\x7b\x2f\x69\xc4\x4a\x27\xa0\x9d\x24\xf9\xd6\x76\x21\xda\
\x1c\x8f\x06\xad\x78\x91\x09\x99\xd5\xc1\x96\xe2\xd1\xa6\x60\x5c\
\xd3\x86\x66\x74\x16\xda\x1c\x50\x1e\xd6\x84\x3a\x2b\xf2\xcf\x6e\
\xa3\x4a\x5f\x4b\x51\x5d\xa3\x50\xe4\x43\xbf\x8a\x0f\xb9\x24\x6f\
\x69\xb9\x48\x9e\xc0\xc8\x1b\x72\x4b\x37\x94\x13\x9b\x00\xaa\x9c\
\xb4\x81\x1c\x32\xf0\x91\x4c\x32\x8c\x84\x63\xd3\x38\xae\x45\x8f\
\x7c\xe8\x80\x0d\x07\xc9\x27\x33\x89\x98\x7f\xe9\x8a\x70\xd4\x99\
\xd8\xe9\xca\x48\x69\x63\x45\x6d\xbb\x9e\xd3\xd5\x31\x1d\xae\xea\
\x41\x84\x7b\xa3\x0f\x00\xd2\xa1\x1e\x68\x47\xdf\x5a\x7c\x59\x57\
\x71\x03\xbd\x5a\x5a\xda\xca\x5a\xdb\x9b\x93\x4e\x5c\x52\x8a\x9b\
\xc4\x69\x8b\x10\xe9\x89\x1d\x07\xb4\x31\xa3\xb6\xda\xf7\xbf\x8c\
\xcd\x2c\x99\xeb\x33\x89\xec\x6c\x84\xc6\x12\x97\x88\xe2\xa8\x94\
\xbf\xdc\xc7\xb0\x74\x14\x0a\x9b\x1d\x8e\xe4\xad\x82\x4b\x0e\x58\
\xe2\x28\x3c\x3b\x0f\xd2\x4e\x8f\x91\x2e\xc7\x3d\xda\x08\x4f\xdb\
\x5c\xcb\xf1\x10\x5b\x5a\xc4\xdd\x60\xe9\x08\xa2\xe1\x5a\x09\xce\
\x8a\x24\x7f\x5e\xca\x21\x6f\xe3\xfc\xfc\x12\x47\xec\x38\xfb\x3a\
\x71\x89\x61\xe4\x42\x73\x23\x94\xb6\x85\x20\x3f\xda\x01\x57\xfe\
\x31\x64\xc4\x21\x76\x6c\xda\x6d\xb4\x04\x9d\x22\x3a\xd4\xf6\xe7\
\xe3\xb6\xa0\xa0\x3c\x4a\x0e\xa3\x54\x7e\xb5\x2d\xe4\xb5\x99\x1f\
\x0c\xd6\xb6\xae\xe6\x5e\x0c\xd0\x46\x9d\xc7\xd4\xd2\xa2\xbc\xe9\
\xfc\x49\x8f\xeb\xd1\x40\x90\x57\xae\x97\xb6\xbb\x66\x20\x10\xdb\
\x84\xb6\x48\x37\x66\x96\xcc\xd5\x48\x94\xd6\x90\x6b\x8e\x50\x4a\
\x68\x1b\xeb\xd8\xc0\x6b\x7e\x18\xf2\x16\xc9\xd9\xc1\xc8\x20\x38\
\x47\x21\xbd\x1c\x47\x97\xe3\x1e\xae\x31\xba\x43\x1e\x3a\x31\x2d\
\x85\xd1\xd0\x31\x4e\x18\x21\x46\xc4\x71\x5f\xfe\x18\x8f\xf2\xb0\
\x51\x4a\xdb\x79\xf7\x71\xe2\x32\xcb\x35\x7c\xf2\x99\x9d\xec\x90\
\xc7\x49\xff\xc9\x8d\x3e\xe5\x15\x0e\x1d\x8e\x7b\xa8\x5d\xda\xae\
\x25\xce\x2a\x6b\x68\x37\x52\x19\x35\x75\xd2\xb5\xed\x5f\x36\xe3\
\x24\x87\xce\x5d\xbe\xb1\x49\x27\x2e\x59\x65\x5f\x20\x59\x46\x63\
\xb6\x9a\xb9\x1a\x09\xad\x27\xc7\xe3\x9a\xe1\x88\xa3\x50\xe0\xb7\
\x96\x8b\x62\x03\xaf\x8d\xdc\xba\x1c\x8c\x2c\x27\x27\x36\xcb\x6b\
\xce\x83\x22\xcb\x1d\x4e\x8d\x18\xe9\xab\x63\x21\x5e\xf6\xb3\x1f\
\xac\x39\xb6\x27\x0c\x9d\x1c\x9d\x02\xc7\xcb\x05\x07\x40\x9b\x6d\
\xfc\xd9\xf1\xd0\x60\x93\x4e\x5c\x4a\xba\x8e\xd7\xfa\x80\xf1\x64\
\x99\x24\x3a\xd8\x19\x37\x23\x12\xb1\x43\xd7\x12\x23\xcb\x4f\x18\
\xdc\xfc\x0c\x20\xc3\x86\x8f\xe3\x1c\x46\x75\xc9\x8c\x31\x8a\x03\
\x8d\x92\xf3\x18\xc5\xb7\xbc\xbc\xde\x4d\xac\xb6\x00\x1f\x87\x06\
\x0b\xaa\x2f\xd1\xaf\x07\xc7\xa5\xb7\x9c\x8c\x99\x17\x73\x7d\x26\
\x41\xc7\xcc\xa8\x9b\x06\x17\x9d\xf6\x94\xc8\x8e\x66\x72\x58\x1a\
\xb3\xd6\xbc\x4b\xe9\x74\x39\x18\x19\x17\xb7\xa8\x39\x35\xa2\xc1\
\x33\xca\x95\xe7\x2d\x3a\x47\xe2\xc7\x38\x29\x3c\x72\x69\x74\x5a\
\x72\x00\x54\xdb\x03\x3f\x92\x1d\x27\x89\xbe\x4e\x5c\xfa\x42\x7c\
\xa4\x43\xa7\x2e\x7d\xc8\x38\x90\xa7\x3e\x8e\x60\xa2\x83\x28\x2d\
\x3b\x69\xd6\xd5\x05\x61\x59\x72\xe1\x23\x47\x4f\x31\x8e\x71\x33\
\x2e\x74\x4c\x9d\x8a\x65\x8d\x9c\x32\xf2\x5d\x50\xfe\x32\xec\xa5\
\x7c\x2c\x27\x07\x54\x20\xf9\x74\xad\x8f\x11\x25\x2c\x32\xaa\x5e\
\xc4\x99\x03\x33\x14\xea\x59\x97\xef\x91\x8c\x1e\xa0\x67\x27\x52\
\xc6\x4c\x83\xb9\xed\x02\x3b\x08\x0e\x42\x4a\xce\x63\x6a\xd3\xfc\
\xe8\xa8\xa4\x14\x67\x3c\x9f\xe3\xe8\x72\x30\x02\x7d\x1c\xf2\x74\
\x85\xab\xe5\xa3\xe6\x8c\xa6\x8f\x43\x9b\x92\xa3\x24\x1d\xe7\xb0\
\x7d\x9c\xb8\xd4\x74\x53\x3a\x17\xe5\xeb\xeb\x08\xa6\xe4\x3c\xa9\
\x8f\x33\xa4\x41\xc1\x59\x8d\x66\x90\x5d\x3a\xac\xe5\xa5\x94\x6e\
\x2d\x6c\xa4\xe6\x9f\xa4\x16\x5f\xbc\x96\xfd\xb0\x8f\x4b\x2b\x97\
\x7f\xbe\x37\x52\x2a\xef\xa8\x47\xef\x8a\x6c\x60\x47\x39\x1d\x1a\
\x8c\xf1\x22\x65\xcc\x56\xa3\xb7\xe0\xa2\x53\x2b\x63\xb6\x13\xb3\
\x30\x12\xde\xbb\xc9\x98\x35\x78\x56\xe0\x3f\xaf\x19\xb3\x9e\x6d\
\xeb\x74\xc8\x18\x63\xcc\x7a\x3c\x93\x30\xc6\x18\xb3\xa5\xd8\x48\
\x18\x63\x8c\xa9\x62\x23\x61\x8c\x31\xa6\x8a\x8d\x84\x31\xc6\x98\
\x2a\x36\x12\xc6\x18\x63\xaa\xd8\x48\x18\x63\x8c\xa9\x62\x23\x61\
\x8c\x31\xa6\x8a\x8d\x84\x31\xc6\x98\x2a\x36\x12\xc6\x18\x63\xaa\
\xd8\x48\x18\x63\x8c\xa9\x62\x23\x61\x8c\x31\xa6\x8a\x8d\x84\x31\
\xc6\x98\x2a\x36\x12\xc6\x18\x63\xaa\xd8\x48\x18\x63\x8c\xa9\x62\
\x23\x61\x8c\x31\xa6\x8a\x8d\x84\x31\xc6\x98\x2a\x36\x12\xc6\x18\
\x63\xaa\xd8\x48\x18\x63\x8c\xa9\x62\x23\x61\x8c\x31\xa6\x8a\x8d\
\x84\x31\xc6\x98\x2a\x36\x12\xc6\x18\x63\xaa\xd8\x48\xec\x72\x9e\
\x3e\x7d\xda\xec\x56\x06\x83\xc1\xae\xce\xbf\x31\x7d\x98\xab\x91\
\x78\xf0\xe0\x41\x73\xee\xdc\xb9\xe6\xcc\x99\x33\xcd\x8d\x1b\x37\
\x46\xe7\x69\xbc\x97\x2e\x5d\x6a\xbf\xa7\xc5\xca\xca\x4a\x1b\x67\
\xe4\xfa\xf5\xeb\xcd\xd5\xab\x57\x9b\x49\x41\xde\xa5\xa5\xa5\x66\
\x23\x90\x67\xe4\xd8\x48\xe7\x44\x1e\x48\x37\xea\xaa\x14\x86\xf8\
\xf5\xb9\x75\xeb\x56\x67\x9c\x27\x4f\x9e\x1c\x2b\x4b\x49\x77\x93\
\xc0\xbd\xc4\xb1\x19\x36\x7b\x7f\xe6\xf4\xe9\xd3\xcd\x95\x2b\x57\
\x9a\x59\x30\x0d\x59\xa9\xfb\xd4\x15\x31\x0d\x1d\x6e\x56\x1e\xea\
\xfd\xb4\xe9\xca\x53\xbc\x46\x5b\xdd\x4c\x1d\xac\x41\x9e\xa6\xd5\
\xcf\x10\xcf\x34\xfb\xac\x45\x61\x6e\x46\x02\x65\x1e\x3b\x76\xac\
\xb9\x7b\xf7\x6e\xdb\x49\xd1\x68\x39\xd6\xb5\x8b\x17\x2f\x4e\x55\
\xe1\xa4\x43\x9c\x11\x3a\xdb\x49\x3a\x8a\x49\x3b\xf6\x52\x78\x1a\
\x3e\x72\x94\xae\xd5\xe2\xaf\x9d\x2f\xe9\x87\x7c\x1e\x3c\x78\xb0\
\x39\x75\xea\x54\x73\xfc\xf8\xf1\xf6\x5e\xf4\x5a\x8b\xe3\xce\x9d\
\x3b\xcd\xbe\x7d\xfb\x9a\x45\x67\xda\x1d\xc4\xe3\xc7\x8f\xdb\xb2\
\x9f\x45\xde\xa7\x21\x2b\x65\x7b\xfb\xf6\xed\x66\xa7\xd3\xa5\xab\
\x59\x18\x85\x59\x82\x51\xa3\xfd\xed\x34\xe6\x66\x24\x50\x28\x1d\
\xd7\xe5\xcb\x97\x9b\x9b\x37\x6f\x36\xd7\xae\x5d\x6b\x8e\x1e\x3d\
\xda\x5e\x93\xb1\xe0\x5b\xa3\x17\x46\xfc\x2f\xbf\xfc\x72\x3b\x92\
\xe6\xdc\xfe\xfd\xfb\xdb\x6f\x8d\xae\xe3\x8c\xe0\xf0\xe1\xc3\xed\
\xf5\x49\x64\x21\x8e\x58\x29\x31\x5a\x8a\x03\x63\x42\xda\x7c\x38\
\x17\x3b\x67\xee\xd1\xbd\x0a\x2f\x59\xf9\x20\x8b\xe4\x89\xa3\x31\
\x8e\x95\x1e\xdf\x31\x7e\x8d\x20\x65\x48\x75\x3e\xe6\x91\x0e\x84\
\x73\xa5\x59\x05\x1d\xdf\xf2\xf2\x72\x73\xe8\xd0\xa1\x36\x1f\x67\
\xcf\x9e\x1d\xdd\x7b\xe2\xc4\x89\xf6\x37\x32\x11\x3f\xc7\xd2\xc1\
\xf9\xf3\xe7\xdb\x99\x85\x3e\x71\x24\x1b\xf3\x5b\x6a\xbc\xe4\x8b\
\x78\xb9\x8f\x38\x39\xae\x19\x49\xc2\x90\x2f\xbe\x35\xd3\x41\x96\
\x98\x76\x4c\x1f\xb9\xf8\x4d\x9c\xba\x3f\xc6\x8d\x2e\x4a\x33\x42\
\xe5\x53\x69\xa9\xdc\x62\x7c\x31\x1e\xcd\xf2\x62\x5e\x63\xbc\xdc\
\xa7\x25\x2a\x0d\x6a\xf8\x26\x9c\xf4\x98\x65\x95\x1c\xca\x33\x1f\
\xc9\xc1\x79\xca\x8f\x73\x71\xc6\xc7\x75\x0c\x18\xe7\xa2\x8c\x94\
\x91\xe2\x89\xe7\x49\x13\x19\xc8\xab\x46\xdf\x1c\x13\x2e\x97\x85\
\xf2\x10\xd3\xe2\x1c\x10\x46\xf7\xc5\x7c\x29\x7c\x2c\x23\xc2\xc4\
\xfa\x81\xac\xb1\x5c\x75\x0d\x79\x72\xd9\x48\x57\xc4\x2f\x5d\xe5\
\x19\x6f\x49\x8f\x8f\x1e\x3d\x5a\x57\x3f\x62\x3e\x72\xdd\xab\x0d\
\x30\xa3\x5e\x72\x3d\x8e\x75\x93\x38\x98\xbd\x48\x8e\x1c\x96\xf3\
\xb9\xee\x68\xd0\xa9\x36\x9e\xeb\x89\xf4\xbc\xed\xf8\xe0\xd6\x8f\
\x57\xa7\xf9\xe9\xcb\x70\x04\xbb\x3a\x4c\x7e\x75\xd8\x99\xad\x0e\
\x0b\x63\x75\x58\x01\x46\xd7\x86\x86\xa3\xbd\x36\x54\x78\x7b\x7e\
\x68\x40\xda\xe3\x61\xc1\xae\x0e\x0d\x4a\xfb\xcd\xf1\x50\xf1\x6d\
\xf8\x61\xa7\xb8\x3a\x34\x30\xed\x6f\xc2\x73\x8d\x38\x23\xc3\xd1\
\x7b\x7b\x9e\xb8\xf4\x19\x76\xa2\x6d\xfa\xc0\xfd\xc4\x03\x4f\x9e\
\x3c\x19\xc5\x4f\x7c\x9c\x27\x1c\x69\x5f\xb8\x70\xa1\xbd\xc6\x27\
\xc6\x4b\x5c\xc3\xa5\xb3\x51\xfa\x1c\x13\x7e\xd8\x41\x8f\xf2\x49\
\xbc\x51\x8e\x98\x37\xe2\x45\x27\xdc\x47\x7a\x84\x1d\xce\x06\x46\
\xd7\x88\x8b\x38\x94\x37\xee\x95\x7c\x39\x9f\xc4\x13\x21\x2e\xe2\
\x55\x3e\xd1\xaf\x90\xde\xb8\x47\x32\x4a\x8f\xf1\x1a\xf1\x92\x2e\
\x32\x95\x40\xae\x18\x2f\xf7\xe8\x7e\xc9\xa4\x38\x95\x06\x50\x96\
\x1c\x73\x2d\xa7\xaf\xb2\x89\x72\x2a\x3e\xea\x86\x40\xa6\xac\x87\
\xfb\xf7\xef\x8f\xea\x47\xcc\x8f\xe2\x8f\xf1\x45\xe2\x79\x64\xe3\
\x93\xaf\x91\x1e\xe5\x26\xf8\xad\xba\x93\xe3\xe0\x1a\xe5\x17\xe5\
\x50\x9c\xe4\x23\xca\x18\x91\xce\x63\x9e\xa9\x5f\x31\x5e\x5d\x27\
\x8e\xa8\x7b\xc2\xe5\xb2\x50\x3a\xb9\xce\xa8\x1e\xd5\xee\x23\x5f\
\x84\xc9\xe5\xc3\xb7\xca\x47\x79\xca\x75\x87\xe3\x9c\x8f\xac\x9f\
\x5a\x39\xe4\x6b\x6a\xaf\x51\x6e\x5d\xef\xd2\x71\x84\xbc\xc5\x70\
\xd4\x11\xf2\xa0\xfc\x11\x7f\xac\x9b\xc3\x99\xf8\x48\x37\xa5\xfc\
\x65\x90\x23\xf6\x3b\xd4\x13\xd2\x10\xa4\x9d\x75\x31\x6d\xa6\xdd\
\x9f\xf3\x99\xdb\x4c\x82\x59\xc3\x50\x81\xed\x68\x97\xe7\x12\x71\
\x64\xcd\x39\x60\xd9\x84\x11\x31\x53\x38\x46\xc7\xcc\x38\x18\x01\
\xf0\x1d\x97\x09\xb8\x5f\x33\x13\x96\x72\xb8\x87\xe5\x96\x12\x71\
\xbd\x3e\x8e\x84\x18\x6d\x73\x3f\xf1\x68\x54\x33\x2c\xd4\xe6\xe1\
\xc3\x87\xed\x79\x66\x3a\xa4\x4d\xfc\x2c\xe3\x64\x90\x89\x59\x91\
\x96\x08\x14\x9e\x91\x85\xf2\x83\xcc\xaf\xbe\xfa\xea\x28\xff\xc8\
\xc9\xe8\x83\xf3\xcc\x46\xc8\x27\xe7\x48\x4f\xcb\x0d\x4a\x93\x6f\
\xe2\x14\x84\xe3\x98\xef\x71\xe4\x25\x15\x46\x35\x25\x48\x43\x61\
\x73\xbc\xe8\x0a\xbd\x30\xba\x2a\x41\x78\xca\x41\x68\x56\x18\x41\
\x97\xe8\x82\xb8\xd0\x33\x1f\xf4\x21\x9d\x71\x4f\x4c\x9f\xf2\x2f\
\x8d\x08\x29\x2b\x8d\x98\xb9\x8e\xee\xb2\xbc\xe8\x95\x70\x51\x3e\
\xd2\x1e\xb7\xae\x4f\x18\xe9\x9f\x7b\xf8\x68\xad\x59\xe5\x48\x3e\
\xa2\x0e\xf9\x5d\x5b\xb6\xa2\x4c\xa9\xdb\xca\xaf\x66\x22\xca\x57\
\xad\x9e\x96\x88\xf5\x8e\xb2\x8a\xf5\x37\xea\x9b\x74\x72\x59\xf4\
\x59\xba\xd5\x33\xc2\x78\x5f\xd4\x2b\xf9\x57\x3e\xf9\x56\xbc\xd2\
\x75\x2c\x3b\xe4\x9b\xf6\x72\x99\x66\x20\x4a\x63\xb5\x1d\x9b\xfc\
\x7e\x16\x93\x75\x3c\x28\xbc\x94\x80\x9c\x71\xc9\x99\xfc\x48\x6f\
\x2a\xd3\x58\x8e\xf1\x19\x0c\xe1\x34\x6b\x27\x8d\x5a\x1b\x8a\xb0\
\xa4\xa9\x3a\x03\xa4\x3d\xee\x19\xe1\x22\xb2\xa7\x99\x13\x14\xa0\
\x3a\x7e\x40\xe9\x28\x31\x36\xec\xbe\x70\x0f\xf7\x32\xe5\xa4\x51\
\x96\x3a\x28\xc1\x94\x55\xc4\xa9\xbf\x3a\x48\xe2\x40\x36\x35\x90\
\xbe\x0f\x0b\x73\x27\x15\x2b\x1b\xbf\x6b\xcf\x04\xf6\xee\xdd\xbb\
\xee\x98\x4a\x95\x1b\xe3\x66\x21\x8f\x59\x9e\x12\x5d\x69\xd1\x81\
\xc4\x46\x3a\xc9\xbd\x62\x38\x12\x5b\xd7\x41\x02\x79\x3d\x72\xe4\
\x48\x31\x3c\xcb\x6c\xb5\xb4\x54\x36\xc4\x55\xea\x68\x55\xbf\x22\
\x7d\x0c\x2a\x1d\xb1\x3a\x03\xe2\x25\x1e\x3a\x3b\xca\xa9\x34\x38\
\xe8\x13\x37\x71\xa8\x43\x53\xbc\x9b\x2d\xd7\x5c\xa7\xa6\x51\x4f\
\x4a\x75\xb4\x4f\xbd\x29\xdd\x8b\xbe\x38\xc7\x20\x60\x2b\xde\x20\
\xcb\x3a\x8e\x46\x4b\xc4\xeb\x82\x3a\xa9\xef\x1c\x3e\xb6\x4d\xca\
\x0c\xa3\x41\xbc\xd4\x07\xf5\x5b\x5d\xf2\x94\xc8\xed\x7d\x3b\x30\
\xd7\x67\x12\x58\x7f\xad\xed\x3d\x7b\xf6\xec\xb9\x30\x1a\xc5\xd3\
\x89\x68\xbd\x94\xce\x2a\xaf\x07\x6a\x54\xa3\x87\xdd\xcc\x00\x36\
\x82\x66\x24\x7c\x64\xac\xf2\x5a\x33\xd7\xba\x46\x48\x8c\x7e\x63\
\x78\x3a\x9c\x92\xa1\xd1\x03\x7b\xd6\x91\xf9\xe6\x3e\xcd\x66\xb8\
\x8f\x3c\xd1\x81\x32\xf2\x20\x8e\xb8\x76\x0c\x7a\xbe\xd1\x67\x84\
\xc8\x7d\x1b\x31\xbe\x11\x8c\x38\x15\xbc\xf6\x30\x71\x90\xde\xec\
\x28\xc9\xa5\xf5\x6d\xe2\xd2\x87\xd1\x56\x9f\x4e\x24\x87\xa1\xc3\
\xa6\x1c\xd0\x4d\x69\x50\x40\x9d\xc9\xcf\x6b\x98\x05\xc5\x91\x5d\
\x89\x38\xd3\xd1\x48\x53\x75\x42\xe9\x50\x36\x39\xaf\xb5\xc1\x84\
\x66\x26\x31\xcf\xd4\xeb\x59\xbe\x2c\x50\x92\x4f\x60\xcc\xe2\x0c\
\x24\xca\xcd\x7d\xf1\xb8\x2b\x5f\x11\x74\x9d\x1f\xd8\x72\x1f\x65\
\x24\x7d\x46\xa2\x3c\xd3\x30\x20\xb4\x21\x8c\x91\xf4\x4b\x3d\x43\
\xc7\x19\x06\x85\x39\x7f\x0a\x87\x5e\xf2\x2c\x39\x1e\x6b\x60\xc2\
\x20\xb2\x4f\xd9\x11\xa6\x54\x0e\x93\x3c\x2b\x5d\x14\xe6\x36\x93\
\xa0\x20\xe9\x94\x59\x8e\xd1\x5b\x26\x2c\xd7\xa8\x73\xd4\xf2\x05\
\x15\x8c\x65\x15\x0a\x13\x23\xc0\x27\x8e\xb4\x05\x86\x41\x0d\xb9\
\xcf\x88\xb1\x84\x66\x24\x9a\x2e\x03\xe9\x10\xb7\x1e\x0c\xca\x20\
\xd5\x1a\x0f\xd7\x14\x9e\x0e\x5e\x4b\x16\x31\xdf\x5c\x8b\x33\x27\
\x3d\x90\x53\x7a\xd2\x03\xf9\xd6\x43\x2f\xc5\x2d\xd0\x0b\x95\xb8\
\x94\x5f\x3a\x47\x1a\x2d\xa3\x23\x3a\x61\x46\x41\x5d\xb3\x80\xbe\
\x20\xaf\x1e\x92\x66\x43\x4c\x99\xd0\x69\x6b\xa6\x46\x79\xc5\xe5\
\x31\xe5\x8d\x0e\x05\xe3\x46\x78\x96\x1b\xb5\x0c\x34\xce\xd8\xa9\
\x3e\xa0\x0b\x75\xde\xd2\x63\x09\x3d\x28\x24\x2d\x75\x8c\xe8\x7a\
\x5c\xdd\x50\xe3\x8e\xf5\x4b\x4b\x80\x82\x7c\x11\x2f\x32\x68\x24\
\x1a\xcb\x86\x7b\x25\x2b\x69\x4a\x0e\x2d\x77\xf5\x59\x62\x22\xac\
\x0c\xf2\xa4\x06\x3e\xcb\x47\x5d\xd0\xc8\x97\xb8\xa8\x6b\x94\x8f\
\x64\xcf\xf7\x69\x49\x44\x33\xea\x71\xa8\x3d\x44\x5d\x53\xce\xd2\
\xb5\xca\x5c\x4b\x77\x11\x74\xc5\x35\x74\x92\xd3\x8a\x7a\xec\x82\
\xba\x48\x18\xea\x9f\x06\x56\xb4\xa1\x52\x38\xda\x93\xfa\x17\xea\
\xaa\x64\x54\x1e\xd0\x0d\xd7\xb9\xc6\x4c\x36\x96\x3b\x32\xd2\x07\
\xc4\xd5\x88\x08\x71\x69\xe0\x46\x5a\xc8\x10\xcb\x81\xb6\x58\x92\
\x6b\xd1\x59\xe2\xc1\x44\x33\x45\xbe\x70\xfc\xbb\x13\x85\x8f\xeb\
\xbf\xb9\xe3\xd7\x32\x89\xce\x6b\x44\xa2\x4e\x25\x5e\xa3\xc3\xa4\
\x40\xf4\xdc\xa2\x94\x0e\x9f\xd8\x49\xe4\x73\xb2\xf4\xc4\x95\x1b\
\xb2\xd6\x38\x15\x56\xbf\x4b\xf1\x76\x85\xaf\xe5\x2d\x86\xcf\x7a\
\xa0\xf2\xc6\xf5\x71\xdd\x87\x3e\xf2\xc8\x58\xf2\x88\x2c\x57\x5e\
\x86\x89\xc7\x7d\xaf\xa9\xbc\x22\x34\x3e\x5e\xa7\x55\x3e\xa2\x5c\
\x92\x27\xc6\x25\xd9\x6b\xe9\x95\x8e\xb3\xce\x48\x73\xdc\x73\x99\
\x9a\x5e\x4b\x79\xe8\x92\x37\x1e\x8b\x58\x2e\xe3\x64\x2d\xc9\x51\
\x8b\x37\xcb\x1f\x8d\x54\x29\x0f\xa5\xa5\x35\x88\xed\x25\xd3\x25\
\xbb\x66\xb2\x5c\x43\xc7\x7a\x06\x38\xae\x7c\xc6\xb5\x65\xd5\x8b\
\x71\xba\xca\xf7\xd5\x96\xbc\x72\x19\x76\xb5\xa1\x9a\x5e\xc6\xe5\
\x21\xd7\x7b\xfa\x18\xea\x79\x8d\x52\x7f\x10\xf5\x39\x6b\x7e\x77\
\xfb\x27\xcd\xb4\x99\xbb\x91\x98\x16\x7a\xbe\x50\xb3\xf2\x7d\x60\
\x34\xc2\x28\x3c\x8e\x30\x4c\x3f\x64\x24\xb6\x8a\xc1\xda\x1f\x2e\
\xf3\x6c\xc5\x6c\x1c\xf4\x49\x67\xa6\x99\x4b\x9f\x4e\x71\x37\xc1\
\xe0\x91\x97\x24\x26\x79\xd9\x60\xab\x99\x85\x91\x98\xdb\x72\xd3\
\x34\xd1\xda\x69\xed\xcd\x9b\xbe\x71\x30\x5d\xc5\x50\xd8\x40\x2c\
\x3e\x2c\x7d\xf5\x79\xc3\xc4\xf4\x87\x25\x12\xfd\x57\x46\xa3\x68\
\x1b\xe1\x3f\xc0\x00\x72\x37\x1a\xcc\x1d\x33\x93\x30\xc6\x4c\x8f\
\xda\x12\x96\x59\x6c\x66\x31\x93\xf0\x06\x7f\xc6\x98\xe7\xb0\x81\
\x30\xc2\x46\xc2\x18\x63\x4c\x15\x1b\x09\x63\x8c\x31\x55\x6c\x24\
\x8c\x31\xc6\x54\xb1\x91\x58\x10\xc6\xfd\x99\xcc\x4c\x0f\xfd\x4f\
\x63\x37\xe3\xfa\x66\xfa\x32\x57\x7f\x12\xb3\x70\x62\xb2\xe8\xd4\
\xf2\xdd\xe5\xf3\xa1\xc4\x66\x1d\x01\x09\xe2\xe8\x72\x62\x54\x63\
\x90\x9c\xe2\x4c\x4a\x9f\x7f\xf2\x6e\x16\x6d\x39\x1f\x19\xac\x6d\
\x77\xad\x6d\x24\x36\x23\xc7\xac\xb7\x58\xd0\xa6\x95\x93\x5e\xeb\
\xc3\xa4\xf5\xcd\xec\x5e\x3c\x93\x58\x10\xf8\x03\xdf\x76\x7a\xa3\
\x44\xff\x2b\xd9\x6e\x20\x37\x86\x61\xb3\x7b\x59\x6d\x05\x18\xef\
\x5a\x47\xde\x75\xad\x0f\xdb\xad\xbe\x99\xf9\xb1\x10\x7f\xa6\xd3\
\x26\x76\xfc\xfd\x5f\x1b\xd9\xb1\x63\x23\x9b\xfe\xb1\xc5\x86\x1a\
\x74\x74\xfd\x49\x05\xd7\x9e\x44\xdc\xa3\x8d\xb7\x18\x61\xb1\x11\
\x1d\x7b\xac\xe4\xfd\x85\xb8\x9f\x8e\x2d\x9e\x67\x54\xaf\xfd\x54\
\xd8\x27\x86\xfd\x55\xb8\x9f\x51\xa2\xce\x93\x46\xdc\xe2\x97\x34\
\xd8\xfb\x06\xb9\xb8\xa6\x6d\x8a\x91\x3f\xfe\x11\x8f\x3c\x71\x1f\
\x79\x61\x1f\x98\xfc\xc7\x24\xe5\x47\x5b\x89\x10\x56\x1b\x08\xc6\
\xe5\x00\xe4\x28\xfd\xc1\x2f\xee\xf9\x14\xc3\xe5\x7f\x3f\xf3\x27\
\x43\x74\x23\x87\x43\xa4\xa3\x3c\x46\xe2\xde\x3b\xb1\x2c\xa4\x6f\
\xf4\xc6\xfd\x7c\xb3\xdf\x16\xba\x22\x8c\xf4\xc4\x35\xe9\x3f\xea\
\x2f\xce\x9e\xb4\xcb\x6d\x8d\x2c\x1f\x1b\x1f\x4a\x76\xe2\x60\x1f\
\x20\xae\x53\x37\xb4\x4f\x96\xd2\xc8\xb2\x66\x06\x6b\xce\x7c\x90\
\x1b\x62\x18\xd2\x25\xee\x28\x1b\xe9\x51\x66\x31\x6e\xf4\xc3\x7d\
\x2a\x0f\xe5\x99\x32\x2e\xd5\xb9\x2c\x1b\x44\xb9\x95\x86\xa0\xec\
\xb5\x5b\xa9\x36\xb3\x44\xa6\x18\x2f\xf9\xd7\x35\x19\xbc\xd8\x6e\
\xf8\x57\x30\xfa\xa2\x7d\x50\xf6\xe8\x2a\x86\xa1\x6c\x95\xae\xea\
\x5a\xdc\x8b\x4c\xf5\x28\xeb\xb4\x56\x0f\xcd\x0e\x67\x5e\x4e\x87\
\xe4\xec\x04\xa7\x1c\xd9\x19\x4c\x74\x8a\x82\x23\x14\x1c\x97\x70\
\x3d\x3b\xac\xd1\xb1\x1c\x03\xf5\x71\xf0\x11\xe3\x88\x0e\x57\xb2\
\x83\x10\x1c\x94\xe8\xfe\xec\x60\x24\x3a\x52\xc9\x4e\x7c\x72\x5a\
\x31\x3e\x1c\x07\x45\x67\x41\xd1\xc9\x49\x97\xf3\x9f\x92\x03\x15\
\x85\x5b\x0d\xfa\xcc\x4e\x7e\xa2\x1c\x72\x70\x84\x13\xa4\x78\xcf\
\xf2\x9a\xd3\x27\xe0\x77\xd4\x41\x2e\x0b\xe2\xcd\x8e\x88\x44\x76\
\x58\x13\x9d\xe2\x20\x7f\x2e\x9b\x28\x7b\xbc\x27\x3b\x0a\x42\x47\
\x5d\xf2\xe9\xb8\x4b\xd6\x48\x96\x7b\x68\x18\x46\xe1\xb3\xb3\x26\
\xdd\xaf\x7a\xaa\xfb\xa5\xc3\xe5\x35\x47\x54\x82\x3a\x94\xe3\x00\
\xf2\x90\xeb\xb4\xf2\xa4\xf4\xa3\x0e\x74\xad\xe4\x54\x4a\xe4\x6b\
\xb5\x76\x13\xaf\xc9\x29\x56\x4c\xb7\xcb\x99\x4f\x8c\x83\xfc\xc7\
\xba\x63\x16\x93\x1d\xe5\x74\x08\x34\x52\x61\x44\x13\xb7\xd5\xd5\
\xc8\x46\x9b\x90\x31\xda\x61\xe4\xa4\x51\xae\xae\x31\xca\xd4\x7a\
\x3a\x23\xaa\x38\x0a\xd4\xb6\xdf\x99\xec\x3c\x44\xfb\xb0\x64\x07\
\x21\xdc\xdf\xd7\x41\x48\x6d\x87\x55\xb6\x2f\x66\xa6\x40\x7e\x88\
\x4f\xe1\x34\xb2\xce\xce\x93\x44\x74\x7e\xb2\x5c\xd8\x39\x33\x86\
\x13\x71\x84\xc7\xa8\x51\xcf\x2b\x06\xc1\x79\x0e\xf9\xc9\xf7\x44\
\xd9\x91\x57\x3a\xd0\x56\xd9\x31\xde\xae\x3d\x6b\xb4\x61\x5f\x2c\
\x37\x46\xb1\xda\xf0\x2c\x3b\x5f\x29\xe5\x5b\xb3\xb3\x9a\x7c\xcc\
\x2e\x62\x3c\xc8\xc3\x3d\x93\xca\x3a\x29\xd4\x33\xf4\xa9\x5d\x86\
\xa3\x5f\xf4\x28\x1f\xd7\x34\x4b\x11\xaa\xb7\x51\x36\x66\x05\xd3\
\x74\x3e\x53\xda\xfd\x18\x3d\xaa\x9e\x6b\x77\x57\xf4\x57\x9a\x09\
\xe4\x3a\xb1\xba\x36\x93\x21\xdf\x9a\x29\xa1\xdf\x49\xfc\xc1\x9b\
\x9d\xc3\xdc\x8d\x44\x6e\x40\x3a\xaf\x8f\x9c\xbd\x0c\x82\x47\xaf\
\x41\xf0\x14\x26\x47\x30\xb9\xd3\xa9\xad\xb7\x46\xaf\x66\xf2\x45\
\x50\x5b\xdb\x5d\x5d\xdd\xdc\x8e\x25\x74\x92\x2c\x61\xd0\x29\x46\
\x9f\xbc\xb5\x7c\xd7\x98\x74\xed\x38\xee\x32\x4a\x1e\x63\x87\xd9\
\x57\x4f\x93\x86\x8d\xe5\xa2\x0f\xcb\x13\xb5\xed\x1d\x4a\xce\x57\
\x4a\x61\x6b\x3b\x80\x8e\x63\x23\xeb\xed\xb5\x7a\x80\x81\x27\x2f\
\x18\xa4\xec\xdb\x79\x23\xb2\x68\x5f\xa4\x69\x51\xf2\xc5\x92\xfd\
\xad\x70\xdc\xe5\xc4\xa9\x04\xc6\x23\xe6\x7b\x3b\x7a\x55\x33\x9b\
\x67\xae\x46\x82\x0e\x9a\xd1\x8a\x9c\xe9\x68\xd4\xcc\xe8\x4c\x0e\
\x44\x54\x81\x39\x97\x9d\xb7\x44\x87\x35\x54\xe0\xd8\x30\xe4\xcb\
\x21\xa3\x2d\x7b\xa3\x2f\x82\x9a\x83\x10\xd6\x98\x21\xbb\xbd\x1c\
\xf4\x7c\x7d\x10\xe3\x40\x1e\x31\x16\xda\xef\x5e\xf9\xd6\x1e\xfb\
\xb3\x42\xcf\x0f\xa2\xb3\x1c\x1a\x7a\xc9\x11\x4f\x89\x92\xab\xcf\
\xae\xb7\xa0\xd0\x29\xe9\xa8\x6c\x34\xaa\xd6\x56\xd4\x51\x67\x74\
\xb2\x79\xc4\xad\x34\xfb\xca\x97\xef\xcb\x1d\xf7\xa4\x6f\x6c\x31\
\x8b\x8a\x8e\x6a\xa2\xbc\x7a\xde\xc5\x00\x83\xd9\xdf\x24\x6f\x95\
\x49\x8f\xb1\x6e\x6a\xf0\x00\x3c\x3f\x88\xd7\x56\x7a\x7a\x42\x8c\
\x10\x57\xce\x3f\x75\x4d\xe5\xae\xe7\x5e\xf2\xe4\xd7\x97\x98\x6f\
\x9e\x71\x71\x6c\x76\x1f\x73\x7f\x70\xcd\x28\x8d\xce\x54\x8e\x6c\
\xa8\xcc\x8c\xba\x31\x0a\x3c\x98\xa5\x33\x91\xc3\x14\x66\x0d\x5c\
\x93\x7f\xec\xe5\xe0\xb0\x86\x73\xba\x36\xce\xc1\x07\xf1\xd0\x61\
\xc6\x6d\xc5\xbb\x1c\x84\xd0\x48\xb8\x16\x1d\xf9\x8c\xf3\x70\x26\
\xe4\x6c\x86\x8e\x21\xba\x3c\xa4\x23\xd5\x72\xdb\x2c\x1c\x91\x90\
\x0f\xe2\x8e\x3e\x8b\xc9\x07\xe9\x46\x07\x30\xb5\x57\x40\xf5\x62\
\x00\x0f\x8f\xb9\x87\x7c\x47\xa3\x9b\x9d\xe2\x64\x47\x37\xd1\xe9\
\x50\xd6\x2d\xf1\xc8\xd7\x77\x24\x3a\xe8\x89\x03\x86\x71\x48\x56\
\x8c\x3a\xe1\x4b\xae\x28\xc7\xc1\x7d\xda\x6e\x9e\xb4\xa3\x43\x1e\
\x64\x95\xfc\x7d\x9d\x06\x45\x54\xa7\x63\xdd\x8a\xba\xd1\x35\xea\
\x63\x9c\x15\xd0\xf9\xc7\x87\xd3\x11\x0d\xae\xf4\x80\x5a\x6d\x43\
\x0e\x73\x80\xf6\x44\x7e\x98\x11\xeb\x81\xfb\x24\x5b\x7f\x93\x86\
\xda\x22\xed\x4d\x1e\x22\x39\xe7\xed\xc3\x77\x0f\x73\xdd\x05\xb6\
\xcb\x91\x4d\x74\x8a\x92\xef\xc9\x0e\x6b\xa2\x6f\x81\x3e\x0e\x3e\
\x06\x1d\xbe\x08\xba\xee\xd7\xda\x6c\x74\x46\x32\x6e\xb7\xcc\x41\
\xc5\xd9\x4c\xce\x77\x5f\xe7\x3f\x59\x17\x5d\xe1\x6a\x4e\x79\x06\
\xc9\x01\x0c\x68\x26\x35\x4e\xdf\x83\x82\xa3\x97\xec\x60\x05\xc6\
\x39\xba\x29\xa5\x35\xa9\x7c\x4f\xc7\x38\x33\xaa\xa5\xd1\x55\xef\
\xb2\x63\xab\xe5\xe0\x34\xaa\x54\xef\xba\xe4\xe9\xca\x7f\x96\x27\
\x3b\x90\x8a\x79\xca\x4e\x6c\xe2\x7d\xd9\xb1\x55\x96\xb1\xa4\xa3\
\xa8\x9b\x2e\x67\x46\x7d\xf3\x6d\x16\x07\x3b\x1d\xaa\xd0\xd5\xe9\
\x97\x88\x4b\x22\x3b\x95\x49\x75\x62\x8c\xd9\xfe\x78\xab\xf0\x29\
\xc1\x74\x7f\x27\x1b\x08\x60\x09\x6f\x91\x3d\x68\x19\x63\xb6\x07\
\x76\x3a\x64\x8c\x31\x3b\x04\xcf\x24\x8c\x31\xc6\x6c\x29\x36\x12\
\xc6\x18\x63\xaa\xd8\x48\x18\x63\x8c\xa9\x62\x23\x61\x8c\x31\xa6\
\x8a\x8d\x84\x31\xc6\x98\x2a\x36\x12\xc6\x18\x63\xaa\xd8\x48\x18\
\x63\x8c\xa9\x62\x23\x61\x8c\x31\xa6\x8a\x8d\x84\x31\xc6\x98\x2a\
\x36\x12\xc6\x18\x63\xaa\xd8\x48\x18\x63\x8c\xa9\x62\x23\x61\x8c\
\x31\xa6\x8a\x8d\x84\x31\xc6\x98\x2a\x36\x12\xc6\x18\x63\xaa\xd8\
\x48\x18\x63\x8c\xa9\x62\x23\x61\x8c\x31\xa6\x8a\x8d\x84\x31\xc6\
\x98\x2a\x36\x12\xc6\x18\x63\xaa\x4c\xdd\x48\x7c\xf6\xfe\x3f\x37\
\xc6\x18\x63\xb6\x96\xcf\x9e\xbd\xdf\xcc\x82\xa9\x1b\x89\x4f\xdf\
\xfb\xc7\xc6\x18\x63\xcc\xd6\xf2\xc9\xaf\x1e\x34\xb3\x60\xea\x46\
\xe2\x93\x7f\x7c\xd8\x7c\xfa\x2f\xbf\x6a\x8c\x31\xc6\x6c\x0d\x9f\
\xfc\xfa\x97\xcd\xa7\xc3\xcf\x2c\x98\xc9\x33\x89\x7f\x7f\xfb\x7f\
\x35\x1f\xbf\x7b\xaf\x59\xfd\xe0\xdf\x1a\x63\x8c\x31\xb3\x61\xf5\
\xe3\x8f\xda\xbe\xf6\xe3\xfb\x7f\xdf\xcc\x8a\x3d\xcd\x8c\xf8\xe4\
\x9d\xb7\xdb\xcf\xd2\x17\xff\x43\x63\x8c\x31\x66\xfa\x6c\xc5\x40\
\x7c\x66\x46\x42\x78\x36\x61\x8c\x31\xdb\x17\xbf\x02\x6b\x8c\x31\
\xa6\x8a\x8d\x84\x31\xc6\x98\x2a\x36\x12\xc6\x18\x63\xaa\xd8\x48\
\x18\x63\x8c\xa9\x62\x23\x61\x8c\x31\xa6\x8a\x8d\x84\x31\xc6\x98\
\x2a\x36\x12\xc6\x18\x63\xaa\xd8\x48\x18\x63\x8c\xa9\x62\x23\x61\
\x8c\x31\xa6\x8a\x8d\x84\x31\xc6\x98\x2a\x36\x12\xc6\x18\x63\xaa\
\xd8\x48\x18\x63\x8c\xa9\x62\x23\x61\x8c\x31\xa6\x8a\x8d\x84\x31\
\xc6\x98\x2a\x36\x12\xc6\x18\x63\xaa\xd8\x48\x18\x63\x8c\xa9\x62\
\x23\x61\x8c\x31\xa6\x8a\x8d\x84\x31\xc6\x98\x2a\x36\x12\xc6\x18\
\x63\xaa\xd8\x48\x18\x63\x8c\xa9\x62\x23\x61\x8c\x31\xa6\x8a\x8d\
\x84\x31\xc6\x98\x2a\x36\x12\xc6\x18\x63\xaa\xd8\x48\x18\x63\x8c\
\xa9\x62\x23\x61\x8c\x31\xa6\xca\x9e\x66\x86\x7c\xee\x8f\xbf\xd2\
\xbc\x78\xe0\xf5\x66\x69\xef\x97\x9b\xa5\x17\x3f\xdf\x18\x63\x8c\
\x99\x2e\x9f\xbd\xff\xcf\xcd\x27\xbf\xfe\x65\xf3\xe9\x3f\xfd\xb2\
\x99\x05\x33\x33\x12\x18\x87\x3d\x5f\xfb\xab\xc6\x18\x63\xcc\xec\
\xf8\xdc\x97\xbf\xd2\xfc\xd1\xf0\xf3\xc9\x17\xbf\xd4\x7c\xfc\xee\
\xbd\x66\xda\xcc\x64\xb9\xe9\x85\x3f\x7f\xcd\x06\xc2\x18\x63\xb6\
\x90\x3d\x07\xfe\xaa\x5d\xbd\x99\x36\x33\x31\x12\x7b\xbe\xfa\x5a\
\x63\x8c\x31\x66\x6b\x61\x05\x67\xda\xcc\xc4\x48\x30\xfd\x31\xc6\
\x18\xb3\xb5\xf0\xfc\x77\xda\xf8\xed\x26\x63\x8c\xd9\x21\xcc\xe2\
\x05\x21\x1b\x09\x63\x8c\x31\x55\x6c\x24\x8c\x31\xc6\x54\xb1\x91\
\x30\xc6\x18\x53\xc5\x46\xc2\x18\x63\x4c\x15\x1b\x09\x63\x8c\x31\
\x55\x6c\x24\x8c\x31\xc6\x54\xb1\x91\x30\xc6\x18\x53\xc5\x46\xc2\
\x18\x63\x4c\x15\x1b\x09\x33\x55\x2e\x5d\xba\xd4\x9c\x3b\x77\xae\
\x79\xfa\xf4\xe9\xe8\x1c\xbf\xaf\x5e\xbd\xda\x7e\xcc\xe6\x19\x0c\
\x06\xad\x8e\xad\x4f\xb3\x15\xd8\x48\x98\x89\xb9\x75\xeb\x56\x73\
\xfd\xfa\xf5\x75\x86\x00\x1e\x3c\x78\xd0\x5c\xbc\x78\xb1\xed\xbc\
\x6e\xdf\xbe\xdd\x9e\xa3\x43\x3b\x7c\xf8\x70\xdb\xa9\x5d\xb9\x72\
\xa5\x99\x26\xa4\xb7\xb2\xb2\xf2\x9c\x1c\xe3\x40\xf6\xa5\xa5\xa5\
\xe6\xd8\xb1\x63\xcd\x46\x21\x5f\xc4\x43\xfa\x19\xe9\x87\x30\xb3\
\x90\x8b\x34\xd1\x31\x3a\x55\x1a\xd2\xc5\xa4\x69\x1a\x33\x8e\x99\
\xfa\x93\x30\x3b\x93\xf3\xe7\xcf\xb7\x9d\xd1\xf2\xf2\x72\x73\xf4\
\xe8\xd1\xd1\xf9\x43\x87\x0e\x35\xa7\x4e\x9d\x6a\x9e\x3d\x7b\xd6\
\x1c\x39\x72\xa4\x3d\x77\xe3\xc6\x8d\x51\xd8\x6b\xd7\xae\x35\xd3\
\xe4\xe4\xc9\x93\x6d\xdc\x77\xee\xdc\x59\x27\xc7\x56\x40\xba\x67\
\xce\x9c\x69\xd3\xcd\x69\xd3\x81\xd3\x61\xd3\xe9\x93\xef\x69\xa3\
\x34\xd1\xb1\xe2\xa7\x4c\x66\x99\xa6\xd9\xbd\xd8\x48\x98\xa9\x72\
\xfa\xf4\xe9\xf6\x7b\xdf\xbe\x7d\x6d\x47\xaa\x91\x76\xa9\x13\x67\
\x06\xc0\xa8\x9b\xb0\x18\x98\x52\xe7\xc6\x08\x99\x4f\x36\x48\x9c\
\xd3\x0c\xe2\xe1\xc3\x87\xed\x37\x61\x34\x92\xce\xe9\x29\xfc\xb8\
\x0e\x54\xa3\xf1\x9c\xde\x34\x90\x3e\x14\x37\xc7\x4a\xab\x24\x57\
\x4d\x16\xf4\x75\xe1\xc2\x85\xd1\x71\xd4\x85\xd2\x40\x9f\x84\xd3\
\x75\xe9\x30\x9e\x37\xa6\x0f\x36\x12\x66\xaa\x68\xa9\xe4\xd1\xa3\
\x47\xed\x2c\x42\x46\x82\x11\x2e\x9f\xd5\xd5\xd5\xf6\x98\x91\x6f\
\x5e\x7e\x62\xf9\xe4\xf2\xe5\xcb\xed\x6f\x8d\xd4\xe3\x72\x0e\x9d\
\xdc\xcd\x9b\x37\xdb\x8e\x8e\x59\x84\x3a\x46\xee\x03\x3a\x42\x9d\
\xcf\xb3\x8b\x38\xeb\x28\xa1\x7b\xe3\x72\x4d\x4c\x6f\xb3\xe4\xfc\
\xaa\xe3\x47\x27\x2c\xd1\xc5\x4e\x1f\xf9\xd1\x63\xcc\xfb\x89\x13\
\x27\xda\x99\x18\x1d\x3c\xb2\x72\x9d\x38\xd0\x33\x71\x73\x0e\x88\
\x0b\x94\x7f\xf2\x84\x21\x8e\xe9\xa2\x63\xe2\x33\xa6\x0f\x7e\x26\
\x61\x66\x06\xcb\x21\xea\x60\xe9\xb0\xd4\x81\xf1\x70\x9b\x0e\x93\
\x0e\x8b\xef\xf8\x9b\x6b\xa0\x25\x1b\xee\xa3\x73\x64\x19\x8b\x0e\
\x9c\x0e\x11\x30\x0c\x1a\x11\x33\x7b\x21\xee\x57\x5f\x7d\x75\xdd\
\x32\x97\xd0\xf3\x81\xda\xec\x80\x6b\x32\x10\xc4\x15\xd3\xa3\x33\
\xee\x7a\xe6\xc1\x35\xcd\x08\xf4\xc9\x28\xbf\x40\xe7\x2c\x3d\x20\
\x57\x09\x8d\xfc\xcf\x9e\x3d\xdb\xca\x01\x74\xf4\xca\x7b\x86\x30\
\x9a\x89\x28\x7e\x8e\x89\x9f\xfb\xb4\xd4\x47\x7c\x32\xbe\xc6\xf4\
\xc5\x33\x09\x33\x33\xe8\x90\x31\x12\x74\x78\xfc\xd6\x68\x59\x1d\
\x26\xa3\x5d\x75\x6e\x07\x0f\x1e\x6c\x3b\x64\xae\x11\x4e\x1d\x33\
\xf7\xd3\x71\xf3\x89\x1d\x3c\x1d\x1e\x61\x09\x47\x27\xa9\x6b\x18\
\x0f\x1e\x9a\xd3\x39\x32\x62\xc6\x90\x68\x24\xad\xce\x39\x43\xf8\
\x68\x20\x80\xdf\x8f\x1f\x3f\x6e\x0d\x15\x06\x87\xf4\x4a\x90\xb7\
\xfd\xfb\xf7\x37\x5d\xc8\x18\x20\x8f\x66\x3d\xc4\xc7\x7d\x35\x03\
\x74\xff\xfe\xfd\x91\x6e\x90\x05\xdd\x10\x8f\x66\x5a\x11\xae\xeb\
\xd9\x0f\x46\x42\x86\x85\x67\x43\x20\xe3\x28\x1d\x92\x26\x1f\x2f\
\x3b\x99\x3e\x78\x26\x61\xb6\x14\x3a\x32\x75\x8c\x74\x7c\x74\x94\
\x7c\x34\xba\xd5\xc8\x9c\x4e\x94\x4e\x0c\x43\xf0\xf2\xcb\x2f\xb7\
\x61\x79\xf3\x47\xcf\x3c\x6a\xe8\xa1\x2e\xf1\xa8\xe3\xc4\x08\xd0\
\x51\x1e\x3f\x7e\xbc\x78\x8f\x96\x6a\x30\x26\x92\x87\x8f\xce\xeb\
\xbb\x04\xf1\xca\x88\xe9\x13\x3b\x5f\xe5\x07\xa2\xec\x84\xa9\x2d\
\xf9\x20\x7f\x7c\x46\xc1\x71\x7c\xbe\xd0\x17\xf2\x4b\x3c\x18\x3a\
\xf2\x83\x0e\x31\x1c\xa4\x6b\x03\x61\xfa\xe2\x99\x84\x99\x1b\xb5\
\x07\xc3\xea\x20\x19\x4d\x6b\x56\x40\x47\xa7\xcf\xb8\xb7\xa4\xe8\
\x04\x09\xc7\x7d\x7b\xf7\xee\x1d\xa5\x35\xae\x63\xd4\x83\xdd\x4c\
\xcd\xb8\xe8\x9e\x2c\x4f\x7c\x60\x1f\xc9\xa3\xf7\x27\x4f\x9e\x14\
\xe3\x9c\xf4\x95\xde\x2e\xd9\x98\xad\x21\x0b\x7a\xe4\x1b\x43\x45\
\x1e\xd1\xad\x31\x7d\xf0\x4c\xc2\x6c\x29\x74\x5c\xea\x28\x59\x16\
\xa1\x83\xe5\xa3\x51\xaf\x0c\x07\xcf\x24\x98\x09\xf0\x8c\x81\x8e\
\x8e\x07\xb4\x50\xfa\x7f\x46\x86\x78\x49\x83\x4e\x51\xcf\x38\xe2\
\x83\xe1\x8c\x0c\x03\xf7\x48\x1e\x3e\x7a\xeb\x68\x33\x0f\xae\x89\
\x53\x46\x2f\xfe\xf9\x0d\x43\xa2\xb7\xb2\x32\x7a\x26\x21\xb8\x2f\
\x2e\xbf\xf5\x05\x23\x89\x0e\xf5\x00\x5e\x4b\x58\x39\x7e\x63\xba\
\xb0\x91\x30\x1b\x86\x0e\x98\x65\x22\x3e\xf1\x41\xf1\x38\xd4\x61\
\xeb\x5e\xd6\xe9\x79\x70\x1c\x9f\x19\xd0\x29\x72\xcc\x79\x3a\x49\
\x5d\x8b\x46\x46\x9d\xaf\xe2\x51\x47\xca\x75\x2d\xed\xd0\x19\xe7\
\xe5\x9b\x8c\x1e\xfc\x62\x54\x58\x92\x21\x5f\x7c\x93\xe6\x34\xfe\
\x77\xa0\xe7\x19\x2c\x9d\x11\x2f\xb2\xf2\x07\xc3\x41\xc7\x1f\xdf\
\xb8\x4e\xde\x09\x1f\x9f\x63\xd4\x66\x43\x32\x1e\xc8\x4c\xfc\x5a\
\xd6\xd3\xb1\x8c\xae\xd2\xf4\x72\x93\xe9\x8b\x97\x9b\xcc\x86\xc9\
\x4b\x2a\x7a\x60\x3a\x0e\x6d\xdb\x41\xc7\xa5\x87\xba\x7a\xf7\x5f\
\x71\xe8\xe1\x35\x1d\xab\x3a\x49\xc2\x30\x22\x16\x3c\xc4\xd5\x5b\
\x49\xc4\xc3\x3d\xea\xfc\x98\x99\xe8\x01\xf9\xb8\xe7\x18\xdc\xc3\
\x6c\x85\xb8\xb4\xa4\x05\x7a\xb3\x6a\xb3\x28\xbf\x18\x9f\x18\xb7\
\xde\x40\xca\xd0\xe1\xf3\x20\x3f\x1a\x5e\x3d\xa8\xaf\xc1\x75\x66\
\x0e\xd2\x05\x7a\x24\xdf\x1c\x6b\xab\x14\xe5\x15\x3d\x6d\xd6\xf0\
\x99\xdd\xc3\xd2\x07\xb7\x7e\xbc\xda\x4c\x99\x2f\x1c\xff\x6e\x63\
\x76\x2e\xa5\x11\x30\x9d\x8f\xfe\x40\x07\xea\x84\xe2\x9b\x34\xa5\
\xd1\x2b\x9d\xa6\x96\x64\x4a\xd7\xb9\x97\xa5\x11\xfd\xe1\xae\x4b\
\x9e\xd8\xf1\xb1\x06\xcf\xb3\x09\xfd\x97\x20\xc7\xa9\x59\x47\xee\
\x2c\xc7\xfd\xc1\x6d\x5c\xba\x31\xfe\x9c\x67\xe5\x45\x71\xe7\x70\
\x59\x2e\xc9\x52\xfa\x03\xdc\x24\x69\x47\x1d\xd6\xf4\x6c\x76\x0e\
\xbf\xbb\xfd\x93\x66\x9a\xd8\x48\x98\x1d\x89\xfe\x8c\xa6\x51\xb5\
\x31\xbb\x85\x69\x1b\x09\x3f\x93\x30\x3b\x8e\xf8\x76\x91\xfe\x5c\
\x67\x8c\xd9\x18\x36\x12\x66\xc7\xa1\x87\xdc\xac\xc9\x7b\xed\xdd\
\x98\xcd\xe1\x07\xd7\x66\xc7\xa1\x7d\xa2\x8c\x31\x9b\xc7\x33\x09\
\x63\x8c\x31\x55\x6c\x24\x8c\x31\xc6\x54\xb1\x91\x30\xc6\x18\x53\
\xc5\x46\xc2\x18\x63\x4c\x15\x1b\x09\x63\x8c\x31\x55\x6c\x24\x8c\
\x31\xc6\x54\x99\x89\x91\x58\xfd\xf8\xa3\xc6\x18\x63\xcc\xd6\x32\
\x8b\xbe\x77\x36\x46\xe2\xd9\xfb\x8d\x31\xc6\x98\xad\xe5\xb3\x7f\
\xf9\x55\x33\x6d\x66\x62\x24\xfe\xfd\x7f\xff\xbf\x9e\x4d\x18\x63\
\xcc\x16\xf3\xf1\xbb\xf7\x9a\x69\x33\xb3\x99\xc4\xc7\xf7\xff\xbe\
\x59\xfd\xe0\xdf\x1a\x63\x8c\x31\xb3\x85\x41\xf9\xbf\xcf\xa8\xcf\
\x9d\xd9\xb6\x1c\x9f\x0e\xa7\x3d\x9f\x0d\x8d\xc5\xe7\xfe\x6c\x7f\
\xf3\xc2\x1f\xff\xc7\x66\xe9\xc5\xcf\x37\xc6\x18\x63\xa6\x07\xc6\
\xe1\xb3\xdf\xfe\x6b\xf3\xe9\x3f\x3e\x9c\xd9\xea\xcd\x4c\xf7\x6e\
\x5a\xfd\xe0\xb7\xad\xf0\x7c\x8c\x31\xc6\x6c\x3f\xfc\x0a\xac\x31\
\xc6\x98\x2a\x36\x12\xc6\x18\x63\xaa\xd8\x48\x18\x63\x8c\xa9\x62\
\x23\x61\x8c\x31\xa6\x8a\x8d\x84\x31\xc6\x98\x2a\x36\x12\xc6\x18\
\x63\xaa\xcc\xf4\x15\x58\xfe\x1b\xb1\xf4\xa5\x2f\x37\xc6\x18\x63\
\xa6\xcf\xea\x6f\xdf\x9f\xf9\xee\x16\x33\x31\x12\x18\x87\x3d\x5f\
\x7b\xbd\xd9\xf3\x9f\x0e\x36\xc6\x18\x63\x66\xc7\xa7\xbf\xfe\x65\
\xf3\xf1\xff\xfe\xff\xb6\xd7\x9f\xe9\x3e\xff\x7f\xfc\xdf\xcd\xd2\
\x5e\xcf\x20\x8c\x31\x66\xd6\xbc\xf0\xd5\xd7\x9a\xcf\xed\xfd\x93\
\xe6\xa3\x7f\xf8\x9f\xdb\x63\x17\xd8\x3d\x7f\x71\xd0\x06\xc2\x18\
\x63\xb6\x10\xfa\xdc\x17\xfe\x62\x36\x2b\x37\xd3\x37\x12\x43\xab\
\x66\x8c\x31\x66\x6b\x99\x55\xdf\x3b\x75\x23\xb1\x34\x9c\xf6\x18\
\x63\x8c\xd9\x5a\x96\xbe\xf8\xa5\x66\x16\xf8\x15\x58\x63\x8c\x31\
\x55\x6c\x24\x8c\x31\xc6\x54\xb1\x91\x30\xc6\x18\x53\xc5\x46\xc2\
\x18\x63\x4c\x15\x1b\x09\x63\x8c\x31\x55\x6c\x24\x8c\x31\xc6\x54\
\xb1\x91\x30\xc6\x18\x53\xc5\x46\xc2\x18\x63\x4c\x15\x1b\x09\x63\
\x8c\x31\x55\x6c\x24\x8c\x31\xc6\x54\xb1\x91\x30\xc6\x18\x53\xc5\
\x46\xc2\x18\x63\x4c\x15\x1b\x09\x63\x8c\x31\x55\x6c\x24\x8c\x31\
\xc6\x54\xb1\x91\x30\xc6\x18\x53\xc5\x46\xc2\x18\x63\x4c\x15\x1b\
\x09\x63\x8c\x31\x55\xe6\x6e\x24\x9e\x3e\x7d\xda\xac\xac\xac\x34\
\xb7\x6e\xdd\x6a\x1e\x3c\x78\xd0\xfb\xbe\xc1\x60\xd0\xde\x5b\x82\
\xf8\xe2\x87\xb0\xf3\x80\xfc\x1c\x3b\x76\xac\x57\xbe\xc8\x0b\x3a\
\xe0\x13\xe5\xbd\x7a\xf5\x6a\x73\xf2\xe4\xc9\x66\x5e\x94\x74\x7c\
\xe6\xcc\x99\xaa\xee\xfb\x82\x4e\xc8\xd7\x24\x65\x9e\x41\x37\x97\
\x2e\x5d\x5a\xf7\x19\x57\xd6\xd7\xaf\x5f\x6f\xe5\xef\x0a\x7b\xfe\
\xfc\xf9\x66\xd1\x21\xef\xd4\xad\xbe\xe5\xb0\x1d\xf2\xb4\x11\xa8\
\x3f\x7d\xf2\x46\xb8\x1b\x37\x6e\x54\xaf\x77\xe9\x71\xb3\x75\x7d\
\xbb\xb3\xa7\x99\x23\xea\x44\x63\x21\x9c\x38\x71\xa2\xb9\x76\xed\
\x5a\xb3\x6f\xdf\xbe\xce\x7b\x69\xe8\x70\xe7\xce\x9d\x75\xe7\x69\
\xf8\xc4\x19\xa1\x63\x58\x5e\x5e\x6e\xb6\x1a\x19\xc0\x71\x95\x4c\
\x32\xc7\x4e\xeb\xca\x95\x2b\xcd\xd9\xb3\x67\x5b\x1d\x6d\xa6\x23\
\xdd\x2c\xc8\x45\x99\x5c\xb8\x70\x61\x74\xee\xd4\xa9\x53\x63\xcb\
\x67\x1c\x34\x6c\xca\x79\x33\xe5\x72\xf0\xe0\x7a\xc7\xef\x74\xfc\
\xc8\x56\x83\xeb\x4f\x9e\x3c\x69\x2e\x5f\xbe\xdc\xea\x9a\x3a\x74\
\xf3\xe6\xcd\xe7\xf2\x72\xff\xfe\xfd\x66\xd1\xa1\x4e\x4f\x22\xe7\
\x3c\xeb\xd0\x2c\xa1\xfe\x74\x95\xb9\xa0\x0d\x76\x0d\x20\x18\xb0\
\xe4\xbe\x04\xb8\x87\x7a\x43\x5d\xdd\xad\xcc\x6d\x26\xa1\x8e\x91\
\x06\x4a\xe1\x3c\x7a\xf4\xa8\x6d\xbc\x8c\xa4\xe3\xc8\x80\x02\xa2\
\x00\x09\xab\x91\x80\x46\xdb\x54\xfc\xda\xa8\x96\x46\xb4\xba\xba\
\xda\x7e\xa8\x44\x0a\xcb\xbd\x7c\xc7\xf8\x80\x38\x48\x8b\xf3\xa4\
\x47\xe7\x2e\x74\x5f\x94\x89\x91\x5c\x3c\xe6\xbe\x18\x7f\xac\x90\
\x4a\x3b\xa7\x29\x38\x47\x78\x1a\x3d\x9d\xd8\xa1\x43\x87\xd6\xa5\
\x97\xf3\x95\xf5\x91\x75\xc5\x27\x5e\x23\x6d\x8e\xa3\x9c\x92\x4f\
\xf7\x94\x40\x07\xc8\x92\x3b\x98\xbb\x77\xef\x8e\xf2\x85\x9c\xc4\
\x41\x9c\xd2\x09\xf7\x71\x7c\xee\xdc\xb9\x62\xc3\x24\x0f\x6a\x7c\
\xd2\x33\xc7\x84\x97\xac\x31\x2d\xa5\x91\x75\x72\xf4\xe8\xd1\xd1\
\x87\xce\x42\x9f\x1a\xa4\x85\xf1\xa5\xce\x91\x2f\xd5\x8b\x5a\xd8\
\x5a\x1e\x34\x1b\xc9\xd7\x2e\x5e\xbc\xd8\x64\x3d\x29\x7f\x5c\xe3\
\xb7\xea\xb6\xea\x44\x4d\x47\xd2\x89\x74\x1b\x75\xa2\x7b\x4a\x75\
\x5f\xf5\x38\xdf\x53\xca\x5b\x29\x4c\xcc\x77\xd4\x0d\xf2\xf7\x89\
\x5b\x79\xae\xe9\x88\x38\xa8\x27\xf9\x1a\xe7\x89\x93\xfb\x62\xdb\
\xca\xd7\x4a\x71\x3e\x7c\xf8\xb0\x28\xbf\xf4\x17\x29\xc5\xa1\xbc\
\x72\x3e\xb6\x7b\xe5\x5b\x71\x8e\xab\xab\x3b\x95\xb9\x19\x89\xdb\
\xb7\x6f\xb7\x85\x8f\x81\x50\x23\x47\xf1\x18\x0b\x8d\x5a\x69\x50\
\x34\xea\x57\x5f\x7d\xb5\xfd\x9c\x3e\x7d\x7a\x54\x28\xdc\xdb\x35\
\x9a\xa5\xb3\xa5\x30\x63\x25\x54\x05\x01\xce\x13\x9f\x0a\x9e\xce\
\x93\xb4\x90\x43\x33\x1c\x75\x4a\xdc\x97\x2b\xa2\xae\x21\xa3\x3a\
\x07\xd2\x20\x7e\x75\x82\x42\x15\x35\xa7\x29\x94\x0f\xe9\x04\x63\
\x51\x1a\xd5\xa8\x81\x12\x5e\xfa\x50\xdc\xfc\x96\xae\xf6\xee\xdd\
\xbb\x4e\x57\xc8\xa3\x74\xb9\x37\xea\x81\xb4\x6a\x1d\x25\xe1\x28\
\x0b\x74\x12\x65\xd6\x6f\x35\xf8\x23\x47\x8e\xb4\x23\x2d\x0c\xb2\
\x1a\x13\x06\x9f\xf2\xc4\x00\xe5\x8e\x8c\x99\x09\x72\x10\x37\x9d\
\xb5\x3a\x3c\x64\x24\x1e\xca\x4e\xf2\x51\x1f\x94\x06\xf5\xa4\x06\
\x61\xc6\x8d\x28\x91\x2f\xf2\xf2\xcb\x2f\xaf\x2b\x57\xa1\x19\x60\
\x29\x0f\x94\x37\xbf\x75\x0d\x39\xa5\xbf\x5c\xae\xc8\xfe\xf8\xf1\
\xe3\xf6\xb7\x96\x12\x99\x1d\xaa\x9e\xc4\x38\xb2\x8e\xa4\x93\xa8\
\x5b\x19\x73\xee\x41\x6f\xe8\x2f\xb7\x01\xc2\xe8\x1e\xe4\xca\x32\
\x21\x03\xe5\x4a\xda\x7c\xa4\x5f\x90\x21\x96\x5c\xd4\x27\xdd\xaf\
\x8e\x12\x1d\xeb\xbe\xd2\x32\x0f\xe7\x89\x87\x3a\x83\x0c\x94\x69\
\x1c\x94\x20\x1f\x33\xc0\x78\x8d\xbc\xf3\x21\xcd\xa5\xa5\xa5\xe6\
\xf8\xf1\xe3\xcf\x95\x07\xd7\x62\x9c\x4a\x5b\x65\x05\xe4\x23\xca\
\x2f\x9d\xc7\xbc\x2b\x0e\xf4\xa7\x3a\x16\xf5\xc9\x77\x84\xb4\xe2\
\xb5\xae\xba\xba\x63\xf9\xe0\xd6\x8f\x57\xa7\xf9\xe9\xcb\x50\xc9\
\xb4\xd8\xf6\xf7\xb0\x62\xad\x0e\x0b\x6f\xdd\x67\xa8\xfc\xf6\xfa\
\xb0\x70\xda\xeb\x7c\x86\x85\xb4\x3a\xec\x28\xda\x7b\xf8\xd6\xef\
\x08\xe1\xb8\x2f\x7e\x60\xd8\xe9\xb6\xbf\x87\x0d\xa4\x3d\x56\xfc\
\xc3\x0e\xfe\xb9\x6b\x30\x6c\x7c\xa3\xf8\x15\x4e\xc4\xb4\xb9\x46\
\x5e\x04\xe1\x38\x47\x9c\x5d\x69\x46\x38\x3f\x6c\x7c\x23\x79\x89\
\x9b\x7c\x48\x4f\xe8\x03\xf8\xd6\x35\x3e\xdc\x83\x9c\xe3\x74\xc5\
\xb5\x61\xc7\xfc\x9c\x8c\x43\x03\xb1\x5a\x83\x38\x75\x3f\xf9\x18\
\x36\xa4\x75\xf9\xd7\xf9\x98\x77\xc9\x18\xe1\x3e\xc2\x65\x62\xd9\
\x91\x8f\x2c\x8b\xf2\x39\x6c\x88\xcf\xe9\xab\x44\x8c\x0f\x99\xe2\
\x47\x71\x13\x0f\x1f\xf2\xc6\x39\x74\x54\x8a\x7b\xd8\x89\xad\x3b\
\x1e\x76\x96\x6d\x19\x22\x4f\xd4\x23\x44\x1d\x0c\x3b\xe7\x75\xd7\
\x90\x5d\x65\x1f\xe3\x94\x6e\x55\xc6\x1c\x67\x4a\x7a\x8b\xe7\x4a\
\x75\x5f\xe7\x15\x6f\x8c\x3b\xb6\x9b\x78\x1d\xd0\x43\x29\x4e\xee\
\x55\x7e\x29\xd7\x7c\x1f\xe1\xb3\xec\xe4\x39\xd7\x89\x61\xe7\xdc\
\xea\x19\x9d\xe7\x6b\x84\x47\xbf\xc4\x5d\xcb\x53\xe9\x1a\xf1\xa8\
\xae\x2b\x4e\xe5\x23\x42\xfb\x00\xf4\x96\xcb\x2e\x86\xef\x4a\x3b\
\xca\xdc\x55\x57\x17\x81\x69\xf7\xe7\x7c\xe6\xf6\x4c\x42\x23\x20\
\xcd\x08\x34\x7b\x60\x34\x1d\x1f\xde\x32\x3a\x88\x53\xba\xbe\x6b\
\xe1\x8c\x26\x18\xb1\x66\x18\x69\xe7\x78\x94\x56\x5c\xe3\xd6\xa8\
\xa1\x0b\x5d\x8f\x4b\x1c\x8a\x7f\x5c\x9a\x11\x8d\xee\x19\xb9\x69\
\x69\x85\x99\x0c\xa3\xb2\x9c\x1e\xfa\x8a\xcf\x5c\xb8\x57\x23\xd9\
\x2e\x5d\xc5\x11\x12\x23\x4d\xc5\x97\x47\x4e\x02\x39\x18\x2d\x01\
\x23\x78\x8d\x7c\x33\x79\x79\x27\xe7\xbf\x4f\x79\x31\xda\xce\x72\
\x90\x66\x49\xbf\x25\x34\x53\x12\xb5\xf5\x63\xea\x18\x61\x19\x85\
\x22\x27\x33\xc0\x52\x19\x67\x99\x99\x99\x41\x49\x5f\xc8\x99\x97\
\x34\x4a\xc4\x38\xf9\x8d\x8c\xa4\xcf\xc8\x99\x38\xf2\x2c\x88\x72\
\xce\xf9\xe6\x58\x33\x93\x1a\x8a\xf7\xd9\xb3\x67\x6d\x7d\xce\x4b\
\x60\xa5\x25\x18\xe5\x49\x4b\x2e\x91\x58\x9e\x25\x79\x4a\x33\xfa\
\x3c\xe3\x23\x0e\xea\x13\x61\x4b\x69\xa8\x3e\x76\x95\xf3\x46\x9f\
\x5d\xc5\xf2\xca\x65\xb7\x91\xe7\x6a\x5d\x75\x75\x1e\xcf\x3d\xb7\
\x82\xb9\x2d\x37\x69\x4a\xa9\xe9\x3b\x8d\x1c\x65\x53\x89\xf8\x8d\
\xc2\x29\x44\x7e\xd3\x59\xb2\x2c\xc2\xef\xd8\x19\x74\x3d\x10\x66\
\x29\x61\xdc\x1a\xb5\x50\x18\x75\xb0\x5a\xa6\xd2\xf9\xd8\x11\xc7\
\x07\x60\x92\x51\x0d\x00\xf2\xf4\xbe\x0f\xa4\xab\x07\xd7\xe4\x8f\
\xc6\x5d\xea\xbc\xa8\x9c\x7c\xd0\x87\x96\xe5\xe8\x04\x38\x37\x4e\
\x57\x51\x46\x3a\x4a\xc5\xa7\x86\x5b\x92\x29\xae\x5d\xe7\x25\xa7\
\x69\x82\x1c\x39\x6e\x8e\xfb\x36\x3a\x06\x16\x7d\x1e\x5e\x92\x6f\
\xbd\x18\x81\xde\x58\x2a\xc8\x0f\xbf\x37\x23\x67\xae\x8f\xa5\xa5\
\xac\x18\x0e\x79\x90\x85\xa5\xc5\x5c\x06\x5a\xf6\x8c\x50\xae\xa5\
\x41\x48\x84\x7a\x43\xbc\x3c\x90\xc7\x00\xe5\xf5\x7d\xe2\xc5\xd8\
\x93\xae\x3e\xea\xd4\x89\x3b\x9e\xa7\x7e\xc5\x0e\x3f\xcb\xa3\xe5\
\xcb\x4c\x0e\xc7\xb1\x96\x94\xd1\x61\x4c\x83\x72\xeb\x5a\x46\x9c\
\x04\x64\x29\x2d\xdb\x4d\x93\xcd\xd6\xd5\xed\xc8\xdc\x66\x12\x54\
\x0c\x2a\x2b\x46\x42\x6f\x1f\xa9\x63\xd6\x5a\x2b\xdf\x5c\x8f\x6f\
\xf8\xe8\x8d\x0e\xee\xa7\xa1\xef\xdf\xbf\xbf\x6d\x64\xb9\x90\x58\
\x67\xd4\x28\x8a\x74\xba\x46\x0d\x1a\xc9\x69\x24\xaf\x8a\xa6\x11\
\xa9\xd6\xfb\x0f\x1f\x3e\x3c\x1a\xcd\x2b\x3d\xc9\x88\x1c\x1b\x7d\
\xe3\x87\x91\x94\xd6\xbe\x65\x90\x58\xbb\xce\x90\x16\x61\x94\x16\
\xe1\x94\xb7\x2e\x5d\x01\x32\xeb\x3e\xf2\x40\xfc\xe4\x81\x3c\x11\
\x7e\x35\xac\xd7\x73\x5d\xa3\xdd\x78\x8e\xf8\xa7\xd5\xa0\x23\xc8\
\xa2\xd1\x25\x32\xe9\x19\x44\x9f\x86\x57\xeb\xa8\x4a\x10\x1f\xe9\
\xe8\xb9\x00\x86\xb0\xf4\xec\xa7\x06\xe9\x20\x17\x23\x71\x06\x39\
\x7a\x90\x1b\xeb\x49\xbc\xd6\x35\x53\xd3\xcc\x8c\x38\x31\x26\x39\
\x0f\xc8\x48\x59\x33\x23\x20\x4d\x64\x25\xcc\x38\xfd\x93\x3e\xa3\
\x5d\xee\x29\xcd\x46\x48\x93\x78\x95\x36\xba\x96\x8c\xaa\x83\xd4\
\xa5\x9c\x37\x0c\x08\xc7\xaa\x37\x7a\x06\x54\xd2\x3d\x65\xa2\x32\
\x94\x9e\xf5\x26\x1b\xf5\x2c\x5e\x23\x4e\x0c\xda\x34\x5e\x33\x55\
\x3d\x92\xfc\x0c\x1e\xfa\x42\x59\xa9\xb3\x8f\x3a\x53\x3b\xd3\xb5\
\xcd\xd4\xd5\xed\xca\x0b\x7f\xfb\xe6\x37\x2f\x36\x53\xe4\xc5\x03\
\xaf\xf7\x0e\xfb\xc6\x1b\x6f\xb4\x0d\x8b\xce\xeb\xc0\x81\x03\x6d\
\x01\xfc\xf4\xa7\x3f\x1d\x55\x3c\xae\xd3\x28\x18\x11\x7d\xe3\x1b\
\xdf\x68\x2b\xb6\x0a\x83\xf3\x54\xee\x3f\xfb\xb3\x3f\x6b\x7f\xbf\
\xf4\xd2\x4b\xa3\x78\xbf\xf0\x85\x2f\xb4\xf7\x6a\xe4\xcd\xef\x57\
\x5e\x79\xa5\x9d\x5d\x10\x56\xf1\x13\xaf\x0a\x98\x11\xa6\xe2\x23\
\x2d\x2a\x35\xf7\x00\xc7\x84\xe1\xda\xf7\xbe\xf7\xbd\x36\x0e\x3a\
\x57\xc5\xcd\xb1\xe4\xf8\xf6\xb7\xbf\xdd\x36\x0a\xcd\x86\xba\xd2\
\x14\x5c\x7b\xf3\xcd\x37\x47\xb3\x1f\x2a\xf9\x77\xbe\xf3\x9d\xd1\
\xf5\xd7\x5e\x7b\xad\x4d\x07\x1d\x11\x2f\x71\xf0\x9b\x70\xdc\x37\
\x4e\x57\x34\x44\x3a\x80\x6f\x7d\xeb\x5b\xad\xae\xd1\x33\xc7\x40\
\x1e\xbf\xf9\xcd\x6f\xae\xeb\xcc\xd4\xb9\x65\x19\x3f\xfa\xe8\xa3\
\x51\x38\x7d\x73\x3e\x86\x23\xfd\xdc\x31\x6a\xc6\x95\x89\x71\x20\
\x3b\x6f\xc6\xdc\xbb\x77\xaf\xf9\xfa\xd7\xbf\xbe\x6e\x16\x84\x8c\
\x2a\x8b\x0c\xb2\xea\x41\xf8\x38\x90\x03\x3d\xd1\x79\x50\x5f\x18\
\x44\xc4\x7a\xd3\x95\x07\xc9\x80\x9c\x74\x40\xc8\x4a\x07\xfe\x83\
\x1f\xfc\x60\x24\x1b\x71\x23\x0f\x79\x40\x1e\xe4\xd2\x7d\x31\x4e\
\xd2\x24\x9e\x9f\xff\xfc\xe7\x6d\x58\xea\x14\xe5\x19\x51\x18\xe2\
\x23\x2d\xea\x4c\xac\x13\x25\x19\x01\xbd\xd1\xa9\x71\x0f\x7a\xd4\
\x92\xab\xc2\x2b\x0f\x3f\xfb\xd9\xcf\x5a\xe3\x14\xc3\xa8\x3e\x73\
\x8d\xbc\x21\x97\xca\x96\x81\xdc\xdf\xfd\xdd\xdf\xb5\x9d\xa5\xe2\
\x8e\x65\x24\x48\xfb\xaf\xff\xfa\xaf\x9b\xd7\x5f\x7f\xbd\xd5\x73\
\xd6\x11\x69\xbd\xf7\xde\x7b\xeb\xf4\xa7\xb2\x23\xcf\x59\x0f\x51\
\x1f\xf9\x1a\xc7\x9c\xd7\x35\x3e\x51\x7e\xea\x39\x3a\x96\x9c\xb9\
\xae\x2a\xcf\x92\x0b\x99\x72\x5d\x23\x6e\xda\x93\xae\x91\x46\x57\
\x5d\x9d\x37\x9f\xbc\xfb\x76\x33\x6d\x96\x78\x30\xd1\x4c\x91\x2f\
\x1c\xff\x6e\xb3\x9b\xd0\x9b\x1b\x1a\x29\xe9\xad\x22\x96\x7d\x16\
\x65\x74\x41\x07\x41\x87\x18\xff\xeb\x60\xcc\x24\xd0\x31\xf6\x59\
\x6e\xc4\x98\x50\xdf\xfa\x2c\xff\x4d\x1b\xbd\xbd\x14\x8d\x27\xcb\
\xb8\x93\xcc\x16\xb7\x3b\xbf\xbb\xfd\x93\x66\xda\xcc\xf5\xcf\x74\
\x3b\x01\x1a\x03\x15\x51\x4b\x39\x8c\x32\xf5\xda\xa8\x31\x66\xeb\
\xd0\x6b\xad\x0c\xd4\x78\xd9\x80\xc1\x5a\x69\xd9\xd6\x4c\x86\x8d\
\xc4\x26\x61\x84\xc5\xac\x81\x69\x36\x6b\xc1\x3c\x08\x9d\xc5\xba\
\xfd\x66\xd0\x7b\xe1\xc6\x6c\x14\x9e\xc9\xf5\x21\x2e\xad\x6e\x35\
\x0c\xcc\x78\xbe\xa1\x5d\x0e\xfa\xec\xdc\x60\xc6\xe3\xe5\x26\x63\
\x8c\xd9\x21\xcc\x62\xb9\xc9\xbb\xc0\x1a\x63\x8c\xa9\x62\x23\x61\
\x8c\x31\xa6\x8a\x8d\x84\x31\xc6\x98\x2a\x36\x12\xc6\x18\x63\xaa\
\x2c\xac\x91\xd0\x56\xbe\xfa\x57\xe6\x4e\xa4\xb4\x8b\x66\xde\x66\
\xbc\x0f\x8b\xec\x14\x85\x3c\xd6\xb6\x3d\x9f\x15\xfa\xa3\xe0\x4e\
\x65\xb7\x3b\xc1\x31\x5b\xcb\xc2\x1a\x09\xed\x7b\x33\xce\x59\xc8\
\x76\xa6\xb4\x67\x92\xb6\x3d\x98\x84\x79\x7a\xae\x1b\x07\xf9\xd9\
\xea\x57\x82\x6b\x7b\x26\xed\x14\x30\xbc\x3b\xb5\x4d\x98\xc5\x63\
\xae\xff\x93\x90\x3f\x02\x2a\x3c\x1d\x89\x36\xb6\x2b\xed\xde\x2a\
\x78\x07\x9a\x3f\xc9\xf0\x67\x19\xc2\x69\xeb\x02\x3a\x5c\xdd\xa7\
\x91\x6b\x3c\x8e\xdb\x4c\x68\xab\x83\xf8\xaf\x50\xfe\x29\xaa\x6d\
\x3c\x62\x1a\x6c\xbf\xa1\x70\xda\x20\x2e\xee\x60\xab\xcd\xe5\x74\
\x3f\xdf\xda\xfb\xbe\x96\xcf\xd2\x8e\x9f\xfc\x23\x9a\x77\xd1\x89\
\x4f\x8e\x7e\xe8\xec\xd8\xeb\x06\x59\x91\x25\xc7\x0b\xd1\x61\x8a\
\x36\x4b\x23\x1d\xe2\x62\x6b\x82\x52\x7a\xc0\x3d\x84\x23\x8d\xe5\
\x35\xef\x5e\xb5\xfb\x48\x1f\x39\xa4\xb7\x2c\x4b\xcc\x1f\xb2\xb3\
\x77\x11\xf9\x90\x67\x3d\x6d\x40\x48\x18\xee\xd5\x96\x09\x5d\x75\
\x81\x6d\x28\x54\x46\x51\xb7\xa5\x3c\xc5\xf2\xaa\xcd\x22\x94\x5f\
\xfe\xcb\x82\x2c\x5d\xf9\x55\xf8\x98\x1e\x71\xab\x0e\x69\x3f\x22\
\xc2\x44\x5d\xa8\x3e\xd4\xca\x2c\xe7\x11\x3d\x69\x6f\x20\x95\x05\
\x6d\x80\x3a\x96\x65\xd3\xbe\x47\xd1\xdb\x21\xe7\xb5\x0f\x95\xe2\
\xad\xd5\x13\x63\x36\xca\x5c\x67\x12\xd1\x41\x0a\x1b\x88\xd1\x28\
\xba\x46\x81\xd9\xa9\x88\xbc\x58\xd1\xd0\xe2\x16\xd9\xfc\xce\xc7\
\xb1\xd1\xf0\x3b\x6f\xa1\x4c\x18\x75\x44\x31\x8d\xe8\x94\x85\x86\
\x1f\xa7\xfa\xd1\xe1\x09\xd7\x58\x16\x2b\xed\x23\x94\x1d\xc1\xe4\
\xe5\x17\xb9\x08\x85\xe8\xd0\x27\x3a\x5a\xd1\x76\xdd\x99\xec\x30\
\x45\x4e\x51\xb4\xdb\x29\x1d\x4b\x76\xe7\xaa\xf8\x91\x17\xb9\xe8\
\xac\xb2\x33\x95\x78\x5f\xcd\x91\x8c\x74\x41\x38\x3a\x37\x74\x46\
\x7c\xd1\x93\x1f\xe5\x39\x08\x1e\xc0\xf8\x9d\x9d\xca\x28\x0e\xe9\
\x88\xb8\xa2\x27\x30\x74\x4b\x19\x50\x66\xa4\x11\x9d\xe9\xe4\x3a\
\x41\x39\x96\x96\x63\x94\x5f\xe2\x1e\x97\x5f\x6d\x66\x18\x1d\xcb\
\xc4\xd1\xfb\x38\xc7\x39\xcb\x05\xe7\x38\xdc\x1b\xeb\x01\x9d\xb9\
\xca\x33\x96\x85\x8c\x3c\x61\x63\xfa\xc4\x8b\x81\xd3\x60\x0a\xe3\
\x20\x3d\xc6\x78\x73\xd9\x18\xb3\x59\xe6\xea\x99\x4e\x33\x01\xd0\
\xa6\x79\x5d\xd0\x19\xc8\xfd\x24\x0d\x91\xdf\x74\xea\xda\x0e\x43\
\x1f\x8e\xe3\xb9\x12\xd1\x43\x1c\xdf\x92\x83\x4e\x26\xa6\xa1\x11\
\x7e\x1f\xb4\xb4\xd2\xf5\x2f\x4f\x3a\xb3\xb8\xfc\xa2\x5d\x49\x4b\
\x4b\x32\x47\xd7\x5c\x73\x02\xba\x2a\xe5\x45\xc6\x4f\x9b\xe8\xd1\
\x69\xc6\x2d\x9e\xe5\x59\xab\xb4\xef\x0e\xe7\x25\x2f\xe5\x11\x3d\
\x73\x69\x83\xc2\xb8\x2d\xba\xe2\x24\x0c\x9d\x16\x69\xc9\xc5\xa9\
\x8c\xa3\x0c\x56\x09\xed\xdc\x9b\x47\xb9\x8a\x23\xc6\x9f\xe3\xd0\
\x8e\xa3\x7c\xd0\x57\xf4\xba\x17\xcb\x8b\xfb\x6a\x4b\x31\xca\x83\
\xf2\x4b\x3c\xa5\xfc\xca\x18\xc5\xdd\x51\xb5\xa5\x38\x06\x2a\xeb\
\x02\xd9\x24\x4f\xce\x87\x76\xdd\x25\x8f\xda\x0e\x1f\xd0\xd7\x72\
\xd8\x0e\x5c\x6d\x41\x65\x98\xd3\xd7\x7d\x5c\x8f\xdb\xe0\x6b\x77\
\xd2\x98\x26\x71\x4d\xb2\x03\xaa\x31\x5d\xcc\x6d\xb9\x89\xc6\x91\
\xf7\xf2\xe7\x58\xfe\x93\xfb\x10\x3b\x63\x1a\xaa\xa6\xfa\x9a\xc6\
\x73\xac\xdd\x38\x33\xda\x8a\x99\xc6\x45\x47\x13\x5d\x90\x66\xfa\
\x4e\xdd\x6b\xe1\x18\xe1\xd1\x91\xd1\xf8\xc9\xa3\x96\x44\xd0\x81\
\xfc\x40\x8c\xcb\x5f\xe9\xb8\x44\x69\x7b\x68\xee\x2b\x39\xab\x89\
\xe1\x34\xc3\x89\x33\x30\x46\xb0\xe2\x68\xc5\x91\x4c\xde\x2d\x36\
\xc7\xdb\x07\x2d\xbf\x74\xc5\x31\x49\x9c\xb5\x2d\x48\xe2\x79\xe5\
\x37\x76\xa6\xe4\x17\xfd\xa1\xab\x9c\x9e\x06\x30\x1b\x75\x9c\x43\
\x9c\x74\xe8\xd1\x58\x47\xfd\x46\x6a\x0e\x87\x4a\x0c\x82\xaf\xf7\
\x18\xef\x22\xed\x4c\x6a\xb6\x37\x73\x33\x12\x5a\x73\x8e\x1d\xf8\
\xb8\x87\x71\x6a\xc4\xea\x2c\xe5\xf7\x00\x88\x87\xa9\x3d\x46\x82\
\x4e\x5f\xeb\xb4\x4c\xeb\x4b\x33\x01\xee\xe3\x1a\x0d\x8c\x5d\x2b\
\x97\x83\x83\xa1\xec\x6d\x4b\x86\x43\xa3\xc2\xf8\x6c\xa3\x0f\x5a\
\x5f\x06\xbe\xb5\xf1\x18\x9d\x16\x46\x83\xa5\x86\x69\xed\xd0\xba\
\x1c\xfc\x72\x08\x96\x8b\x4a\x4b\x3c\x11\x3d\x4b\x88\xe5\x21\x3f\
\x1f\x80\x9e\xf2\x9a\x3d\x1d\x3b\xc6\x42\x4e\x8c\xc4\xa4\x0f\x55\
\x49\x03\x9d\xe4\xe7\x0c\x7d\xd0\x3a\x7d\x7c\x4e\x54\xf3\xd9\x1d\
\xd1\x88\xbf\xf6\x5c\x4a\xf9\x13\xf8\xe6\xd0\x16\xef\x72\x9c\x13\
\x65\x1d\x67\xc4\xd0\x13\xba\x8d\xcf\x62\xa4\xdf\x92\xc3\xa1\x5c\
\x86\xa4\x5f\x5a\x36\x54\x3e\xa2\xd7\xc0\x9d\xee\x04\xc7\x6c\x2d\
\x73\x5b\x6e\xd2\xd6\xc3\x7a\x00\x48\x87\x3e\x6e\x8a\x1c\x1d\xcf\
\x73\x2f\x33\x01\x35\x3a\x75\xee\x74\xf8\x3a\xa6\xa1\x70\x5c\x1b\
\x81\x2b\xbe\xd8\x51\xc8\xa9\x48\x4c\x43\x1d\x38\x9d\xa8\x1c\xfb\
\x70\xad\xef\xab\xb9\x84\x23\x9f\xf1\xc1\xa9\x60\x06\xb3\xd9\xd7\
\x7c\xb5\x9c\x21\x67\x42\xc4\xa5\x63\x7e\x6b\x19\xa8\x0b\x74\xa0\
\xe5\x23\xdd\x17\x3b\x2f\x39\x92\x51\xde\xc9\x0f\x9d\x26\xf1\x62\
\x6c\x15\x9e\x6b\x93\x2e\x75\x68\x1d\x3e\xc6\xdf\xf7\x0d\xa5\x5c\
\x27\x94\xdf\x71\xe8\x81\x78\x29\xbf\x59\x87\x94\xb9\x66\x62\xcb\
\xc1\x71\xce\x24\x69\x62\x20\x34\x53\x8b\xe9\x95\xee\x2b\xa5\xcf\
\x03\x6c\xa1\x59\xb2\x5e\x0a\x60\xf0\xa4\x07\xd7\x92\x07\x39\x49\
\xaf\xaf\xb1\x35\xa6\xc6\x5c\x9d\x0e\xc9\x41\x0a\xce\x3b\x70\x52\
\x82\x03\x9d\xe8\x18\x84\x06\x10\x9d\x8a\x64\xa7\x28\x74\xde\x1c\
\x0b\x39\x54\x91\xd3\x10\x39\x09\xa9\x8d\xaa\x38\xff\xd6\x5b\x6f\
\x35\x3f\xfc\xe1\x0f\x47\xe7\xb2\xe3\x12\x0c\x03\x4e\x47\x14\x9e\
\xdf\xd1\x29\x0b\xf2\xca\x19\x8a\x9c\xa0\xd4\xf2\x59\x73\x04\x43\
\x9c\x74\x8a\xba\x3f\x3a\xe3\xc9\x8e\x56\x4a\x9d\x7d\x74\x98\xa2\
\xf5\x69\xa5\x97\x9d\xd5\x44\xa2\xae\x49\x97\x78\x7e\xf1\x8b\x5f\
\xb4\xf7\xe5\x65\x31\x1c\xc9\x7c\xed\x6b\x5f\x6b\x9d\xb8\x94\x1c\
\xc9\x44\x67\x3b\xe4\x17\xc7\x4f\x92\x55\xcf\x4b\x6a\x8e\x72\xa4\
\xa3\x77\xde\x79\x67\x5d\x1c\xd1\xd1\x4c\xd6\x6d\xad\x4e\xd0\xc1\
\x22\x57\x29\x9d\xbe\xf9\x2d\x39\x41\x22\x3f\x7a\x0e\x30\xa9\xe3\
\x1c\x8e\x95\x27\x95\x4b\x4c\xaf\x24\x5b\x4e\x9f\x3a\x22\x87\x38\
\x72\x6e\xf4\x9b\xdf\xfc\x66\xf4\x0c\x02\x79\x62\xd9\x10\xc7\x87\
\x1f\x7e\xd8\x7e\xd7\x1c\x36\x99\x9d\x87\x9d\x0e\x4d\x99\x79\x3a\
\x48\xd9\x4e\xec\x36\x3d\xd1\x39\xd3\x09\xc7\xfc\xd2\xc1\x97\x1e\
\xba\x1b\xb3\x48\xd8\xe9\xd0\x94\x91\xef\x5d\x63\x22\xcc\xbe\x30\
\x08\x18\x0a\xbd\x4c\xa1\x59\x84\x31\xbb\x8d\x5d\x6d\x24\xa2\x1f\
\x68\x53\x67\xdc\x6b\xbd\x3b\x11\x5c\x5e\xea\x99\x00\x4b\x8e\x47\
\x17\xcc\x91\x94\x31\x5b\xc5\xae\x36\x12\xf6\xd6\xd6\x8f\xdd\x6a\
\x48\x6d\x18\x8c\xf1\x2e\xb0\xc6\x18\x63\x3a\xb0\x91\x30\xc6\x18\
\x53\xc5\x46\xc2\x18\x63\x4c\x15\x1b\x09\x63\x8c\x31\x55\x6c\x24\
\x8c\x31\xc6\x54\xb1\x91\x30\xc6\x18\x53\xc5\x46\xc2\x18\x63\x4c\
\x15\x1b\x09\x63\x8c\x31\x55\x6c\x24\x8c\x31\xc6\x54\xb1\x91\x30\
\xc6\x18\x53\xc5\x46\xc2\x18\x63\x4c\x15\x1b\x09\x63\x8c\x31\x55\
\x6c\x24\x8c\x31\xc6\x54\xb1\x91\x30\xc6\x18\x53\xc5\x46\xc2\x18\
\x63\x4c\x15\x1b\x09\x63\x8c\x31\x55\x6c\x24\x8c\x31\xc6\x54\xb1\
\x91\x30\xc6\x18\x53\xc5\x46\xc2\x18\x63\x4c\x15\x1b\x09\x63\x8c\
\x31\x55\x6c\x24\x8c\x31\xc6\x54\x99\x9b\x91\x78\xfa\xf4\x69\xb3\
\xb2\xb2\xd2\x0c\x06\x83\xe7\xae\x71\x8e\x6b\x84\x59\x74\x94\x8f\
\x5b\xb7\x6e\xad\xcb\x0b\xe7\x4b\x79\xdb\x4a\xa4\x47\x7d\x66\x95\
\x86\xb8\x7b\xf7\x6e\x73\xfe\xfc\xf9\x66\x96\xa0\xd7\xed\x50\x2f\
\x40\xba\xb8\x74\xe9\x52\x73\xe3\xc6\x8d\x66\x23\xa0\xdf\x93\x27\
\x4f\x36\x8b\x40\x2c\xeb\x3e\x72\x91\x7f\xda\x45\xbe\xf7\xc1\x83\
\x07\x53\xa9\x27\xd4\x03\x74\x0b\xe7\xce\x9d\x6b\xe3\x8d\xe7\xcc\
\x74\x98\x9b\x91\xa0\x40\x8f\x1d\x3b\xd6\x9c\x39\x73\xe6\xb9\x6b\
\x9c\xe7\xb3\xe8\x9d\x01\x15\xff\xf0\xe1\xc3\xad\xac\x34\x98\xfd\
\xfb\xf7\x37\x57\xaf\x5e\x6d\xaf\xd1\x38\x38\x9e\x55\xe7\xdc\x07\
\x3a\x26\x19\xe2\x87\x0f\x1f\xce\x44\xa7\xa7\x4f\x9f\x1e\xfd\x3e\
\x78\xf0\x60\x73\xf6\xec\xd9\x66\x96\x50\x6f\xa4\xe3\x45\x07\x59\
\xe1\xd4\xa9\x53\xcd\xf1\xe3\xc7\x9b\x8d\xb0\xbc\xbc\xdc\x5c\xb8\
\x70\xa1\x59\x04\x62\x5b\xed\x23\x17\x75\xe1\xe8\xd1\xa3\xed\x6f\
\xea\x5e\xbc\x17\x9d\x6c\x96\x38\x10\xa3\x1e\x12\xef\x22\x0c\xce\
\x76\x1a\x73\x5f\x6e\xca\xa3\xdc\xeb\xd7\xaf\x3f\x57\xc8\x5c\xa7\
\x13\xa6\xa2\xd1\xf9\x52\x59\x35\x32\x63\x04\x41\xa7\xc1\xe8\x41\
\x46\x27\x76\x84\x5c\xe3\x5e\xce\xeb\x5e\xa5\x47\x23\xe6\x98\xfb\
\x88\x8f\x38\x62\x07\xa4\x7b\x75\x3d\x73\xfb\xf6\xed\x56\xd6\xfb\
\xf7\xef\x37\xab\xab\xab\x6d\x47\x80\xfc\xa4\xaf\xf0\xc4\x49\xba\
\x8c\xb2\x95\x36\x71\x72\x9f\x46\x3d\x1c\xf3\xd1\xa8\x2b\xe7\x39\
\xa6\x4d\x98\x7c\x5e\xc6\xaa\x64\x90\x68\xa4\x34\x20\x1a\xec\x89\
\x13\x27\x5a\x99\xc9\x37\xf1\x48\x36\xc5\x81\x2e\xa5\x5b\xe4\x8d\
\xf1\xa1\x0b\xae\x11\x46\xe5\xc3\xfd\x8f\x1f\x3f\x1e\xe9\x96\xf3\
\xdc\x17\xf3\xa0\x7b\xd4\x61\x02\xf9\x2e\xc5\x97\x89\xf7\x4b\x5f\
\xdc\xa7\x72\xe4\x98\xdf\x84\x8b\xf1\xe8\xbe\x58\x4f\x4a\x79\xac\
\xa5\xd3\x05\x79\x56\xbd\x11\x94\x79\xd7\xfd\x84\x57\xfe\x6b\x79\
\xe7\x5c\x36\xe0\x17\x2f\x5e\x6c\xcf\x49\xa7\xa4\xa3\xbc\xe6\x3c\
\x94\xf2\x51\x1b\x51\xab\xde\x29\x0e\xd5\x87\xae\xfc\xa8\x5d\xea\
\x1e\xc9\xc5\xb9\x2c\x07\x71\x29\xcf\x84\x53\x9b\x88\x32\x33\x68\
\x29\xc9\x1d\xe5\xa8\x95\x57\x89\x58\xbf\xe2\xfd\xe8\xb0\x2b\x5f\
\x11\xae\xe7\x78\xe2\xfd\x5d\x75\x36\x5f\x8b\xfd\x48\x6e\x07\xd2\
\xc7\xb6\xe1\x83\x5b\x3f\x5e\x9d\xe6\xa7\x2f\x77\xee\xdc\x59\x1d\
\x26\xbf\xba\x6f\xdf\xbe\xd5\x61\x47\x36\x3a\xcf\x6f\xce\x71\xed\
\xd1\xa3\x47\xab\xc3\x0e\xb8\xfd\x3d\x1c\x25\xac\x0e\x3b\xbb\xf6\
\x9b\x63\x7e\x83\x8e\x87\x1d\x60\xfb\xe1\xf7\xb0\x30\xda\x6b\xc3\
\x02\x6e\x8f\x89\x93\x6b\x8a\x77\x58\x48\x6d\xdc\xdc\xcb\x39\xc5\
\x1b\x65\x21\x0e\xc2\x0e\x3b\xd7\xd5\xe1\xa8\xa7\xfd\x7d\xe5\xca\
\x95\x75\x79\xe0\x98\xf3\xa4\x43\x7c\xe2\xc9\x93\x27\x6d\x3c\x92\
\xeb\xe6\xcd\x9b\xab\xd7\xae\x5d\x6b\x8f\x95\x17\xc2\x2b\xaf\xa4\
\x21\xd9\xd1\x0b\xd7\x94\x47\xa5\x2d\x99\x4b\xe7\xb9\x87\x78\xf8\
\x1d\x41\x2e\xae\x45\x79\x91\x85\x73\xa4\xcd\x37\xb2\x12\xef\xa1\
\x43\x87\x46\x61\x91\x95\xeb\x8a\x0f\x5d\x70\x0e\x24\x37\xdf\xdc\
\x7b\xe4\xc8\x91\xd1\x6f\xee\x57\xb9\x90\x36\xf9\x52\xfc\xe4\x4f\
\xf1\x23\xbb\x7e\x53\xbe\xc4\x47\xb8\x88\xee\x89\xf2\x49\x36\xe2\
\x95\xbe\x49\x47\xb2\x13\x56\xd7\x75\x1f\xb2\xab\xdc\xa2\xdc\x92\
\x87\x4f\x4c\x27\xd6\xc5\x12\x5c\x27\x3e\xa5\x4f\xfc\x97\x2f\x5f\
\x5e\x77\xbf\xae\x29\x2e\x64\x94\x2e\xa3\x1e\x62\xde\x89\x33\xd6\
\x2f\xf2\xa1\x32\x57\x3c\xe8\x96\xbc\x12\x9e\x0f\x69\x2b\xde\x9c\
\x6f\x64\xa2\x9e\x65\x14\x9f\x64\xa0\x3e\x20\x13\x32\x4a\xd6\xe1\
\x0c\xe1\xb9\x7a\xc1\x31\xbf\xa5\xbf\x28\x57\x2e\x3f\xe2\x53\x5c\
\xba\x57\x75\x5e\xf7\xaa\x9e\x94\xca\x0b\x99\x20\xa6\x17\xf5\x16\
\xf3\xa2\x78\xf8\xe6\x58\xe7\x24\x2f\x3a\x1e\x57\x4e\x82\xf8\xd5\
\x77\xa8\x7c\x14\x3f\x75\x16\x59\xb9\x9f\xf3\x92\x4d\xd7\x62\xdc\
\xc8\x2a\xdd\x90\x17\xe9\x87\x0f\xba\x95\x2e\x66\xc1\xb4\xfb\x73\
\x3e\x73\x9f\x49\x30\xc2\xd5\xf3\x07\xac\xac\x46\x4a\x02\x4b\x3e\
\xec\x00\x9b\x61\x01\x36\xc3\x42\x6a\xbf\x33\x8c\x96\x87\x85\xd1\
\x7e\xf8\xad\xd1\x08\x16\x9b\x63\xee\xe1\x5a\x8c\x57\xb3\x00\xc5\
\xcb\x6c\x20\x32\x6c\xb0\xed\xc8\x9b\x7b\x90\x61\x58\x29\xda\x73\
\x59\x76\x5d\x67\x69\x89\xd1\x3d\x79\x40\x5e\x4d\xa7\x35\x82\x17\
\xc3\xca\xd4\x0c\x2b\xc8\xe8\x59\x86\xe2\xe0\x3c\xd3\xe5\x38\xa2\
\x24\x1e\xae\x21\xe3\xb0\x33\xae\x9e\xff\xff\xd9\x7b\x7f\x18\xdb\
\xaa\x2c\xcd\xf3\xbc\x4c\x72\x12\xca\xa8\xf7\x50\xd7\x28\x41\x35\
\xdd\x04\x3d\x46\x93\x16\xe0\x34\x94\xc6\xe0\x61\x41\x59\xc0\x38\
\xd0\x16\x60\x25\x4e\x0a\xb0\xc8\x56\x19\x80\x05\x69\x01\x99\x46\
\x81\x05\x78\xe0\x34\xe0\x25\xd2\x48\x3c\x66\xd4\x12\x94\x03\x48\
\xad\x29\x30\xba\x09\xaa\xa7\xd5\xa4\x3a\x47\x40\xb5\x94\x09\x9d\
\x7f\x62\xe2\x77\x26\xbe\xa8\xef\xad\xb7\xf7\xb9\xe7\x46\xdc\x1b\
\xf7\x46\xbc\xef\x27\x5d\xdd\x7b\xcf\xd9\x67\xef\xb5\xd7\xfe\xb3\
\xf6\xde\xe7\x9c\xbd\xc8\xe3\x7e\x05\x6c\x4e\xe1\x35\x43\x22\x3c\
\xe9\x49\x16\xf2\xc3\x75\xc4\x45\x9a\xa4\xaf\xa5\x01\x66\x1e\x9c\
\x07\x4d\xdf\xb5\xac\x84\x8c\xe8\x4b\x72\xe8\x98\x7e\x0b\xd2\x42\
\x5f\x1c\xf7\x6b\xd0\xcf\xb9\x73\xe7\x0e\xd3\x22\x1d\xe4\xae\x23\
\x45\xdd\x7b\xe0\xc3\xf5\x2a\x77\x7e\x5f\x7f\xfd\xf5\xe3\xb7\xeb\
\x54\x79\x21\x1e\x4f\x97\x25\x91\x3a\xc3\xe2\x1c\xf2\x28\x8f\x82\
\xf0\xd4\x13\xd0\x4c\x44\x1f\x1f\x61\x52\x66\x5a\xda\xe0\x38\xba\
\xf5\xf4\x7a\xcb\x61\xaa\x1b\xad\xbc\xf3\xed\x72\x72\x8c\xb2\xad\
\x90\x57\xe2\xe0\xa3\xb6\xa3\xf0\x9e\x6f\xaf\xeb\x0e\xe1\x29\x4b\
\xc9\x40\x7d\xd0\x6f\x9d\x57\x9b\x73\x7d\x28\xcd\x56\x59\x73\xbd\
\xcf\xce\xeb\xf9\xa9\x7a\xd2\x2a\x2f\xe9\x4f\x61\x7b\xe5\x35\x05\
\xb3\x6d\x5d\x33\xb7\x9c\xc8\x87\x66\xac\x80\x5c\x84\x53\x9d\x45\
\x6f\x5c\x4f\x9c\x94\x03\xd7\x13\xfe\x9b\x6f\xbe\xb9\x22\x6e\x41\
\x18\xe4\x90\xfe\xd0\xad\xd7\xdd\xd3\xc0\x35\xc3\x86\xa1\x60\xe8\
\xb0\x51\x26\x9d\x27\xff\x6f\xba\xe9\xa6\xc3\xf3\x14\x80\x94\x0f\
\x2d\x05\xfb\x31\x7e\x6b\x2a\xc8\xb7\x77\xd0\xde\xe8\x54\x11\x54\
\xf1\x54\xf8\xba\x0e\xa8\xf8\xbe\x96\x5a\x2b\x38\x50\x59\xa8\x14\
\x5a\xbe\x21\x3c\x1d\x76\x0f\xef\x7c\x81\x46\x52\x3b\x48\xc2\x50\
\xb1\xd0\x09\x15\x55\x9d\x64\xef\xf8\x14\x2c\x81\x29\x4d\xd7\x93\
\xe7\x45\x1d\xb1\xc3\xfd\x05\xe9\xa2\xe6\xfb\x28\x95\x5c\x9d\x23\
\x3a\xad\xcb\x35\x50\x3b\x44\x75\xa0\xba\xc1\xc9\x6f\x2f\xcb\x1e\
\x5a\x12\xa9\x69\x03\xba\xa3\x91\x52\xa7\x88\x8b\x38\xd5\x31\x70\
\x8d\x8c\x3b\xc7\x64\xd4\xa6\x90\x01\xad\xe9\xf5\x3a\x33\x75\x56\
\xad\xbc\xab\x8e\xa3\x1f\xbe\xf5\x59\xb4\xfc\xe5\x75\xbd\xd2\x2a\
\x27\x96\x07\xab\xae\x29\x6b\x2d\x1d\xb5\xe2\x58\x54\xde\x18\x2b\
\xf2\x84\x4e\xa9\x97\xbe\x44\xb3\x88\x96\x3e\x94\x5e\xab\xbc\xe6\
\xa0\xc1\x50\x1d\xe8\xcc\x29\x27\xca\x9e\xf6\x48\x9e\x48\xd7\xcb\
\xa4\xca\x48\x9c\x7c\x6a\x3c\xfe\x9f\xf3\xad\x6b\x4f\x13\x1b\x37\
\x12\xa0\xca\xa5\xf5\xcb\xfd\x59\xd3\xe1\x39\x14\xae\x8e\x85\xdf\
\x9c\x9f\x0b\x85\x41\xe7\xad\x91\x1f\xc6\x48\xa8\xe3\xd0\x28\x4e\
\x4f\x02\x51\x49\x34\xe2\x41\x2e\x75\x16\x18\x80\x5a\xb8\xc4\x4d\
\x87\x8d\x91\x60\x94\xc1\xf5\x5a\xaf\x5d\x84\x2a\x12\xd7\x71\xbd\
\xd6\x76\x69\xc0\xe4\x95\xc6\x8c\x01\x20\x2e\xee\x37\x90\x3e\xf9\
\x68\x1d\x47\x46\xe9\xa7\xe2\x06\x76\x4a\x4f\x5c\xef\xe1\x64\x20\
\x5b\x1d\x15\xe7\xdc\xa8\xb6\xa8\x86\x52\x0d\x4a\x9d\x8e\x77\xc2\
\xad\x46\x48\xfe\x74\x3f\x05\x18\x19\xfa\x88\xb7\x87\x46\x79\x2a\
\x5f\xe2\x51\xb9\xab\x7e\x81\x8c\x8f\x66\x62\xa4\xa3\x8e\x64\x4e\
\x3a\x20\x1d\x78\x5e\x94\xcf\x16\x8b\xf2\x8e\x41\x47\x56\x9f\x89\
\xce\x45\x23\x66\x37\xe8\x2d\x39\x18\x80\x61\x10\x3c\x8f\xba\xe7\
\xa1\xd9\x91\xa3\xfc\x4c\xe9\x84\x34\x69\xb3\x5c\xcb\x88\x7b\x99\
\x4e\x90\x78\xbd\xbc\xfc\xbe\x56\x2d\xaf\xf3\xe7\xcf\xcf\x1a\x28\
\x68\x66\xad\xb6\xbd\x4c\x39\x11\x9e\x3a\xe0\x69\x69\x86\xef\xa8\
\x2e\x13\x2f\x6d\xd0\x67\x0f\x3e\xeb\xc4\x00\xd7\xb6\xd9\xba\x7f\
\xb2\xcd\x6c\xc5\x7b\x12\x7a\x22\x66\xa7\xf1\xd4\x83\x3a\x78\x3a\
\x44\x96\x74\x96\x79\x74\x4e\x9d\xaf\xae\x75\x03\x43\x3a\xc4\x4b\
\xe7\xc0\x39\xc2\x78\x03\xe3\x5a\xc2\xd3\x51\xb2\xbc\xc1\x88\x86\
\x8a\xe3\x50\xf0\xea\x58\xb8\x5e\x23\x10\xef\x40\xe9\xdc\x5a\xcb\
\x0f\x84\x21\x0d\xe2\x25\x0d\xae\xd7\xec\x80\x0f\x69\x73\x4c\x37\
\x68\xb5\x9c\xd2\x3a\x4e\xc7\xc2\xb1\xa3\x3e\xf5\x83\xcc\x5c\x8b\
\xfc\xba\xe1\x89\x31\x92\x9c\x74\xa4\xba\x61\x4b\xa7\xc6\x6f\xe9\
\x0a\xdd\xb4\x1e\x65\x46\xaf\xe4\x5d\xd7\x20\xaf\xf2\x46\xc3\x21\
\x3d\x8f\xaf\xc2\x39\xbf\x5e\x1d\xa0\x46\x76\x97\x3a\x8f\x48\x6b\
\x54\xcb\x75\xc8\xa4\xce\x05\x74\xa3\x5e\x1d\x04\xc7\x55\x7e\x0a\
\xbf\x0c\x2d\xdd\x28\x9f\x2d\x16\xe5\x5d\xb3\x1a\x0d\x56\x96\x41\
\x9d\x9b\x74\xd3\x6b\x27\x74\x7c\xe8\xc0\xcb\xda\x3b\x2d\xe2\xf1\
\xfc\x50\x06\xca\x0f\xfa\xd2\x8d\xee\x0a\xcb\x2d\xd4\xe3\x9e\xdc\
\xe4\x5b\x83\x3d\x67\xaa\xbc\x94\x1f\x95\x57\x6b\x26\xdf\x83\x76\
\xc2\x60\x0a\x79\x97\x29\x27\xd5\x31\xca\x48\x7d\x91\xca\xad\xb6\
\x01\xb5\xf5\x1a\xb7\x2f\x4b\xd3\xbe\x3d\x1f\xde\x76\x68\xb7\xa7\
\xe1\x71\xdd\xef\xff\xcd\x43\x7f\xfd\xcc\xb0\x42\x7e\x70\xcb\x1d\
\xb3\xc3\xd2\xc1\x50\xa9\x6e\xb8\xe1\x86\xe1\x96\x5b\x6e\x19\xfe\
\xea\xaf\xfe\xea\xb0\x73\xbd\xf1\xc6\x1b\x0f\xcf\x51\xb1\x15\x96\
\x51\x07\xbf\x29\x18\xae\x61\xe4\x72\xc7\x1d\x77\x8c\xbf\xc5\x8f\
\x7f\xfc\xe3\xe1\xce\x3b\xef\x1c\xe3\xf2\x6b\xe9\x94\x89\x97\x6b\
\x65\x20\xb8\x0e\x23\xf1\xd4\x53\x4f\x0d\x9f\x7d\xf6\xd9\x78\x3d\
\xc7\xb9\x9e\x6b\xbf\xfb\xee\xbb\xf1\xb7\xaf\xd9\x0b\xcd\x36\x88\
\x8b\x78\x75\x7f\x01\x24\x37\x71\x53\xc1\x14\x46\x9d\x3d\xf0\x1b\
\x19\xaf\xbb\xee\xba\xe1\xde\x7b\xef\x1d\x47\x3a\x5c\x77\xed\xb5\
\xd7\x1e\xca\xcd\x7f\xe4\xe6\xbf\xd2\xab\xc7\xf9\x4d\x1c\x0f\x3e\
\xf8\x60\x73\x69\xa8\xd5\xb8\x7c\x86\x41\x7a\xea\xa0\x18\xc5\xa1\
\x1f\xc5\xcb\x87\x73\x7a\x9a\x85\x29\xf8\x73\xcf\x3d\x37\x1e\x07\
\x74\xc3\x71\xe2\x50\x5a\xe8\x94\xe3\x7c\xde\x7c\xf3\xcd\xf1\x1a\
\xf4\xab\xf4\x88\xef\xcb\x2f\xbf\x6c\xc6\xe7\x72\xa3\x13\xbf\x5e\
\xeb\xba\x7c\x3e\xfc\xf0\xc3\x31\x7e\x4f\x57\xd7\x29\x5d\x9e\xa0\
\x61\x74\x4e\x3c\x92\xf5\xd3\x4f\x3f\x1d\xd3\x45\x57\x1c\x27\x3c\
\xf2\x28\x1d\x64\x21\xce\x29\x7c\x54\x48\x9c\xf0\xee\xbb\xef\x5e\
\x91\x17\xea\xa6\x2f\xf5\x49\x97\x53\x79\x57\x18\xef\xc0\x28\x5b\
\xc5\x83\x6e\xbd\x3c\x75\x4e\x3a\xa7\xe3\x21\x5e\xea\x22\x32\xf9\
\x23\xca\x2a\xeb\xc7\x1e\x7b\x6c\xec\xd0\x54\xd6\x0f\x3d\xf4\xd0\
\x61\x7d\xa8\xf9\xa1\xde\x7b\x59\xeb\xa9\x24\xd2\x73\xb9\xb8\x96\
\xb6\xf2\x93\x9f\xfc\x64\xa8\xe5\x48\xdc\xaa\x27\xba\x16\x39\xf8\
\xae\xe5\xc5\xf5\x6a\x67\x94\x8f\xe4\xa4\xbc\x5a\x06\x48\xf1\x78\
\xbc\x3a\x46\x78\xf2\xa1\xfb\x6f\xbd\x72\xaa\x90\x0f\xea\xbb\xcf\
\x5a\xa6\xda\x40\x3d\xf7\xfc\xf3\xcf\x8f\xc6\x09\xdd\x13\x86\x7c\
\x50\x2e\x0c\xbc\xc8\x07\x79\x46\x3e\x8c\x89\xee\x65\xac\x8a\x3f\
\x7c\xf6\x77\xc3\xaa\x39\xc7\xdd\xeb\x61\x85\x5c\x77\xdf\x4f\x87\
\xd3\x80\x46\xaa\xbe\xdc\xc3\x68\xdc\x97\x98\x42\x38\x2d\x30\x3b\
\xd0\xf2\x87\x60\x64\xbf\xe8\x9e\x55\xb8\x12\xfa\x84\x65\x6e\x30\
\xeb\xe1\x15\x75\xf6\x7a\x97\x67\x51\x3f\xc2\x0c\x63\xd5\x7d\xcd\
\xef\xde\xf9\xe5\xb0\x6a\xb6\xe2\x9e\xc4\x26\xa0\x31\x31\x8a\xa2\
\x70\x75\x3f\x64\x67\x67\x7b\x5e\x5c\x0a\x61\x19\xa8\xcf\x74\x3a\
\x74\x70\x5a\x16\x5a\xc5\x0b\x6b\x57\x1b\x0c\x16\x19\xf1\x2f\x73\
\x5f\x45\xba\x47\xdf\x7a\x47\x6a\x4e\xe7\x7f\x5a\x06\xa3\x57\xed\
\x4c\x42\xb0\x56\xc8\x34\x57\x37\xaa\x56\x39\xf5\x0b\xe1\xa4\x61\
\x46\xa1\xa5\x92\xd4\xe5\xe5\xf1\xc7\xae\x97\x01\xe3\xa2\x97\x07\
\x37\xa9\xfb\x75\xcc\x24\xae\x7a\x23\x11\x42\x08\x67\x85\x75\x18\
\x89\xec\x02\x1b\x42\x08\xa1\x4b\x8c\x44\x08\x21\x84\x2e\x31\x12\
\x21\x84\x10\xba\xc4\x48\x84\x10\x42\xe8\x72\x26\x8d\x44\xcb\x19\
\x09\x2c\xf3\x46\x6d\x7d\x9b\x77\x9b\xfc\x5b\xf0\xd2\xce\x51\x9c\
\xd8\xa0\x87\xa9\xeb\xa6\xde\x66\x3f\x8e\xe3\x1c\xe7\xa8\x4e\x83\
\x7a\x6f\xfa\x6e\x82\x4d\x38\x3e\x5a\x57\xfe\x17\xd5\x89\x1a\x76\
\x95\x4e\xa5\x56\xed\xa0\xea\xa8\xed\x22\x4c\x73\x66\x8d\x84\x0c\
\x02\x46\x42\x8f\xb3\xd5\xb7\x4f\xa7\xe0\x65\x18\xdf\x95\xd3\xf7\
\x97\xd9\x34\x6c\x84\xb8\xec\x16\x12\xb0\xc8\x21\x4b\xdd\x09\xd7\
\x39\x8e\xe3\x1c\xe7\xa8\x4e\x83\x7c\x77\xce\x4d\xb3\x09\xc7\x47\
\xeb\xca\xff\x32\x4e\x7a\x5a\xdb\xe6\x1c\x87\xa9\xfa\x76\x14\x8e\
\xda\x2e\xc2\x34\x1b\x7b\x99\x4e\x1b\xaf\xb1\x31\x18\x23\x00\xde\
\x53\xa0\x43\x97\x53\x16\xe0\xc5\x36\x7f\x5e\x59\x7b\xde\x28\xac\
\xce\xe9\x1a\x6d\x44\xe6\xbb\x5c\x6a\x47\x48\x77\x90\x43\x67\xc7\
\xb1\x7a\x1d\xdb\x67\xf0\x9b\x6d\x2f\xe4\xcc\x06\x19\x31\x10\xec\
\x05\xa3\x3d\x59\x08\xc3\x6f\x5e\xc1\xe7\x3a\x35\x1c\xed\x3f\xc3\
\x7b\x17\x7c\xb3\x99\xda\xa2\xd7\xee\x7b\x71\xa1\x13\x36\x29\x23\
\x2e\xe4\x6a\x6d\x6c\x46\x9e\xb4\x0b\xa5\x36\x32\x9b\x8a\xd3\x75\
\xc2\x88\xab\xea\x71\x51\xde\xb4\x93\xab\x5e\x18\x6a\x95\xc5\x54\
\xdc\xae\x6f\x3e\x32\xbc\x97\x0e\xdc\xbf\xf6\xe4\xad\x28\xfe\x56\
\x19\xfa\xb5\xbd\xbc\x90\x96\x36\x8e\xf4\xba\xd7\x7a\x36\xbe\xe6\
\x47\x5b\xab\x2b\x0f\xda\x4a\x9a\xe3\xc4\xab\x78\x74\x1d\x78\xda\
\x3d\x99\xa6\xf4\x56\xe9\xe9\x5f\xfb\x0d\x79\x7d\xe3\x65\x51\x39\
\x2f\x92\xdc\xe4\x9d\x36\x50\xd3\x58\x54\x6f\x80\xfa\xa8\x8d\x36\
\xf5\xbd\xa8\xdc\x3c\x6f\x84\xf3\xba\x3c\x95\xef\x39\xed\xbd\xa7\
\x2f\x39\x52\xea\xed\x48\xdb\x6b\xfb\xc8\x36\x47\x0f\x57\x15\x9b\
\x72\x3a\x84\xd3\x0d\x1c\xe5\xb8\xf3\x13\x1c\x79\xe0\x78\xc5\x1d\
\x83\xc8\x99\x49\xcf\xf1\x0d\xb8\xc3\x1c\x39\x72\xa9\xce\x48\xaa\
\x83\x9c\x29\xe7\x2b\x9c\xc7\x11\x0a\xc7\x94\xc6\xce\x81\x03\x97\
\x7a\x9d\x1c\xf4\x80\x3b\xf3\x01\x1c\x91\x5c\x9c\x70\x62\xa3\xb8\
\xe4\x18\x85\xf0\xee\x8c\xc5\x1d\xbe\x38\x7e\x4e\xd7\xc9\x69\x8c\
\x1c\xc5\x78\x9c\x72\x02\x43\x78\xf2\x21\xe7\x29\x35\xfd\xfd\x86\
\x32\xea\xd9\x1d\xa4\xb8\x03\xa7\x45\x8e\x73\xf8\xbd\xc8\x81\x4f\
\x75\x1a\x84\x8e\x71\xda\xe2\x69\x56\xe7\x4e\x4a\x9f\x34\xe5\xf0\
\xa5\x55\x86\xc4\xad\xbc\xb6\x74\xeb\x79\xf1\x3c\xf0\xad\x38\x6b\
\xf9\x2c\x72\x7c\xc4\xb9\x29\xc7\x47\x35\x4f\x92\x89\xe3\x72\xbe\
\x34\x47\x6f\xee\x40\xca\xf3\x3c\xc7\x71\x51\xbd\x46\xf5\x54\xbf\
\x55\x77\x96\x75\xf2\x23\xe7\x3e\xd5\x01\x52\xab\xbc\x95\x37\xf2\
\x2c\xa7\x42\xd4\xb7\xea\xe0\x48\x65\xe0\xe1\xaa\x63\xaa\x9a\x17\
\x2f\x17\x39\x00\xbb\xd8\x70\x2a\xe4\xd4\x38\x48\x4f\x7a\x68\x95\
\xd1\x69\xe1\xcc\x39\x1d\xf2\x8d\xb7\x34\xba\x60\x84\xa3\xcd\xc6\
\xb0\xe0\x72\x0e\xb4\x5b\x1c\xdf\x30\x7a\xe0\x1c\x23\x11\x8f\x87\
\xdf\xad\xad\x35\xaa\xe3\x93\x29\xe7\x2b\x9c\x67\x36\xd1\xda\x66\
\x5b\x5b\x83\x5f\x2c\x0e\x7a\xb4\x5e\xac\x0d\xe3\xa0\xe7\xf8\x45\
\x30\xca\x61\x34\xad\xfd\x76\x08\xcf\xec\x41\x53\x66\xc9\xd4\x9a\
\x89\xb8\xbc\x72\x40\x24\xf9\xdc\x41\x0b\xe7\xf6\xeb\xce\xa1\x7c\
\x17\x0f\xb6\xc5\x76\x07\x29\x1a\xf1\x6a\x63\x38\x77\x90\x52\x97\
\x39\xa6\x1c\xe7\x38\x3b\xe6\xb0\xa6\x1e\x77\xa7\x41\xc8\xab\x7d\
\x6f\x94\xa6\xbb\xb0\x74\x98\x09\xb2\x8e\x4d\x5e\x5b\x65\x28\x3f\
\xc7\x5a\x0e\xaa\xba\xf5\x9d\x63\x5d\x7f\xd2\xc9\x51\x1c\x1f\xa9\
\x6c\x7a\x8e\x8f\x5a\x79\xd2\x71\xc2\x4c\x39\x3e\x6a\xa1\x2d\xdd\
\x2f\x2e\xe1\xb8\x88\x76\x52\xf3\xab\x99\x94\xb3\xac\x93\x1f\xcd\
\x5a\xaa\x03\x24\xa7\x3a\x15\xd2\x6f\xe1\x0e\x8e\x28\x03\xb9\xd7\
\x65\x73\x44\x77\x90\x45\xf9\x11\x57\x2b\x2f\xe8\x5e\xe5\xca\x92\
\x93\xf6\x44\xea\xcd\xc6\x5a\x71\xb0\x6f\x5b\xd5\x45\xaf\x8c\xae\
\x36\x36\xba\x77\x53\x2d\xc4\x9e\xef\x03\x19\x89\x96\xb3\x96\xdd\
\xc6\x5e\xf7\x73\x5e\xa9\x9f\x72\xbe\x32\x45\xeb\x95\x7d\xe4\xd6\
\x56\xc6\x73\xd2\x76\x19\x6a\x78\x2a\xeb\x51\xd6\x55\xb5\xb5\x37\
\x8d\xa4\x1a\x15\xe2\x54\x23\xda\x69\x38\x40\x91\x01\x61\x79\xac\
\x9e\xdf\x3b\xf0\x13\x20\xa6\x1c\xe7\x68\x19\x43\xe7\xe8\x38\x2e\
\x2e\xd8\xf2\x9a\xf8\x6b\x9a\xda\xc2\xbb\x1e\x97\x31\x54\xfe\xc8\
\xf3\xa5\xe2\x23\x5d\x7e\x2c\xd0\x83\x6f\xcb\xac\xfc\xb5\x7e\x43\
\xab\xec\x57\xe9\xf8\x48\x79\x71\x47\x3a\xe8\x06\x1d\x2d\xa3\xb7\
\xa3\x38\x2e\xa2\x53\xac\xfe\x9b\x5b\x8e\xb1\x96\x75\xf2\x33\xa7\
\xae\xd7\xfb\x28\x3e\xc0\xa8\xf5\x54\x5b\x84\x4f\xe5\x11\xb9\x5b\
\x9e\xf1\x04\x86\x04\x23\x3b\x25\x1b\x71\xcb\xa9\x96\xf0\xf2\x6f\
\x95\xd1\xd5\xcc\xa9\xd8\xe0\x8f\x46\xa4\xd1\x8d\x90\xe3\x1b\xad\
\xcf\x7a\x85\x6e\x8d\x68\x2a\x53\xce\x57\xa6\xd8\x39\x70\xc2\xe3\
\x95\x90\x0e\x89\x46\xbe\xec\x8d\x45\xcd\x40\x5c\x06\x6e\xe6\xc9\
\x09\xd2\x51\x60\x6b\xf2\x2a\x9f\xc7\x59\x9f\x90\xd1\x1a\x35\xd0\
\xe9\xd6\x6b\xab\x21\x53\xc7\xd3\x72\x9c\x23\x83\xbd\x8c\x03\x1f\
\x46\x8c\xd5\x59\x8e\x3c\x82\x55\x18\xd5\xd1\x61\x6b\x94\xa8\xad\
\xd3\xbd\x11\xd3\x19\x72\x0e\x3d\x50\x26\x9e\x3e\xb3\x0b\xa5\xd3\
\x2a\xfb\xda\x71\x54\xc7\x47\x53\xfe\x12\x1c\xd2\xaf\x0f\x3a\x68\
\x96\x52\x1d\xe9\x20\x93\xe4\x9c\xa3\xb7\x9d\x83\x9d\x5e\x17\x39\
\x2e\xa2\x33\x95\xdc\xba\xa7\xe5\x33\x6c\xe9\xc9\xeb\xd9\x51\x9d\
\xfc\x4c\xa1\x36\xea\xf7\xcb\xa8\x83\x53\xf1\x2e\xaa\x63\xb5\x9d\
\xca\x4d\x31\x30\x90\x40\xa7\xe8\xa8\x67\x28\x30\x36\xc4\xe1\x32\
\x4c\xe9\x81\xf8\xae\x66\x43\x71\x2a\x9e\x6e\x9a\x72\x7c\x73\xf1\
\xc0\x0f\x82\x3b\x72\xd1\x9e\xf7\x15\x3a\x24\x39\xff\x58\xe4\x7c\
\x85\xb8\xb5\x9c\xe5\x50\x59\x08\xab\x78\xa8\x44\x8b\xbc\xb4\x41\
\x8d\xbf\x17\xd7\x54\xe5\x9e\xc3\xa2\x38\x3d\xaf\xee\x3c\x05\xe8\
\x14\x08\xef\xd7\xd6\x27\x9a\x76\x26\x1c\xe7\xec\xce\x70\xe0\xa3\
\x91\xae\x96\x7e\xe8\x4c\xd9\xb2\x5d\x0e\x69\x5a\x69\x0a\x0c\x3b\
\x1d\x07\x69\x10\x3f\x86\xaf\x55\x86\x5a\xfe\xa8\x7a\xf0\xd1\xf3\
\xee\x81\x27\x40\xd5\x9d\x4b\xe6\xff\xdb\xc3\xb8\xe3\x23\x98\xe3\
\xf8\x88\xce\xd8\xf5\x20\x4f\x67\xe0\x8e\x8f\x90\x87\x3c\xcd\xd1\
\x9b\xeb\x8f\xd9\x57\xd5\xbf\xfb\x28\xd9\x3d\xd8\xc9\xd4\x97\x53\
\xf4\xa8\x2b\xe7\xa4\xb3\x5a\xcf\x8e\xe3\xe4\xa7\x87\x3b\x15\xba\
\xb4\xc0\x29\x93\xe7\xb1\xe5\xe4\xa7\x97\x17\x74\xa1\x38\x35\x98\
\x54\x1d\xb9\xd4\x70\x6a\x75\xf1\xc0\x8d\xae\x6e\xfe\x73\xbd\x7b\
\xad\x6c\x95\xd1\xd5\xcc\x46\x9d\x0e\xb9\xc3\x10\x51\x3b\xdb\x39\
\x8e\x6f\x18\x31\xe1\x4c\x06\x47\x34\x54\x12\xfe\xb7\x9c\x91\x10\
\x87\x1c\xe4\x70\x6c\x91\xf3\x95\x6f\xbf\xfd\x76\x74\x44\xc4\x6f\
\x0c\x8c\x9c\xdc\xa8\xa2\x72\xdd\x3d\xf7\xdc\x33\xc6\x23\x5a\x4b\
\x4e\xe4\x89\x8a\x58\xef\x51\xc8\xc8\x11\x0f\xb2\x13\x97\x3f\xa6\
\x4b\xfe\x7a\x0d\xaa\x9e\x93\x7c\x8a\xd3\xe5\xf3\x38\x09\x73\xb1\
\x38\xd9\x91\x1e\x71\x22\x83\xd3\x97\xde\xb5\x3b\x0b\x1c\xe7\xec\
\xcc\x70\xe0\x53\x9d\x06\xe9\x1a\x1a\x29\xba\x26\x4d\xca\xa1\x85\
\x46\x98\xe8\x53\xd7\x23\x9f\xe4\xa5\x63\x91\x8e\xa7\xf4\xc0\x7f\
\x19\x22\x9c\xd0\x20\x63\x4b\x56\x39\x8c\x69\x39\x3e\x42\x0e\xe2\
\x91\x13\x20\xcd\x6c\x24\xe7\x1c\xc7\x47\x18\xa5\x65\x1c\x1f\xf9\
\xec\xa9\xea\xdf\x3b\xf4\x96\xe3\x22\x74\x2a\x5d\xe0\x54\xe7\x6f\
\xff\xf6\x6f\x2f\x2b\x13\xc2\x1e\xd5\xc9\x4f\xeb\x9c\x90\x33\x24\
\xd7\xa1\xc2\xb8\x53\x26\x97\x7d\x51\x7b\xf7\xbc\x90\xe6\xcb\x2f\
\xbf\x7c\xd9\xf5\xba\x47\xc9\x79\x3d\x71\x56\x0d\x9e\xea\x0d\xf5\
\x08\xa7\x65\xb5\xed\xd7\x32\x3a\x2d\xc4\xe9\xd0\x29\x45\x53\xe4\
\xec\xef\xbf\x1d\x30\x52\x94\x6f\xeb\x70\xb6\x59\x87\x63\x9f\x6d\
\x26\x4e\x87\x4e\x29\x1a\x01\x87\x10\x4e\x96\x78\x99\x3c\x3e\x31\
\x12\xe1\xaa\xa3\xbe\x70\x16\x42\xe8\x13\x23\x11\xae\x3a\x32\xab\
\x0b\x61\x3e\xa7\xe2\xe9\xa6\x10\x42\x08\x9b\x21\x46\x22\x84\x10\
\x42\x97\x18\x89\x10\x42\x08\x5d\x62\x24\x42\x08\x21\x74\xd9\x3a\
\x23\xb1\x09\x87\x2e\x67\x91\x55\x3a\x4d\xe2\xcd\xd4\xde\xa6\x7b\
\x47\x81\xf7\x14\xb4\x1f\x92\xbf\xd5\x7c\x54\xb6\xb9\xbe\xb8\x03\
\x2c\x3f\x46\x79\x84\x70\x1a\xd8\x3a\x23\xb1\x09\x87\x2e\x67\x91\
\x55\x3a\x4d\xa2\x23\xe7\xad\xd7\x55\xa0\x6d\x1f\x90\x07\x78\x1b\
\xd6\x77\x6b\x3d\x0a\x35\xaf\xdb\x44\xcb\xa9\x0f\xe5\xa0\xfc\x87\
\xb0\xed\x6c\x74\x5b\x0e\xed\xab\xc2\xb7\x5e\xd5\xff\xb7\xff\xf6\
\xdf\x0e\x1f\x7c\xf0\xc1\xf8\xba\x3c\x6f\xc4\xbe\xf1\xc6\x1b\xe3\
\xf1\xe7\x9f\x7f\xfe\x70\x0b\x04\xbf\x4e\xaf\xf1\x03\x8d\x91\xdd\
\x1b\xd9\x02\x00\x14\x27\x9b\x75\xa9\x23\x51\x1c\x3d\x59\xd8\x1e\
\x82\x0e\xd1\x3b\xad\x7a\x3d\x1b\xcd\xe9\xb5\x7f\x8c\x1a\xe9\x31\
\xda\xae\xd7\x89\x45\xe1\x38\x47\xfe\xb4\x75\x81\x9f\xab\x3a\x62\
\x44\xcf\x23\x9c\x6c\x47\x40\x07\xf4\xf3\x9f\xff\xfc\x30\x4e\x40\
\x77\xbf\xfe\xf5\xaf\x47\x19\xd1\x21\xdb\x42\xb0\xad\xc0\x2b\xaf\
\xbc\x32\xca\x8c\x7e\xfc\x4d\x63\xed\x6f\x43\xdc\xae\x3f\x97\x03\
\xf9\xb5\xd3\x2d\x5b\x95\x48\xdf\x50\xe3\x13\xe8\x8b\x34\x15\x37\
\x32\xf2\x4d\xf9\xb2\xe5\x01\x5b\x70\x10\x17\xc7\xb5\x83\xed\x94\
\x0c\xbd\x32\x42\xb6\x9a\x57\xd7\x7b\xdd\xb0\x10\xb9\xd8\x76\x61\
\xaa\x5e\x90\x46\xdd\xfc\x8f\x32\x22\x8c\xf6\x49\x22\x1f\xad\xbd\
\x9e\x6a\xfd\xd3\xd6\x12\xee\xcc\x86\xb8\xd9\x4a\x62\x99\x3a\x14\
\xc2\x1c\xd6\xb1\x2d\xc7\xc6\x66\x12\x34\x4c\xed\xf9\xcf\x68\x52\
\x1b\xe5\xb1\xcf\x0d\x5b\x26\xb0\x49\x1a\xff\x69\x44\x9c\xa3\x91\
\xf1\x9f\x86\x4d\x47\xa9\xeb\x7c\x29\x84\x57\xf0\x35\x32\xe5\xb8\
\x36\x61\x23\x0e\x4f\xa7\x42\x9c\x7c\x08\xc3\xc7\x67\x33\x84\xe7\
\xbf\xae\xa7\x91\x6b\x33\x30\x6d\x47\x8d\xcc\xbc\xd9\xc9\x66\x60\
\x75\x69\xa1\x15\x4e\xff\x41\x9b\xcf\xc9\xb7\x04\xe7\x94\xb6\xcb\
\xc5\x79\x75\x6a\x1a\x9d\xb2\x4c\x83\xae\x88\x93\x4d\xc8\x88\x53\
\x9e\xec\x38\xce\xe6\x6a\xda\xbc\x4f\x23\x6d\x3a\x21\x1f\x75\x6b\
\x3f\x7f\x6d\x32\xc7\x9e\x36\xca\x4b\xdd\xaa\x59\xbe\x12\x84\x36\
\x92\xab\x10\x07\x9b\xd0\x49\x67\xda\x30\xcd\xcb\x57\xdb\x61\x73\
\x4c\xfe\x39\x5a\x32\xa8\xbc\xb8\xde\xcb\x48\x7a\x6a\xe5\x55\x68\
\x93\x38\x97\x57\x79\xd7\xe6\x71\x92\x51\x9b\xdb\xb9\xae\xbc\xfc\
\xb4\x69\xa4\xea\x53\xcb\x67\x89\xea\x1f\xe7\xb4\x01\x9f\xa7\xad\
\xbc\x79\x1a\x53\x75\x23\x84\x6d\x60\xa3\xcb\x4d\xbe\x59\x9a\x5e\
\x9f\xdf\x29\x4e\x69\x40\x9d\x48\x75\xe8\xb2\x73\xe0\x34\x47\x9d\
\xaa\xd6\xa6\x5b\x4e\x53\x14\xbe\x35\xcd\x27\x4e\x77\x7c\x43\x9c\
\x74\x30\xda\xd7\xde\xd3\x93\x2b\x48\x21\xa7\x43\xe0\xce\x7f\x2a\
\x1e\xce\x9d\xd0\x70\x0d\xb2\xba\x83\x1a\xe9\x02\xb9\xe8\x18\xfd\
\x9c\xb8\x54\x1c\xee\xf0\x7d\x71\x86\xd3\x24\x6d\x25\x2d\xb4\x5b\
\xa8\x9c\x29\x79\x5e\x76\x8b\xc3\x21\x75\xe4\x3a\x86\x3c\xb5\x63\
\x46\x5f\x18\x22\x6d\xaa\xb6\xb3\x73\xb9\x5f\xe4\x9d\xe2\xb0\xc7\
\x37\xc7\x6b\x39\x0a\x22\x3e\xb9\x9a\xac\xce\x89\x30\x8c\x53\x79\
\xd5\xcc\x40\x9d\x35\x3a\x43\x16\xe2\xe3\xb7\x97\x2b\x3e\x08\xe6\
\x2e\x73\x92\xe7\x9d\x8e\xdf\x13\xe5\xd1\x7d\x1a\x90\x1e\x06\xbd\
\xe7\x08\xa7\x57\x37\x42\xd8\x06\x36\xf6\xc6\xb5\x3a\x1c\x6e\xe0\
\xa9\x23\x99\xda\x43\x5f\x68\xbb\xe1\xd6\x79\x1a\x66\x75\x9a\xa2\
\x74\xf8\xcf\xae\x93\x2d\x23\x51\x1d\xdf\xf8\x16\xe4\xad\x8e\xc7\
\xb7\x0e\x9e\xbb\xce\xdf\x73\xb0\x82\xac\x75\xe4\xa8\x34\x91\xab\
\xa2\xb4\x8f\xea\x34\x49\x06\x81\x8e\x8b\xce\x48\x23\x5b\x75\xc4\
\x3e\x53\x90\x8c\xf5\x7a\xc2\xd0\x51\xb6\x76\xf1\x24\x9e\x7a\x8c\
\x6b\xe6\x8c\x8e\x5b\x8e\x82\x24\x43\xab\x2c\xe6\xf8\x3a\xc0\xf0\
\x61\x14\x91\x09\xb9\x31\xe2\xbd\x72\x5d\xb4\x4d\xf7\x22\x88\xbb\
\xd6\x3f\xe9\xb9\xfa\x6b\xaf\x69\x3b\x2d\xbd\x87\xb0\x29\x36\x66\
\x24\x76\x8b\x83\x1a\x46\x5a\x38\xc7\x59\x04\x8d\xcf\x6f\xc2\xee\
\x9a\x13\x92\x96\xd3\x14\x6d\x1b\x3c\x95\x4e\x75\x7c\xa3\x38\x19\
\x75\xd7\x8e\xa3\xb7\xc4\x72\x54\xe8\x38\xe4\x9d\x4c\xa8\xa3\x6e\
\x39\xe4\xd1\xb2\xc7\x51\x9d\x26\x81\x3a\x7a\x3a\x35\x46\xd3\x92\
\xa3\xee\x8c\xaa\x59\x8c\x43\xc7\x27\xff\x08\x2d\xa3\x4e\x3e\xe8\
\xe8\x7d\x39\x66\xee\x4d\x65\x3c\xe8\xf5\x64\xd0\xcc\xae\x3a\xf2\
\x59\xb4\xb3\xae\x0c\x14\xd7\xfb\x4c\xab\x3e\x11\xe5\x86\x83\xbc\
\x79\x5a\x73\x6f\xda\xd7\xfa\x27\x4f\x7f\xaa\x7b\x18\x8b\xe3\x3a\
\xf1\x09\xe1\xa4\xd9\xd8\x72\x53\x75\xb4\xe2\xfe\x75\xe5\x68\xa4\
\xf5\x68\xa3\x3a\x29\x5d\x27\x63\x00\xd5\x69\xca\xce\x81\x27\x2b\
\xdd\x57\xd8\xed\x38\x52\xa1\x43\xd3\x63\x98\x72\x5e\x43\x9c\x5a\
\x43\x77\xa7\x29\x6a\xfc\xab\x82\xb4\xab\x73\x1c\x46\xd4\x3a\xc7\
\x4c\x4b\x0e\x79\x08\xa7\x8e\x8c\xce\x46\x8e\x53\x76\xcd\xe9\x92\
\xe8\x39\x4d\x92\x0e\xe9\xb0\x7c\x59\xaf\xe5\xa4\xa7\xf5\x58\xaa\
\x1c\x2c\x91\x5e\xab\x83\x6e\x39\x88\x52\xc7\xb9\x08\xe2\xab\x32\
\xc8\x48\x33\x42\xf7\x32\xf2\x7b\x4b\x53\x79\x95\xae\x08\x2f\x79\
\x5b\x32\x12\xb7\x66\x99\x32\x2c\x3a\x37\x77\xf9\x67\xca\x69\x0f\
\xc6\xb8\x96\xd1\x22\x34\xe3\x0b\x61\x93\x6c\xec\xe9\xa6\x9e\xa3\
\x15\x9e\x9c\xe1\x5b\x4e\x65\xe4\xc8\x44\xce\x4d\xdc\x89\x09\x23\
\x7a\x5f\xa6\xaa\x4e\x53\xe4\xd4\x86\x6b\xf4\x44\x4c\xcb\xa1\x8b\
\xcb\xd2\x72\x12\x43\x63\xc7\x39\x0d\xd7\xd3\x71\xe3\x9c\x47\x23\
\x7f\x7f\xba\x0a\x5a\x4b\x30\x53\xe1\x88\x9b\x34\x5a\x8e\x87\xe4\
\x08\x06\xd9\x79\x62\x89\x3c\xd1\x09\x71\x8c\xb8\xdc\xe1\x4e\xcb\
\x71\x8a\x3b\x4d\x02\xc9\x45\xfe\x09\xa7\xf0\x3a\x36\xe5\x4c\x49\
\x0e\x87\x00\x3d\xd0\x79\xf5\x46\xc5\xd5\x61\x0c\x4f\x6e\xb9\x5e\
\xea\xfd\x03\x3f\xde\x73\x14\x24\x47\x34\x2a\x23\xce\x29\xfd\x56\
\x5e\x1d\xf2\xc6\x39\xcf\x8f\xc2\xa9\x5c\x31\x10\xca\x9f\xe2\x93\
\xfc\x38\x62\x72\x27\x4f\xbd\xa7\x8f\x28\x17\x95\xa3\xea\x9f\xd2\
\xe7\x1a\xe4\xa5\x2c\xe5\xc4\x6a\x51\x1d\xe2\x29\x30\x8e\x67\xc7\
\xda\x30\x97\x38\x1d\xba\xca\xd0\xe3\xae\xde\x29\x31\xb3\xe8\xdd\
\x1c\x3f\x29\xe8\xb8\x19\xd9\xef\x9c\x92\xdd\x54\xb5\xdc\x94\xa5\
\x9e\x70\xd6\x89\xd3\xa1\xab\x0c\x8c\x83\x1e\x9b\x64\xf9\x0b\xa3\
\x51\x6f\x56\x9f\x34\xba\x27\x73\x5a\x0c\x04\x30\xfb\x6a\x3d\xb2\
\x1a\x42\x58\x4c\x66\x12\xa7\x00\x8c\x83\x96\x77\x36\xbd\xf4\xa0\
\x6d\x53\x4e\x8b\x91\x38\x6d\xf2\x86\x70\x1c\x32\x93\xb8\x4a\xd9\
\xa6\x65\x12\xbd\xa7\x70\x5a\x38\x6d\xf2\x86\xb0\x6d\x64\x17\xd8\
\x10\x42\x08\x5d\x62\x24\x42\x08\x21\x74\x89\x91\x08\x21\x84\xd0\
\x25\x46\x22\x84\x10\x42\x97\x18\x89\x10\x42\x08\x5d\x62\x24\x42\
\x08\x21\x74\x89\x91\x08\x21\x84\xd0\x25\x46\x22\x84\x10\x42\x97\
\x18\x89\x10\x42\x08\x5d\x62\x24\x42\x08\x21\x74\x89\x91\x08\x21\
\x84\xd0\x25\x46\x22\x84\x10\x42\x97\x18\x89\x10\x42\x08\x5d\x62\
\x24\x42\x08\x21\x74\x89\x91\x08\x21\x84\xd0\x25\x46\x22\x84\x10\
\x42\x97\x18\x89\x10\x42\x08\x5d\x62\x24\x42\x08\x21\x74\x89\x91\
\x08\x21\x84\xd0\x25\x46\x22\x84\x10\x42\x97\x33\x67\x24\xbe\xfe\
\xfa\xeb\xf1\x73\x9a\x38\x6d\xf2\xf6\x38\x8e\xee\x77\x77\x77\x87\
\x10\xc2\xf6\xb1\x15\x46\xe2\xd2\xa5\x4b\xe3\x67\x15\xdc\x7d\xf7\
\xdd\xc3\xed\xb7\xdf\xde\x3c\xf7\xfe\xfb\xef\x8f\xe7\x3f\xfe\xf8\
\xe3\x2b\xce\xd1\xb9\xbd\xf6\xda\x6b\xc3\xdb\x6f\xbf\xbd\x96\x4e\
\x5b\x69\xd7\xce\x90\xb4\xae\xbf\xfe\xfa\xe1\x81\x07\x1e\x18\xb6\
\x91\x9e\xdc\xe8\xb0\xea\x91\x70\x37\xdf\x7c\xf3\xb0\x2c\x94\x3d\
\xd7\x3d\xf9\xe4\x93\xe3\x7f\xd2\x5a\x54\x06\xa4\x5d\xeb\x0c\xc7\
\x7a\xe5\x3b\x97\x97\x5e\x7a\x69\x8c\x63\x59\xe6\xa6\xad\x7a\xb6\
\xaa\xfa\x5e\x91\x0e\x9d\x47\x1f\x7d\x74\x6b\x8d\xf0\xeb\xaf\xbf\
\x7e\xac\xf2\x3a\x29\xe8\x17\xa8\x1b\x57\x23\xd7\x0c\x1b\x86\xc6\
\xa2\x46\xf9\xd5\x57\x5f\x0d\x17\x2e\x5c\x18\x8e\xc3\xc3\x0f\x3f\
\xdc\x3d\xf7\xf9\xe7\x9f\x8f\xe9\xd5\x0e\x88\x0a\x40\x43\x02\xce\
\xed\xec\xec\x0c\xef\xbd\xf7\xde\xf8\xbd\x2a\x94\x76\x85\xfc\x3e\
\xf3\xcc\x33\xc3\xad\xb7\xde\x3a\x6c\x23\x3d\xb9\xd5\x19\xa1\x27\
\xf1\xf4\xd3\x4f\x1f\xa9\x33\xba\xed\xb6\xdb\x86\xc7\x1f\x7f\xfc\
\xb0\xec\x54\x16\x1e\xb7\x43\x1a\x1a\x08\x10\xe6\xe2\xc5\x8b\xe3\
\x6f\xca\xae\x55\xbe\xcb\xd0\x32\x3e\x73\x98\x93\x36\xc6\xe1\x9d\
\x77\xde\x19\xee\xbb\xef\xbe\xb1\xce\xd1\x41\xbe\xfa\xea\xab\xc3\
\x2a\x69\x75\xb8\xe8\x76\x95\x75\x79\x95\x50\x96\x37\xdd\x74\xd3\
\xb0\xed\x50\x47\x55\xcf\xae\x36\x36\x6e\x24\x68\x38\x54\x60\x2a\
\x0b\x96\x9a\x8e\x06\x9e\x78\xe2\x89\xc3\x0e\x14\x68\x54\x34\x30\
\x2a\x3c\x05\xa6\x06\x47\xa3\x7c\xe4\x91\x47\x0e\x3b\x98\x6f\xbe\
\xf9\xe6\x32\x43\xf3\xec\xb3\xcf\x8e\x0d\x87\x63\xbd\x86\x42\xba\
\x9c\xff\xe8\xa3\x8f\x46\x39\x18\xd5\x13\x3f\x69\x23\x07\xa3\x5c\
\x75\x02\xf7\xdf\x7f\xff\x28\x03\xd7\xf0\x9f\xeb\x90\x59\x71\x73\
\x8c\xc6\x4f\x3c\x74\xfc\x5c\x5f\xd3\xe5\x1c\x72\xd1\x38\x48\x83\
\xff\x0a\x53\xd3\xbb\xeb\xae\xbb\x0e\x75\x21\x59\x95\x2e\x9d\x0d\
\x3a\x20\xef\xb5\x02\x2b\x1c\x20\x1f\xff\x09\x87\xee\xe8\xe0\xf9\
\xc6\x00\x7c\xf2\xc9\x27\x97\xe9\x8f\x74\x75\x2d\x32\x2d\xd3\xb9\
\x10\x97\x3a\x49\xf4\xc7\x7f\xae\x77\x3d\xa9\x9c\x01\x3d\x4a\x6e\
\xca\x8d\x6b\x29\x67\xcd\x24\x30\x16\x2f\xbc\xf0\xc2\x15\x03\x07\
\xf4\x0b\x1c\x67\xa6\xd3\x6b\xbc\xd2\xb3\xf4\x5b\xcb\x09\x39\x6a\
\xfd\x11\xaa\x5f\xb5\x7c\xa9\x4b\x5c\xd7\x8a\x53\x90\x07\xd2\xc5\
\x00\xa0\x67\x97\xdb\x0d\x9f\xd2\x47\x4f\x0c\x90\xf8\x26\x5e\xf2\
\x83\x3c\xaa\x4b\xe7\xcf\x9f\xbf\xac\x1e\xa9\x8c\x08\x5b\xcf\x09\
\xc2\x50\xb7\x5e\x7c\xf1\xc5\x31\x1f\xc8\x81\xec\x5c\xf3\xc5\x17\
\x5f\x8c\xbf\xb9\x96\x30\xd2\x2f\xe7\x08\x4f\x59\x20\x03\x71\xee\
\xed\xed\x35\xf5\x8b\x7e\xd0\xbd\xd2\x57\x7b\xe1\x58\x2b\x2f\x82\
\x3c\xa1\x1f\xa5\xd1\xa3\x97\x47\x8e\x51\xef\xd5\x67\x28\xdd\x29\
\x9d\xd4\x7c\xd5\xba\x5e\xe5\x54\x19\x7b\x3c\x84\xe5\x38\xb3\x7e\
\xf2\x47\x3f\xe0\xe5\x48\x5d\x6e\xe9\x65\x5b\x8d\xf3\x52\xfc\xf6\
\xed\x5f\xec\xad\xf2\xb3\x2c\xfb\x4a\xdc\xdb\x6f\xa4\x7b\xfb\x85\
\x34\x7e\xc4\xbe\x82\xf7\xf6\x2b\xef\xde\x7e\x81\x8c\xff\xf7\x2b\
\xc6\x18\x56\xe7\xf6\x45\xdf\xdb\x2f\xa8\xf1\xc3\xef\xfd\x4a\x30\
\x9e\xf3\x78\x14\x8e\xff\x0a\xc7\x67\xbf\xa1\x5e\x26\x03\x71\x93\
\xd6\x7e\x01\x37\xe5\xab\x71\xec\x37\xb8\x2b\xfe\xc3\x7e\xa7\x7b\
\xf8\x9f\x73\xc4\xc9\xf5\xe4\x61\xbf\xc3\x18\xcf\x11\x46\xe7\xf6\
\x8d\xd2\x78\x1d\xc7\xd1\x81\xa7\xe7\x79\xdb\x6f\x04\xe3\x39\xbe\
\x5d\x16\xe2\xe0\x7f\x95\x5b\x69\xd5\x7c\x13\x4e\x32\x2a\x4d\x64\
\xf5\x38\xf6\x1b\xca\x15\xe9\x4b\x6e\xa7\x96\x97\x8e\xa9\x8c\x88\
\xbb\xa5\x0b\xbe\x39\xa7\x7c\xa2\x1b\xc9\x84\x0c\x6f\xbd\xf5\xd6\
\x61\x58\xc2\xa9\xfc\x6b\x99\x10\x27\xe7\x09\x2b\x28\x57\x95\x2f\
\x71\x7a\x3c\x7c\x4b\x36\xea\x4a\xd5\x0f\xdf\x53\x72\xab\x7c\x5b\
\x71\x22\xa3\xa7\x8d\xfe\xbd\x7c\xbd\x9e\xb5\xea\x18\xe1\x49\x4f\
\xe1\xf7\x0d\xcf\x18\x3f\xdf\x4a\x57\x75\x0c\xf8\xad\x3a\xcc\x35\
\xe4\x43\x7a\x52\x99\x78\x7c\x3a\xc6\x35\x7e\xed\xbe\x01\x3e\x3c\
\x47\x1a\xfc\xd6\x39\x64\xe2\x7f\x4b\x5e\xda\xd5\x7e\xa7\x78\x58\
\x76\xaa\x47\xbd\xbc\xa8\xfe\x2a\x1f\x3a\x47\xfa\x2e\x8f\xe3\xb2\
\x78\x1e\xf5\x1b\xa8\xab\xaa\x97\x1e\x5e\xf9\xf4\x7c\x79\x9a\xc8\
\xaf\xeb\xa9\x6f\xca\x13\xf5\x82\x34\x94\x96\xae\x55\xf9\x92\x0f\
\x7e\xab\xae\x78\xfc\xc0\x79\xf2\xeb\xd7\xd6\x3a\xb0\x6e\x56\xdd\
\x9f\xf3\xd9\xa8\x91\xd8\x1f\x51\x1c\x36\x2c\x35\x5c\x2f\x68\xef\
\xbc\xd4\xb9\x50\x00\xde\xa9\x82\x3a\x79\xf0\xce\xab\x86\x53\x27\
\x5b\x2b\xa5\x0a\xd4\x3b\x4f\x35\x3a\x75\x48\x82\x70\xde\x31\x29\
\x4e\xe2\x90\x21\xd3\xb5\x9e\x07\x75\xdc\xea\x84\xf8\x2f\xaa\x91\
\xf0\xce\xd7\x3b\xde\x7a\x4e\x69\xd7\x86\x4c\x03\xd1\x35\xa0\xb4\
\xdd\x48\xb8\x5e\xc8\x0f\x79\x6c\x9d\x93\xd1\x38\x8a\x91\x70\x23\
\x5f\x75\xef\xba\x71\x23\xd1\x8b\x5b\xf8\x75\xde\x31\xfb\x39\xbe\
\x35\x40\x90\xdc\x7c\xa3\x07\xe4\xe9\xe9\x51\x1d\x9e\x5f\xa7\x7a\
\x49\x63\xaf\x71\x2a\x3d\xc2\x54\x59\x5a\x90\x36\xfa\x24\x6d\xd2\
\x51\x3c\xc8\xa5\x8e\x54\x78\xf9\x01\x69\x23\x03\x6d\x46\x03\x22\
\xc1\xf5\x3e\x48\x22\x6e\xaf\x5f\x6e\x24\xbc\x2e\x83\x3a\x53\xd2\
\x57\x87\xe9\x7a\xa9\x75\x4b\x9d\x68\x3d\x26\x79\x5d\x96\x9a\x06\
\xed\xa3\x55\x8f\xaa\xce\xf8\xef\x75\x10\x88\x53\xb2\x20\x17\x46\
\x4a\x46\xb4\xa5\x13\xe2\x40\x2e\xe9\xad\xca\xa3\x73\x7e\x1d\xc7\
\x94\x3f\xc9\xa9\x63\x32\x12\x35\x1f\xe4\xd7\xeb\xad\x43\xba\x35\
\x1f\xeb\x66\x1d\x46\x62\xa3\xcb\x4d\xfb\x95\xf2\x70\xaa\xab\x75\
\x49\x2d\x1f\x68\xba\xcb\xf4\x8d\x30\x4c\xf7\x98\xd2\x69\x39\xc3\
\xa7\xaa\xac\x4f\x33\xa5\xf6\xf5\x70\xfd\xf6\xe9\x9e\x4f\xfd\x1d\
\xdd\x83\xe0\x1a\xa6\xc2\x2c\xc7\x90\x26\x4b\x1d\xe0\xcb\x1d\x9a\
\xe6\x0a\x5f\x4f\xd5\x52\x97\xc2\xfb\x74\x57\xe1\xc8\x0f\xb2\xb3\
\xc4\xd1\xc3\x65\xf6\xf4\xf8\xf6\x69\x2e\x4b\x51\x2d\x6a\xb8\x56\
\xbe\x3d\x0d\xe9\xb7\xa7\x5b\x2d\xef\x2c\x8b\xeb\x42\xf9\x57\xba\
\x47\x9d\x86\xab\x3e\x10\x9f\xe4\xa5\xec\xeb\xd2\x85\xce\x79\x7a\
\xd2\xb9\x96\x17\x84\x64\xf3\x72\xd5\x75\x2c\x1b\x28\x3e\x96\xe7\
\x7c\x09\xce\xef\x85\xcc\x01\xb9\x91\x1f\x58\xba\x60\x39\x8d\x36\
\xd0\xa2\xae\xd3\xab\x8c\x5a\xf7\xed\x90\x47\x65\xa4\xa5\xd5\x5e\
\xfd\xaa\x75\xc1\x97\x9a\x58\xc6\x99\x92\x01\x74\xcf\xae\xc6\xe1\
\x32\x55\xf9\xa4\x43\xda\x47\xbd\xb6\xb5\xe4\x84\x2c\xd2\x8f\x20\
\xdf\xca\x13\x72\x52\x2f\x39\xa6\xf0\x35\x4d\xc5\x4b\x99\xb1\xf4\
\xe7\xe7\x95\x2f\x96\x0a\x29\x0f\x96\x97\x7d\x59\x91\x65\x42\x96\
\xb0\xce\x9d\x3b\x77\xc5\x72\x19\xb0\x8c\x84\xbe\x09\x4f\xdd\xa3\
\x0c\x91\x81\x8f\xcb\x0c\xbd\x3e\xe7\x34\xb1\xb1\xa7\x9b\xa8\x6c\
\x28\x9a\x6f\x6e\x5c\xeb\xe9\x1e\xd6\x0e\x05\x95\x82\xca\x42\x41\
\xa2\x6c\x3e\xaa\x90\x5a\x6f\xd7\x3a\xf6\x4e\x59\x3f\xe7\x37\xe1\
\xfc\x69\xa5\x5e\x83\xa4\xd0\x91\x81\x6b\xb4\xfe\x7f\x94\x27\x2e\
\x90\x4f\x95\x05\xa8\x40\xe0\x37\xa5\xa9\x7c\xc8\x4e\xc5\x5d\x16\
\xe4\xd3\x9a\xbd\xc7\xdf\x92\x63\x4e\xb8\x56\xfc\xc0\xb5\x42\x9d\
\xda\x49\xd3\xeb\x78\x19\x44\xd4\x3a\x83\x8c\x35\xbc\x1a\xa7\xea\
\x09\x75\x4d\x4f\xf9\x68\x7d\x5e\xd7\x28\xcc\x22\xc3\x45\xc7\xe4\
\xe5\xab\x7b\x2b\xad\xfb\x01\xad\x9b\xdf\xfe\x74\x0c\x32\x68\xad\
\x7b\x19\xea\x20\x05\xdc\xe8\x11\x2f\xf5\x6d\xd9\xfa\xc5\x75\xe8\
\xd6\xe9\x3d\x68\x51\x65\x9e\xf3\x34\xda\x70\x20\x7b\x8d\xb3\x95\
\x86\x6e\x12\xd3\x59\xeb\x43\xbb\x54\x99\xd2\x47\x70\x4c\x79\x24\
\xbf\x55\x27\xd4\x09\x8e\x71\x7f\x8f\xc1\xa5\xc7\x45\xdd\x21\x1f\
\x9c\x27\x5e\xfa\x05\x0c\x81\xee\x11\xe9\x7a\xc2\x32\x78\xac\x7d\
\x01\xb2\x21\xb7\x1b\x27\xf5\x3f\x9e\x0e\x46\x64\x5b\x1f\x48\x59\
\x86\x8d\x19\x09\x75\x44\x14\xc2\xfe\x2c\x69\xfc\xa0\x58\x6f\x60\
\x9a\x39\x10\x96\xc2\x04\x59\x7c\x0a\x91\x0a\xc0\x87\x42\xd4\xa8\
\xdf\x21\x1c\xe7\x14\xae\xd7\x59\xaa\xf2\x12\x86\x8e\x40\xb3\x96\
\x65\xe1\x1a\xe4\x23\x0e\x3e\xc8\x4c\xe5\xf3\x51\x3d\xff\x91\x0b\
\x63\xb1\xec\x23\x75\xba\xf1\x4b\xdc\xc8\xda\xeb\xc0\x09\x47\x1e\
\x14\xce\x0d\xef\x14\xd2\x2d\xfa\xe6\x06\x1d\x9f\xa9\xc6\xaf\xc7\
\x3e\xf9\xb8\x61\x39\x2e\xea\xc4\x91\xdd\x1b\xbf\x66\x8b\x34\x6a\
\xd5\x19\xea\x4f\xab\x53\x46\xcf\x94\xab\x1e\x89\x66\xc0\xc1\x88\
\x96\x63\xd4\x15\xe2\x97\x7e\x34\x2a\x5c\x64\x24\xf4\x94\x90\xea\
\x89\x3a\xae\x3a\xd2\xd4\x63\xb4\x55\x27\xc8\xab\x07\x29\xd4\xc9\
\x2c\x4a\xb3\xa2\x0e\x8a\x34\x88\x47\x8f\x66\xba\x0c\xd4\x2d\x46\
\xd0\xcb\xd4\x2f\xae\xd7\x13\x57\xba\xe1\xcf\x0d\xee\x0a\x75\x84\
\x19\x2c\x06\x57\xf9\x60\xe6\x3d\xe7\x09\x25\x74\x4c\x58\xe5\x5d\
\x33\xf6\x0a\x3a\x65\x96\xa0\x9b\xca\x1a\x54\xa9\x9d\xfa\xac\x90\
\xff\xe8\x04\x59\x24\xbb\x74\x42\x38\xca\x8c\x6b\x3d\x4d\xcd\x40\
\xa8\x4f\x4a\x03\x03\xa9\x3c\x28\x6f\xba\xc9\xdf\x92\x91\x34\x19\
\xa4\xe8\x41\x1b\x60\x86\xe3\xe5\x4b\x3c\xcb\x96\xef\x36\xf2\xfd\
\xbf\x79\xe8\xaf\x9f\x19\x56\xc8\x0f\x6e\xb9\x63\x56\x38\x35\x52\
\x9f\x16\xa3\xd0\xeb\xae\xbb\xee\xd0\x2a\x5f\x7b\xed\xb5\x63\x47\
\x75\xe7\x9d\x77\x8e\x05\xa0\xc2\xe2\x3f\x1d\x2f\x61\xef\xbd\xf7\
\xde\xe1\xb9\xe7\x9e\xbb\x62\x89\x84\x8a\x46\x38\x8e\xdf\x78\xe3\
\x8d\xe3\x37\x15\x86\x06\xce\x6f\x2f\x78\xc2\x21\x07\xd3\xcb\x5b\
\x6e\xb9\x65\x2c\x78\xe2\x05\x8e\xdd\x71\xc7\x1d\xe3\x71\xf1\xe3\
\x1f\xff\x78\xbc\x46\x28\xfe\x1b\x6e\xb8\x61\x94\x8b\xff\xaa\xa0\
\x3f\xfb\xd9\xcf\xae\x08\x47\xdc\xea\x80\x91\x93\x7c\xd0\xf0\x48\
\x63\x2a\x3d\xc2\x12\x3f\xd7\x6a\xc9\xea\x8d\x37\xde\x18\x1b\xb8\
\x87\x57\x23\x22\x5e\xc2\xd1\x29\x72\x0d\x69\x20\xa3\xd2\x53\x05\
\x26\x4d\xc5\x4f\x78\xbe\xd1\xd3\x43\x0f\x3d\x34\xe6\x41\x72\x53\
\x1e\x0e\x72\xa9\xac\xb8\x9e\xb8\xd1\xbd\x74\xd3\xd3\x93\xe2\x91\
\x1c\x2e\x13\xbf\xd1\x0f\x32\xd4\xf0\x5f\x7e\xf9\xe5\x28\xd7\x63\
\x8f\x3d\x76\x59\x5e\x91\x9f\xeb\xd0\x81\x74\xa3\xb2\x50\x3c\xe4\
\x43\x03\x0d\xe9\x87\xeb\x38\x4f\x79\x7b\x3d\x44\x6e\xaf\x4f\xb5\
\x7c\x3d\x4e\x37\xc0\x4a\x9b\xf3\xfc\x46\x7f\xae\x33\x74\x41\x99\
\xd3\x21\xb1\xf4\x42\xbd\xd5\x79\xe2\xf6\x0e\x45\xb2\x39\x9a\x1d\
\x23\xeb\xa7\x9f\x7e\x3a\x7c\xf8\xe1\x87\xc3\x77\xdf\x7d\x37\x96\
\xaf\xe2\xd1\x75\xc8\xc9\x79\x74\xc2\x39\xc5\xd5\x7a\xca\x8f\x73\
\x84\x41\x76\x75\x98\xaa\x1f\x2d\x39\xc8\x07\xf1\xbc\xfb\xee\xbb\
\x63\x3e\xd0\x1f\xe5\xa7\x70\xe4\x85\x4f\xcd\x0b\xd7\x50\xb6\xc4\
\x8f\x6c\x0f\x3e\xf8\xe0\xe1\x8c\xaa\x76\xc4\xc8\x4f\x79\x2b\x0d\
\xe9\x8a\xce\x57\xe5\x88\x1c\xc4\x43\x1c\xe8\x9a\x3e\x85\xb8\x09\
\xf7\xf2\xcb\x2f\x1f\xe6\x57\x46\x84\x73\xf7\xdc\x73\xcf\x61\x59\
\x73\x1c\x3d\x72\x9c\x11\x3f\xc7\xa5\x07\xd2\x25\x6e\xca\x58\x6d\
\xcb\x75\xa7\x32\xf6\x7a\xa2\xba\xee\x32\xbb\x1e\x4e\x82\x3f\x7c\
\xf6\x77\xc3\xaa\x39\x37\xde\xbd\x5e\x21\xd7\xdd\xf7\xd3\x21\xac\
\x07\x8d\x70\x18\x49\x53\x59\x19\xb5\x30\x6a\xe4\xd1\xdd\xb3\xb0\
\xf6\x19\x36\x87\x8c\x83\xcf\x48\xe8\x34\xf9\x5c\xbc\x4a\xdf\x0f\
\x38\x8d\xfc\xee\x9d\x5f\x0e\xab\x66\xe3\xef\x49\x84\xf9\x30\xaa\
\x61\x8a\xcb\x68\xda\x6f\xe6\xc7\x40\x84\xe3\xb2\x73\xf0\x0e\x02\
\x83\x10\x66\xed\xba\x3f\x11\x03\x11\x32\x93\x38\x65\xe8\xc9\x0f\
\xd6\x4a\x99\x22\xa7\x11\x87\x55\xe2\xf7\x4a\x52\xb7\x4e\x1f\x99\
\x49\x84\xc3\x7b\x00\x21\xac\x83\x18\x86\x50\xc9\x56\xe1\x21\x84\
\x10\xba\xc4\x48\x84\x10\x42\xe8\x12\x23\x11\x42\x08\xa1\x4b\x8c\
\x44\x08\x21\x84\x2e\x5b\x6b\x24\x78\x61\x66\xf7\x18\x8e\x52\x78\
\x84\xef\x28\x6f\x01\x1f\xf5\xba\xd3\x86\xbf\x49\xad\x6d\x2e\x4e\
\x33\x7a\xe3\x36\x2c\x8f\x5e\x4e\x73\x78\x07\x67\x93\xfa\x6c\xc9\
\x74\xd2\xac\xa3\x2f\x38\x8d\x9e\x33\xb7\xd6\x48\xb0\x1f\xfd\x71\
\x60\x5b\x02\xde\x7a\x3c\xa9\xeb\x4e\x1b\x6c\x4f\x20\x23\xec\x9b\
\x19\x9e\x56\x68\x78\xc7\x19\x54\x5c\xcd\xb4\xda\x1a\x2f\xd5\xd5\
\x0d\xff\x4e\x92\xe3\xb6\xff\x55\xb0\x8e\xbe\x40\x7e\x71\x4e\x13\
\x1b\x7d\x04\xb6\x3a\xfd\xd0\x46\x5d\xbe\xd7\x51\x2b\x9c\x6f\xd1\
\xa1\x0d\x00\xab\x43\x11\x60\x8f\x16\x39\x9d\xa9\xe7\x7a\x8e\x48\
\xa6\xe8\x39\x14\x99\x72\x78\xc2\x71\xf6\x84\xa1\x62\xd4\x73\x2d\
\xa7\x32\x54\x22\x6d\x55\x20\xe4\xd4\x44\x1b\x19\x6a\x0f\x23\xc9\
\xed\x72\xc9\x89\x8c\xf6\x9e\xe1\x77\x2b\x0d\x79\x51\xd3\x5e\x46\
\x4a\x77\x4a\x37\xa4\xc1\xfe\x43\x7c\xb7\x74\xea\x4c\xe9\xb7\xe6\
\x5b\x7b\x27\x21\x0f\x79\x53\x1a\x53\x8e\x5b\x6a\xfc\x75\xef\xa0\
\x65\x9d\xe2\xcc\x71\xf0\xd3\xaa\xa3\x35\x1d\xe5\x65\x91\x0e\x04\
\x32\xc9\xb1\x16\xa8\xdc\x88\x7f\x51\x39\xf8\xe3\xaa\x8a\xc7\xf3\
\xc7\xd6\x1a\xf5\x91\xd6\x5e\x7b\x10\xe4\x95\xeb\xb4\x11\x22\xf5\
\x87\x63\xe4\xbb\xa5\x1f\xa7\xea\x8a\x78\xf4\x16\xb7\x9c\x8b\xb9\
\xc3\xa1\xa9\x3a\xd1\x83\xb8\xb5\x47\xd3\x9c\xf2\x98\xd3\x46\xe7\
\xf6\x05\x7a\xd9\xb0\x3a\x23\x92\xdc\x5c\xaf\xfd\xe6\x6a\x7f\x45\
\xbd\x96\x0e\x95\x5f\x79\x25\xdc\x7a\x47\x45\x9b\xf4\x27\x71\xb1\
\x38\x0a\x61\xaf\x7d\xed\xd9\x7e\xf1\x60\x4f\xf7\x96\x33\x14\xed\
\x89\xef\x8e\x3d\xd8\xf3\xdd\x1d\x8a\x2c\x72\x7e\x72\xb1\xe3\x88\
\xc4\xf7\x87\x77\x38\x4f\x38\x77\x28\xa2\x3d\xe5\xa7\x9c\xc0\x0c\
\xe6\x3b\x42\x4e\x57\x14\x07\xf9\xd0\x6f\xdf\xd7\xbf\xee\xaf\x7f\
\xd1\x9c\x9a\xe8\x7a\xc9\xe4\xba\xc1\x1f\xc0\x45\xf3\x1d\xb0\x5f\
\xd9\x2e\x93\x59\xfa\xe0\x3f\x7b\xe2\xcb\x39\x0f\xec\x37\xe8\xae\
\x6e\xb4\x27\xbe\x1c\xd1\xf8\xb9\xea\x07\xc1\xe3\x50\xdc\x55\xbf\
\xee\xb0\x86\x73\x3b\xc5\xa9\x4f\x2b\x3f\xad\xf8\x3d\x1c\xba\x94\
\x2c\xd5\x29\x0e\xbf\xa7\x9c\xe2\x10\x57\xcf\xc1\xcf\x54\x1d\x95\
\x5f\x83\x56\x3a\x53\x7a\x74\x2e\x16\xc7\x34\x72\xa4\xb3\xa8\x1c\
\x6a\x1d\x55\xf9\x29\x7f\xf2\xa7\xe0\x10\x07\x1f\xfd\xf6\xb6\xa6\
\xfc\x48\x0f\x5e\x0f\x29\x93\xaa\x9f\x96\x33\xa8\x56\x3b\x90\xcc\
\x72\x4c\x24\xff\x0c\x94\x91\xf2\xd0\xaa\x13\x5e\x06\x62\x51\xb9\
\x57\xa7\x3f\x2e\xcf\xc5\x8e\x13\xa3\xb9\x7a\x76\x07\x45\xee\x8c\
\x48\xbe\x50\x48\xb7\xd7\x1f\xd0\xd6\x14\x27\xfe\x2b\x48\x43\x61\
\x5b\x8e\x8a\xa6\x7c\x92\x2c\x62\x1d\xfe\x24\x36\xb6\xdc\x84\x65\
\xc5\xfa\x6b\xa4\xc3\xb7\xfc\x16\x3b\x58\x5c\xdf\x3f\x86\xdf\xb2\
\xd6\x58\x5d\xb9\x88\x64\xc4\xc3\x7f\xdf\x02\x9a\xb0\x1a\x1d\x33\
\xca\xd2\xfa\x22\xbf\x19\x3d\xeb\x9c\xae\xeb\x2d\x57\xc8\x75\xa1\
\xb6\x11\xd7\x96\xc0\x1a\xf9\xba\x7c\xda\x15\x54\x23\x06\xfe\x6b\
\x43\x31\xbd\xc5\xaa\xad\x95\xf5\xd9\x39\xf0\x67\x31\x07\x46\xa9\
\x9a\x45\x69\xa7\x5a\xa5\x8d\x3e\x7d\xbd\x93\xb4\xab\xcc\x72\xd5\
\xca\xe6\x64\xad\x17\xf3\x5a\xba\x61\x64\x2a\xdd\x68\x03\x3b\x9d\
\x6b\xc9\x4d\x1a\xc4\xb1\x63\x2e\x59\xb5\x74\x81\x5e\x18\xb5\x49\
\xa6\x3a\x6a\xbc\x78\xe0\x4b\x44\xf9\x91\xfe\x9d\x5a\x27\xb4\xe9\
\x9e\xc2\x52\x56\x9e\x86\xdc\x5b\x0a\x0f\xaf\x7b\x5f\x1a\xcd\x13\
\x5e\x5b\xbe\x2f\xaa\xa3\xc8\x51\xd3\x91\x9e\x34\xa3\xa8\xe9\xd4\
\xbc\xc8\x27\x01\x70\x5e\x3e\x17\x5a\xe5\xe0\xdb\x94\x4f\x21\xdd\
\xd4\x4d\xf3\x88\x9b\xcd\xf6\x14\x9f\x8f\x98\x99\x61\xec\xf7\x31\
\x97\xcd\x6a\x84\xe4\xd1\x6f\xd5\x61\x07\x5d\xb8\x1f\x68\x6d\x9c\
\xe8\xc8\x15\x2d\x1f\xea\xae\x6f\xe3\x5e\xeb\x44\x2b\x9f\x53\xe5\
\x0e\xb4\x6f\xcd\xa4\x89\x47\xfe\x6a\xb4\x73\x6c\x95\x4d\xb3\x80\
\x5a\x4e\xd4\x77\x2f\x27\x64\x41\x6f\xaa\x8f\x92\x51\x6d\x9c\x78\
\x49\x57\xb3\xfc\xda\x1f\xb8\x8f\x09\x66\x0b\x6a\x7b\xca\x93\xcb\
\x4c\x1b\xdd\xb6\x7b\x6b\x1b\x5b\x6e\xa2\x21\xd7\xbd\xd6\xf9\x5f\
\xf7\xb4\x67\xfb\x89\xea\x5c\xe7\xa2\xf9\x45\xae\x9d\x1c\xff\xb5\
\xff\x7b\xcf\xf9\x09\x71\xb6\x76\xd8\x9c\x32\x12\xad\x74\x94\x8f\
\x96\x13\x18\x35\xfc\x7a\x4e\x7b\x2e\x69\x5a\xcb\xbd\x01\xa8\x5b\
\x8a\xf7\x68\xa5\xd5\x3b\x5f\xf3\xa8\xce\x6f\x8a\x96\x6e\xe4\x47\
\xa1\x95\x5e\x0b\xd6\x72\x7b\x4e\x60\x5a\xe9\xef\x14\x07\x48\xf5\
\x1c\xfa\xf2\xe3\xad\x3a\xc1\x72\x13\xc7\x7b\x4e\x71\x7c\x39\xaa\
\xa6\xd7\xcb\x13\x65\x5b\xcf\xb5\xea\x68\x2b\x2e\x6d\x9f\xe2\x0d\
\x5e\xf5\xcf\x41\x2f\x74\xd0\xea\x34\xd5\x71\xb7\xca\xa1\xd5\x39\
\xf7\xe4\x68\xa1\x2d\xf6\xb5\x03\xae\x77\xe2\x74\xb0\x6c\x14\x39\
\x27\xbe\x9e\x4f\x89\xba\xb4\x35\xa7\xae\x40\xeb\x46\x6e\x6b\x3f\
\xb2\x56\xb9\x6b\x49\x6b\xb7\xb1\xed\xba\xfe\xcb\xd1\x97\xe3\xf5\
\x71\xd1\x43\x0f\xbb\x0d\x27\x48\x4a\xbb\xd2\x72\x0a\xd5\xdb\x46\
\xbd\x17\x6f\xab\x9e\x6c\x92\x8d\xcd\x24\x50\x70\xbd\x39\xd5\x6a\
\x00\x28\xbc\x86\x93\x1f\x05\x37\x08\x1e\xc7\xa2\x0d\xef\x76\x1a\
\xce\x4f\xa6\xae\x6b\x35\x0a\xae\xd7\x08\x65\xb7\xe1\x04\x66\x91\
\x0c\x32\x14\x8c\x76\xf8\xc8\xe1\x49\x4d\x6b\x4e\xa7\xd0\xa3\xe5\
\xe0\x65\x51\xc3\x45\xee\xa3\x5c\xe7\x54\x3f\x10\x20\xdf\x06\xc4\
\xdf\xea\x60\x96\xa1\x55\x27\x24\xb3\x9c\xc9\xd4\xf8\x5b\xbe\x11\
\x16\xa1\xb5\xf9\x1a\x97\xff\xae\x65\xa5\xf3\x9a\x51\xba\x13\x1a\
\x06\x01\x3d\xdf\x04\x5a\x93\xd7\x40\x61\x51\x39\xd4\xa7\xd3\xe6\
\xe4\x8f\xb6\x82\x81\xa0\xfd\xc8\xb7\x83\xc0\x48\xd5\xce\x6a\x19\
\x7a\xf2\xce\x41\x03\x01\xa7\x55\x27\xe8\x6c\xab\x81\xd6\x60\xac\
\x17\x87\x74\x56\xfb\x09\x39\xe5\x9a\x53\x4e\xba\x47\xe8\x61\xb8\
\xe6\x62\x63\x0b\x93\x56\x5a\x3d\x07\x66\x3b\x1d\x47\x45\x73\x06\
\x8b\x27\xc9\xc6\x66\x12\x1a\x41\xa1\x24\x1a\x23\x85\xad\x29\xab\
\x43\x61\xc8\x93\x14\xe1\x68\x48\x72\x1a\x82\x42\xa9\xd8\x72\x18\
\xa3\x9b\x6e\xbd\x91\x94\xd0\x75\x30\xe7\x3a\x8e\xcb\xdb\x17\xcb\
\x26\x54\x46\x7e\x53\xa8\xba\x1e\xb9\x74\x13\x8d\xff\xbd\x51\x99\
\xa0\xe2\xd0\x48\xb5\x6c\xa5\x74\x88\x9f\x9d\x5e\x77\x0e\xf6\xd8\
\x3f\x8a\x07\x3b\xa7\x25\xb3\xf2\x8d\xcc\xf5\xe6\xa6\x77\x16\xae\
\x9b\x65\x8c\x44\x2b\x0e\x8d\x8e\x28\x4f\xce\x69\xa9\xec\x28\x4f\
\x7a\xb4\xea\x04\x9d\xa4\x76\xc7\x25\xbf\x4a\x43\x37\x11\xe7\x38\
\xc5\xa9\x78\x1d\xd5\x0c\xc2\xeb\xa8\xf2\xa9\xa5\x0b\x2d\xe5\x49\
\x46\xb9\xc5\x94\x0e\xf6\xf6\xda\x7b\x69\x12\x0f\xf9\xf1\xce\x61\
\xaa\x1c\x08\x47\xdc\xc8\xa4\x59\xeb\xa2\x3a\x0f\xc8\x4e\x58\xf4\
\x83\x91\x75\x9d\x60\x3c\xc8\x03\x75\xf2\x28\x4f\xba\xa1\x93\xbd\
\x03\xa7\x4a\xaa\x6f\x73\x9f\x50\x9a\x5b\x27\xc8\xb7\x3c\x48\xaa\
\xdc\x69\x47\xaa\xbf\x72\xfa\xa3\xf4\xc9\x8b\xb6\xd5\xc7\x30\xa2\
\x43\xce\xa9\x8d\xb2\x54\x5a\xcb\xc9\xfb\x17\x31\xd5\xfe\x2b\xaa\
\x33\xfe\x00\x80\x1b\x09\xe2\x92\x83\x23\xad\x26\xcc\x89\x77\x93\
\x6c\xcc\xe9\x10\xc8\x3d\x29\x4a\xc3\xd1\x0e\x8e\x43\xaa\x63\x0f\
\xfe\x73\xdc\x9d\x83\xb8\x97\x3a\x14\x2d\x27\x26\xee\x50\x04\xa6\
\x9c\x9f\x2c\x73\x1d\x10\xbe\x3a\x8c\x51\x18\x39\x3c\x99\x72\x02\
\xe3\xec\x1c\xac\x7b\xe3\x80\xe5\xcd\x37\xdf\x1c\xe3\x7b\xea\xa9\
\xa7\x0e\xd7\x6b\x75\x9c\x8e\x8f\xe3\xee\xd0\x45\xc6\x43\x90\x8e\
\x3b\x1c\x92\xde\xb4\x8e\x4a\x25\x54\x1a\x2e\xb3\xf2\xf3\xd9\x67\
\x9f\x8d\xce\x52\x8e\xaa\x9b\x56\xfe\xa6\xe2\x40\x56\xd2\xa3\x23\
\xd0\xd3\x20\xc4\xa7\x38\x5a\xf9\x91\xe3\x1c\xcf\xb3\xd7\x09\x1a\
\x23\xf1\xab\xee\x1c\xd5\x29\x4e\x2b\x4d\xd5\x51\xf2\x51\xeb\x28\
\xe9\x10\x4e\x79\x21\x1d\xd2\x74\xe7\x35\xee\xec\xc6\x9d\x25\x39\
\x84\xfd\xd5\xaf\x7e\x35\x3a\xa8\x52\xd9\x4e\xe9\x50\x71\x93\x2e\
\x75\x84\x0e\x06\x27\x48\xbd\xfc\x09\x77\x7a\x04\x7e\xff\x41\x4e\
\xba\x70\xf4\xa3\x7a\xa8\xba\x36\xe5\x00\xc9\xd1\x13\x59\xc8\x2b\
\xe7\x48\x5e\x9e\x7c\xb7\xea\xee\xa2\x3a\xb1\x4c\xb9\x83\xca\x9d\
\x76\x28\x3d\x20\x9b\xae\x73\x27\x46\xb5\x9c\x88\xd3\xcb\x49\xba\
\x9c\x6a\xff\x5e\xb7\xc0\x9d\x42\x91\x37\x39\x9f\x52\x5e\xbf\xfd\
\xf6\xdb\xf1\x1c\x71\xaa\xae\x2a\xef\xb4\xf7\x65\x06\x64\x95\x38\
\x1d\x0a\xb3\x61\xd4\x48\x85\xae\x37\x0f\xc3\xea\xd0\x5a\xb7\x37\
\x6a\x46\xba\x73\x1f\x42\x10\xbb\x07\x6e\x35\x7b\x3e\xd8\x43\x98\
\x4b\xb6\x0a\x0f\x61\x8b\xd0\x93\x2b\xf2\x9f\xcd\x52\xc5\x51\x7c\
\xa3\x57\x1f\xd5\x21\x6c\x13\x31\x12\x67\x94\xfa\x42\x5e\x58\x3d\
\xe8\x98\xf5\x63\x3d\x76\xcd\xef\x39\xf7\x06\x2a\x18\x88\x78\x17\
\x0c\xdb\x4a\x8c\xc4\x19\x45\xeb\xca\x61\xbd\xe8\x09\x95\xe3\x10\
\x03\x11\xb6\x99\xec\x02\x1b\x42\x08\xa1\x4b\x8c\x44\x08\x21\x84\
\x2e\x31\x12\x21\x84\x10\xba\xc4\x48\x84\x10\x42\xe8\x72\x2a\x8d\
\x04\xaf\xd4\x6b\x9b\x87\x10\x42\x08\xeb\xe3\x54\x3e\xdd\xc4\xd3\
\x20\x79\x22\x24\x84\x10\xd6\xcf\x46\x67\x12\xda\xab\x84\x17\x92\
\xb4\x0f\x8b\xbb\x0b\xe4\x8d\x56\xce\x69\xeb\x60\xed\x63\xa4\xed\
\xa0\x81\x63\xda\x49\x91\x4f\xdd\x54\xac\xc6\xd1\xda\x0a\x39\x84\
\x10\x42\x9b\x8d\x1a\x09\x36\xd6\x62\xaf\x14\x5e\x42\x62\xc3\x2b\
\xf6\x94\xd7\xa6\x60\xea\xfc\xd9\x7f\x85\x0e\x9e\x73\x32\x20\xbe\
\x79\x98\xb6\x9f\x20\x9c\x76\xb6\x94\xa1\xe0\x77\x8d\xe3\xb4\xb9\
\x0e\x0c\x21\x84\x4d\xb2\xb1\xe5\xa6\x96\x43\x17\x3a\x7e\xed\x88\
\x4a\x47\xaf\x3d\x70\x78\x29\x8c\x19\x00\xbb\x7c\xb6\x90\x3b\x53\
\x85\x23\x1e\x96\xa3\x30\x10\x35\x8e\x96\x63\xa3\x10\x42\x08\x6d\
\x36\x36\x93\xa0\x03\xaf\xdb\x37\x57\x27\x44\xce\x94\x73\x18\x3f\
\xce\x1e\x3a\xee\xf1\xad\xc6\x71\x94\x2d\xa3\x43\x08\xe1\x6a\x65\
\x6b\x9d\x0e\x4d\x39\x74\x99\xc3\x2a\x9d\xcf\x84\x10\xc2\xd5\xca\
\xc6\x8c\x84\x7b\xe3\x92\x13\x10\xbf\x5f\x20\xa7\x2b\xcc\x38\x08\
\xc7\xfd\x85\x65\xf6\x22\x72\xe7\x33\x1e\x87\x66\x12\xf2\x04\x17\
\x42\x08\xa1\xcf\x46\x1f\x81\xe5\x7e\x01\x4f\x1f\xc9\x43\x9a\xbc\
\x46\x01\x37\x9a\xe5\x58\x85\x0e\x9f\x9b\xdb\xdc\xe8\x06\x5f\x46\
\xaa\x5b\x2c\xfb\x39\xe2\x90\x37\x2e\xc5\x21\xef\x5f\x18\x8b\xea\
\x3b\x39\x84\x10\xc2\xe5\x6c\xad\xd3\x21\xb9\x1a\x74\x9f\xbe\x18\
\x89\x65\x1c\xba\x68\x9f\x7e\x19\x02\x0c\x10\x33\x8b\x65\x9d\xc2\
\x84\x10\xc2\x69\xe0\xaa\x72\x3a\xc4\xcc\xe2\xb8\x0e\x5d\x88\x03\
\x4f\x61\xf2\xce\x86\xd1\xd8\x36\xff\xb1\x21\x84\xb0\xcd\x6c\xb5\
\xfb\x52\x39\x11\x67\x16\xc1\x32\xd1\x51\x96\x86\x56\x11\x47\x08\
\x21\x9c\x06\xae\x3a\xf7\xa5\xab\x70\xe8\xb2\x8a\x38\x42\x08\xe1\
\x6a\x25\xbb\xc0\x86\x10\x42\xe8\x12\x23\x11\x42\x08\xa1\x4b\x8c\
\x44\x08\x21\x84\x2e\x31\x12\x21\x84\x10\xba\xc4\x48\x84\x10\x42\
\xe8\x12\x23\x11\x42\x08\xa1\x4b\x8c\x44\x08\x21\x84\x2e\x31\x12\
\x21\x84\x10\xba\xc4\x48\x84\x10\x42\xe8\x12\x23\x11\x42\x08\xa1\
\x4b\x8c\x44\x08\x21\x84\x2e\x31\x12\x21\x84\x10\xba\xc4\x48\x84\
\x10\x42\xe8\x12\x23\x11\x42\x08\xa1\xcb\xca\x8d\xc4\xde\xef\xbf\
\x1b\x42\x08\x21\x9c\x0d\x56\x6f\x24\xbe\xf9\xcd\x10\x42\x08\xe1\
\x64\xf9\xd3\x6f\xfe\xcb\xb0\x0e\x56\x6e\x24\x7e\xff\xd9\x87\x43\
\x08\x21\x84\x93\xe5\x0f\xff\xf9\xef\x87\x75\xb0\x72\x23\x81\x35\
\x8b\xa1\x08\x21\x84\x93\xe3\xf7\x9f\x7e\x38\xfc\xf1\x1f\xd6\x63\
\x24\xd6\xe2\xbe\xf4\x0f\x9f\xfe\xdd\xb0\xf7\xdb\xff\x3e\x5c\xf3\
\xcf\x7f\x3c\x7c\xef\x2f\xfe\x72\x08\x21\x84\xb0\x5a\xb8\xff\xcb\
\xf2\x3e\x83\xf2\x75\x2d\x35\xc1\xda\x7c\x5c\x63\xd5\xd6\x65\xd9\
\x42\x08\x21\x9c\x0c\x79\x04\x36\x84\x10\x42\x97\x18\x89\x10\x42\
\x08\x5d\x62\x24\x42\x08\x21\x74\x89\x91\x08\x21\x84\xd0\x25\x46\
\x22\x84\x10\x42\x97\x18\x89\x10\x42\x08\x5d\x62\x24\x42\x08\x21\
\x74\x89\x91\x08\x21\x84\xd0\x25\x46\x22\x84\x10\x42\x97\x18\x89\
\x10\x42\x08\x5d\x62\x24\x42\x08\x21\x74\x89\x91\x08\x21\x84\xd0\
\x25\x46\x22\x84\x10\x42\x97\x18\x89\x10\x42\x08\x5d\x62\x24\x42\
\x08\x21\x74\x89\x91\x08\x21\x84\xd0\x25\x46\x22\x84\x10\x42\x97\
\x18\x89\x10\x42\x08\x5d\x62\x24\x42\x08\x21\x74\x89\x91\x08\x21\
\x84\xd0\x25\x46\x22\x84\x10\x42\x97\x18\x89\x10\x42\x08\x5d\x62\
\x24\x42\x08\x21\x74\x89\x91\x08\x21\x84\xd0\x25\x46\x22\x84\x10\
\x42\x97\x18\x89\x10\x42\x08\x5d\xae\x19\xd6\xc4\xf7\xfe\xd9\x5f\
\x0e\x3f\xb8\xe5\x8e\xe1\xdc\xf9\xbf\x18\xce\xfd\xe0\x87\x43\x08\
\x21\x84\xd5\xf2\xa7\xdf\xfc\x97\xe1\x0f\xff\xf0\xf7\xc3\x1f\xff\
\xf3\xdf\x0f\xeb\x62\x2d\x46\x02\xe3\x70\xcd\xbf\xfa\xd7\x43\x08\
\x21\x84\xf5\xf1\xbd\xbf\xf8\xcb\xe1\x7f\xda\xff\xfc\xe1\xcf\xfe\
\x7c\xf8\xfd\x67\x1f\x0e\xeb\x60\xe5\xcb\x4d\xdf\xff\xe7\x3f\x8e\
\x81\x08\x21\x84\x13\xe4\x9a\x5b\xfe\xf5\xb8\x7a\xb3\x0e\x56\x6e\
\x24\xae\xf9\x17\x3f\x1e\x42\x08\x21\x9c\x2c\xac\xe0\xac\x83\x95\
\x1b\x09\xa6\x3f\x21\x84\x10\x4e\x16\xee\xff\xae\x83\x3c\xdd\x14\
\x42\x08\x67\x80\x75\x3d\x20\x14\x23\x11\x42\x08\xa1\x4b\x8c\x44\
\x08\x21\x84\x2e\x31\x12\x21\x84\x10\xba\xc4\x48\x84\x10\x42\xe8\
\x12\x23\x11\x42\x08\xa1\x4b\x8c\x44\x08\x21\x84\x2e\x31\x12\x21\
\x84\x10\xba\xc4\x48\x84\x10\x42\xe8\x12\x23\x11\x56\xca\xee\xee\
\xee\xf0\xe8\xa3\x8f\x0e\x2f\xbd\xf4\xd2\x65\xc7\x2f\x5d\xba\x34\
\x1e\x7b\xfb\xed\xb7\xc7\xff\xfc\x7e\xe2\x89\x27\x86\xaf\xbf\xfe\
\x7a\xd8\x24\xc8\x8b\x1c\x55\xde\x10\xc2\xff\xcf\xda\xb6\x0a\x0f\
\x27\x03\x9d\xec\xeb\xaf\xbf\x3e\x7e\x5f\xb8\x70\x61\xb8\xef\xbe\
\xfb\x86\x9d\x9d\x9d\x61\x53\x60\x0c\x5e\x7b\xed\xb5\xf1\xb7\x64\
\xc1\x30\x3c\xf0\xc0\x03\xe3\xb1\x47\x1e\x79\x64\xb8\x78\xf1\xe2\
\xd8\x31\xc3\xcd\x37\xdf\x3c\x3c\xfe\xf8\xe3\xc3\x51\x21\xbd\x4f\
\x3e\xf9\x64\xcc\x3f\x69\xdd\x75\xd7\x5d\x97\xe5\xff\xdc\xb9\x73\
\xe3\xf7\xe7\x9f\x7f\xde\xd4\x8b\x8c\x97\xcb\x7b\x5c\x16\xc9\x14\
\xc2\x69\x22\x46\xe2\x14\x43\xe7\xcb\xa8\xdd\x47\xe3\x74\xbe\xcf\
\x3c\xf3\xcc\xf0\xf4\xd3\x4f\x0f\x9b\x00\x03\xc0\xc7\x3b\x46\x75\
\xc2\xf7\xdf\x7f\xff\x28\x17\xc6\x0c\x39\x19\xc5\xd3\x31\x1f\x95\
\x67\x9f\x7d\x76\xcc\xab\x43\x9a\x6f\xbd\xf5\xd6\x70\xdb\x6d\xb7\
\xcd\x8a\xa3\x25\xef\x51\xd1\x2c\x0a\x23\x51\xd9\x64\x99\x84\x70\
\x1c\x62\x24\x4e\x31\x4f\x3e\xf9\xe4\x68\x20\x18\x89\xd3\x01\xd3\
\x39\xa9\xe3\xa4\xf3\xa5\xa3\xa4\xe3\xe2\x43\x07\x48\xe7\xfc\xf1\
\xc7\x1f\x8f\xd7\x70\xae\xd5\x29\x72\x4e\x9d\xdc\x54\x18\xc5\x43\
\x9c\x74\xb2\x82\xff\xde\x19\x12\x8e\x0f\x10\x4e\x06\xed\xe1\x87\
\x1f\x3e\xbc\xde\x41\x56\xd2\xe7\x78\x2f\x7d\x85\x93\x81\x78\xf1\
\xc5\x17\x87\x5b\x6f\xbd\x75\xd4\x07\x69\x31\x6b\x61\xe6\xd0\x42\
\xb2\x4b\x56\xe2\xaf\x9d\xb7\xe7\x5f\xfa\x20\x9c\xe7\xb3\x25\xcf\
\xdd\x77\xdf\x7d\xa8\x6b\x8c\xe0\xf9\xf3\xe7\xc7\x6b\x99\xe9\x21\
\x2b\xe9\xd5\x59\x93\xf4\xc3\x35\xa4\xe7\xfa\x50\xd9\x49\xce\x55\
\x95\x5d\x2f\x8c\xeb\x86\xbc\xf2\x9b\xb4\x55\x6f\xfc\xb8\xf2\xd9\
\x32\xc6\x53\x79\x0a\xa7\x90\xdf\xbe\xfd\x8b\xbd\x55\x7e\xc2\xc9\
\xb1\x5f\x7c\xe3\x67\xbf\x43\x3c\x3c\xb6\xdf\x19\x8d\x9f\x8f\x3e\
\xfa\x68\xfc\xbf\xbf\xbc\x33\x86\xd9\xef\xb4\xf6\xf6\x1b\xed\xe1\
\x35\x7c\x08\xe7\xf0\xdf\xcf\xf3\xe1\xfa\xaf\xbe\xfa\xea\x30\xcc\
\xfe\x52\xd2\xde\x7e\xa3\xbf\x2c\x0c\xf1\x4a\x86\xf7\xde\x7b\xef\
\xf0\x18\xec\x77\x2a\x97\x85\xe5\x3f\x48\x16\xc2\x03\x69\x48\xd6\
\x29\x19\xc5\xab\xaf\xbe\x7a\x59\x3a\x80\x0c\xca\xbf\x64\xae\x3a\
\x42\x0f\x2e\x73\x95\xd7\xaf\xa9\xf2\xec\x77\x78\x97\xe9\xc2\xd9\
\x37\x7a\x87\xf1\xd4\x30\xfb\x46\x68\x3c\xee\xd7\x93\x76\xd5\x0d\
\x61\xf6\x0d\xde\x15\xe5\x41\xb8\x5a\x76\x1e\xae\x57\x76\xe4\x75\
\x99\xf2\x75\x5d\x28\xef\x94\xb7\x1f\xaf\x32\xd7\x34\x5a\x79\x52\
\x5d\x0c\xeb\x67\xd5\xfd\x39\x9f\xdc\xb8\x3e\xc5\x68\x84\xc6\xc8\
\x59\xa3\x43\x46\xc5\x7c\xea\x08\x8f\xd1\x36\xe1\x19\xd1\x32\xeb\
\x00\x7e\x33\xca\x05\xee\x23\x68\xb4\x4b\x58\x3e\x8c\x04\x39\xce\
\xec\x04\x18\x3d\x72\x4f\x81\x11\x27\xdf\x84\x27\x8c\x96\x59\x5a\
\x30\x63\x90\x9c\x5c\xc3\xa7\x05\x69\x90\x16\xf1\x11\x2f\xd7\x49\
\x46\xdd\xec\x76\x34\x02\x56\xda\x1a\xd9\x2a\xff\xad\xd1\x2b\x69\
\x48\x0f\xfb\x1d\xdf\xc2\xe5\x25\xd2\x65\xe4\xaf\x3c\x30\x3a\xee\
\xdd\xe0\x7e\xff\xfd\xf7\xc7\xef\x17\x5e\x78\xe1\x8a\xb4\xc9\x03\
\x33\x9b\xfd\xce\xf2\xf0\x1c\xb3\x0e\xca\x8c\x72\x52\x7e\x75\x13\
\xbd\x2e\x57\x69\x26\xe3\x65\xe7\x37\xfd\xbd\xec\x90\xd7\xcb\x51\
\x65\x37\xa7\x7c\x05\x72\xa8\x2c\x98\x0d\xf9\x71\xcd\xe0\x54\x3e\
\xc4\xe3\x75\x48\x79\xda\x37\xe2\xa3\x2c\x84\xd7\xfd\xa8\x70\x3a\
\xc9\x72\xd3\x29\x86\xb5\x77\x3a\x48\x3a\x2f\x3a\x1d\x2d\x89\xd0\
\x49\xd6\x0e\x90\xff\x74\x52\x82\xa5\x19\x1a\x38\x0d\x9b\x06\xaf\
\xce\x8f\xc6\xad\x8e\x88\x25\x2b\x6e\x2c\x13\x8e\x38\xb5\xbc\x43\
\x47\x4f\x38\xe0\x5a\x37\x22\x15\xc2\x72\x9e\x0e\x8d\xb0\xad\x25\
\x1b\xce\x91\x06\x78\xe7\x4d\x58\x3a\xdf\x56\xbc\xca\xa7\x8c\x4b\
\xcb\xc0\x38\xe8\x48\xf2\x23\xfb\x9c\xfb\x0f\xe8\x57\xf2\xea\x69\
\x2c\xd2\x69\xdd\x5b\x90\x8c\x73\xee\x85\xbc\xf3\xce\x3b\x87\x46\
\x8d\xfc\xca\x70\x5c\x7f\xfd\xf5\x87\x1d\xbb\xeb\x49\xe1\xc4\xed\
\xb7\xdf\x3e\xe6\x87\x78\x5c\xff\x5c\xab\xbc\xb3\xfc\xc6\x79\x19\
\x12\x85\xf1\x3c\xa9\x7c\x5b\x79\x22\x3d\x85\x73\xa3\x55\x8d\x2b\
\x06\x82\xf3\xa4\xfb\xc5\x17\x5f\x1c\xea\x80\x3a\xa4\x87\x14\x90\
\xa1\xb5\xb4\x18\x4e\x07\x99\x49\x9c\x62\x68\x80\x74\xfc\xea\xd8\
\x35\x02\xc4\x60\xd4\x47\x4b\xf5\x34\x91\x50\x67\xa2\xb5\x66\x7d\
\x63\x3c\xe8\x38\xf8\x10\x8f\x20\x6e\x75\x02\xb5\x03\x23\xfd\xb9\
\x1d\x6f\x8b\x7a\x8f\x40\xc8\x18\x55\xd9\x85\x46\xe8\x74\x8e\xc8\
\xa4\x99\x8e\xcb\x2d\x34\xd3\x61\xa4\x2f\x23\xb8\x08\x97\x85\x4e\
\x77\x55\xf8\xfa\xbe\x77\x9c\x2a\x93\x3a\x93\xa8\x86\x55\x86\x88\
\xfc\x52\xce\x32\x50\xfe\x10\x00\x79\x44\x77\xe4\x57\x61\x01\x3d\
\xd4\xf2\xf5\x38\xa0\x77\xff\x85\xe3\xae\x13\x85\xd1\xb5\xc8\xaf\
\xd9\x09\x06\x8f\xf8\xbf\xf9\xe6\x9b\xb1\x4c\x62\x20\x4e\x2f\x99\
\x49\x9c\x72\x68\x7c\x5a\xc6\xa1\xb1\x32\xca\xe4\x9b\x11\xde\xd4\
\xa3\xa5\xbd\xf7\x13\x7a\x37\x1a\xd7\xd9\xc8\x8f\x13\x37\x9d\x12\
\xf9\xe4\x43\xe7\xaa\x65\x1c\x8d\xd4\x2b\x74\x5a\xeb\x00\xbd\xd1\
\xf9\xa3\xf7\x3a\x2a\xf7\x1b\xc2\x53\x33\x8d\xe3\xbe\x33\x32\x67\
\xb4\x3e\x55\xbe\xc7\x4d\x5f\x33\x1e\xf4\xcf\x2c\x86\xe5\x3a\x3d\
\x12\xed\x33\xa1\x70\xba\xc8\x4c\xe2\x94\x42\x83\xd6\x88\x50\x23\
\x4f\x7f\xda\xa4\x36\x78\x46\xdb\x7e\x4c\xef\x32\x28\xbc\x46\x85\
\x8c\x06\x35\x33\xa0\xe3\xd5\xe8\xd1\xe3\xd6\xb5\xa0\xa7\x7a\xf4\
\x64\xcf\x51\xd0\x93\x57\xfe\xe4\x0d\xb0\x44\x42\xbc\xcc\x6e\x2a\
\x74\x42\xe4\x1d\xa3\xa8\x7c\x79\x07\x5c\xf3\xcf\x32\x8b\xee\xc9\
\x68\x0d\x7d\x95\xf8\x1a\xbd\xeb\x01\x39\x18\xbd\x93\x0f\xbe\x91\
\x81\xc7\x6d\x81\x4e\xd4\xc3\x4a\xaf\x53\x4f\x51\x55\x7c\xf6\xe5\
\xf9\xe2\xb7\xd2\x04\xe9\x86\x32\x55\xf9\x6a\xe4\x3f\xf5\x14\xd9\
\x32\x90\x1f\xd2\x25\x3e\xf4\xcd\x2c\x0f\xf9\x64\xb4\xc3\xe9\x24\
\x33\x89\x53\x8a\x3a\x07\x1a\x20\x1d\x01\x33\x09\x46\xab\xea\x64\
\xeb\xba\xbc\x66\x19\x5a\x96\xf1\x1b\xdd\xa0\x91\x38\x37\x19\x89\
\x8b\x1b\x96\x7a\x49\xcf\xc3\xe8\xe6\xa4\xee\x81\xd0\x31\xe8\x46\
\xb6\x6e\x62\x1f\x25\x2f\x7a\xbf\x83\xf4\xd5\x49\xea\x86\x75\xeb\
\x1e\x00\x1d\xad\x96\x49\x90\x45\x8f\x00\xc3\x4e\xe3\xd1\x4c\x8e\
\xb1\xf4\x22\x5d\xdd\x74\xd3\x4d\x4b\x75\xc6\x8b\x40\x7e\xcd\x24\
\x30\x5e\x8a\xdb\x1f\x15\xa6\xe3\x04\xce\x69\xe6\x81\xec\xb5\x4c\
\x74\xbf\x67\x2e\x94\x0b\x86\x14\xfd\xe9\xb1\x55\x19\x1c\x7d\xa3\
\x43\x74\x4b\x7a\xbd\xf2\x3d\x2e\xba\xa9\x4d\x9a\xba\xb1\x2e\x63\
\x9d\xe5\xa6\xd3\x4b\x8c\xc4\x29\x86\x4e\x87\xc6\xa8\xe7\xf0\x81\
\xc6\xd8\xba\x3f\x40\x47\x40\x38\x75\x1a\x7a\x9f\x41\x9d\x19\x9d\
\x2c\x9d\x28\x37\x68\x3d\x8c\x9e\x96\x01\x2d\x27\xf8\xd3\x54\x40\
\x1c\x5a\xfb\x3e\x2a\xc8\xb2\xb7\xb7\x37\xce\x1e\x64\x1c\xaa\x8c\
\x0e\xe7\xb8\x1f\x43\xa7\x57\xdf\xc5\xe8\x75\xb2\x5a\x92\x23\x0d\
\xf2\xb0\xea\x25\x10\xdd\x3c\xd7\xcd\x5c\x21\xfd\xb8\xe1\xa2\xec\
\x34\xab\x91\xbe\x75\x7f\x67\xd9\x51\xbd\x3a\x64\xe2\xaa\xba\xd3\
\x60\xa1\x57\xbe\xfe\x40\xc2\x71\x91\x1c\xe8\x57\xf7\x91\x48\xa3\
\xf5\xc4\x57\x38\x3d\x9c\xe3\x39\xd8\x61\x85\x5c\x77\xdf\x4f\x87\
\x70\xb2\x68\xcd\xbb\xde\x58\x04\x46\xce\x7a\xfa\x87\x0e\x43\x9d\
\xa9\x96\x78\x5a\xe8\x65\xb6\xa9\x30\xfe\x62\x57\xeb\x85\x38\xa5\
\xe1\xff\xf5\x62\x56\xef\x98\xe7\x45\x2f\xd3\x1d\x37\xff\x55\x96\
\x56\xda\x3d\x79\xe7\xc4\xd5\xa3\x97\xbf\x56\x38\xdd\x3f\xa9\xf1\
\xfa\x53\x41\x55\x47\xad\xe3\x30\xa7\xec\xa6\xc2\x2c\x93\x77\x9f\
\x29\xec\x34\x5e\xca\x5b\x24\x47\x58\x3d\xbf\x7b\xe7\x97\xc3\xaa\
\x89\x91\x38\xe3\x54\x23\x11\x42\x38\xbb\xac\xc3\x48\xe4\xc6\x75\
\x08\x21\x84\x2e\x31\x12\x21\x84\x10\xba\xc4\x48\x9c\x71\xb8\x11\
\xca\x0d\xe1\x2c\x35\x85\x10\x8e\x42\x8c\x44\x08\x21\x84\x2e\x31\
\x12\x21\x84\x10\xba\xc4\x48\x84\x10\x42\xe8\x12\x23\x11\x42\x08\
\xa1\x4b\x8c\x44\x08\x21\x84\x2e\x31\x12\x21\x84\x10\xba\xac\xdc\
\x48\xec\xfd\xfe\xbb\x21\x84\x10\xc2\xc9\xb2\xae\xbe\x77\xf5\x46\
\xe2\x9b\xdf\x0c\x21\x84\x10\x4e\x96\x3f\xfd\xd7\xff\x34\xac\x83\
\x95\x1b\x89\xff\xf1\x1f\xfe\xcf\xcc\x26\x42\x08\xe1\x84\xf9\xfd\
\x67\x1f\x0e\xeb\x60\x2d\x33\x89\xdf\x7f\xf4\x7f\x0c\x7b\xbf\xfd\
\xef\x43\x08\x21\x84\xf5\xc2\xa0\xfc\x7f\xac\xb1\xcf\x5d\x8b\x3f\
\x89\x3f\xee\x4f\x7b\xfe\xb4\x6f\x2c\xbe\x77\xe3\xcd\xc3\xf7\xff\
\xd9\xff\x32\x9c\xfb\xc1\x0f\x87\x10\x42\x08\xab\x03\xe3\xf0\xa7\
\x7f\xfc\x6f\xc3\x1f\xff\xe3\x27\x6b\x5d\xbd\x59\x9b\xd3\xa1\xbd\
\xdf\xfe\xe3\x28\x3c\x9f\x10\x42\x08\xa7\x93\x3c\x02\x1b\x42\x08\
\xa1\x4b\x8c\x44\x08\x21\x84\x2e\x31\x12\x21\x84\x10\xba\xc4\x48\
\x84\x10\x42\xe8\x12\x23\x11\x42\x08\xa1\x4b\x8c\x44\x08\x21\x84\
\x2e\x6b\x7b\x04\x96\x77\x23\xce\xfd\xf9\x5f\x0c\x21\x84\x10\x56\
\xcf\xde\x3f\xfe\xe6\x44\x76\xb7\x58\xb9\x91\xc0\x38\x5c\xf3\xaf\
\xee\x18\xae\xf9\x5f\x6f\x1d\x42\x08\x21\xac\x8f\x3f\xfe\xc3\xdf\
\x0f\xbf\xff\x0f\xff\xd7\xe9\x7a\x99\xee\x87\xff\xdb\xff\x3e\x9c\
\x3b\x9f\x19\x44\x08\x21\xac\x9b\xef\xff\x8b\x1f\x0f\xdf\x3b\xff\
\x3f\x0f\xdf\xfd\xfb\x7f\x77\x3a\x76\x81\xbd\xe6\x5f\xde\x1a\x03\
\x11\x42\x08\x27\x08\x7d\xee\xf7\xff\xe5\xfa\x56\x6e\x56\x6b\x24\
\xf6\xad\x5a\x08\x21\x84\x93\x65\x9d\x7d\xef\x4a\x8d\xc4\xb9\xfd\
\x69\x4f\x08\x21\x84\x93\xe5\xdc\x9f\xfd\xf9\xb0\x2e\xf2\x08\x6c\
\x08\x21\x84\x2e\x31\x12\x21\x84\x10\xba\xc4\x48\x84\x10\x42\xe8\
\x12\x23\x11\x42\x08\xa1\x4b\x8c\x44\x08\x21\x84\x2e\x31\x12\x21\
\x84\x10\xba\xc4\x48\x84\x10\x42\xe8\x12\x23\x11\x42\x08\xa1\x4b\
\x8c\x44\x08\x21\x84\x2e\x31\x12\x21\x84\x10\xba\xc4\x48\x84\x10\
\x42\xe8\x12\x23\x11\x42\x08\xa1\x4b\x8c\x44\x08\x21\x84\x2e\x31\
\x12\x21\x84\x10\xba\xc4\x48\x84\x10\x42\xe8\x12\x23\x11\x42\x08\
\xa1\x4b\x8c\x44\x08\x21\x84\x2e\x31\x12\x21\x84\x10\xba\xc4\x48\
\x84\x10\x42\xe8\x12\x23\x11\x42\x08\xa1\x4b\x8c\x44\x08\x21\x84\
\x2e\x31\x12\x21\x84\x10\xba\xc4\x48\x84\x10\x42\xe8\x12\x23\x11\
\x42\x08\xa1\x4b\x8c\x44\x08\x21\x84\x2e\x31\x12\x21\x84\x10\xba\
\xc4\x48\x84\x10\x42\xe8\x12\x23\x11\x42\x08\xa1\x4b\x8c\x44\x08\
\x21\x84\x2e\x31\x12\x21\x84\xad\xe2\xeb\xaf\xbf\x1e\x3f\x61\x3b\
\xd8\xb8\x91\xd8\xdd\xdd\x1d\x3f\x9b\x4c\x7f\xce\xb1\xb0\x1c\x6f\
\xbf\xfd\xf6\x70\xe9\xd2\xa5\x61\x13\xbc\xf4\xd2\x4b\x5b\x55\x86\
\xc8\xb3\x49\x3e\xfe\xf8\xe3\xb1\x3c\x4e\x0b\xc8\x8a\xcc\x47\xe5\
\xb5\xd7\x5e\x8b\x91\x59\x21\x1b\x35\x12\x34\xe4\x9b\x6f\xbe\x79\
\xfc\x6c\xaa\x50\x1f\x7d\xf4\xd1\x2b\x3a\x94\x47\x1e\x79\x64\x08\
\xc7\xe3\x93\x4f\x3e\x19\xbe\xf8\xe2\x8b\x61\x13\xdc\x7a\xeb\xad\
\xc3\x36\x71\xdc\x0e\xfa\xd9\x67\x9f\x5d\xda\xe0\xde\x7d\xf7\xdd\
\x87\xbf\x69\x5b\x94\xc7\x51\x20\x9e\x4d\x19\x5c\xd2\xa5\x7d\x2e\
\xcb\xfb\xef\xbf\x1f\x23\xb1\x42\xbe\xff\x37\x0f\xfd\xf5\x33\xc3\
\x8a\xf8\xc1\x2d\x77\x2c\x15\xfe\x89\x27\x9e\x18\x3b\x92\x6f\xbf\
\xfd\x76\xb8\xf1\xc6\x1b\x87\x3b\xef\xbc\xf3\xf0\x1c\x15\xe4\x99\
\x67\x9e\x19\xde\x7c\xf3\xcd\xe1\x9b\x6f\xbe\x19\x6e\xbb\xed\xb6\
\xf1\x38\xa3\x04\x2a\x3c\x95\x80\xc6\xc3\xb9\x9d\x9d\x9d\xe1\xda\
\x6b\xaf\x1d\xcf\x33\x02\x79\xfe\xf9\xe7\xaf\xb8\x8e\xd1\xdc\xbb\
\xef\xbe\x3b\x5c\xbc\x78\xf1\x32\x19\x5e\x7f\xfd\xf5\xe1\xfe\xfb\
\xef\x1f\x2e\x5c\xb8\x70\x78\x8c\x34\x64\x28\x68\x9c\x84\x41\x4e\
\xc5\xe5\xc7\x91\xe5\x86\x1b\x6e\xb8\xec\x7a\x0f\xa3\xb4\x5b\xe1\
\x3c\x6e\x8e\xeb\x9c\x5f\x47\x85\x27\x7f\xad\xf8\x1d\xf4\xf1\xca\
\x2b\xaf\x8c\x79\xe4\xf7\x2d\xb7\xdc\xd2\x3c\x07\xc4\x27\x1d\x73\
\x0e\x19\xfc\x5c\x2f\xcf\x73\xd3\x20\x0e\xf2\x8b\xcc\xba\xbe\x97\
\xd7\x96\x8e\xf9\x2f\x19\x3d\x5e\xae\x41\x87\xba\x06\x24\xbb\x9f\
\x23\x5f\x5e\x27\x28\xcf\x77\xde\x79\xe7\x8a\xfc\x08\xe9\x81\xba\
\xd3\x2b\x0f\xce\x53\xa7\x54\x47\x97\xc9\x0f\xbf\xa9\x4f\xc4\x8f\
\x4c\x92\x4b\x61\xbd\x3c\x94\x1f\x95\xb9\x8e\xfd\xfa\xd7\xbf\x1e\
\xdb\x09\x3a\xaf\xba\xae\x75\x03\xa3\x84\xac\x92\x8b\xf0\x32\xd8\
\x8b\xca\x95\xf8\xb4\xdc\x43\xda\xc4\x73\xdd\x75\xd7\x8d\x69\x4b\
\x4e\xc9\x4d\xdc\xca\x0b\x69\xa2\x7f\xfd\xf7\x7c\xb9\x3e\xbc\x5c\
\xb8\x86\x78\x49\xdb\xdb\x07\xb2\x11\x8e\x72\xfb\xf0\xc3\x0f\x07\
\xd5\x4b\xd7\x5b\x95\x5b\x61\x80\xb2\xa6\x9d\x4b\x2f\xd2\x47\xab\
\xfc\x55\x37\x88\x8b\xf8\x29\x23\xcf\xe7\x69\xe2\x0f\x9f\xfd\xdd\
\xb0\x0e\x36\x3a\x93\xa0\x03\xa4\x83\xa6\x40\x7d\xb4\x45\xe5\xbc\
\xfd\xf6\xdb\xc7\x8a\xc5\x6f\x1a\x98\x46\x14\x6a\x70\x0f\x3c\xf0\
\xc0\xe1\x39\x7e\x03\x95\x91\xeb\x64\x44\x38\x87\x21\x81\x17\x5f\
\x7c\x71\xe9\x11\x1d\x15\x88\x6b\x1e\x7e\xf8\xe1\xe1\xf3\xcf\x3f\
\x3f\x5c\x36\x20\x4e\x1d\x67\xd4\xda\x9a\x8d\x00\x46\x90\x38\x14\
\x0e\x39\x35\xc2\xf1\x38\xf6\xf6\xf6\xc6\x38\x74\xce\xaf\xbb\xeb\
\xae\xbb\x2e\x3b\xd7\x82\x73\xc4\x4d\x1a\xf7\xdd\x77\xdf\x58\xd1\
\x9f\x7c\xf2\xc9\x43\x5d\xfa\x39\xe2\x55\x3e\xd0\x17\x71\xeb\x1c\
\xc7\x5d\xae\xaf\xbe\xfa\xea\xb2\x11\xa9\xc7\xe3\xa3\xbc\x56\x1a\
\xae\x6b\x8f\xf3\xa6\x9b\x6e\xba\x4c\x5f\xad\x73\x2a\xb3\x1a\x2f\
\x65\x28\xd9\xa9\x07\xe4\x51\xe7\xf8\xed\x86\x43\xfa\x42\x7e\x06\
\x0b\xad\xfc\x08\xe9\x81\xef\x5e\x79\x20\xa3\x66\x28\x53\x65\xd7\
\xca\x8f\xa0\x33\xaa\xcb\x28\x9e\x57\x2f\x0b\xf2\x23\x1d\x9e\x3f\
\x7f\x7e\xec\xb8\xd4\x79\xb9\x4e\xbc\x4e\x09\x19\x07\x37\x20\x8a\
\x8b\x6b\xa8\xcb\x3d\x1d\x53\x76\xa4\x4d\xdb\xd4\xb5\xa4\x5f\x0d\
\x11\x6d\x8c\xfc\x0c\x07\xf5\x0f\xd9\xf5\x5f\x86\x0d\x54\x2e\xd2\
\x95\xcb\xcb\x35\xde\x8e\x6a\x5e\x94\xdf\x56\xa7\x4d\x1a\x94\x65\
\xab\x5e\x3b\x84\xc1\x38\x10\x86\xf4\xbd\xfc\xe9\x2b\x88\x87\xf4\
\x49\x97\x41\xa9\xe4\x0e\xc6\x6f\xdf\xfe\xc5\xde\xaa\x3e\xcb\xf0\
\xde\x7b\xef\xed\xed\x27\xbf\xf7\xd6\x5b\x6f\xed\xed\x37\xfe\xf1\
\xf7\x7e\xe5\x1d\xcf\xed\x17\xda\xde\x7e\xa5\x3c\xfc\xff\xea\xab\
\xaf\xee\xed\x17\xe0\xf8\x7b\xdf\xa0\xec\xed\x57\x9a\xbd\xfd\x06\
\x7f\x18\x96\x6b\xfd\x9c\xe0\x1a\xce\x29\xac\xbe\x1d\xae\x51\x3a\
\x62\xbf\x63\x1e\xbf\xf7\x3b\x87\x51\x4e\x5d\x8b\xac\xba\xa6\xe6\
\x85\xb0\x95\xfd\x0a\x7c\xd9\x7f\xe4\x21\x0e\xd2\xdb\x37\x60\x57\
\xc4\xa1\x3c\xd6\xeb\xd0\xcf\x7e\x23\x18\xf5\x40\xda\xfa\x3c\xfe\
\xf8\xe3\x87\xfa\xe1\x7c\xbd\x06\xf6\x1b\xc7\x15\xf9\xdb\x37\xcc\
\x63\x7e\xb8\x4e\xe1\x94\xc7\xfd\x91\xd6\x65\x61\x49\x47\x61\x6b\
\x1a\x8a\xdb\xf5\xe4\xe7\x08\xcf\x79\xd2\xab\x79\xe5\x1a\xe2\x6d\
\xe9\x52\xc7\x28\xdb\x2a\xbb\xca\x17\xfd\x79\x9a\xae\x53\xbe\xf9\
\xbf\xdf\x01\xed\x3d\xfd\xf4\xd3\x97\x5d\x8f\xfe\x6b\x3d\x20\x6f\
\xb5\x3c\xb8\xb6\x55\x1e\xbd\xfc\x10\x96\x73\x53\xf9\x21\x4c\xd5\
\x93\xce\xd5\x7a\xe8\xf5\xad\x5e\x47\x19\x29\x0f\x1f\x7d\xf4\xd1\
\x15\x3a\xf2\x78\x25\x43\xcd\x9f\xf2\x34\x55\x76\x2d\xb9\x5c\x3e\
\xc5\xa9\xba\x51\xff\x23\xdb\x94\x5e\x69\xe3\x4e\x95\xa5\xd5\x4e\
\x04\x75\x83\xf8\x1d\xd5\x65\x95\x7f\xad\xdf\xa0\x36\x88\x1c\x35\
\x6e\xce\xf5\xd2\x3b\x0d\xac\xb2\x2f\xf7\xcf\x35\xc3\x86\xc0\xf2\
\xfb\xd4\x12\xb0\xe2\xfb\x8d\xfa\x70\x5a\xaa\xe3\xf5\x1e\x81\x8f\
\x90\xb8\x9f\x21\x74\x13\xfc\xdc\xb9\x73\x97\x85\x67\x94\x50\x97\
\x04\x04\xa3\xa4\x1e\xc8\xc2\x28\x12\xb9\x98\xed\x68\x04\xad\x91\
\x93\xc7\xcf\xa8\xb1\x52\xd3\x23\x0c\xa3\x5a\x2d\x87\xd4\x3c\x69\
\x24\x54\xaf\x93\x8c\xe8\xa1\x75\xbf\x84\x51\x1f\xa3\x21\x67\xdf\
\x80\x8c\xdf\xd2\x65\x95\x4b\x23\x36\x4f\xab\xa5\x23\x2d\x3f\x10\
\x0f\xa3\x60\x5f\x1b\x57\x5e\x18\x99\xd6\x34\x18\xa5\x01\xe7\xeb\
\x14\x9f\xff\x8c\x64\x5b\x53\x7b\xf4\xac\x51\x2e\x69\xea\xb7\xcb\
\xe8\xb2\x4d\x41\xfc\x35\x6d\x66\xae\x2d\xea\x32\x24\x23\x54\x8d\
\xbe\x3d\xcd\x56\x7e\x54\x76\xcc\xfa\x6a\x3c\x9e\x9f\x29\x98\xe5\
\x78\x7e\x48\xb3\x27\xab\xea\x25\xf5\x9c\x3a\xd9\x0b\x57\x65\x74\
\xae\xbf\xfe\xfa\xf1\x9b\xb2\xed\x95\xdd\x14\x5e\x87\xa8\x13\x9a\
\x3d\x72\x8c\xff\x9a\xb9\x57\x5d\xf5\xf4\xaa\xff\x73\xef\x63\xb5\
\x96\x8e\x54\xe7\x3d\x0c\x65\xe2\x70\x8d\x66\x73\xb5\xac\x08\x9b\
\x87\x56\xae\x64\x63\xcb\x4d\xba\xb9\x44\x27\xaf\x4a\x49\x45\x03\
\x2a\xad\x3a\x63\x1d\x9f\xd3\xd0\xb8\x8e\x4a\xb0\x6f\x54\xc7\xcf\
\xfe\x88\x61\xd8\x1f\x4d\x5c\xb6\xce\x5a\x51\x63\x71\x64\x64\x08\
\x4f\xda\xc4\x41\x47\x8d\x61\xd0\x34\x9e\x63\xfa\xbc\xf0\xc2\x0b\
\x4b\xdd\xec\xf6\x06\x26\x5a\x86\x63\x2e\xe4\xb9\xc6\xa7\x86\x88\
\x61\x6a\xa5\xb5\xe8\x1e\x47\x45\x9d\x96\xe7\x9b\x46\x49\xda\x94\
\x61\x6d\x5c\x18\x0e\x20\x4f\x75\x89\x45\x79\xe5\xda\x7a\x9d\xff\
\x47\xe7\xe8\xd6\xd3\xa4\x83\x9c\x0b\x79\xaf\x9d\x8e\x3a\xb2\x4a\
\x4b\xc6\x96\x8e\xa6\xca\x4e\xf7\x73\xea\x39\xc7\xaf\xf5\x73\xd4\
\xc3\x1a\x6f\xef\x66\x35\x9d\x1b\xf5\x12\x5d\x1c\xf7\x29\x32\xdd\
\xf7\x70\x54\x76\x8b\x40\x0e\xdd\x9b\xd0\x7f\xf4\x48\xfb\x51\x3b\
\x69\x95\xef\xb2\x75\xaf\x45\x2b\xee\xba\x9c\x4c\x3a\xf5\x86\xbd\
\xca\x8a\xba\x31\x55\xf7\xc2\x3f\xb1\x11\x23\x41\x05\xa7\x40\xe8\
\xc4\xa9\x90\x7c\x58\x0f\xe4\x18\x95\x4e\x23\x02\x8c\x07\x1d\x33\
\x1f\x46\x5a\x8b\xa0\xd1\x50\x49\xb9\x8e\xf5\x4d\x3e\x6a\xfc\x1c\
\x6b\xad\x47\x33\x02\x67\xdd\x54\x46\x89\xdf\x8c\xce\x80\x19\x84\
\x8f\xee\xf5\x61\x34\xa4\xe3\xba\x66\x99\x8a\xaf\xce\x51\xeb\x9f\
\xba\x87\x50\x47\x42\x73\x21\x0f\xfe\xd8\x27\x3a\xd4\xfa\x30\x23\
\x4e\xdd\x03\x90\xac\x8c\x98\x96\x6d\xa8\xa4\xa1\x72\x53\x1a\xa4\
\x49\x3c\xc8\x2d\x1d\x02\xf9\x62\x10\x00\x34\x48\x3a\x7b\xe9\x4b\
\x79\xa5\xac\xb8\x96\xc6\x5a\xcf\x89\x2a\xbb\x66\x1f\x73\xc1\xa8\
\xf9\xe3\x94\xc8\x4c\x1c\xad\xbc\xeb\xa6\xb5\xcb\xd1\x2a\x0f\x8d\
\x44\x5b\x61\x35\xc3\xed\xe5\x07\xbd\x93\xbe\xf2\xa3\x32\x02\xf4\
\x51\xeb\xa1\x0c\x9c\x3a\x3b\x9d\xd3\xfd\xb8\xa9\x32\xe4\x3c\xe9\
\x2f\x7a\xca\xa7\x55\x76\x6e\x58\x65\xe4\x5b\xf1\xe8\xde\x89\x46\
\xe4\x6a\x4b\xfa\xcf\xb7\xd7\x73\xe9\x7f\x6e\x3d\x97\x01\x6b\x75\
\xde\xa4\xb5\xa8\x6e\x10\xa6\x96\xbf\xee\x81\xa8\x6e\xc8\xb0\xe8\
\x5c\xb8\x92\x8d\x3c\xdd\x44\xa1\x31\x72\xfa\xd9\xcf\x7e\x76\xd8\
\xf1\xd2\xf8\x78\x82\x83\x4a\x49\xe5\x7a\xe8\xa1\x87\xc6\xc2\xff\
\xee\xbb\xef\xc6\x51\x3a\x46\x04\x58\xe2\xf8\xd1\x8f\x7e\x74\x58\
\x11\x09\xc3\xd3\x17\x14\x3a\xd7\xf2\xcd\x31\x46\x33\x74\x32\xa4\
\x21\x48\xc3\x9f\xa0\x02\xae\xe1\x89\x91\x97\x5f\x7e\x79\x6c\xb4\
\xf7\xdc\x73\xcf\xe1\xac\x80\x34\x3e\xfd\xf4\xd3\xb1\xd1\xeb\xc6\
\x16\x4f\x40\xf8\xf1\x0f\x3e\xf8\x60\x4c\xc7\x9f\xf4\x11\x54\x60\
\x9f\xd2\x6a\xd9\x8b\x34\xc9\x1f\x7a\x20\x0e\xe2\x62\x7a\xee\x4f\
\xb9\xf4\xae\x6b\x21\x99\x88\x83\xa7\x38\x5c\x56\xae\x21\xcf\x9c\
\x23\x7f\xfc\x46\xde\x5e\xbc\xad\xb4\xd1\x1b\xe1\x6a\x1a\xfc\x26\
\x0d\xce\xdd\x7b\xef\xbd\x87\xe7\x88\x8f\x0e\x84\xa7\x55\x54\x26\
\xd2\x17\xdf\x3c\x7d\xa6\x34\xfd\xdc\x97\x5f\x7e\x79\xf8\x64\x1a\
\x65\x50\x65\x47\x0e\x97\x9d\xff\xfe\xc4\x0b\x75\x45\xb3\x2a\x97\
\x99\xb2\x95\xcc\xfc\xae\x4f\xc9\x68\x60\xc1\xec\x73\x4e\x79\xe8\
\x49\xa5\x56\x58\xca\xb5\xe6\x87\x6f\xae\x27\x0c\x3a\xd1\x13\x39\
\x0f\x3e\xf8\xe0\xf8\x74\x8f\xce\xf1\xf1\x7a\x48\x5c\x40\xdd\xc2\
\xe8\xfa\x83\x1e\xd2\x09\xff\xd1\x7d\x85\xb8\xe8\xf4\xbc\x7c\xbd\
\x8e\xd2\x8e\xd0\x6d\xaf\xec\x74\x1d\x7a\x7c\xe3\x8d\x37\xc6\xfc\
\xd6\xe5\x19\xc2\xd0\x66\x91\x53\x4f\x6d\xf1\x5f\xd7\x03\x71\x4b\
\x1f\xe8\xd1\xcb\x1e\x63\xe4\xb2\x53\x3e\xaa\x33\xaa\xd7\x80\x91\
\x91\xee\x3c\x7f\xae\x87\x56\xdd\x68\x95\xbf\xea\x2c\x1f\xd2\x26\
\x6f\x9c\xa3\xbf\x40\x97\x55\xa6\xd3\xc4\xba\x9e\x6e\x3a\xc7\x8d\
\x89\x61\x45\x5c\x77\xdf\x4f\x87\x10\x96\x81\xce\xc3\x47\x96\x7a\
\xca\x67\xff\x06\xe6\x70\x52\x30\x43\xa2\x93\xa8\xf7\x75\xc2\xd9\
\x45\x33\x39\x2f\x73\xea\x01\xc6\xf3\xa8\x33\xfa\x4d\xf3\xbb\x77\
\x7e\x39\xac\x83\x8d\xdd\xb8\x0e\x01\xf6\x0e\x1e\x8b\x64\xb9\x45\
\xcb\x2c\xdc\x87\x08\x61\x9d\x30\xcb\x60\x20\xc2\xa0\x84\x99\x8f\
\xde\x17\xe2\xbe\x57\xb8\x9c\xcc\x24\xc2\xc6\x61\x29\x83\x51\x1d\
\x0d\x97\x06\x7b\xd4\x1b\xf8\x47\x45\x6b\xde\x27\x9d\x6e\xd8\x3c\
\x2c\xc9\xe9\xc5\x4f\x66\x15\xab\xb8\xa9\xbe\x29\xd6\x35\x93\x88\
\x91\x08\x21\x84\x33\xc0\xba\x8c\x44\x76\x81\x0d\x21\x84\xd0\x25\
\x46\x22\x84\x10\x42\x97\x18\x89\x10\x42\x08\x5d\x62\x24\x42\x08\
\x21\x74\x89\x91\x28\xe8\xad\xef\x45\x6f\xaa\x1e\x37\x0d\xbd\x1c\
\xd8\x62\xdb\x9d\xa6\x4c\xc9\x7e\x16\x59\x54\x5e\x82\x77\x3e\x8e\
\xe3\x2c\x67\x15\xa8\xee\xcc\x95\xb9\x87\xae\xe5\xe9\x9f\x93\x72\
\x9a\xa4\xdd\x9c\x5b\x20\xc7\xd4\xb6\x19\x9b\x76\xec\x34\xc5\x69\
\x6f\x2f\x31\x12\x07\x68\xcb\x64\xde\xc8\xe4\xcd\x56\x7e\xcf\xd9\
\x2f\xea\x28\xe8\x0d\xf3\x1e\xdb\xee\x34\xe5\xb8\x1e\xe7\x8e\xe2\
\x44\x67\xd5\xec\xee\xce\x77\x68\xb3\xa8\xbc\x04\xdb\xb5\x6c\xfa\
\x11\x4a\xd5\x9d\xb9\x32\xf7\x50\xf9\x10\x47\xdd\x24\x6f\x5d\x4c\
\xbd\xcc\xa8\x6d\x49\x7a\x6c\xf3\x96\x1a\x9b\xae\xeb\xc7\x65\x23\
\x2f\xd3\xc9\xc1\x0b\xcf\xa5\xcb\xe1\x07\x15\x64\xa7\x38\x35\x91\
\x5f\x08\x3f\x27\x67\x26\x7a\x5b\x92\xc6\xc0\x31\xed\x15\xe4\x61\
\xf5\x82\x4c\x2b\xfe\x0a\x1d\x86\x36\x03\x04\xed\xa5\xe3\x6f\x04\
\x4b\x26\xf0\xe7\xf9\x5d\xa6\x9a\x56\x4f\x86\xba\xb3\xa8\xf6\xf1\
\xd1\xbe\x51\xae\x2b\x1a\x80\x76\x73\x55\x43\xd2\x9e\x35\xda\xc3\
\xc7\xb7\x4c\xd0\x39\x3e\xf2\x0b\xd0\x92\x57\xbb\xee\xea\x98\x1c\
\x1c\xd1\x29\xd4\xb2\xd0\x39\x6f\xc8\x2a\xc3\xea\x70\xc7\xb7\x4c\
\x51\xde\xb5\x43\xaa\xef\x29\xb4\x7b\xe0\x0f\x64\x4e\x39\x79\x98\
\x2a\x47\x2b\x1d\xe9\x41\x72\x52\x6e\x7e\x9d\x46\xa6\x8c\xbc\xe5\
\x74\xaa\xca\xb1\x7b\xb0\xe3\xab\xef\x8e\x4b\x5c\xfc\x56\x59\xd7\
\x9d\x5f\xab\xe3\x28\xe9\xcd\xb7\xaa\x00\xd2\xa5\x4c\x31\x2c\xda\
\xcb\xab\x6e\x7b\xe1\xf2\x70\xbd\x77\xfa\x7a\xbe\x5f\x71\xf7\xb6\
\xcd\xf0\xb2\x92\x01\x91\x8e\x95\x17\xd7\x37\xf1\xd6\x5d\x65\x6b\
\xf9\xb6\xea\x54\x45\xf2\x91\x3f\x6d\xfc\x27\xf9\x7a\x6d\xdb\xd3\
\xa9\x65\x31\x87\xa9\x7a\xd4\xca\xbf\xe4\x44\xae\x7a\x9d\x56\x14\
\x84\xb6\x01\x71\x1d\x78\x5b\x51\x9b\x5a\xa4\xcb\xd3\xc8\x46\x66\
\x12\xda\x90\x8b\x86\x82\x92\xe5\x58\x47\x85\xa2\x29\x2e\x15\x8c\
\x73\x8c\xea\xdd\xa1\x0c\x61\xd9\x18\x8e\x4a\x45\x58\xe2\xa1\xc2\
\x2a\x1e\x4d\xf9\xdd\x99\xca\x94\xe3\x1e\x75\x14\xb5\xc2\xf3\xe6\
\xaf\x3a\x6d\x97\x49\x0e\x52\xaa\x4c\xee\x08\x46\xe7\x5a\xc7\x95\
\x7f\x70\xc7\x3f\xc8\xcf\x4c\xc6\x47\x4c\x5c\xa3\x06\xc9\x26\x87\
\xee\xe8\x87\xdf\xad\xad\xc0\x75\xae\xe7\x18\x89\x3d\x6e\x94\x17\
\x58\xc6\x29\x90\x2f\x09\x2c\x72\xa2\xe3\xfa\x27\x3d\x2d\x09\x4c\
\x39\xd1\xe9\x95\x13\x61\x48\xbf\xa5\x07\xbf\x5e\x9b\xc8\x49\xb7\
\xda\x7c\x51\xce\x76\x24\x83\xd2\xf6\xfd\x99\xdc\x89\x0d\xe5\xc0\
\xb5\xca\x9f\xe2\x24\xcf\xd5\x51\x93\x46\xb1\xd4\x03\xaf\x7b\xd5\
\x31\x91\x98\xeb\xec\x86\x72\x6a\x39\x55\xd2\xc6\x95\x8a\x1b\xd9\
\xea\xf5\xea\x30\x01\x39\x08\xe3\x3a\x56\x3d\xf4\x0d\x08\x91\xa9\
\x2e\xdb\xf8\x00\xac\xe5\x6c\xab\x55\x56\xe8\x51\xf2\x71\x5e\xdb\
\xed\x4b\x16\x6f\xf7\xde\x56\xb4\x2c\xb3\xdb\x70\x84\xb4\x68\x34\
\xce\x35\xca\x23\xf1\xba\xd3\x26\xcf\x7f\xed\x6b\xe4\x68\x4b\xfd\
\x87\x6f\x9e\xa8\x3a\x8a\x41\x53\xf8\x29\x87\x53\xae\x3b\x1f\xf8\
\x9d\x7a\x36\xe1\x74\x08\x87\x20\x3b\xe6\x1c\x48\xc7\xdc\x01\x8b\
\x83\x83\x13\x39\x7a\xa9\xce\x66\xaa\x03\x18\x0f\xbb\x63\xce\x89\
\x7a\xce\x59\xa0\xe5\x0c\xa6\xb2\x8c\x4c\xee\x84\xc8\x9d\xb6\xf0\
\xad\x4f\xcf\xd9\x0c\xc8\xe1\x12\x8e\x51\xaa\xd3\x14\xe2\x25\x2f\
\x2d\x47\x32\x9e\x7e\xcb\xa9\x91\x64\x72\xdd\xf7\x1c\xff\xc8\x29\
\x50\x75\x42\xe4\x65\x37\xe5\x44\xa7\xe5\x30\x48\x79\xa9\xd7\x11\
\x9f\xc2\xb6\xca\xa9\xa5\x07\x1c\xca\x20\x5f\xcb\xf9\x8c\x3b\x4a\
\xaa\xce\xa0\x94\x9f\xea\xd0\xa6\xe5\x9c\x89\x78\x24\xa7\x3b\x0e\
\x92\x33\x20\xe8\xd5\x83\xaa\x37\x77\x84\x54\xcb\x86\xbc\xb5\xca\
\x92\x78\xbd\xee\xf4\xca\xdd\x9d\x26\x29\x1d\xcf\x1f\xb2\xf4\x1c\
\x1a\xc9\x01\x95\xe2\x91\xb3\x21\x39\xde\xd2\xb1\x56\x3d\x41\x9e\
\xaa\xfb\x96\x7c\x9e\xbf\x1a\x07\x72\x49\x96\x96\xb3\x2f\xe1\x65\
\xd1\xa2\xf6\x27\x5e\x2e\x53\x6d\xb7\xb6\xbf\xea\xa8\xc8\xdb\xea\
\x22\x67\x61\xae\x4b\xe2\x90\xbc\xca\xd7\xba\x39\x73\x4e\x87\xea\
\xd4\x18\x8b\xbd\x9f\xcf\x66\x58\xac\xba\x8f\x58\xeb\x34\xb2\xb7\
\xb6\x2c\x3f\x0f\xec\x38\x3b\xe5\x9c\xa5\xe5\x23\x60\x11\x5c\xe3\
\xfb\xee\xbb\x4c\x3b\x07\xfe\x2b\x80\x25\x2c\x8d\xd6\x48\x5f\xcb\
\x18\x82\x3c\xd7\x99\x80\xe4\x24\x6f\xfa\x08\xed\x35\x53\xd3\xac\
\xd4\x73\x9a\x42\x83\x3b\x48\x6a\x2d\x53\xc8\x51\x8e\x76\xd3\x9c\
\x8a\xb7\x47\x6b\x86\xd3\xdb\x38\x8d\x2d\xe3\xe5\x44\x47\x3a\x72\
\x90\xb1\xae\x8b\x6b\xa7\xde\x96\xf3\x19\x2d\x6f\x40\x3d\xd7\x73\
\x32\xd5\x92\xb7\x97\xd7\xea\xa8\xa9\x55\x77\x5a\xce\x9b\xd0\x3f\
\xb3\xa0\x96\x83\xa3\xd6\x0d\x6f\xea\xaf\x66\x42\x5c\xa3\xed\xda\
\x5b\xe5\xa5\xd1\x7e\x8b\xea\x58\xc8\x1d\x1a\x69\x9b\x79\x96\x1d\
\x19\xed\xf7\x36\x56\xac\x71\x40\xcf\x5f\x78\x95\x4f\xcb\x61\x2d\
\xea\x12\x0d\x10\xb6\xee\xdf\x55\xe3\x6c\xc5\xe3\xb8\x9f\x8c\x56\
\x1f\xd1\x72\x93\xaa\xdf\xae\x4b\x66\x37\xda\xcf\x69\x77\x81\xb3\
\x30\x2d\x5b\x51\xcf\x99\x6d\x9c\xd6\x8d\x02\x2b\x1b\xbb\x71\xbd\
\xdb\x70\xf8\xe1\xce\x7e\x2a\x53\x0d\xb6\x3a\xa5\x51\xe1\x5c\x3c\
\xf0\x9d\xcd\x31\x0a\xbe\x37\x65\x75\xff\x10\x55\x26\x4d\x59\xe7\
\x3a\x2c\x6a\xc9\x47\x27\xc8\xc7\xfd\x10\x78\x1c\x3d\x67\x33\x74\
\xe6\xe4\xa1\xe5\xe8\x67\x11\x2d\xfd\xb6\x74\xa8\xf5\x54\xc7\xef\
\x35\xec\x4e\x38\x66\xa9\x9e\xc4\x3c\x1f\x74\xc6\xbd\x7c\xb5\x64\
\x40\xcf\xe4\xaf\x7a\xbf\x03\xf4\x50\x9d\xc7\xc8\x79\x90\xd6\xd6\
\x9d\xfd\xd1\xed\x6c\x63\xe6\x69\xb4\x9c\x09\xad\x83\x29\x9d\x3a\
\xaa\x3b\xd2\x8b\xb6\xcc\xae\xf9\xad\xba\xa9\xd4\xb2\xf0\xf5\x76\
\x39\x0e\x6a\x79\x09\xac\xb2\xb4\xe4\xae\xb2\xf8\x60\x44\x78\x79\
\x56\xbf\x30\x75\xed\x5f\x71\xd4\x63\x8b\x1c\x21\xb5\x8c\x90\x0c\
\x35\x65\x5b\x9d\x84\xcd\x71\x5e\x85\x41\x76\x23\xb6\xc8\x59\x18\
\x06\x17\xb9\xf9\x2c\xe3\x84\x6c\xdb\xd9\xa8\x91\xd0\x68\x55\x6b\
\xf4\x52\x2c\xca\xf6\x73\x8c\x02\x7a\x4a\xaf\x61\xf9\x4d\xc7\xc5\
\x6f\xd6\x46\x55\x88\xaa\x9c\x14\x60\xad\xc4\x34\x94\xea\x10\x46\
\xf7\x0a\xd4\x21\x2f\x23\x93\x23\x19\xa0\xf5\xe4\x8b\xd6\x9b\x77\
\xcd\xd9\xcc\x8e\xf9\x5a\xa8\x4e\x53\xe4\xe8\x67\x11\x0a\x0b\x53\
\x4e\x74\x48\xab\xe5\xf8\x47\x4e\x81\xe4\x6a\x14\xa4\x5f\xcd\x44\
\xb4\x76\x2f\xd9\xdd\xd0\xb6\x1c\x06\xa9\xe1\xeb\xc6\xaf\xce\x49\
\x47\xca\x57\x6d\x88\xd2\xc3\xee\x02\x87\x47\x92\xa1\x35\x3a\x6d\
\xb1\x6b\x0e\x6d\x90\x57\x72\x48\xde\x75\x18\x89\x65\x9c\xdd\x68\
\x7d\x1c\xaa\xf7\x37\x77\xe4\xb3\xe8\xc9\x1e\xea\xa9\xd7\x5d\x74\
\xe4\x0e\x8d\x88\x93\xb2\x9a\xea\x38\x55\x17\xdc\xd9\x96\x3c\x35\
\x3a\x1a\x98\x79\xfe\x7c\x64\x5e\x65\x51\x7b\x75\x28\x53\x6f\x8b\
\xa4\xa9\x38\x5a\xf7\x4d\x40\x23\x7a\xc5\x4b\x9d\x50\xfb\x9c\x93\
\x66\x45\xe9\x70\xad\xe4\x98\x72\x38\x25\x1d\x21\x87\x1c\x7b\x9d\
\x15\x36\xe2\x74\x08\x85\x53\x48\x74\xbc\x72\x1a\x22\x6f\x51\x80\
\x33\x14\x0a\x46\xce\x59\xfc\x5c\x75\x36\xd3\x0b\x2b\xa7\x22\x72\
\xa6\x42\x07\xc0\x71\xdd\xb0\xab\x4e\x82\x34\x9d\x65\xf4\x80\x3c\
\xcc\x6a\x9e\x7b\xee\xb9\x43\x47\x27\xcb\xc8\x04\x72\x80\xe3\x32\
\xf0\x5f\x4b\x29\x72\x44\x23\x27\x39\x54\x3c\x39\xa2\xd9\x39\x70\
\xf6\x32\xe5\x34\x45\xf4\x9c\x1d\x31\x43\xc1\x39\x93\x1c\xe3\x30\
\x6d\x56\xd8\xba\x24\x50\x9d\x02\xe1\xa8\x49\x61\x91\x5f\x0d\x06\
\x07\x4b\x9c\x43\x0e\xae\x47\x3e\xf4\xf2\xf3\x9f\xff\xfc\x50\x27\
\xee\x44\xa7\xe7\x30\x88\xb8\x19\xfd\x72\x1c\x87\x35\xae\x23\xae\
\x91\xb3\x1d\xd1\x72\xaa\x24\x3d\x50\x3e\xee\x7c\x86\xb8\xe5\x68\
\x6a\xca\xa9\x92\x3a\x37\x8d\xce\x49\x97\x8f\x9c\xfe\xe8\x69\xa2\
\x9d\x03\x67\x37\xba\x4e\x8e\x71\xdc\x01\x8e\x9f\xab\xe1\xbd\xce\
\xcb\xa1\x8e\x3b\xbb\xe1\x38\xf9\x45\x1f\x75\x39\xd4\xf3\x8c\x61\
\x7e\xec\xb1\xc7\x0e\x8f\xd3\x09\xeb\x7a\x2d\xd5\xb9\xc3\x25\x74\
\xa3\x3a\x48\xbe\xa8\x6f\xee\xec\xc8\xd3\x92\xe7\x3b\xc5\x5f\xf3\
\x24\x1d\xba\x03\x21\xd5\x85\x56\xfd\xab\xf9\x73\xf9\xa6\xda\x91\
\xd2\xac\x65\x8a\x03\x26\x1d\xe7\x1a\x66\xfe\x75\x10\x40\xfe\xd0\
\x23\x4e\x8d\xb8\xc6\xf3\x58\xd3\xf4\x73\x72\xbe\x54\x21\xad\xcf\
\x3e\xfb\xec\xd0\xd9\x13\xf9\x46\x86\x29\x87\x53\x80\xce\xc9\xb3\
\x0f\x20\x77\x1b\x4b\x70\xeb\xe0\x4c\x39\x1d\xd2\x2c\x22\x7b\xb7\
\xaf\x07\x8d\xde\x96\xf1\x07\x1d\x4e\x0e\x0c\x93\xdf\x77\xd1\xac\
\x6a\x53\x6b\xd8\xea\xe8\x4e\xc3\xe3\x9a\x74\xbe\x0c\xe4\xb6\x15\
\xe4\xe3\x73\x12\x46\xa1\x12\xa7\x43\x21\x9c\x11\xaa\xb3\x1b\x3a\
\xe9\x4d\x0e\x98\x30\x52\x27\xe9\x09\xf0\x38\xa0\xab\x6d\x86\x15\
\x92\x4d\x18\x88\x75\xb2\x11\x23\x21\x07\x1f\x61\x3d\x68\xa9\x2a\
\x6c\x27\x8c\x84\x59\x2e\x92\xa3\x25\x6e\x4e\x6f\xaa\xbc\x30\x52\
\xa7\x69\xc6\xb9\xcd\xf5\x1a\x5d\x9e\x45\xaf\x8a\x71\x3a\x14\x42\
\x08\x67\x80\x38\x1d\x0a\x21\x84\x70\xe2\xc4\x48\x84\x10\x42\xe8\
\x12\x23\x11\x42\x08\xa1\x4b\x8c\x44\x08\x21\x84\x2e\x57\x9d\x91\
\x98\xda\x0d\x76\x6a\xeb\x8e\x30\x8f\x5d\x73\x76\xb3\xed\xce\x93\
\x42\x08\x8b\xb9\xea\x8c\x44\xdd\xd7\xdf\x61\x7f\x98\x45\xaf\xeb\
\xaf\x1a\xde\x04\x5f\x35\xbe\x15\xf2\x49\xe3\xce\x6e\x7a\xce\x93\
\x8e\xfa\x1c\xf9\xba\x9e\x3f\xf7\xad\xd1\x43\x08\x97\xb3\xb1\x6d\
\x39\x78\xad\x1f\xb4\x1d\x85\x36\x94\x13\x74\x72\x9c\x63\xbb\x00\
\x5e\x91\xaf\xce\x5c\x78\x2d\xde\x9d\x80\x10\x96\x0e\x5e\x0e\x62\
\xb4\x2f\x8f\xb6\x4f\xe0\xb9\x74\xb6\x10\xe0\x55\x7a\x6d\x25\x80\
\x1c\x7a\x55\x5f\xff\xb5\x7d\x40\x2f\xde\x29\x3c\xbc\x6f\xc2\xa7\
\xfd\xa2\x78\x2e\xde\xb7\x00\xe0\x38\xc7\xd8\x42\xc1\x77\xd9\xd4\
\x96\x0b\x35\x9e\x2a\xaf\x8e\x55\x07\x46\xc8\xc0\x76\x03\x6c\x91\
\x41\x5e\xe7\xea\x4c\xf4\xd2\xaf\x68\x0b\x13\x0f\x47\x9a\xca\x0b\
\xe7\x7c\x0b\x0c\x8f\x5b\x9b\xa5\x2d\xca\x73\xef\x3a\xbe\xa9\x43\
\xda\x64\x8e\x7c\xba\x7e\xea\xd6\x2b\x7e\x4e\xbb\xf4\xca\xf1\x11\
\xf1\x52\xee\xc8\xde\xda\xf3\xc9\x75\xc5\x79\xd2\xdd\x31\x3f\x14\
\xad\x3a\x8c\xbc\xd4\x3d\x4f\xb3\x55\xbf\xe7\xd6\xad\x10\x16\xb1\
\xae\x6d\x39\xb6\xd2\xe9\x90\x5e\x36\x72\xe7\x26\xda\xe4\x6e\xae\
\xc3\x1c\x1a\x1d\x1b\x6d\xa9\x23\xf0\x8e\x12\x76\x0f\x1c\x9b\xc8\
\x91\x8d\xf6\x63\x11\xad\x78\xa7\x96\x4e\xe4\x14\x46\xce\x48\x70\
\x2c\xa3\xf0\x72\x00\x24\x99\x85\x3a\x06\xdf\x90\x8e\x99\x85\xf6\
\xb5\x22\x1e\x39\xf9\xd9\x3d\x70\x8a\xe3\xf2\x72\xae\xb5\x45\x74\
\x75\xea\x33\x47\x67\x2e\xab\x3b\xb4\xe9\xcd\x74\x38\x8e\x21\x42\
\x16\x97\xd3\x9d\xdd\xb4\x40\xa6\x2a\x9f\xf2\xac\xb8\x5a\x69\xd6\
\xeb\x48\x47\x0e\x6b\x64\x54\xdc\x51\xcd\xae\xb9\x27\xdd\x6d\x38\
\xb1\xa1\xbc\xe4\x61\x8d\x78\xf9\xb4\x3a\x6a\x39\xaf\x91\x3e\xd0\
\xa5\x36\x3c\xd4\x16\xd4\xee\x18\x48\x1b\xdb\xc9\xc9\x92\x3b\xb3\
\x91\x8e\x97\xad\x5b\x21\x6c\x92\x8d\x6d\xcb\x41\xc3\xf5\xad\x00\
\x68\xf8\x34\x16\xed\xc9\xae\x73\x1a\x81\xd1\xe0\xd8\xba\x80\x8e\
\x49\x6f\x35\x6a\xb7\x56\x0f\x0b\xda\x17\x8a\x37\x49\xf9\x4d\x63\
\xe6\xad\x56\x47\xdb\xf9\x6a\xbf\x1a\x3a\x1a\x2d\x35\xf5\xe2\xd5\
\xbe\xfb\x15\x6d\x1a\x28\xb9\x88\x17\x39\xb5\xb7\x3c\xb4\xb6\x13\
\xf0\x4d\xfc\x14\x0f\x69\xe9\x1a\xe2\x91\x57\x2c\xf4\x45\x07\xe5\
\xf2\x92\x46\x85\xeb\xd9\xdc\x4f\x6e\x31\xa1\xea\xcc\xf5\x41\x78\
\xc9\x2a\x23\xa2\x7b\x0a\xa4\x8f\x4e\x2e\x99\x4b\x52\xa0\x93\xe5\
\x9c\xde\x9a\x97\xee\x24\xff\x14\x35\xcf\xcc\x36\xc8\x93\xf2\xac\
\xb8\xaa\xeb\xc7\x7a\x9d\x36\x4d\xf3\xfb\x1f\xbe\x67\x0e\xe1\xb9\
\x5e\x9b\x13\x12\xbf\x9f\xd3\x06\x6c\xd2\x97\x36\x25\x74\xe4\x66\
\x55\x5b\x66\x70\x0d\x61\x64\x24\x30\x0a\xee\xf2\x96\xdf\xbe\xcc\
\x27\x57\x98\x2a\x53\xed\xd9\x54\xeb\x16\xfa\xef\xd5\xad\x10\x36\
\xcd\x56\x3a\x1d\xf2\x51\xa0\xd0\x48\xab\x3a\xcc\xa9\x0d\x5b\x0e\
\x73\xfc\xb7\x7c\x18\x3b\x8c\x22\xeb\xd6\x20\xea\x24\x7d\x3b\x70\
\x4f\xdf\xd3\x76\x5a\xbb\x3c\x12\x97\x46\xd4\x8b\x3a\x4e\x8f\xa7\
\xe6\x9d\xff\x8c\x44\x5b\xf2\xf6\xe4\xa9\x54\x9d\xd5\x34\xb4\xab\
\x6b\x2f\xfd\x3a\x03\xa2\x13\xaf\x5b\x21\x93\x86\xfc\xfe\x2e\x43\
\xcb\xa1\x90\xb6\x64\x5e\xb4\xe1\x9c\x97\x29\x32\x55\x5f\x14\x74\
\xbe\xbe\xcd\xb3\x73\xf3\xcd\x37\x0f\x8b\x58\xe4\x88\xa8\x3a\x8c\
\x72\x67\x3e\x35\xec\xce\x81\x33\x9b\x65\xeb\x56\x08\x9b\x66\xa3\
\x33\x89\xfa\x5f\x4e\x87\xe4\x48\xc8\xcf\xb5\x6e\x2c\xba\xaf\x03\
\x0f\xab\xce\x83\xdf\x34\x3e\x46\x99\x74\xb0\xde\xa9\x68\x5b\x65\
\x47\x9d\x82\xd6\x88\xab\x0c\xbd\x25\x01\x75\x00\x55\x8e\x39\xce\
\x81\x6a\x3c\x74\xd6\x3e\xa2\x94\x21\x44\xb6\x7a\x53\x9d\x4e\x70\
\xd9\xb5\x6c\x8d\x6c\x5b\x79\x93\xb1\x68\xa5\xef\x68\x6b\x69\x37\
\x8c\xc8\x52\x8d\xc9\x1c\xe4\x50\xc8\xe3\xda\xed\x38\x48\x9a\x42\
\x1d\xb4\x1b\x52\x66\x23\x94\x81\x76\x59\xf5\x38\x79\x48\x61\x51\
\x1a\xc8\x56\x1f\x00\xf0\x7a\x28\x87\x51\xf5\x5e\xc3\xd4\x0d\xf6\
\x65\xeb\x56\x08\x9b\x66\xab\x9d\x0e\x81\x1c\x88\xf4\x5c\x44\x56\
\x87\x39\x8c\xd0\xb4\xb4\xc2\x6f\x96\x23\x98\xea\x57\x47\x25\x72\
\xdb\xe8\x0e\x7d\xdc\x29\x4e\xcf\xc1\xca\x6e\xc3\xe9\x89\xbc\x7b\
\xb9\xa3\x15\x66\x11\x72\x33\x3a\x05\x6b\xe1\x5a\xd6\x90\x9f\x00\
\x97\x49\xee\x2b\xe5\xba\xd2\xcf\xf5\x9c\xcd\x20\x3b\x1d\x6f\xcb\
\xb0\x6a\x6d\xbf\xde\x9b\xd1\x52\x8e\xeb\xc1\xd3\xaf\xba\xab\x72\
\xd6\xe5\xa1\x29\x18\x0c\x28\xcf\x2d\xc7\x4a\x5a\xaf\xaf\xd0\x29\
\xeb\xba\x8a\xf4\xb3\x6b\x8e\x89\xa8\x43\xd5\x31\x11\x10\x7f\x35\
\xb8\xad\x78\x35\xa3\xf1\xfa\xe5\x83\x12\xd5\xd3\x5d\x73\x18\xb5\
\xe8\xe9\xb8\x45\x75\x6b\x91\x03\xa1\x10\x4e\x9a\xad\x76\x3a\x44\
\x43\xe2\xc9\x90\x9f\xfc\xe4\x27\xa3\x23\x13\xd8\x9d\xe9\x30\x47\
\x4f\xbc\x10\x17\x8d\x92\x91\x3e\xdf\x38\x05\xe1\x98\x1c\xd9\xc8\
\xa1\x8f\xfc\x60\x2f\x72\xb0\xa2\xb5\xfb\x3a\x0a\x45\x0e\x75\x28\
\xe4\x0f\xe3\xe4\x4f\xc0\xf4\x46\x97\x72\x74\xc3\x48\x5c\x4e\x8a\
\xc8\x33\x4f\xc5\xb8\x73\x9d\x45\xf2\x3a\xc8\x29\x67\x29\x72\x1a\
\xd4\xd3\x19\x32\xbb\xe3\x14\xce\x91\x5f\xe5\xa3\x3a\x39\x82\x2a\
\x4b\x0d\x27\x67\x37\x2d\x67\x4c\xa0\x6b\xe5\xf0\xe5\xe2\x02\xc7\
\x4a\x3d\x5d\x29\x1d\x97\xc9\x1d\x13\x11\x96\xe3\xe8\xc8\x1d\x1b\
\xdd\x78\xe3\x8d\x97\xe9\x8e\x38\x70\x92\xd3\xf2\xf7\xed\xf7\x35\
\x70\x6c\x43\xb9\xca\xa0\xa3\x67\x9e\x88\xe2\xda\xea\xe8\xa6\xe7\
\xcc\x86\x6b\x7a\x75\x4b\x4f\x6a\xb5\xae\x0b\x61\x11\x71\x3a\xb4\
\x25\x6c\xbb\xd3\x93\x10\xc2\xd5\x49\x76\x81\xdd\x12\xb6\xdd\xe9\
\x49\x08\x21\xac\x92\x8d\x18\x89\xd3\xec\x74\x28\x2f\x3d\x85\x10\
\xae\x26\x36\x66\x24\xce\x9a\x8b\xbf\x10\x42\x38\x8b\x64\xb9\x29\
\x84\x10\x42\x97\x18\x89\x10\x42\x08\x5d\x62\x24\x42\x08\x21\x74\
\x89\x91\x08\x21\x84\xd0\x25\x46\x22\x84\x10\x42\x97\x18\x89\x10\
\x42\x08\x5d\x62\x24\x42\x08\x21\x74\x89\x91\x08\x21\x84\xd0\x25\
\x46\x22\x84\x10\x42\x97\x18\x89\x10\x42\x08\x5d\x62\x24\x42\x08\
\x21\x74\x89\x91\x08\x21\x84\xd0\x25\x46\x22\x84\x10\x42\x97\x18\
\x89\x10\x42\x08\x5d\x62\x24\x42\x08\x21\x74\x89\x91\x08\x21\x84\
\xd0\x25\x46\x22\x84\x10\x42\x97\x18\x89\x10\x42\x08\x5d\x62\x24\
\x42\x08\x21\x74\x89\x91\x08\x21\x84\xd0\x25\x46\x22\x84\x10\x42\
\x97\x8d\x1b\x89\xdd\xdd\xdd\xf1\x33\x97\xaf\xbf\xfe\x7a\xb8\xf9\
\xe6\x9b\x87\x07\x1e\x78\x60\x58\x17\xa4\xb1\x0a\xde\x7f\xff\xfd\
\xe1\xd2\xa5\x4b\x93\x61\x3e\xfe\xf8\xe3\x31\x2f\x7c\x6f\x1a\xca\
\xe1\x99\x67\x9e\x19\xd6\xc1\xaa\xe3\x5e\xa7\xac\x73\x79\xfb\xed\
\xb7\x47\x39\xa8\x2f\x4f\x3c\xf1\xc4\x70\x92\x90\xe6\xeb\xaf\xbf\
\x3e\xfe\x7e\xe9\xa5\x97\xc6\xfa\xe3\xc7\x4e\x12\x74\x70\xdc\x74\
\xc9\x43\xaf\x1f\x20\x6f\xe8\x7a\x1b\x91\xee\x5b\x6c\xaa\x3c\x56\
\xcd\x46\x8d\x04\x95\x82\x0e\x9f\xcf\xdc\x8e\xf9\xc2\x85\x0b\xc3\
\x5d\x77\xdd\x35\x7e\xd6\x25\xd3\x93\x4f\x3e\x39\xac\x82\xcf\x3f\
\xff\x7c\xf8\xe2\x8b\x2f\x26\xc3\x90\xd6\x0b\x2f\xbc\x30\xdc\x76\
\xdb\x6d\xc3\x26\xb8\xfb\xee\xbb\x0f\x7f\xa3\xdb\x75\xc9\xb1\xea\
\xb8\xd7\x29\xeb\x5c\x3e\xf9\xe4\x93\xb1\xbe\x20\xcb\xc5\x8b\x17\
\x87\xe3\xf0\xda\x6b\xaf\x2d\xd5\xa1\xd0\x5e\x34\x00\xb9\xf5\xd6\
\x5b\x47\x19\xfc\xd8\xba\xa9\xf9\xbd\xe9\xa6\x9b\x86\xe3\x40\x1e\
\x7a\x90\x2f\x74\xbd\x0d\xa0\xdf\x67\x9f\x7d\xf6\xf0\xbf\x74\xdf\
\xe2\x24\xcb\x63\x9d\x5c\x33\x6c\x10\x46\x82\xaa\xdc\x34\x90\xc7\
\x1f\x7f\xfc\xf0\x1c\xd6\x99\x86\x03\x8c\xd2\x38\x4f\x81\xdc\x7f\
\xff\xfd\xc3\xed\xb7\xdf\x7e\x58\x29\xb1\xe4\xc4\xb1\xb7\xb7\x37\
\x8e\xdc\xa9\xbc\x0f\x3f\xfc\xf0\x61\x3c\x14\x12\xd7\x9e\x3f\x7f\
\x7e\x78\xe4\x91\x47\x86\x77\xde\x79\x67\xb8\xef\xbe\xfb\xc6\x6b\
\xe8\xa0\x9f\x7e\xfa\xe9\x59\x9d\x8d\x64\xe4\x1b\x03\xe5\x8d\x64\
\xea\x9c\xd0\x8c\xc9\xcf\x21\x1b\xc7\xf8\xe6\xf8\xce\xce\x4e\x37\
\x2e\x8d\xb2\x90\x9f\xe3\x55\x66\xbf\x8e\xfc\xf3\x4d\x7c\xe4\x93\
\xf8\xf9\xe6\x5a\xbe\xc9\x3f\xe7\x38\x4e\x38\xf4\xcc\x7f\xe2\xec\
\x55\x78\x87\xeb\xd0\x35\xd7\x90\x96\xe4\x6f\xc9\x81\xdc\x8a\x57\
\x71\x53\xb6\x92\xa7\xa5\x33\xae\xe1\x1c\x20\xab\xc7\xe1\xe8\x3f\
\xe9\x23\x8b\xe2\x23\x5d\xfe\x57\x79\x95\x77\xd2\xa7\x1e\x69\x16\
\xa0\x0f\xc7\x5c\x7e\xd5\xb7\x9e\x8e\x5b\xb2\xb4\xc2\x49\x96\x9e\
\x9c\xaa\x03\xe7\xce\x9d\x1b\xeb\x31\xf5\xb4\x17\x47\x0f\xb5\x23\
\x97\x81\xd1\x37\x71\xb5\x74\xd0\x8a\x4f\xf5\x84\x70\x6a\x8b\x5e\
\xd6\x6a\x37\xc4\xcb\xe0\x87\x7a\x43\xb9\x54\x5d\x2f\x2a\x0b\x75\
\xf8\x55\x0e\xe9\xb0\x96\xc1\x1c\xdd\x56\xd4\xde\x24\x4b\x2b\xbd\
\x9e\x4e\x38\x4e\xbe\x94\x0e\xe7\xf8\xcf\x6f\xc2\xab\x6f\x52\xdd\
\x70\xf9\xd0\x0d\xf9\x43\xee\xda\x46\x95\xf7\x2a\xfb\xb2\x65\x7d\
\xd2\x6c\x74\x26\x81\xc2\x51\x34\x1d\x84\x4f\x27\x29\x5c\x46\xb8\
\x28\x0e\xa5\x62\x14\x30\x28\x2a\xec\x17\x5f\x7c\xf1\xb2\xdf\x34\
\x04\x4d\x57\xf9\x2d\x4b\x4f\x41\x12\x8f\x0a\x8e\xdf\xc4\xc3\x6f\
\x4d\x61\xe7\x8c\x50\x24\x0f\x05\x4f\x85\x21\x5e\xd2\xd3\x39\x96\
\x8b\x74\xae\x8e\x34\x14\xe6\xd1\x47\x1f\xbd\xa2\xf0\xa9\x5c\x18\
\x2f\x75\xe6\x53\xe9\x10\x2f\x71\x28\xfc\x22\xf9\x30\x80\x9a\x06\
\x73\x1d\xc7\xa8\x80\x18\x57\x2d\xd5\xa9\x72\x13\x9f\x1b\xa8\x29\
\xc8\x1b\x7a\x53\x5c\xc4\xad\xfc\x56\x39\x28\x1b\x97\x43\xe1\x28\
\x3b\xae\x53\x38\xf2\xa8\xf2\x27\x9f\xd2\x27\xc6\x83\x6b\xf8\xd4\
\x99\xa6\xcb\xca\xb7\x97\x01\xbf\x35\x82\x23\x5e\xe2\x27\x2e\xce\
\x23\x93\xcb\xab\xb0\x34\xe8\x5a\x96\xc8\x5d\xc3\xba\x8e\x7d\x94\
\xd8\x0b\x47\x7d\x53\x19\x22\xa7\xe7\x5b\x69\x53\x0e\xcc\xa6\xbd\
\x6c\x5d\x8f\x8b\x96\x23\xd5\xc1\x38\xa4\xd3\x2a\x33\xe2\xe4\x5c\
\x6b\x69\x87\xc1\x18\xe1\x34\xaa\xa7\xec\x90\x8f\xeb\x30\x5e\xc8\
\xa1\xc1\x87\xd7\xdb\x5a\x16\xad\x3c\xaa\x2c\xd0\x1b\xe7\x24\x87\
\xce\x79\x1e\x54\x3f\xb9\x5e\x83\x18\x31\x57\x2f\xe4\x8f\x7c\x73\
\x2d\x61\xb9\xc6\xc3\x4f\xe9\x84\x32\xf3\x3c\x10\x56\x65\x48\xbe\
\x3d\xef\xc8\xad\x38\x91\x8d\xdf\x1a\xa4\xe9\x1a\xcf\xbb\x56\x41\
\x88\x5f\xd7\x79\x7d\xe1\xf8\xaa\x96\xbb\x57\xc6\x6f\xdf\xfe\xc5\
\xde\xaa\x3e\xcb\xf0\xde\x7b\xef\xed\xed\x27\xbf\xf7\xd6\x5b\x6f\
\xed\xed\x37\xdc\xf1\xf7\xfe\xf2\xcc\x78\x6e\x5f\xc9\x97\xfd\x57\
\xd8\x7d\x03\x30\xfe\xdf\x2f\xa0\xcb\x7e\xf3\x11\xfb\x06\x67\x6f\
\xbf\xf0\xc6\xdf\xfb\x0d\x7f\x3c\xf7\xd5\x57\x5f\x8d\xff\xf7\x1b\
\xc1\x18\xcf\x7e\x61\x8d\xff\x75\xdc\x21\x4d\xc5\x2d\x90\x47\xb2\
\x88\x7d\xe3\x36\x5e\xcf\xb9\x8f\x3e\xfa\xe8\xb2\x73\xc8\xc0\xb9\
\x57\x5f\x7d\x75\x6f\x7f\xa6\x32\xfe\xaf\xd7\x8b\xfd\x0a\x33\x2b\
\x1d\xe2\x42\x4f\x2d\x7a\x32\xa0\x37\x70\xfd\x00\x7a\x50\x78\xc2\
\x09\xe5\x9d\x6f\x8e\xfb\x87\x63\x3a\xee\x90\x86\x8e\xb5\xe4\x77\
\x39\x14\x6e\xbf\x11\x1e\x96\x01\x90\x3f\xf2\xa9\x30\x35\x0e\xca\
\xb3\x1e\xf3\x72\xe2\x5b\x69\x48\x26\x9d\x53\x59\x78\x5a\xaa\x1f\
\x84\x53\xba\x80\x8e\x5d\x2e\xbf\x9e\xbc\x79\x1a\xbd\xbc\xb5\x74\
\x40\x3d\x5c\x24\x67\x4d\x7b\xbf\xd3\x38\x8c\x47\xba\x9f\xca\xbf\
\xc2\xf0\x9b\xf2\x25\x3e\x97\xd3\x21\x5d\xc2\x54\x48\xb3\x15\xbf\
\xa0\xfe\x49\x46\xaf\xb7\x55\x16\xaf\x8b\x9e\x56\x95\xc3\xcb\x5d\
\x79\xd8\xef\x4c\xc7\x36\xe3\x50\x5f\xf8\x48\xc6\x29\xbd\x78\xba\
\x35\x3d\xe4\xf2\x7a\x56\xc3\x4b\x4e\xda\x4b\x8d\x57\x6d\x88\x70\
\x92\x45\x72\x73\xcc\xcb\x52\xa0\x2f\xaf\x87\xbd\xbc\x7b\x7a\xc8\
\xd8\xcb\xd3\x22\x56\xd9\x97\xfb\x67\x63\xcb\x4d\x58\x55\xad\x2b\
\x6b\xf4\x84\x55\x66\xf9\x87\xa9\xac\x1f\x5f\xb4\xde\xeb\x23\x6b\
\x2d\xa3\x00\x96\x9a\x99\x85\x46\xcc\x58\x78\x46\x92\x62\xce\xd2\
\x0a\x30\xdb\x68\xcd\x02\x18\x79\x48\x56\x87\xff\x1a\x25\x30\x9a\
\xd8\x37\x84\xb3\xa6\x90\xbd\x74\x34\xb2\xe8\xc9\xdb\x92\xc1\x75\
\x36\x15\x67\x0b\xc2\xef\x57\xfa\x2b\x8e\xfb\xb2\x92\xa7\xa3\x51\
\x74\x4b\xfe\x5e\xbe\x7d\x0d\xdb\xe5\xd9\xaf\xeb\x57\x5c\x33\xe7\
\xfe\x53\xad\x03\x8e\xeb\xad\xde\xcb\xf0\xdf\xcc\x6c\xeb\x3a\x32\
\xff\x29\x4b\x74\xdc\xca\x7b\x05\x1d\xd4\x99\xe4\x5c\x39\x1d\xda\
\x07\x23\x7b\x96\xa0\x98\x6d\xd7\xe5\xad\x1e\x8c\x58\x91\x8b\xfb\
\x5c\xa0\x25\x35\x9f\x59\xf0\xbf\x75\x0f\xc1\xf5\xc4\x75\xe4\xbb\
\x5e\x37\xe7\xde\x8b\xc7\xa3\x19\x6a\xab\xbe\x11\x8e\xfb\x76\x0e\
\x69\xd6\x34\x28\x7f\xca\x46\xf9\x9b\xab\x97\xaa\x5f\xcd\x16\x17\
\xe9\x84\xef\x56\x3d\xde\x9d\x78\xc0\xa6\x2e\x25\x4b\x6e\xf5\x03\
\x5a\x4d\x68\x41\x59\x1d\xa5\xac\x4f\x8a\x8d\x19\x09\x35\x48\xa6\
\xd9\x82\x86\x81\x91\xa0\x40\xf4\xe4\xc8\xa2\xc2\x99\x82\x6b\x7d\
\x3a\xaa\x8a\x26\x14\xff\x22\xa8\x34\xc8\x5a\x1b\x91\x96\x69\x48\
\xc3\x3b\x1b\x2a\xbe\xe4\x66\x6d\x97\x4e\x43\x61\x8f\x92\xce\x22\
\x63\xd6\x92\x61\x7f\x44\xb2\xf2\x9b\xfb\xa4\x43\x5e\x28\x23\x97\
\x4f\xf4\xe4\x5f\x86\xeb\xaf\xbf\xfe\x8a\x38\x8e\x73\xd3\x72\x7f\
\xc4\x76\xc5\xb1\x9e\x4c\xe8\x8f\x3c\xf8\x7d\x08\xea\xa1\x06\x2c\
\xd5\x48\x52\xce\x55\xc7\x5c\x4f\xa3\x77\xf9\x8f\x72\xf3\x52\x6d\
\x00\x5d\xa0\x73\x96\x38\x5c\xae\x1e\xba\xaf\xa2\xfa\xa0\x7b\x41\
\xfb\x33\x8b\xc3\x30\xea\x24\xa7\xd0\xcd\x78\x19\x1b\xd0\xbd\xa4\
\xa3\xd0\x1b\x98\x50\xde\x0e\xfa\xa3\xbc\xeb\x3d\x2a\x8f\x67\xae\
\x5e\x6a\x39\xab\x2d\xf1\x41\xbf\x3d\x9d\xc8\xa8\xd5\x7b\x21\x53\
\x7d\x11\xe7\x6a\xff\xe2\x7d\x0f\x72\xd6\xf4\x14\x17\x79\x55\xb9\
\x91\x27\x74\x70\xdc\x07\x21\x56\xc9\x46\xee\x49\x60\x0c\x50\x10\
\x23\x6c\x1a\x1a\x1f\xd6\x01\x75\x03\x8f\x8e\x15\x85\xb1\xc6\xc7\
\x7a\x9d\x3f\x81\xb3\x0c\xc4\x43\x41\x61\x88\x74\x3f\x42\xb0\x2e\
\xce\xf1\x39\x4f\x94\x60\xe5\x91\x43\x15\x89\x82\xd4\x0d\x35\xd2\
\x60\xed\x56\xe7\x98\x39\xb8\x41\x20\x0d\x2a\x87\xae\x5f\x94\x8e\
\xd6\x46\x6b\x3a\x53\x30\xf2\xf0\xeb\x90\x61\x6e\xc7\x4a\xe5\xd5\
\xe3\x93\x8b\x20\x4f\x54\x60\xad\xb5\x72\x9d\x3f\x09\x86\xfc\xe8\
\xd9\xe5\x5f\xd6\x48\xb0\x2e\xeb\xfa\xe4\xf7\x1c\x43\xde\x83\x99\
\xa4\xc7\x37\x35\xca\x47\x8f\xfe\x28\xa6\x1e\x7a\xe8\x95\x73\xed\
\x14\x00\x1d\xd4\xf4\xe6\x1a\x09\xf4\xa9\xb4\xa5\xc7\x0b\x47\xe8\
\x94\xa9\x6f\xba\x17\x74\xe1\x60\xe6\xa4\x32\xd3\x08\x7a\x51\xbc\
\x1a\x75\xab\x7d\xd4\xb2\x96\x21\x5a\x66\xfd\x1c\xfd\xea\xfe\x92\
\xe4\xd0\x8d\x75\x41\x67\xe9\xf7\x7b\xf8\xf6\xfb\x95\x2d\xbd\x50\
\x0e\xbe\xfe\x2f\x74\x5f\x42\xf2\xd2\x06\x19\xe0\x70\x2d\xed\xca\
\x75\x42\xde\x3c\x4e\x56\x1c\xbc\x0e\x52\x2f\xe1\xc2\xc1\x0a\x42\
\xad\xd7\xba\xaf\xea\xf7\xd6\xbc\x7e\xe8\x5e\xa9\xf2\x4e\xda\xcc\
\x4e\xd5\xcf\x29\x4f\x1a\xd4\x10\xcf\x51\x06\x17\xeb\x60\x63\x33\
\x09\x94\xe6\x23\x00\x1a\xa1\x0a\x05\x85\x63\x38\x28\xa8\x6f\xbe\
\xf9\x66\x34\x26\xdc\xbc\x16\x14\x98\xfe\xeb\x89\x0b\xe1\x23\x3b\
\x1a\xec\x85\x83\xa7\x35\xe8\x0c\x49\x43\x37\xc5\xa8\x24\xc8\x50\
\x47\x82\x8a\x4b\x53\x43\x2a\xb6\x9e\x3c\x92\x3c\xfc\xd7\x68\x9a\
\xc6\x44\xa3\xf4\x73\x5a\xd2\x52\xe7\xa6\x51\x8b\xa6\xca\x8e\x8f\
\x18\xa6\xd2\x99\xea\x28\x09\x87\x8e\x74\x1d\x32\xfb\x68\xb6\xe6\
\xd1\x0d\x0f\xd7\xf0\x41\x9f\xe8\x72\xd1\x08\x86\x06\xcc\x07\xfd\
\x60\x30\x94\x77\xc9\xe1\xba\xd0\xd3\x4d\x42\x72\xb4\x0c\x9f\xce\
\xa9\xd3\x50\xe3\xd6\x4d\xc0\xca\x05\x7b\xec\x94\x6b\x2f\x94\x25\
\x25\x9d\x43\xdf\xc8\xab\x51\x27\xf1\xab\xf1\x69\x29\xc4\xaf\x73\
\xf9\x95\x3f\xa0\x9c\xe7\xe8\xb8\x55\x86\x5a\x3e\x98\x92\x13\xb9\
\x24\x27\x69\x7a\x5a\x1a\x69\xce\xc9\x3f\xc7\xf8\xcd\xf5\x9a\xc1\
\x22\xa7\xca\x0c\x1d\xf0\xbf\x55\x9f\x6a\xd9\x13\x87\x5f\x87\x5c\
\xba\x8e\xba\x8c\x7c\x5c\xa3\xcf\xdc\xb2\x90\xb1\x51\xdb\xf2\xeb\
\x24\x3b\x71\x63\xa0\xd0\x3b\xbf\x35\x2a\x6f\xe9\x05\xdd\xb5\xde\
\x99\xe1\xbc\x6e\x4a\x03\xf9\x56\x7a\x84\x57\xde\x80\xbe\x41\x79\
\x43\x06\xe2\x6c\x95\x21\xf2\xe8\x81\x0a\xe2\xf3\xfc\x4a\x36\x06\
\xa0\xd4\x1d\xda\xae\x0c\xc5\x54\xde\x3d\x4f\x18\x0c\xe5\xcb\x97\
\xc6\x37\xc9\x39\x6e\x4c\x0c\x2b\xe2\xba\xfb\x7e\x3a\xac\x02\x14\
\xeb\x4b\x4f\xbb\x07\xef\x53\xa0\x34\x7f\x4c\x76\x11\x7a\xd1\x45\
\x8d\x99\xff\x14\x16\xeb\xed\xdb\x34\x9d\x3b\x2b\xa8\x21\xfb\xb2\
\x97\x2a\xfb\xdc\xd9\x80\x9e\xf6\xf1\x38\x68\x38\xad\x7b\x24\x73\
\xf0\xe5\xa2\x55\xc4\x17\xb6\x0f\x3a\x7a\x5f\xca\x01\xcd\x02\xeb\
\xf1\x39\xd0\x37\x6c\x7a\x14\x4f\x3f\xb5\xac\x91\xf8\xdd\x3b\xbf\
\x1c\xd6\xc1\x56\x6e\xcb\x81\xf5\xa7\x90\xb4\x4c\xc4\x28\x77\xe7\
\xe0\x39\xed\x65\xe3\xc1\xd8\x70\x3d\x1f\x14\x4f\x87\x11\x03\xb1\
\x1e\x28\x23\x46\x4a\xba\x9f\x34\xf7\x5e\x4c\x2b\x0e\xbd\x43\xc2\
\xef\xe3\xdc\x5b\x21\x3e\x3d\x6a\xb9\x8a\xf8\xc2\xf6\xe1\xf7\x4d\
\xce\x0a\x9b\xde\x4d\xc0\xd9\xca\x99\x04\xec\x1e\xbc\x50\xa5\x1b\
\x70\x4c\xcf\x8e\xb2\x3e\xab\x75\xd5\xdd\x83\x17\xb2\x8e\x1a\x4f\
\x98\x87\xee\x2b\xb1\xde\xda\x7b\xb1\x70\x4e\x1c\xbd\x17\xed\x8e\
\x2a\xd3\x2a\xe3\x0b\xdb\x8f\xee\x99\x1c\xa5\xac\x5b\x4f\xf1\x9d\
\x06\xd6\x35\x93\xd8\x5a\x23\x11\x42\x08\x61\x3e\x57\xd5\x72\x53\
\x08\x21\x84\xed\x20\x46\x22\x84\x10\x42\x97\x18\x89\xab\x14\xd6\
\x6b\xcf\xc2\x36\xc6\x57\x13\xdc\x74\xdf\xba\x7d\x7d\xc2\x99\x27\
\x46\xe2\x2a\x44\x4f\xf9\x2c\xfb\xb4\x58\xd8\x2c\xda\x6c\x2e\x84\
\x93\xe4\x4c\x18\x89\x75\x3e\x2e\xc6\xc8\xed\xa8\xf1\x6b\x07\xd2\
\x1e\xab\xf2\x5b\xb1\x2c\xcc\x20\x7c\x4f\xab\x1e\xda\xf5\x73\x9d\
\x1c\x67\xd7\x4b\xed\x2f\x74\x1c\xb6\x31\x8f\x84\xd5\x5b\xbd\xbe\
\x5d\x04\x4f\xdc\xf0\x46\xee\xb6\xbc\x89\x0b\x73\x1c\x6b\x6d\x8a\
\x45\xed\x4f\xb4\x1c\x46\xe9\x31\xee\x70\x46\x8c\xc4\xaa\x2b\xa9\
\x5e\x93\x17\x47\x75\x6e\xa3\xb7\x33\x7b\xac\xc2\xdb\x96\xef\x7d\
\x35\x17\x6d\xff\xbc\x08\x3d\x2e\x3c\xb5\x39\xd9\x71\xa9\x6f\xcc\
\xcf\x41\xde\xfc\xf4\x76\x2b\x2f\xec\x1d\x75\x84\xbd\x8d\x79\xd4\
\xc6\x7a\x18\x73\x3e\xda\x16\x1f\xe4\x13\xa5\xc5\x26\x1e\xdb\x9c\
\xe3\x58\x6b\x53\x2c\x6a\x7f\xa2\xa5\x4f\x39\x94\x0a\x1b\xdc\x96\
\xa3\x3a\x16\x91\x53\x0f\xbe\xf5\x96\xec\x22\x27\x32\x1c\x9b\xaa\
\x04\x9e\x86\x37\x54\x6d\xd6\xb6\xd3\x70\x8e\xa2\xfd\x68\x38\x8e\
\x5c\xda\xe6\xa0\x15\xa7\x3f\x73\x8f\xcc\xda\x3a\x41\xa3\x3f\x6d\
\x33\xd0\x92\xbb\x76\xd2\x73\x9d\x06\x29\xcf\xca\x83\x3b\x0d\xd2\
\x9b\xa2\xd5\x49\x8c\x43\xfe\x5c\x97\xda\xdf\xc7\x8f\x29\x2f\xba\
\x56\xa3\x2a\x39\x5a\xb9\x60\x3e\x04\x7a\xf2\x82\xcb\x01\x53\x8e\
\x55\x76\xcd\x01\x50\x4f\x47\x0a\xc7\x0c\x8c\xad\x0c\x3c\x6f\x1c\
\x23\xfe\xd6\x35\xcb\xe6\xf1\x62\xc3\x01\xd4\xa2\x32\x59\x65\x1e\
\xc1\xb7\x64\xa9\xc7\x5b\x06\x51\xef\xa6\x78\x5d\x50\xbe\xb4\x3b\
\x6f\x2b\x2d\xbd\x4f\x00\x5c\xaf\x30\xc4\xc3\xff\x7a\x5d\xad\xff\
\x55\x86\xd6\xc6\x7c\xd2\x43\x6d\xb7\xae\x9f\x5e\x7a\xbd\xb8\x6b\
\x7b\xdb\x3d\xd8\x70\x53\xb3\xb0\x56\x79\x73\xfd\x22\xe7\x3e\x0a\
\xd7\x3a\xde\xd2\xe3\x54\x9b\x3e\x2b\x6c\x6c\x26\xc1\x68\x9d\xa9\
\xb3\x1a\x9f\x3b\x15\x62\x8a\xe8\x4e\x3f\xdc\x41\x87\x1c\xd4\x70\
\x9c\xfd\x51\xe8\x1c\xd8\xf3\xa4\xb2\x5b\x9c\xbf\x70\x0d\xff\x7d\
\x2f\x15\x79\xa9\x93\x13\x10\xdf\xf9\x91\xbd\x6a\xf4\x7b\xca\xf1\
\x8c\xa6\xb3\x54\x20\xdd\x08\xd6\x06\x6a\xbe\xc9\x57\x75\xd6\xe3\
\x3e\xba\x77\x97\x70\x1a\xb4\x77\xe0\xfc\x05\x2e\xd8\x8e\x96\xda\
\xbe\x04\x79\x08\x87\xfc\xad\x91\xb1\x3a\x3a\xff\xef\x53\x72\xc5\
\x01\x5a\x66\xdb\xb1\x3d\xa8\xe6\xca\xab\xbc\x4a\xde\xea\x58\xc5\
\xcb\xd3\x75\xab\x06\xcc\x08\xb5\xb5\x1c\x87\x4e\x5b\x4b\x65\xbc\
\x75\xdb\xbb\xc7\xb2\x6c\x1e\x2f\x74\x1c\x40\x4d\x95\x09\xff\xab\
\xe3\xa3\x5e\x1e\xe5\x98\x86\xfa\xbf\xaa\xd9\xcb\x05\x73\x60\xa5\
\xbc\x20\x3f\x1d\x2f\xf2\x20\x63\x6b\xa3\x4c\x6d\x7c\xe7\xce\x86\
\x08\xa7\xfd\xa9\xbc\xbe\x49\x7e\xea\xaf\x9c\x32\xb9\x5e\xeb\xb2\
\xec\x54\xfd\xf7\x25\x38\xa5\x27\x39\x5b\xfe\xeb\xdd\xf1\x94\x9c\
\x56\xe9\xbf\x0c\xa4\x66\x83\x1a\x08\xe9\x25\x4a\x40\x4e\x3e\x6a\
\xef\xad\x65\x46\xd2\x68\xed\x74\xab\x72\x97\x3e\xa4\x47\xe5\x5f\
\x65\x79\xd4\x8d\x48\xb7\x9d\x8d\xcc\x24\x28\x38\xac\xb5\x2a\x15\
\x8d\xbe\x4e\x59\xdd\xef\xb3\x3a\x74\xcd\x32\x7c\xdf\x1d\x8e\xb5\
\x0a\x47\xeb\xee\x1a\x15\x68\x57\x4b\x41\xa5\xd4\x3e\x50\x54\x28\
\x3a\x79\xd2\xd0\xf2\x83\x46\x93\x0e\xf2\xfa\x26\x67\x74\x12\x54\
\x36\xae\x21\x2e\x2d\x53\x91\x6e\xed\x88\xa9\xc8\x92\x5b\x1d\x91\
\x1a\x83\xe2\x55\x7e\x5b\x79\xd2\x3e\x2e\xc4\x2d\xcf\x7a\x0a\xaf\
\x3c\x6a\x74\xbb\x33\xb1\x15\xc6\x6e\xd9\x1e\x9d\x6b\xa9\xe8\x32\
\x90\xea\x84\x1d\xed\x7d\xe4\x1b\xb5\x2d\x23\x2f\x1d\x85\x6f\x68\
\xe6\xe5\xe9\xf8\x46\x76\xe8\xa4\x55\xae\xee\x5a\xb3\xd2\x5b\xd2\
\x39\xa9\x3c\x22\x97\x6f\x20\xd7\xca\x23\xff\xb5\x06\xce\xb7\x6f\
\x5c\xe9\xf8\x9a\x38\x1d\xdb\xa2\x6d\xc2\xb5\x2d\xb8\xd2\xd7\x32\
\x9c\x74\xc5\x79\xda\x98\x8f\xc0\xfd\x5a\xe5\x45\xee\x71\x75\x9d\
\xea\x9b\xb6\x35\xf1\x8d\x39\x15\xe7\x22\x7a\xf5\x7f\xf7\xc0\x1f\
\x4b\x95\xb3\xd6\x6f\xa0\xfe\xa8\x7d\x32\x8b\xa4\x6c\xf4\x9f\xb8\
\xb5\x8b\x34\xd7\xa8\x5f\xa9\xcb\x45\x9a\x3d\xf0\x21\x3d\x77\x99\
\x4c\xfd\xc0\x00\xb4\x0c\x1d\xf2\x6b\xeb\x0f\xf5\x55\x3a\xae\xf8\
\xb4\xe5\xcf\x59\x64\x23\x33\x09\x2a\x40\x9d\xaa\xf6\x76\x63\x05\
\x46\x48\xd0\x5a\x23\xd4\x08\xaa\x42\xd8\x1a\xa7\x4f\x23\xab\xd3\
\x95\x56\x1c\x95\x29\xa7\x40\x7c\x53\xc1\x5a\xeb\xfd\xb5\x63\x06\
\xaf\x50\xab\x72\x1a\xa4\x5d\x2f\x31\x3e\x8c\xa8\x5a\x95\x56\xfe\
\x1a\xea\x75\x1a\x71\xf5\x96\x6c\x9c\x65\xe5\xad\xc7\x7a\xba\xee\
\x19\x36\x47\x9d\xcb\xb2\x68\xa9\x01\x36\x99\xc7\x1a\x67\xcf\xb0\
\xd1\x71\xd2\x11\xf2\x99\xe3\x47\xa2\x42\x1b\xd3\xcc\xc0\xd3\x5e\
\xb4\x85\x3c\x23\x62\x0c\x1e\xf5\x47\x1f\x2d\xc1\x72\xbc\xc6\x59\
\xff\xf7\x64\x69\xd5\x7f\x39\xe7\xc2\x70\xd5\xf4\x6a\x19\xa3\x03\
\x2d\x63\x52\x87\x2f\x9a\xcb\x63\x9c\xf5\xd4\xd9\x6e\x0b\x3f\xa7\
\xa5\x29\xc1\x80\xaf\xf5\x80\x8a\x96\xb2\x5c\x3e\x19\x08\x64\xa2\
\x1f\x61\xf0\x80\x91\x98\x53\x7f\x4f\x23\x1b\x31\x12\x72\x2c\xe2\
\xcc\x69\xf8\xad\x42\xa0\xb0\x5a\xcb\x4d\xad\xce\xe4\xb8\x37\xb8\
\xe5\x54\xc7\xd9\xb5\xbd\xed\x19\x8d\x11\xa6\xa6\xa3\xa9\x6f\xbd\
\xce\xcf\xd7\xa7\x74\x70\x1a\xb4\x2c\xc8\xc6\x48\x87\x91\x16\xeb\
\xd9\xad\x91\x38\x8d\xba\xa6\x45\x87\xa9\xfd\xeb\xe7\x54\xf4\x55\
\xc9\x7b\x14\x18\x55\xb7\x6e\x34\xfa\x5e\xfe\x2d\x34\xe2\x6c\x75\
\x58\x2d\x36\x99\xc7\x55\xd0\x6b\x63\x73\xf2\xee\x06\x8a\x8f\xb6\
\xd8\xae\xb3\x71\xa8\x5e\xfc\x1c\xb5\xcb\xd6\x75\x7a\x32\x4d\x4e\
\x9e\x3c\x3d\xea\x6e\xbd\x2f\xa0\x81\xd1\xa5\x03\x7f\xe4\x7e\x2f\
\x69\x15\x37\xec\x7b\x8f\x17\x6b\x76\xd9\xd2\x07\xf2\x68\x57\x69\
\xf9\x9c\x39\x8b\x6c\xc4\x48\x50\x29\xdc\xa9\x46\x75\x2c\x32\x85\
\x0a\xd3\x9d\x77\xb4\x90\x93\x18\x35\x74\xd2\x98\xeb\x88\x67\xc7\
\x6e\x60\x3b\x53\x4e\x81\x90\x43\x7b\xd0\xfb\xfa\x29\x70\xde\x9d\
\xf5\xc8\x91\x89\x38\x8e\xd3\x20\x97\x95\x6f\x55\xf4\x7a\xe3\xce\
\xc3\x57\x23\xa6\xb0\xd5\xeb\x9c\x9f\xdf\x35\x47\x2b\xc7\x91\xf7\
\xb8\xd0\x38\xd1\xa5\x1c\x1a\xa9\xe3\x40\x06\x8d\xd2\x5b\xf7\x32\
\x94\x47\xce\x2d\xca\x23\x71\x52\x7f\x36\x95\x47\x60\x44\xbf\x5b\
\x1e\x81\x85\x29\x43\xce\x88\x5a\x75\x41\x6d\xcc\xeb\xbf\xee\x09\
\x4c\x21\xa7\x3f\x7e\x9d\x1c\xf2\xc8\x29\x93\x9f\xf3\xe5\x26\x3a\
\x49\xd5\x3f\xc2\x10\x0f\xd4\xfa\xaf\x7b\x1b\x1c\x6f\xc9\x49\x1c\
\xad\x19\x16\x65\xef\xbb\xf8\xd2\x17\x10\xe7\x2a\x76\xf5\x65\x16\
\xc1\x72\x53\x35\x14\x7a\x18\xc4\x9d\x09\xe9\xa5\x46\x8e\x79\x5d\
\x3b\xab\x1b\x87\x7e\xff\x6f\x1e\xfa\xeb\x67\x86\x15\xf1\x83\x5b\
\xee\x98\x15\xee\xda\x6b\xaf\x1d\xee\xbd\xf7\xde\xb1\x12\xbd\xf9\
\xe6\x9b\xa3\xc2\x7f\xf6\xb3\x9f\x8d\xe7\x6e\xb9\xe5\x96\x71\x04\
\x72\xe7\x9d\x77\x8e\xe1\x1c\xce\x71\x9c\x4a\xf6\xca\x2b\xaf\x0c\
\x1f\x7c\xf0\xc1\xf0\xd8\x63\x8f\x0d\xdf\x7e\xfb\x6d\x73\xe4\x41\
\x1a\x2f\xbf\xfc\xf2\x98\x06\x53\xd4\x07\x1f\x7c\xf0\xb0\xb3\xd8\
\x2d\x3e\x69\xb5\x64\xc4\x39\x3a\x9b\x37\xde\x78\xe3\x70\x17\x49\
\x85\xe5\x1c\xe9\xeb\xd1\x4b\xc2\x49\x6e\xc9\x82\xcc\x84\xfb\xf2\
\xcb\x2f\x2f\xbb\xb1\x4c\x63\xf8\xf4\xd3\x4f\xc7\x4a\x4d\x58\x2a\
\x25\xf9\x44\x46\xce\xf3\xad\x78\xef\xb9\xe7\x9e\x31\xbd\x1b\x6e\
\xb8\x61\xfc\xb4\x64\xd5\x39\x8e\x93\x47\xe2\x22\x0d\xd2\x25\x8d\
\x77\xdf\x7d\x77\xec\x0c\x09\x53\xd1\x08\xcf\x3b\x1b\xc2\xa1\x47\
\x5f\xda\x50\xba\x2a\x07\x96\x69\xa4\x83\x65\xe5\x45\x57\xad\xf2\
\x54\x59\xfb\x31\x97\xd3\xcf\x09\x8d\xe2\x28\x23\xd2\xa7\x73\x7c\
\xee\xb9\xe7\xc6\xb4\x69\xc4\xd7\x5d\x77\x5d\x73\xa9\x6d\x4e\x1e\
\x69\xf8\x94\xd9\xa6\xf3\x48\xf9\xb1\xbc\xc3\x87\x7a\xe3\xf7\x3a\
\xf8\xf4\x3a\x51\xd5\x05\xe2\xd4\x7f\xb5\x31\xf2\x52\xe5\x03\xea\
\x8c\xe2\x57\xdb\x6c\x5d\xc7\xc7\xe3\xa4\x4d\xe9\x09\x3a\x8d\xb8\
\xf5\x50\x00\x71\x3e\xf4\xd0\x43\xa3\xae\x6a\xfd\xa7\x5d\xc9\xc7\
\x48\x8d\x73\x4a\x4e\xf4\x26\x03\x08\x5c\xff\xd9\x67\x9f\x8d\xe9\
\xd4\x70\x8b\xca\xc0\xcf\x21\x33\x79\x46\x0e\xf4\x4d\x7e\x48\x5f\
\x65\x4d\x7a\xba\x49\x4d\xd8\xe7\x9f\x7f\xfe\xb0\x9f\x50\x7b\xe3\
\x3c\xc7\x37\x69\x28\xfe\xf0\xd9\xdf\x0d\xeb\x20\xbb\xc0\x5e\x85\
\xe8\x89\x96\xfa\x18\xe9\x59\x80\x91\x9d\x7b\x19\x3b\x4b\xec\x1e\
\xf8\xe8\x38\x8a\x23\x9d\x70\xf6\xc9\x2e\xb0\x61\x65\x60\x18\x58\
\x57\x3d\xee\x3d\x9a\x6d\x44\xde\x0c\xcf\x22\xcc\xe4\x5a\x4b\x65\
\x21\xac\x93\xcc\x24\x42\x08\xe1\x0c\x90\x99\x44\x08\x21\x84\x13\
\x27\x46\x22\x84\x10\x42\x97\x18\x89\x10\x42\x08\x5d\x62\x24\x42\
\x08\x21\x74\x89\x91\x08\x21\x84\xd0\xe5\xcc\x3a\x1d\x9a\xeb\x70\
\xe4\xb4\xc1\x0b\x88\xf5\x4d\xf0\xb3\x9a\xd7\x10\xc2\xe6\x39\xb3\
\x4e\x87\xe6\x3a\x1c\x39\x6d\xf0\x46\x68\x35\x12\x47\xc9\xab\x36\
\x2a\x3b\x2a\x67\x75\x5b\xe4\x10\xc2\xe5\x9c\x69\xa7\x43\xa2\x17\
\x9f\x1c\x9d\x90\xbe\x5e\xf5\xd7\x06\x70\x7c\x57\x67\x22\x3d\x07\
\x2d\x2d\x87\x24\x75\x23\x32\x1d\x9b\xeb\x0c\xa6\xe6\xb3\xe7\x88\
\xa5\x3a\x36\x9a\xe3\x5c\x45\x7b\x02\x49\x1f\xca\x7b\xcb\x29\x8c\
\xf6\x0a\xda\x31\xc7\x31\xd2\x85\x1c\xdc\x68\x37\x4f\xdf\xa6\x42\
\xf9\x97\x4e\xab\xce\x16\x39\x99\x09\x21\x6c\x07\x67\xda\xe9\x90\
\xc7\x47\xa7\xe9\x0e\x86\xd8\xde\x60\xe7\xc0\xa3\x18\xf1\x69\x1b\
\x69\x39\x34\xa1\x03\xaf\xce\x5a\x90\x53\x0e\x75\xb4\x45\xb2\x9c\
\xc8\xd4\xb0\xee\x84\x08\xe8\x34\xf5\xdf\x1d\xcf\xf4\x9c\xac\x2c\
\x72\x68\xc2\x79\xf2\xbe\x73\x04\xe7\x2a\x50\x1d\xd4\xf4\x9c\xc2\
\x70\x5e\x8e\x71\x88\x97\x8e\xdd\x3d\xfc\x69\xcb\x65\xcf\x2b\xc8\
\x48\x69\x33\xc3\x96\x53\x9b\x29\x27\x33\x21\x84\xed\xe0\xcc\x3a\
\x1d\xaa\xb8\xc3\x11\xed\xe6\xa9\x91\x2f\x1b\x8a\xd1\x11\x6a\x44\
\xcb\xc8\x5a\xbf\xe5\x58\xc5\x47\xd4\xee\xa0\x85\xff\xca\x87\xc2\
\xca\x5f\x01\x71\xca\xa9\x89\xf6\xab\xd7\xe8\xbf\xe6\xfd\x52\x71\
\xcf\xa8\x19\xcd\x4e\xc3\xa1\x89\xf6\xf0\x41\x0f\xad\xbd\x97\xa6\
\x9c\xab\x00\xc7\xd9\x9c\x4d\x33\x38\x6d\xdb\xcc\x5e\x4e\x3a\x4f\
\x27\xae\xeb\xb4\xfb\x26\x69\x29\x1e\x77\x70\xb3\x68\x9b\x77\xc2\
\xba\xce\xe6\x38\x99\x09\x21\x6c\x07\x1b\x31\x12\x3d\xa7\x43\x72\
\x75\x08\xc7\x75\x3a\x54\xd9\x29\x0e\x61\xd8\x39\xd4\xe3\xf0\xd1\
\x76\x75\x48\x44\xe7\xa5\x65\x18\x8f\x67\x2a\x1f\xda\x19\x53\xc6\
\x45\x4b\x2b\xf2\xf0\xe5\x6e\x2b\xf9\x5f\x9d\xb7\x60\x3c\xe4\x9d\
\x8d\x73\xf2\x66\x06\x8c\xbc\x7b\x06\xa2\xe6\x95\xdf\xae\xd7\x16\
\xee\x58\x45\xa0\x0f\x19\x01\x3a\x74\x8c\xca\x51\xfd\x29\x54\x9d\
\xc9\xaf\x83\xa7\x8f\xde\x62\x24\x42\xd8\x3e\x36\x62\x24\xe4\x10\
\xa5\x6e\xd9\xbc\x88\x9d\x25\x9c\x0e\x1d\x07\x64\xbb\x58\x1c\xba\
\xb7\x3c\x70\x91\x8f\x3a\x03\x72\xc7\x2e\x2c\xa7\xd0\x41\xcb\xed\
\x23\x68\x4b\x65\xdf\xa8\xad\xe5\x08\x47\x4b\x70\x8a\x93\x0e\x5c\
\x33\x28\x66\x59\x2c\xfd\xac\x6a\x37\x50\x19\x3f\x8f\xcf\xfd\x18\
\x68\x66\xc4\xec\x45\xb3\x8d\x4a\x5d\xd2\x62\x89\xac\x85\x9c\xcc\
\xf8\xcc\xc6\xef\x5f\x84\x10\xb6\x8b\x33\xeb\x74\xe8\x38\xd0\x69\
\x57\x67\x2d\x2d\x17\x92\x72\xd0\xe2\xf9\xa0\x43\xd5\xec\x02\x63\
\x40\x3c\xf2\xc5\xab\x63\x84\xf3\x6b\xb4\x94\xe3\x54\x87\x26\x0e\
\x71\xe8\xde\xca\x51\x21\x3d\x39\x8f\xc7\x40\x30\xbb\x6a\x39\x85\
\xd1\x2c\x43\x37\xa9\x25\x37\xe1\xe5\xe0\x46\x06\xce\x1d\xb3\xf4\
\x66\x2f\x53\x4e\x66\x48\x63\xce\x60\x21\x84\x70\x72\x9c\x59\xa7\
\x43\x7e\x4d\x75\x38\xe2\x0e\x86\x84\x9c\xc8\xd0\xb9\x61\x88\xe4\
\x20\xa5\x3a\x41\xf9\xee\xbb\xef\x0e\x47\xbd\xad\x7c\x10\xd6\x1d\
\xfd\x10\x46\x4e\x6c\x84\x8c\x47\x2b\x7e\xd1\x73\x68\xa2\x27\xc0\
\x88\x8f\xdf\xc8\x2d\x27\x2b\x8b\x9c\xab\x38\x84\x91\x63\x1b\xf2\
\xd0\x73\x0a\x43\x27\xce\x39\xe5\x01\x47\x3f\xc8\xcf\x6f\x39\xb8\
\x91\x3c\x9c\x93\x33\x1a\x9c\xf4\xc8\x09\x4f\xd5\x59\xcf\xc9\x8c\
\x66\x54\x67\xd5\xc3\x57\x08\xeb\x24\x4e\x87\x4e\x08\x46\xb5\x8c\
\xd2\x2f\xae\xc0\x6f\x6e\x08\x21\x9c\x14\xd9\x2a\x3c\x84\x10\xc2\
\x89\xb3\xb1\x97\xe9\xb6\x15\xf9\xec\x0d\x21\x84\x10\x23\x71\x05\
\x79\xca\x26\x84\x10\xfe\x89\x2c\x37\x85\x10\x42\xe8\x12\x23\x11\
\x42\x08\xa1\x4b\x8c\x44\x08\x21\x84\x2e\x31\x12\x21\x84\x10\xba\
\xc4\x48\x84\x10\x42\xe8\x12\x23\x11\x42\x08\xa1\x4b\x8c\x44\x08\
\x21\x84\x2e\x31\x12\x21\x84\x10\xba\xc4\x48\x84\x10\x42\xe8\x12\
\x23\x11\x42\x08\xa1\x4b\x8c\x44\x08\x21\x84\x2e\x31\x12\x21\x84\
\x10\xba\xc4\x48\x84\x10\x42\xe8\x12\x23\x11\x42\x08\xa1\x4b\x8c\
\x44\x08\x21\x84\x2e\x31\x12\x21\x84\x10\xba\xc4\x48\x84\x10\x42\
\xe8\x12\x23\x11\x42\x08\xa1\x4b\x8c\x44\x08\x21\x84\x2e\x31\x12\
\x21\x84\x10\xba\xc4\x48\x84\x10\x42\xe8\xb2\x11\x23\xf1\xf5\xd7\
\x5f\x0f\xbb\xbb\xbb\x0b\x8f\x6d\x92\x27\x9f\x7c\x72\xb8\xfe\xfa\
\xeb\x47\xb9\xce\x02\xcf\x3e\xfb\xec\x70\xee\xdc\xb9\xe1\xe3\x8f\
\x3f\x1e\x56\x4d\x4b\x47\xdb\x54\x96\x3d\xde\x7f\xff\xfd\xe1\xd2\
\xa5\x4b\xc3\xb6\xf1\xd2\x4b\x2f\x35\xcb\x89\x63\xaf\xbf\xfe\xfa\
\xc2\xeb\xe7\x86\x5b\x27\xaf\xbd\xf6\xda\x61\x9b\x7e\xe6\x99\x67\
\x86\x93\xc4\xf3\x8f\x2e\x91\x83\xcf\xa6\x75\x72\x5a\xd9\x88\x91\
\xa0\x10\x6f\xbe\xf9\xe6\xcb\x1a\xe8\xdb\x6f\xbf\x3d\x1e\xdb\x96\
\xce\xe5\xa6\x9b\x6e\x1a\x2e\x5e\xbc\x38\x5c\xb8\x70\x61\xd8\x06\
\xd0\x15\x9d\xfc\xdc\x8a\x2e\xa3\x20\x7d\x92\x9f\xfb\xef\xbf\x7f\
\x2d\xf9\xa1\x21\xd6\xce\xf6\xd1\x47\x1f\xdd\x7a\x43\xf1\xf9\xe7\
\x9f\x0f\x5f\x7c\xf1\xc5\x70\x1c\xa8\x23\xab\xe6\xd6\x5b\x6f\x3d\
\x2c\x27\x8f\x9f\x8e\x6e\x8e\x51\xe3\x5a\xca\x7b\x93\x60\x80\x91\
\x17\x59\x6e\xbb\xed\xb6\xe1\x38\x50\x97\x97\x31\xe6\xae\x27\xe9\
\x61\xae\xee\xc2\x95\x5c\x33\x6c\x21\x74\x3a\xf0\xf8\xe3\x8f\x8f\
\xdf\x74\x36\x74\x8e\x0f\x3f\xfc\xf0\x58\xd0\xdf\x7c\xf3\xcd\xd8\
\x90\x38\x76\xfe\xfc\xf9\xe1\x89\x27\x9e\x18\x76\x76\x76\xc6\xb0\
\x54\x06\xae\xe7\x1a\x1a\xd8\x7d\xf7\xdd\x37\x56\x54\xae\xa3\xe2\
\xf2\x9f\x51\xce\x8b\x2f\xbe\x38\x56\xbe\xbb\xee\xba\x6b\x0c\xcb\
\x39\xc2\x93\x06\x50\xb1\x49\x47\x70\x3d\x86\x0c\x1e\x79\xe4\x91\
\xe1\x9d\x77\xde\x19\xaf\xe5\x1a\xe2\x41\x1e\x3a\x1c\x0c\xa0\xe2\
\x21\x9d\x1a\x6f\x8d\xeb\xf6\xdb\x6f\x3f\x3c\x47\x78\xcf\x9b\xcb\
\x4f\x7a\xa0\xeb\xb8\x46\x7a\xf9\xea\xab\xaf\xc6\x78\xf6\xf6\xf6\
\x46\xc3\x80\x5c\x6a\x10\xe8\x82\xb0\xe8\x87\x3c\xa9\xf3\xd1\xb5\
\xd2\x93\x64\x40\x7e\xd2\x92\x9e\x40\xfa\x25\x2c\x33\xac\xa7\x9f\
\x7e\x7a\xa9\x86\x2f\xdd\x13\x87\xeb\x81\xb4\xd4\x99\x48\xc6\x0a\
\xf9\xc5\xb8\x21\x0b\xfa\x45\x37\xfc\x57\x1e\x34\x5a\x25\x5f\xe4\
\x43\x23\x46\xbe\x3d\xac\xea\x86\xce\x91\xbf\x2a\xa3\x77\xc8\x32\
\x70\x92\xc9\xf3\x80\x7e\xf9\x46\x36\x64\x42\x36\xf4\xc1\xa7\x97\
\x57\x97\x57\xba\xab\xff\xd1\x87\xd2\x23\x3f\x35\xfe\x45\xfa\x74\
\x54\xce\xc4\xc1\xb5\x94\x69\x4b\xcf\x35\x5f\xaa\x0f\x8b\x74\xab\
\xba\xef\x79\xf3\x34\x5a\xb2\xb4\xc2\x49\x16\xe4\x24\x3e\xc5\xaf\
\x73\x84\x47\x2f\x9a\x0d\x50\x9e\x2e\x47\xaf\xde\xb4\xd2\x76\x19\
\x88\x53\x75\xa3\x55\xb6\xe1\x9f\xd8\xca\x7b\x12\xef\xbd\xf7\xde\
\x38\x45\xd5\x32\x06\xbf\x35\x65\xa5\x72\xf0\xfb\x81\x07\x1e\x18\
\x0b\x9b\x4e\xf0\xee\xbb\xef\x3e\xac\xd0\x74\x96\x18\x00\xfe\xd3\
\xb9\x71\x0e\xa8\x04\x5c\xc7\x7f\x19\x21\xfe\x33\xe2\xa5\xe3\xe3\
\x5a\x3a\xff\x1a\x1e\xa8\xc0\x1c\x27\xed\x4f\x3e\xf9\x64\xfc\xcd\
\x39\xc2\x28\x1e\xe4\xa1\x31\x53\xe1\x14\x8f\xc7\x4b\x3a\x1e\x17\
\xf1\xd0\x01\x70\x0e\x23\xa3\xbc\x21\xb3\xf2\xc6\x39\x7e\x83\x96\
\x1f\xf8\xfe\xe8\xa3\x8f\xc6\xf3\x2e\x07\xdf\xa4\xe7\xd3\x7c\x40\
\x1e\xfe\x2b\x4c\xd5\x93\xd2\xe1\xbf\xe2\x57\x7e\x90\x91\x06\xcd\
\x39\xae\xe3\x1c\xf2\x73\x7c\x2e\xa4\x2f\x43\x85\x31\x93\x7e\x89\
\x47\xc6\x95\x86\x89\xec\xad\x91\x1e\xd7\xa2\x3b\x1a\x2e\x1d\x3b\
\x32\x48\x5f\x84\xe7\x1c\x7a\x54\x87\x82\xdc\xc4\x59\xc3\xea\x1c\
\x23\x4b\xce\x91\xbe\xea\x81\xca\xb0\xca\xad\xf2\x25\x0e\xc2\x93\
\x07\xae\x27\x4d\xf4\x41\x9a\x0c\x52\xf8\x96\x21\xf7\xbc\xaa\xec\
\x04\x61\x24\x8f\xd2\xac\xff\x87\x83\x7a\xd0\x8a\x5f\x7a\x43\xb6\
\x5e\x1a\xca\xab\x06\x15\xd2\x9f\x74\xc2\x6f\xd5\x25\xe5\x8b\xe3\
\xe4\x8b\x32\xe0\x33\x47\xb7\x2a\x57\xa5\xe7\x69\x50\xaf\x94\x06\
\xf9\xa8\xe5\xa5\x70\x5e\xe6\x53\x72\x4a\x07\xea\xbc\x5d\x0e\x7e\
\x4f\x2d\x09\x4b\x97\x82\xdf\xaa\x4f\x53\x65\x1b\xfe\x89\x8d\xce\
\x24\xd4\x61\x54\xe8\x28\xa9\xe4\x14\x30\xb3\x09\x1a\x2b\x1d\x99\
\xcf\x16\x58\x2a\xe0\x3f\x95\xcc\x3b\x7e\x2a\x6c\x3d\xe7\x9d\x0f\
\xa3\x60\xe2\x77\x08\x4f\x23\xa4\xd2\x7a\x05\x17\xc4\x4d\x7c\x18\
\x2f\xbe\x09\xa3\xc6\x24\x90\xef\xd5\x57\x5f\x1d\x65\xd3\xb2\x99\
\xe2\xd5\x48\x98\xf3\x1e\x17\x10\x0f\x9d\x83\x66\x4d\x84\xd7\x75\
\xc4\xa9\x4a\x8e\xdc\xe4\x83\xb0\x9a\xa5\x90\xc6\x5b\x6f\xbd\x35\
\xc6\xaf\x8e\x1f\x18\x39\x72\x2d\x61\x39\x4f\x7a\xea\xf0\x40\x9d\
\x11\xc6\x86\x73\xc4\x45\xe3\xd0\x2c\x05\x5e\x78\xe1\x85\x31\x5e\
\xe9\x90\xf2\x50\xc7\xb4\xcc\x92\x15\x72\xa9\x81\xa3\x77\x8d\x88\
\xd1\x83\x74\x20\x99\x69\xf0\xad\xe5\x1b\xd2\xd5\x71\xc2\x21\x8f\
\xf4\xc5\x7f\xfd\xd6\x2c\xc7\xc3\x92\x07\xca\x93\x0f\x3a\xd1\xe8\
\x91\x73\x73\x96\xc3\x34\xea\x44\x8f\xa0\x3a\xc8\x71\xcd\xcc\x94\
\x1e\xba\x6a\xe5\x55\x48\x6f\x5a\x86\x61\xd6\x57\xff\xbb\x6e\x6b\
\xfc\x1a\xe5\xab\xfc\x48\x63\xce\xf2\x23\x65\x29\x59\xd4\xb6\x34\
\xeb\xa9\x65\xe0\x6d\x72\x91\x6e\x09\x4b\xd9\x10\x27\x75\x5b\xba\
\xa1\x7d\xb4\xda\x36\x1d\xb2\x87\xe3\x37\xf5\x4e\x71\xfa\x0c\x55\
\x72\x72\x8c\xf6\x84\x51\xd0\x39\xcd\xbe\xd0\x8d\xda\xdc\xdc\x3a\
\x49\x7a\xe4\x49\xe5\x5f\xcb\x56\x33\x6c\xe5\x3b\x6c\xd8\x48\x50\
\x99\x28\x7c\xf0\x91\x3b\x95\x86\x0f\x9d\x96\x0a\xce\x0b\xcd\x47\
\x15\xde\x80\x04\x95\xca\xf1\x75\x67\x5f\x7e\x00\x3a\x0e\x55\x30\
\x8d\x82\x6a\xe7\xe1\x1d\x9d\xe2\xa8\x46\xc2\x97\x09\x54\x99\x15\
\x2f\x9d\xb7\x46\x76\xc4\xc5\x47\x1d\x84\xd0\xe8\x85\x6b\x74\x9d\
\xf2\xd1\x1a\xd9\xa8\xd3\x57\x7e\x5c\xbe\x45\xa0\x0f\x64\xac\x3a\
\x64\x86\xa0\x35\x5c\xe5\xa1\xc6\xb9\xec\x3d\x0d\x19\x2b\x3a\x0d\
\xca\x5a\x06\x9a\xc6\xa9\xd9\xd5\x22\xaa\xe1\xe0\xbf\x0c\xb9\xcb\
\xa7\xd1\xb7\x83\xee\xb5\x9c\x58\x1b\xfe\x9c\xfb\x09\x32\x06\x73\
\xae\x53\x5e\x35\x63\xa9\x83\x11\x97\x9d\x65\x45\x7e\xb3\x44\x48\
\xdd\xd0\x3d\xa3\x45\x54\xfd\xf3\x5f\xf5\x73\xce\x35\x8c\xca\x95\
\xaf\x56\x38\x9d\x87\xaa\x5b\x3a\x4f\x37\x4a\x5a\x02\xd2\x6c\xc3\
\x69\xc9\xc3\x00\xc3\x67\x4e\x8a\x43\xb8\x9e\x5d\x8e\x0a\x86\x03\
\x5d\xf3\x60\x09\x6d\x76\x8e\xde\x80\xfe\x84\x3a\xe0\xcb\x95\x9a\
\x05\xb9\x3c\xeb\xb8\xcf\x74\x9a\xd9\xa8\x91\xa0\xd3\x68\x75\xf2\
\x40\x41\xaa\x91\x11\xc6\x2b\x90\x0a\x57\x06\x04\xbc\x73\xd5\x68\
\x57\x23\x48\x2a\x92\x2f\x2d\x38\x8c\xa6\xa8\x74\xa0\x8e\xb7\x36\
\x44\xd2\xd1\xba\xa8\xee\x6f\x1c\x15\x75\xe6\x1a\xc1\x51\x71\x5b\
\x9d\xdb\x22\xa4\x0f\xad\xa5\x4b\x27\x73\xee\x15\xec\x1c\xac\xa7\
\xd7\xfc\x50\x1e\x8b\xa6\xda\xad\x0e\x89\x38\x5a\x37\x80\x09\x47\
\x7c\x32\xfe\x6a\x90\xe4\x9d\x4e\x91\x51\xa0\xd0\x72\x56\x0b\x8e\
\x7b\xbe\x98\x01\xe9\x9e\x4c\x95\xa3\xca\xc7\xac\x4c\xeb\xcc\x55\
\x3f\x9a\x25\xb5\x50\xc7\xc7\xa7\xd6\x1d\xe4\x21\xad\xaa\x07\xcf\
\xab\x8c\xa0\x8f\xd4\x01\xb9\xe9\x28\xa9\xa3\x0c\x48\x80\xff\x84\
\x3f\xc9\xd1\x6b\xab\xbe\x21\xbf\xdf\x87\x73\xc8\x2f\xed\xc8\x3b\
\x50\x0d\xe2\x28\xcb\x3a\x9a\x6f\x19\x21\x06\x3d\xcc\x6a\x3c\xdc\
\x51\xda\x12\x32\x68\xf6\x8c\xbe\x7d\xb6\xb5\xe8\x3a\xda\xb8\xea\
\x93\xca\xd7\xeb\xa1\xee\xc5\x84\x7f\x62\x6b\xdf\x93\xa0\x31\xa9\
\x03\x63\xd4\x50\xa1\x71\x33\x62\x63\xa4\x48\x41\xd3\xc0\xf8\xf0\
\x9b\x63\x34\x50\xc2\xd0\x00\xa7\x46\xbf\x7a\xd2\x4a\xeb\xfb\x9a\
\xc5\x38\xc4\x4b\xc5\x21\x5e\xdd\x6b\x38\x2a\xc4\xa5\xce\x09\xf9\
\xf9\xcc\x79\x2c\x55\x9d\x9b\xee\x3d\xe8\x86\x9d\xeb\xc1\x2b\xb7\
\x66\x68\x75\x19\x49\x32\x80\xf4\x44\x7c\xc4\xb5\x68\x44\xc6\x88\
\x17\x5d\xd5\x25\x0e\x2d\x7f\xc9\x90\x72\x5e\xe9\x93\xb6\xeb\x4b\
\x65\xa1\x7b\x31\x1a\x8d\xf2\xbb\xf7\xa4\x91\x1e\x44\xd0\x43\x09\
\x8c\x20\x5b\x9d\x1c\xf9\x22\x1e\x75\x50\xc8\xa1\x11\xbb\x3a\x67\
\xe9\x9a\x32\xf0\xf4\x7c\xc9\x52\xf7\x5e\x40\xe9\xf8\x72\xa6\xe7\
\x47\xc6\x8d\x6f\xcf\x6b\xaf\xce\x71\x9c\xb0\xe4\x41\x03\x1b\xe5\
\xad\xd7\x71\x2b\xfe\x55\x43\xa7\xef\x65\xd0\x1b\x48\x41\x4b\xb7\
\xea\xe0\xfd\x3e\x9a\xca\xb2\x25\xaf\xca\x40\xe1\xd0\xd5\x9c\xa7\
\xcb\x74\xbf\x47\xd7\x51\x56\xbb\x07\x37\xd4\x97\x41\xcb\x53\xba\
\x57\xb8\x73\x70\xcf\xc7\xcb\x96\x7c\x6c\xcb\x13\x8d\xdb\xc2\xf7\
\xff\xe6\xa1\xbf\x7e\x66\x58\x11\x3f\xb8\xe5\x8e\xd9\x61\xd5\x78\
\x6f\xb8\xe1\x86\xf1\x3f\x85\xcf\x12\x0c\x1d\xd5\xb5\xd7\x5e\x3b\
\x7e\x3e\xf8\xe0\x83\xe1\xbb\xef\xbe\xbb\xcc\xd2\xab\x83\x62\xf4\
\xff\xeb\x5f\xff\x7a\xb8\xe3\x8e\x3b\x86\x97\x5f\x7e\x79\x2c\x70\
\xae\xd1\xd3\x0f\x5c\x77\xcf\x3d\xf7\x8c\x9d\x17\xc7\x39\x76\xdd\
\x75\xd7\x1d\xc6\x0f\x54\xd8\x9f\xfd\xec\x67\x63\x63\x41\x1e\x2d\
\x37\xd5\xf0\xb7\xdc\x72\xcb\xd8\x49\x13\x27\xa3\x26\x3a\x6a\x3d\
\x7d\xc4\x87\x8a\xce\x68\x95\x70\xca\xdb\x8f\x7e\xf4\xa3\x43\x63\
\x53\xe3\xe2\xfb\xcb\x2f\xbf\x1c\xf3\x4b\x03\x43\x06\x5d\x87\x3e\
\xee\xbd\xf7\xde\x2b\xae\xf3\xd1\x12\xbf\x09\xa3\x4e\x9d\x78\x9e\
\x7a\xea\xa9\xe1\xaf\xfe\xea\xaf\x0e\xd3\x25\x1d\x74\x42\x9c\x77\
\xde\x79\xe7\x78\x8d\xe2\xe2\xf8\x43\x0f\x3d\xd4\xd5\x93\x97\x03\
\xa0\x67\xe5\x8f\xf8\x64\xc0\x05\xe1\x48\x93\x72\xa0\x31\x73\x4e\
\x23\x6a\xf4\x46\x5e\xf5\xec\xbf\x46\x7e\xc8\x44\xa3\x7c\xe5\x95\
\x57\x86\x77\xdf\x7d\x77\x78\xf0\xc1\x07\x9b\x46\x0a\x3d\x33\xfa\
\xa4\x5c\x88\xfb\x87\x3f\xfc\xe1\xe1\x08\x5c\xa3\x57\xe9\x5d\x3a\
\xe2\xfc\x9b\x6f\xbe\x39\xfe\xe7\x5a\xd7\x19\x32\x72\x4e\x4b\x15\
\x9a\x11\x70\xdd\xa7\x9f\x7e\x3a\xca\x89\xbc\xe8\x87\xb2\x90\xae\
\x74\x8e\x3c\x3c\xff\xfc\xf3\x87\x1d\xba\xe2\x04\xc2\x79\x5e\x09\
\xd7\xeb\x70\xb8\x5e\x72\x2b\x1d\xfd\xd7\x9a\x3b\x7a\xf5\xf8\x39\
\x4f\xd9\xf8\x6c\x48\xe5\xab\xb2\x72\x54\x5e\xad\xf3\x9c\xf3\x32\
\xa0\xad\x3d\xf6\xd8\x63\xc3\xaf\x7e\xf5\xab\xd1\x80\xcf\xd1\xad\
\xca\x78\xe7\xe0\xc9\x39\x95\x3f\x7a\x55\x9b\x21\x5d\x74\xa2\x3a\
\x49\x5e\x15\xce\xcb\x5c\x72\xb6\xf2\xc0\x87\xa5\x50\x66\x01\x84\
\x47\x27\xaa\x0f\x18\x8c\x56\xbd\x91\x9e\x5c\x97\xd4\x75\xb5\x59\
\xea\xbb\x66\x24\x5e\xb6\xc4\xbb\xec\xac\x7e\x5b\xf8\xc3\x67\x7f\
\x37\xac\x83\x73\xbf\x7d\xfb\x17\x7b\xc3\x8a\xb8\xee\xbe\x9f\x0e\
\xab\x82\xca\xcb\xa8\x55\x37\x84\x85\x46\x11\x2c\x23\x1c\x17\x2a\
\x12\x15\x5d\xcb\x4d\x3d\x18\x21\xea\x26\x9a\x96\x6a\x18\x71\xe8\
\xa6\x71\x58\x1f\x94\x77\x5d\xb2\x09\xab\x41\x8f\x9d\xba\x21\x8b\
\xbe\x4f\x2f\xbf\x7b\xe7\x97\xc3\x3a\xd8\xca\xf7\x24\x40\xa3\x94\
\x45\x1d\xf8\x49\x20\xc3\xc0\xf4\x5a\xf7\x3a\xe6\x2c\xcf\x84\xb0\
\xcd\x50\x97\xf5\xb4\x8f\xee\xbd\xb4\x96\x76\xc3\xd5\xcd\xc6\x96\
\x9b\x16\xc1\x34\xb1\xf7\x48\x24\x6b\xe9\xad\xa9\xe9\xb2\xe8\xc5\
\xb3\x45\xd3\x4b\xa6\xc8\x2c\x25\x10\x9e\x69\x2b\x0d\xe9\x6f\xff\
\xf6\x6f\x9b\x53\xfc\xb0\x5a\x76\x96\x78\x6a\x2b\x2c\x07\x7a\xa5\
\x1d\x31\x4b\x66\x39\x87\x65\xc7\x0c\x7c\x4e\x2f\x57\xdd\x72\x53\
\x08\x21\x84\xf9\xac\x6b\xb9\x29\xbb\xc0\x86\x10\x42\xe8\x12\x23\
\x11\x42\x08\xa1\x4b\x8c\x44\x08\x21\x84\x2e\x31\x12\x21\x84\x10\
\xba\x6c\x9d\x91\xd8\x3d\xd8\xd9\xf5\x38\x68\x37\xd6\x93\xa2\xee\
\x28\x5a\x39\xaa\xd3\x15\xed\xe8\x3a\x17\x5e\x36\x92\x1c\xbd\xb7\
\x5e\x57\xcd\xba\xf2\x3e\xc5\xaa\x9c\x05\x21\xfb\xee\x8c\x4d\xfe\
\x56\x45\xcf\x99\xd0\x69\xa0\xe5\xc8\x67\x11\x75\x9f\xa6\x93\x46\
\x6f\xff\x2f\xcb\x36\x38\x6d\xda\x26\xb6\xce\x48\xac\xc2\x61\x8a\
\x6f\x5e\x77\x12\x90\x1e\x8f\xd2\xf6\x38\x6a\x87\x26\x5f\x0b\x73\
\x41\x6f\x92\x43\xdb\x62\xac\x9b\x75\xe5\x7d\x8a\x55\x38\x0b\x02\
\x1e\xfb\x3c\x49\x23\xe1\xce\x84\x36\x49\xdd\x00\x73\x0e\x2d\x47\
\x3e\x8b\x98\x2a\xfb\x65\x1d\x09\x1d\x05\x97\xf9\x24\xae\x3b\xab\
\x6c\xe4\x65\x3a\xdf\xcc\xad\xe5\x3c\xa5\x6e\x00\x46\x18\x6d\x30\
\xe6\xce\x42\xa6\x1c\xcc\x28\x0e\xbd\x00\xa7\xed\x22\x88\xc3\x0d\
\x88\xfc\x23\xec\x98\xbf\x02\xde\xcd\xd0\xb6\xcf\xd5\x41\x4a\xcf\
\xe1\x4b\x4b\xe6\x1a\xa6\xca\x5c\x1d\xb7\x4c\xe1\xdb\x50\x4f\xe5\
\xdb\xf1\xad\xa9\xe7\x84\xaf\xce\x5c\xb4\x9f\x90\xfb\x32\x90\xae\
\x7a\xce\x6e\xaa\x03\x97\x45\xf4\xf4\xb1\x6b\xfe\x30\xb4\x6d\x46\
\xa5\x25\x8f\x9c\x14\x89\x5d\x73\xec\x53\xf3\x57\xe5\x26\x9f\xbe\
\x5b\xec\x94\x33\x9a\x5a\xc6\xda\x68\x51\x2f\x5a\xba\xee\x55\xa7\
\x7c\x13\x4a\x75\x42\xbd\xf8\x7b\xba\x3e\xea\x75\x7e\x1e\x99\xdc\
\x51\xd2\xdc\xfa\x21\xbc\xae\xd7\x6b\x7d\x2b\x8c\x7a\x7e\xca\x91\
\xd0\x94\xbe\x17\xe5\xb9\xe6\x8f\xfc\xfb\xd6\xe2\xae\x3b\xf9\x42\
\xf1\xbe\x44\x9b\x63\x4a\xde\xba\x51\xa1\xf7\x39\x57\x23\x1b\xf3\
\x71\xcd\x8b\x72\xee\x3c\x45\xbb\x71\xfa\x14\x51\x4b\x19\x54\x0a\
\x0a\x5d\xde\xe4\x3c\x0e\x77\x30\xa3\x2d\x7f\xe9\xd8\x65\x84\xb4\
\xc1\x9d\x9c\x8a\xb8\x93\x12\x36\xfa\x22\x1c\xe7\xd8\xb2\xd9\xf7\
\xe7\xe7\xbb\x3a\x37\x91\x23\x14\xc2\x33\x9a\x75\x67\x2a\x3d\x07\
\x35\xee\x14\x66\x77\xc2\x71\xcb\x14\x72\xd0\xa3\x06\x36\xe5\x58\
\xc7\x9d\xcd\x08\x0f\x5f\xb7\x46\x76\xd9\xb4\x9d\xb7\xbc\xd2\x49\
\x3f\x2d\x5d\xa9\xbc\x3c\xcd\x96\x13\x9b\xde\xae\xa2\x3d\x7d\x54\
\x07\x35\x5c\xdf\xea\x10\x48\x47\x46\x9f\xb2\x50\x7e\xeb\x52\x88\
\xef\x40\xeb\x69\xd5\x25\x49\xd5\x13\xcd\xc0\xe4\x10\x47\xf9\x75\
\x67\x34\x9c\xab\x8e\x6a\x24\xb7\xd7\x3d\xd0\x86\x77\xf5\x9c\xd7\
\x4b\xc5\xef\xb2\xb8\xae\x7d\xf3\xc6\x7a\x9d\xd7\x2f\x6d\x16\xd9\
\x3a\x27\xa4\x4b\x19\x32\xb5\x23\x39\x63\xea\xd5\x0f\xc7\x1d\xf9\
\xa8\x1e\x70\xad\x76\xc1\x55\x7d\x00\xda\x14\xe7\xd4\x86\xd4\x19\
\x57\x47\x42\x53\xce\x7f\xa6\xf2\xec\xb8\xde\xea\x86\x85\xda\x7c\
\x51\x4e\xae\xbc\x2f\x51\xdd\xa0\xbc\xdd\xb0\x48\x37\x3b\x57\xf9\
\xcb\x9c\x1b\xdb\x96\x83\xc2\x70\xe7\x29\xda\xe5\xd1\xa1\x90\xd9\
\x1f\x49\x96\x9d\x6b\x34\x55\xa6\xd0\x79\xf3\xd9\x9d\xa0\xb4\x3a\
\x5c\xdf\xbe\x99\xc2\xa6\x33\xd7\xe8\x92\x8f\x36\x80\x93\x53\x23\
\x5f\x8b\xe4\x9c\xe2\xe7\x37\xf1\x6b\xfb\x72\xe2\x24\x4d\xdf\x36\
\x44\x23\x34\xed\x2b\xa5\x46\xa0\x86\xc4\x35\xee\x00\x46\x23\xb9\
\xa9\x2d\xa2\xa9\xf4\xd2\x83\x74\xd2\x73\xfe\xd2\x02\x79\x5a\x7a\
\xaa\x23\x26\x64\x63\x8f\x2c\x97\x4d\x72\xcb\xbb\x9d\xeb\x4a\x1d\
\x8c\xd3\x72\x62\x23\x47\x48\x2d\x5a\xfa\x70\x87\x42\xc8\xdc\xd3\
\x8d\xcf\x2e\x94\x0e\x61\xd1\x8d\x74\x04\xda\xe8\x0d\x99\x5b\x7a\
\xab\xf2\x80\x46\xb9\xb5\x6e\xc8\xeb\xdc\xee\x81\xb3\x27\xc9\x01\
\xcb\xae\xbf\xa3\x3f\x6d\x54\x48\xfc\x8c\x70\x7d\xb7\x57\xc9\xc2\
\x39\x0c\xa5\x3b\xc2\xe9\x5d\xe7\x9b\xee\x71\x8e\x25\xb9\x4b\xc5\
\x2d\x6b\x75\x64\xa4\xfa\xe1\xce\x98\xf8\x5f\xaf\x6b\xa1\x6b\xdd\
\x01\x54\x5d\x06\x44\x1e\xe9\x48\x06\x84\xf0\xee\x48\x48\xcb\x3b\
\xaa\x3b\x3b\x07\x1b\x53\x2e\xca\x73\xdd\xf6\x5d\x69\x28\x9c\xdc\
\x07\x83\xda\x90\xcb\xe2\xcb\x6e\xee\xcc\x49\xfd\x10\x46\xc7\xdb\
\xc4\xd5\xca\xc6\x8c\x44\xb5\xce\x3d\x6b\xed\x1d\x99\x3b\xf4\xa1\
\xa2\x54\x3f\xc5\xad\x0e\xa5\xe5\x1d\xec\xeb\x03\x17\x9e\xf5\xdc\
\xd4\x88\xc1\x97\x10\x04\x3b\x89\x3a\x2d\x87\x25\x3b\x07\xfb\xed\
\x03\x0d\xa8\x1a\xb2\xea\x7c\xa8\xc2\xe8\x07\xff\x09\x4a\x5b\x5e\
\xf7\x1c\xf9\x93\x68\xa1\x1d\x6a\x9d\x96\x9e\xe4\x88\xa8\xc6\x0b\
\xbb\x07\x1e\xd1\x9c\x3a\xfd\x6e\x6d\xdd\xbc\xe8\xfe\x52\x2b\x4d\
\xfe\xb7\x1c\x0a\x55\xea\x75\x72\x52\x83\x9c\x34\x6e\x0c\x82\x76\
\xfa\x54\x5a\x2d\xe7\x45\xc2\xd3\xea\x39\xd1\x91\x4f\xf0\x96\x9e\
\x8e\x62\x24\xea\x7f\xd5\xcb\x2a\xa7\x7c\x9e\x57\x39\xeb\x75\x75\
\x16\xc0\xff\x45\xf7\xa6\x7a\xce\x98\xe6\xdc\xf3\x69\xd5\x2d\xfe\
\xbb\x17\x44\x97\x97\x32\x6a\xdd\x63\x93\x91\xab\xce\x7f\x24\x7b\
\x2f\xcf\x4e\x4b\x6f\xf2\x1f\xa1\xf3\x1e\x8f\xf7\x25\xfa\xef\xc8\
\x41\xd1\xd5\x6e\x20\x60\xab\x1f\x81\x65\x19\xaa\xb2\x6b\x0e\xea\
\x6b\x45\xa9\x7e\x13\xa6\xd0\xd2\x4d\x2b\xee\xa3\x22\xdf\x00\x35\
\x4e\x35\x38\xd2\xa4\xf3\x62\x74\xa2\xcf\xa2\x0d\x0c\x19\x11\xb9\
\xff\x02\xb9\x46\x75\xe4\xee\xb4\x27\x53\x6d\xf0\x5a\x97\x76\x68\
\xc0\xf5\xc9\x1b\x8c\x93\xe4\xae\xe7\xaa\x8f\x83\x56\x79\x78\xde\
\x5b\xb4\xe2\x6d\x19\xc1\x65\xd1\x48\x58\xcb\x45\x4a\xab\xde\x8c\
\xec\xed\x24\x2c\x27\x3a\x8e\x8c\x60\x4f\x17\x8e\x5f\xbb\xec\x13\
\x66\xbd\x7a\xb9\xa8\xb3\xd2\xcc\xca\xeb\x96\xcf\x84\x97\x49\x0f\
\x3d\xcd\xb9\x39\x8d\x3e\xaa\xbf\xf3\xa3\xb4\x21\x77\x45\xea\xb2\
\x2f\x73\x1f\xa0\x55\x2e\x2e\x4b\xcb\x40\x4d\xc9\x2a\x03\x73\xdc\
\x3e\xe1\x2c\xb0\xd5\x46\x42\x1d\xa4\x3b\x33\x11\x34\x7e\x39\xa3\
\x01\x2a\xf6\x32\x8f\xad\x69\xf4\xad\x6b\xb8\x5e\x53\xda\xa3\xa2\
\xd1\x89\xdf\x37\xe1\xb7\x1a\x1c\x23\x13\x46\x4b\x92\xd9\x9f\xf0\
\x60\x19\xab\xe7\xa8\x85\x11\x95\x46\x59\x2d\xe7\x2f\xd5\xc7\x40\
\xbd\x5e\xfe\xb0\x95\x4f\xae\xa9\x46\x85\xf4\x25\x9b\xd6\x73\xd5\
\x01\x48\x57\x32\xc2\xc4\x41\xb9\xd4\x38\xaa\x13\x1b\x4f\x87\xf8\
\x6a\x27\x4d\x5e\xbc\x7c\xe5\xff\xfb\xb8\x46\x42\xf1\xfa\x2c\xad\
\x95\x96\x8f\x78\x1d\xf9\x3f\x56\xdd\xd0\x7d\x1f\xed\x96\xea\xeb\
\xdd\x7e\x4f\x08\x18\x49\x6b\xc6\x51\xd7\xc5\xe7\xa0\x87\x26\x5c\
\xd7\xc4\x57\x67\xcd\xbd\xeb\xa4\xe3\x5e\x19\x09\x19\x79\xf2\xe4\
\x8f\xe6\xea\xe6\xee\x9c\x07\x2a\xa8\x5b\xda\x1d\x59\xd7\xce\x1d\
\xa8\xc9\xc0\xc8\xf8\xd2\x46\xa4\x2b\xcd\x2a\x96\x79\x12\x4c\x0f\
\x0d\x78\x7b\xf6\xfe\x60\xaa\x2f\xe9\xc9\x27\x1f\xdc\x57\xbb\xa1\
\xd8\xd8\x2e\xb0\x38\x00\xa9\x37\x89\xdc\x39\x08\xbf\xd9\xa1\x12\
\x87\x25\x14\x36\x4e\x51\xd8\x89\xf5\xc6\x1b\x6f\x3c\x74\xa2\xe2\
\x4e\x50\xb8\x1e\x27\x2f\x72\x9c\xc3\xce\xad\x7c\xea\x34\xd4\xcf\
\xe1\xbc\x44\x0e\x47\x38\x8e\xf3\x1f\x77\x56\x42\x87\x20\xa7\x48\
\x2d\x99\xe5\x28\x45\xeb\xc1\x84\x27\xce\xdd\x83\x77\x3d\x90\x99\
\x38\xb5\x0c\x45\x5c\x2e\x33\x71\xe9\x3c\x6b\xb5\xe4\xcf\x91\x4e\
\xd4\x49\x93\x37\x1c\xb0\x54\xe7\x2f\xcf\x3d\xf7\xdc\x18\x5e\x23\
\x77\xce\xbb\xb3\x99\x9e\x9e\x1c\xc9\x2e\x67\x2e\xec\x08\x2a\x99\
\xa5\x2b\xdd\x1f\x21\x0e\x39\x67\x12\x3d\x27\x36\xdf\x7e\xfb\xed\
\x18\xcf\xcf\x7f\xfe\xf3\x43\xe7\x4a\xc2\xf5\x41\x9a\xc4\xa1\x30\
\xae\xd3\x4a\xeb\x9c\x97\x33\x72\x91\x57\x77\x95\xa9\x3c\xf4\xf2\
\x57\xeb\x09\x65\xa1\xfc\x52\x47\xdc\xd1\x10\x1d\x8e\x3b\x28\xe2\
\x1c\xe9\xe9\xde\x05\x79\x56\x9d\x75\x1d\xcc\xad\x97\x8c\xa0\xab\
\xae\x55\x0f\x17\x5d\x47\x9a\xbd\x32\x12\xd4\xa9\x37\xde\x78\xe3\
\xf0\xf7\xc5\x03\x87\x51\xaa\x1f\xfc\x6e\x5d\x57\x1d\xf9\xe8\xde\
\x06\x83\x10\x39\x72\x42\xc7\xb5\x0e\x56\xe4\x48\x08\x23\xcd\x47\
\x0e\xb4\xa4\x53\xb5\x1b\x39\x3c\x9a\xca\xb3\x23\x43\xa9\x1b\xeb\
\x0c\x7c\x24\xb3\xda\x29\xe7\x70\x72\x85\x81\x53\x5f\xe2\x79\xf3\
\xbc\x5e\x2c\x0e\x8a\xb6\x9d\xec\x02\x7b\x86\xa1\xd3\x62\x3a\x7c\
\xdc\x8a\xa8\xa7\xac\xb6\xc1\x07\x87\xa3\x51\xf9\x49\xc9\xb5\x6b\
\xbe\xb4\x4f\x8a\xab\xd1\x59\x8f\x6e\x38\xfb\xb2\x10\x1d\x2a\x1d\
\x6c\xef\x41\x8a\xb0\x3e\xae\x3a\xa7\x43\x57\x13\x2c\x51\x1c\xf7\
\x25\xab\xdd\x83\x47\x51\xb7\xf1\x46\x1b\xa3\xeb\xa9\x27\xb8\x56\
\xcd\xa5\x8e\x5f\xf4\xb0\x5a\xa8\xb3\x2c\x2f\xe9\x06\xb6\x46\xea\
\xee\x49\x32\x9c\x7e\x62\x24\xb6\x80\x55\xbc\x85\xab\xa7\x41\xb6\
\x75\x04\x77\x92\x6f\x1a\xeb\x26\xee\x49\x72\x92\x46\x70\x9b\x60\
\xe6\x20\xf7\xbe\x94\xb1\x3f\xb2\x1e\xce\x06\x59\x6e\x0a\x21\x84\
\x33\x40\x9c\x0e\x85\x10\x42\x38\x71\x62\x24\x42\x08\x21\x74\x89\
\x91\x08\x21\x84\xd0\x25\x46\x22\x84\x10\x42\x97\x18\x89\x15\x70\
\xb5\x3a\x29\x69\x39\xff\xd1\x8b\x84\x21\x84\xb3\xc1\x99\x31\x12\
\x47\x71\xa4\xb2\x2a\xf4\x52\xd1\x69\xa7\xee\x8a\xba\x88\x96\xf3\
\x9f\xa3\x38\x8d\xe2\x31\xca\x78\x02\x0b\x61\x3b\xd9\xd8\x7b\x12\
\xee\x60\x84\x7d\x69\xe8\x5c\xe4\xb0\x85\xef\x9e\xd3\x9e\x96\x53\
\x15\x6d\x65\x4d\x67\xa3\x67\xe4\x5b\xf1\x57\xf4\x02\x9a\x1c\xa2\
\xf8\x46\x6a\xd5\x29\x52\x8d\x83\xb4\xe8\x20\x17\x79\x1b\xab\x4e\
\x93\x7c\x43\xb5\x9d\xe2\x2c\xa6\x3a\x5f\xa9\x4e\x92\x16\x39\x50\
\xea\xe9\xb7\x3a\x70\xf1\x77\x08\x5c\xe7\x55\x87\x55\x57\xda\x8b\
\xa9\x95\xae\xae\xd7\x76\x0d\x4a\x8b\x70\xd5\x71\x53\x8d\x97\x70\
\xbc\xa5\x8b\xaf\x00\xbd\x04\x77\xa9\x38\x88\x71\xf9\xa7\xe2\xec\
\xe9\x2e\x84\x70\x34\x36\x32\x93\xd0\x92\x44\x75\xb8\x42\xc3\xe7\
\xb7\xb6\x01\x77\xe7\x36\xd0\x73\xc6\x22\x8f\x5f\xda\x1c\xce\xe3\
\x67\xbb\x8b\x9e\x93\x1d\x8e\xcb\x09\x0d\xfb\xdc\xb0\x01\x98\x36\
\xa7\xc3\xd9\x48\xcf\x29\x0c\xe9\x72\xbd\x9c\x9b\xd0\xb1\xb6\xe0\
\x7a\xce\xf9\x26\x7d\xea\x4c\x7d\x67\x57\xdf\x08\xce\x9d\xaf\xe8\
\x9a\x5d\xdb\xdf\xbe\xe7\x40\xc9\x99\x72\x98\x53\x37\x36\x93\x23\
\x1c\x75\xec\x3b\x8d\x2d\xd1\x77\x0f\x9c\xb2\xa0\x27\x64\xaa\x4e\
\x5f\x38\x4f\x9a\xda\xfc\xce\x1d\x37\xb9\x8e\xe5\xd8\xc5\x21\x2d\
\x66\x81\x72\x42\xe3\x7a\xe3\x3a\xe9\x40\xd7\x4d\xc5\xa9\x17\xbb\
\xaa\xbe\x43\x08\x47\x67\x23\x33\x09\xdf\x76\x59\x0e\x6c\x04\xa3\
\x69\xcd\x10\xe4\xc4\x44\x5e\xc8\xa0\x3a\x55\x71\xc7\x24\x1a\xfd\
\x6a\xc4\xbd\x33\xb1\xa3\x28\x9b\x7f\xb1\x7d\x80\xce\x63\x24\xdc\
\x20\x71\xdc\x1d\x9d\x68\xdb\x60\x0c\x98\x3b\x4c\x92\x1c\xad\x9d\
\x22\xe9\xf8\xdd\x91\x0a\xd7\xd1\x71\xc9\x61\x8d\x0c\x9c\x1c\x28\
\x49\x76\xbf\x06\xb4\xef\x51\xcf\x81\x92\x6f\xc5\xa1\x5d\x2e\x5b\
\x0e\x73\xa6\xf6\x4e\xaa\xce\x68\x1c\x6d\x76\xa8\x74\x88\x5b\x46\
\x87\x25\x27\x3a\x67\xe9\xb2\xea\xc1\x1d\xfd\x70\x1d\x79\xf1\x34\
\xb4\x3c\xe5\xb3\x17\xd7\x9b\x64\x43\x6f\x3a\x5f\xe3\xc4\xd0\xf1\
\x9f\xb8\x5d\x77\xc4\x4d\x5c\xd9\x26\x22\x84\xa3\xb3\x11\x23\xa1\
\x6d\x7d\x19\x05\xd2\x90\xbd\xf3\xaa\xeb\xd9\x72\x42\xc3\xf1\xda\
\x81\x55\x07\x27\x73\xe2\x17\x3d\xc7\x32\xa2\xb7\x3c\x25\x7f\xc5\
\x55\x8e\x96\x91\xd8\xdd\xed\xbb\x82\xc4\x10\xca\xc0\x61\x18\xb4\
\x9d\x77\xcb\xf9\x8a\x74\xd2\x73\xa0\xe4\x68\x29\xae\xe6\xeb\x38\
\x6b\xfe\xa4\xab\x51\xbb\xf4\x29\xfd\x30\x33\xa1\x63\xee\x19\x63\
\x3f\x3e\x67\xe9\xa7\x35\x33\x22\x2d\xf7\xfd\x50\xe3\xd4\x35\x2d\
\x7d\x2f\xeb\xcf\x21\x84\x70\x39\x1b\x31\x12\x34\x5c\x46\xb8\x8c\
\xe6\xb5\x94\x21\x07\x37\x75\x2f\xfb\xdd\x03\x8f\x52\x2c\x9b\xb4\
\x9c\xb1\xec\x74\xb6\x92\xf6\xf8\x99\x21\x54\x07\x33\x72\x2c\x53\
\x9d\x9e\x2f\x82\xeb\x76\x67\x3a\x2b\xd2\x9e\xf4\x1e\x4e\x61\xe5\
\x41\x8d\xce\x57\x7e\x0f\xb4\x6c\x56\xaf\x59\xa6\xa3\x43\xbe\xd6\
\x13\x47\xbd\xfb\x26\x73\xe2\x96\xb3\x7a\x74\xaa\x8e\x58\xb3\x21\
\x0c\x86\xfc\x6f\xaf\x62\xfd\xbf\x65\xf8\xa0\x7a\x01\xec\x5d\xdb\
\xd3\x77\x08\xe1\x68\x6c\xe4\x9e\x84\x3b\x6a\x51\xc7\xe8\xe7\xaa\
\x13\x13\x46\xdd\x74\x52\xfc\xae\xce\x58\xe4\x3e\x91\x35\x68\xad\
\xf7\xd7\xf8\x5b\x9d\x17\x06\x44\x8e\xd9\xe5\x84\x64\x4e\x87\xd9\
\x92\xa3\xe7\x68\x05\xb9\xdd\x09\x0f\xbf\xf5\x34\x90\x1c\x14\x21\
\x83\x66\x3a\x3a\x76\x1c\xe7\x2b\x53\x0e\x73\x84\xe2\x47\x76\x5f\
\xb3\xe7\xbe\x80\x1e\x02\x70\x08\xa3\x7b\x23\xb5\x13\xe7\x7e\x02\
\x4b\x3e\x7e\xdf\xe3\x28\x90\x86\x3a\xf4\xaa\x37\xe2\x9e\xb3\xab\
\xab\xae\x03\xdd\xf7\x91\x6b\xcf\x3c\x3d\x15\xc2\xd1\xd8\x88\xd3\
\x21\x3a\x6d\x9c\xb5\xd0\x59\xe1\x00\x84\x4e\x12\x07\x22\x2c\x1d\
\x31\xb2\xd6\x8d\x67\x77\x9c\xc2\x07\xe7\x24\x1f\x7e\xf8\xe1\xe8\
\xd4\xa6\x3a\x63\xc1\x79\x08\xce\x52\x70\x74\x42\x47\xde\x8a\xbf\
\xca\x40\x87\xca\x35\xac\x69\x93\x2e\x4e\x4e\xe4\xf8\x88\xeb\xab\
\xa3\x13\x8d\x96\x91\x03\xa7\x2d\x72\xd2\xe2\xce\x8a\x1c\x77\xc2\
\x23\x47\x27\xbe\xf7\xfe\xce\x81\x83\x1a\x3f\xe6\x8e\x90\x8e\xea\
\x7c\x65\xca\x61\x8e\x1c\xda\x48\x87\xfc\x57\x1c\xc8\xcb\xb2\x57\
\x5d\x52\xe3\x5a\x74\xa2\x7c\x3c\xf5\xd4\x53\xa3\x4c\x9a\x89\x71\
\x1d\x79\xc7\x58\xf2\x5b\xce\x99\xdc\x91\x94\xa8\x8e\x9b\x80\xff\
\x72\x2e\x85\x3c\x53\x7a\x9b\x8a\x53\xd7\xa9\xdc\x7f\xf2\x93\x9f\
\x8c\xfa\x04\x74\xd9\x72\x80\x13\xc2\x59\xe1\xaa\x70\x3a\xc4\x28\
\x90\x99\xc1\x69\xf0\x02\x15\x42\x08\xdb\x44\x76\x81\x0d\x21\x84\
\x70\xe2\x6c\x95\xd3\xa1\xde\x4b\x6f\x21\x84\x10\x36\xc3\x56\x19\
\x89\x6d\x74\xbd\x19\x42\x08\x57\x33\x59\x6e\x0a\x21\x84\xd0\x25\
\x46\x22\x84\x10\x42\x97\x18\x89\x10\x42\x08\x5d\x62\x24\x42\x08\
\x21\x74\x89\x91\x08\x21\x84\xd0\x25\x46\x22\x84\x10\x42\x97\x18\
\x89\x10\x42\x08\x5d\x62\x24\x42\x08\x21\x74\x89\x91\x08\x21\x84\
\xd0\x25\x46\x22\x84\x10\x42\x97\x18\x89\x10\x42\x08\x5d\x62\x24\
\x42\x08\x21\x74\x89\x91\x08\x21\x84\xd0\x25\x46\x22\x84\x10\x42\
\x97\x18\x89\x10\x42\x08\x5d\x62\x24\x42\x08\x21\x74\x89\x91\x08\
\x21\x84\xd0\x25\x46\x22\x84\x10\x42\x97\x18\x89\x10\x42\x08\x5d\
\x62\x24\x42\x08\x21\x74\x89\x91\x08\x21\x84\xd0\x65\x23\x46\xe2\
\xeb\xaf\xbf\x1e\x76\x77\x77\x0f\x3f\xab\xe6\xe3\x8f\x3f\x1e\x3f\
\xce\x13\x4f\x3c\x31\xbc\xfe\xfa\xeb\x57\x84\x7d\xf6\xd9\x67\x87\
\xeb\xaf\xbf\x7e\x94\xe9\xb8\x90\x97\x9a\xee\x71\x79\xe9\xa5\x97\
\x86\x27\x9f\x7c\x72\x58\x25\x0f\x3c\xf0\xc0\xc2\xfc\xbe\xf6\xda\
\x6b\x4b\xe9\x04\x3d\xae\x82\x67\x9e\x79\x66\x38\x2e\x94\xc3\x2a\
\xe2\x39\x29\x56\xa5\xbb\xd3\xc4\x9c\x3a\xf8\xf6\xdb\x6f\x37\xdb\
\x6c\x38\x59\x36\x62\x24\xe8\x48\x6f\xbe\xf9\xe6\xc3\xcf\xb9\x73\
\xe7\x86\x47\x1f\x7d\xf4\xd8\x06\x83\x78\xe9\xf0\x6f\xbf\xfd\xf6\
\xf1\x43\xdc\x8a\xf3\x9d\x77\xde\x19\x2e\x5d\xba\x74\xc5\x35\xe7\
\xcf\x9f\x1f\x2e\x5e\xbc\x78\x2c\x23\x41\x47\x4e\xa5\xa7\x42\xd3\
\xb9\xde\x7d\xf7\xdd\xb3\x8d\x05\x32\xf5\x3a\x09\xce\x11\xcf\x0b\
\x2f\xbc\x30\xac\x92\x87\x1f\x7e\x78\xb8\x70\xe1\xc2\x64\x98\xf7\
\xdf\x7f\x7f\x29\x9d\xb4\x74\x7b\x14\x8e\x1a\x0f\x3a\x17\xe4\xed\
\xb6\xdb\x6e\x1b\x4e\x0b\xc7\xd5\xdd\x54\x1d\x3a\x49\xbc\x0c\x16\
\x31\xa7\x0e\x52\x86\xb7\xde\x7a\xeb\x10\x36\xcb\xf7\xff\xe6\xa1\
\xbf\x7e\x66\x58\x11\x3f\xb8\xe5\x8e\x59\xe1\xe8\xb8\xe9\x50\x5f\
\x7c\xf1\xc5\xe1\xa9\xa7\x9e\x1a\x3b\x69\xfe\xd3\x91\x3f\xf6\xd8\
\x63\x63\xc7\xf8\xca\x2b\xaf\x8c\x95\xe8\xf9\xe7\x9f\x1f\xae\xbd\
\xf6\xda\xf1\x3c\x95\x86\xdf\x40\x67\xfc\xc9\x27\x9f\x5c\xd6\x19\
\xfc\x9b\x7f\xf3\x6f\x86\x6f\xbf\xfd\x76\xf8\xe8\xa3\x8f\xc6\xe3\
\x5c\x83\x01\xba\xf7\xde\x7b\xc7\x8e\x7c\x67\x67\x67\xb8\xff\xfe\
\xfb\xc7\x11\xca\x9b\x6f\xbe\x39\xc6\xcf\xe7\xbb\xef\xbe\x1b\x8f\
\xd3\xd8\x34\x72\x41\xb6\x5f\xfd\xea\x57\xc3\x2d\xb7\xdc\x32\x86\
\x41\x66\x0c\x19\xff\x6f\xb8\xe1\x86\xc3\x34\xb9\x86\xb8\xde\x7a\
\xeb\xad\x31\x1f\xa4\x45\x5c\x84\xe5\x3f\xd7\x12\x86\x6f\xf2\xf4\
\xee\xbb\xef\x8e\xd7\x21\x0b\x90\x1e\xf9\x45\x6e\x8e\x29\x7f\x74\
\xd0\xc4\x4b\xba\x1c\x23\x5d\xa5\xc7\x35\x5f\x7c\xf1\xc5\xa1\xfc\
\x3a\x0e\xe4\x93\x74\x9d\x7a\xee\xcb\x2f\xbf\x3c\x4c\x9f\x74\x5a\
\x72\x51\x16\xe8\x10\x19\x38\x47\x3a\x9e\xef\x0a\x32\x91\x6f\xc5\
\x45\x3c\xd2\x1b\x69\x78\x87\x80\xfe\x89\x8b\x7c\x79\x7e\xb8\xe6\
\x8d\x37\xde\x18\x1e\x79\xe4\x91\xc3\xeb\x08\xcb\x37\xe7\x5c\x56\
\xfe\x4b\x37\x1f\x7c\xf0\xc1\x28\x2f\xbf\x09\x83\xae\x94\x47\xe9\
\x96\x34\x6a\x1e\xbd\x2e\x7e\xf8\xe1\x87\xa3\x4c\x84\x47\x56\x95\
\x83\x74\x44\x1a\xca\xa7\xe7\x4f\xf9\x51\x1d\x25\x6d\xe5\x0b\x99\
\x14\xaf\xe7\x5f\x79\xa6\xfe\x72\x8e\x70\xca\x33\x1f\xd7\x33\x71\
\xab\xec\x3d\xff\xca\xa7\xea\x89\xd7\x21\xbe\x5b\x65\x5a\xa9\xba\
\xf7\xba\x57\xd3\x71\x3d\x48\x67\x5c\xa7\xf6\xe7\x6d\x0a\xc8\x83\
\xc7\xc3\x71\xe4\x52\x5d\x50\xf9\xa8\x9c\xd5\x8e\x3c\x4e\x8e\x23\
\x93\xda\x50\x4f\xff\x35\x2f\x5c\xcf\xff\x5e\xbe\xcf\x2a\x7f\xf8\
\xec\xef\x86\x75\xb0\xd1\x7b\x12\x8c\x12\xe8\xb4\x68\x20\xaf\xbe\
\xfa\xea\x58\xd1\x35\x7a\x66\xb9\x80\x91\x09\x1d\x1b\xf0\x5f\xbf\
\xd5\x61\x7f\xf5\xd5\x57\x97\xc5\xc7\xac\x80\x8a\xc5\x87\x38\xf7\
\xf6\xf6\xae\x18\x85\xeb\x5a\x2a\x35\x95\x89\x11\xb3\x96\x26\xf4\
\x9b\xf3\x34\x60\xd2\x43\x06\xe2\x43\x26\xae\xe1\xb8\xc3\x08\xae\
\xa6\x41\xe5\x7d\xfa\xe9\xa7\x2f\x93\x9d\x38\xc9\xef\x7d\xf7\xdd\
\x37\x1a\x38\x9d\x43\x66\x3e\xad\x0a\x5d\xcf\x91\x16\x32\x30\x0a\
\xbb\xe9\xa6\x9b\x2e\x9b\x7d\xb1\x9c\x46\x9c\xad\x91\x57\x3d\xa7\
\xfc\x72\x2d\x33\x20\xc9\x85\xee\x25\x17\xb0\xcc\xa5\x73\xa4\xb5\
\x68\xc4\x4b\x3a\x84\xe5\x43\xbc\xc4\x8f\x2e\xb8\xd6\xa1\x31\x73\
\x5c\xf9\x21\x3c\xf9\xe1\x9a\x6f\xbe\xf9\x66\x0c\x43\x5a\x5c\xc7\
\x7f\x75\x26\x2e\x2b\x3a\x44\x3e\x75\xea\xe0\x1d\x87\x46\xd6\x74\
\xc0\xae\x7b\xf2\xa7\x81\x00\x69\x28\xce\xbb\xee\xba\x6b\xbc\x86\
\x4f\x9d\x41\xf1\x9f\xe3\xa4\x49\x38\x3e\x5c\xe7\xc6\x97\x34\xc8\
\x03\xe9\x93\x27\xe9\x9b\x8f\x87\xd5\x39\xe2\xe0\x1c\x83\x11\xa5\
\x47\x1e\x91\xd7\xf1\x3a\xef\xf9\x27\xdf\xca\xa3\xd7\x13\xd2\xa7\
\x1c\x5c\x4f\xad\x72\x43\x77\x1c\xa7\x2e\xd1\x4e\x54\xcf\x81\x74\
\xc8\x0b\xd7\xab\xbd\x48\x0f\xca\x0b\xd7\xd1\xfe\x34\x7b\xd0\x80\
\xc5\x07\x07\x1e\x0f\xf9\xe6\x3f\x6d\x0c\x54\x07\x89\x0b\x59\xb8\
\x86\x70\x9f\x7f\xfe\xf9\x61\x9e\x39\xa7\xf0\xe4\x09\xdd\x10\x06\
\xdd\x21\x93\xe4\xe5\xfa\xda\x2e\xae\xc6\x25\xbc\x75\x71\xcd\xb0\
\x25\xa8\x23\xa4\x52\x50\xd0\xf0\xf8\xe3\x8f\x1f\x56\x26\x8c\x09\
\x15\x9e\xce\x57\x95\x9e\x91\xab\x43\x58\x2a\x22\x4b\x4d\xc4\x47\
\xc5\x22\x0e\x41\xc5\xa5\x52\x53\x21\xdf\x7b\xef\xbd\xae\x2c\x18\
\x2c\xd2\x23\x1d\xc2\x53\x39\xd5\x28\xea\x14\x99\x06\xd6\xea\xe0\
\xd5\xb1\x01\xa3\x1b\x64\x57\x38\x2d\x49\x11\x27\x86\x8a\x8e\xb0\
\x8e\xfe\xb5\x64\xc2\x39\xbe\x75\xbf\x83\x19\x8b\xe2\x07\x1a\x14\
\x46\x8a\x70\xbd\x65\xa9\xde\x39\xae\x45\x9f\x4a\x5b\xb3\x2f\xe1\
\xe7\xb8\x9e\x73\x55\x4e\x07\xfd\x4b\x2e\x7e\xa3\x37\xe9\x5f\x23\
\x48\xf2\xae\x72\xa3\x61\x33\xeb\x73\x9d\xf9\x92\x05\x69\xe9\x7a\
\x3a\x82\x2a\xab\xc2\xf2\x9b\xb8\x7b\xb2\x31\x60\xd0\x39\xca\x96\
\x4e\x04\xdd\xd3\x91\xa0\x4f\xc9\xcc\x39\x96\x2b\x5b\xa0\x7f\xaf\
\x33\x5c\xa7\xd9\xa2\xf4\xa3\x11\x30\x7a\xf5\xb0\xfc\x56\x58\xce\
\x71\xad\xea\x11\xd7\xb0\x2c\xba\x08\xea\xa2\xe7\x83\xeb\x88\xcb\
\xeb\x89\xce\x69\xe6\xc5\x07\x23\x54\x97\x71\xa9\x47\x84\x51\x9d\
\x20\x5e\x75\xec\x9c\xe3\xbf\xca\x88\xb8\x65\x50\x88\x8f\x34\xd4\
\x26\xd5\x71\x13\x97\x66\xcd\x92\x01\xdd\xd6\x78\x7a\xcb\xc9\x8a\
\x57\xe1\x68\xbf\xde\x6e\x81\xfc\xe9\x18\xe1\x19\xac\x91\x36\x06\
\x83\x78\x6b\xbb\x88\x91\x58\x1d\x5b\xf3\x74\x93\x46\x05\xde\x09\
\xbb\x11\xe0\x37\x95\x41\xeb\xaf\x54\xc0\xda\x39\x53\xc1\x18\x89\
\xd0\x28\xa9\x3c\x54\x62\xaf\x2c\x5c\x4b\x1c\x74\x06\x53\xeb\xa1\
\x8a\xb7\xc6\xdf\xba\xa6\xb7\x6e\xef\xc7\x31\x7a\x35\x2e\x2d\x9f\
\xcc\x05\xb9\xeb\x3a\xbb\x96\x53\x94\x46\x8f\xde\x39\xae\xad\x72\
\xd1\x79\x7a\xfc\xad\xdf\x3d\x3c\x8c\x66\x75\xe0\xb3\x2a\x8d\x06\
\x7b\xf9\x71\x59\x3d\x3e\x64\xad\x46\x60\xca\x60\x39\x1e\x27\x65\
\x28\xb9\x5a\x06\xbe\x0e\x3c\x7a\x69\x71\x1d\xd7\x7b\xbc\x3d\x38\
\x47\xbd\x6c\x85\x9d\x7b\xff\x84\xc1\x53\x9d\x25\xd6\x8e\x54\x60\
\x18\x34\x60\xd2\xb2\xa1\xa3\xe5\x25\x87\x7c\x13\x8e\xce\xb7\xd6\
\x17\xd2\xe5\x9a\x2a\x3b\xf4\xea\x31\xe5\x4b\x1b\x74\x7a\xe5\x55\
\xe5\xa3\xee\x54\xaa\x4c\x0a\xd3\xaa\x47\x73\xeb\x45\x98\xc7\xd6\
\x18\x09\x75\xe6\x74\x20\xc2\x2b\xa4\x6e\x74\x31\xaa\xa1\x62\x78\
\x67\x26\x30\x0a\x9c\xd7\xac\x83\x0a\xec\x53\x6d\x8e\x73\x8c\x30\
\x47\xb9\x51\xdd\x1a\x09\xd1\x10\x19\x11\x57\x68\x9c\xea\x70\x68\
\x60\x35\x3d\x2d\xc5\xcc\xc5\x67\x26\x42\x23\xc6\xa3\xd2\x1a\xdd\
\xb5\xf2\x72\x5c\x54\x1e\xca\xb3\x3e\x2d\x9d\xa8\x33\xaa\xd4\xb2\
\x04\xef\x78\x8f\x42\xeb\xa9\xb6\xde\x92\x5a\xd5\x13\xff\xb9\xdf\
\xd5\xa2\x55\xb7\x34\x43\xa9\x4b\xa4\x35\xee\xd6\x52\x17\xb4\xca\
\x7f\xaa\xac\xd0\x37\xa3\x6b\x8c\xab\x2f\x21\x02\x1d\x6e\x4d\x47\
\xb3\x8b\x56\xa7\x8f\x4e\x5a\x1d\xf7\x14\x9a\x99\xd4\x78\x56\x8d\
\x0f\x94\xc4\xaa\x9f\x30\xbc\xda\xd9\xa8\x91\xa0\xb3\x66\xc9\x80\
\x06\x44\x85\x67\xfa\xdb\xeb\xf4\xb4\xd6\xaa\xd1\x6f\x6b\xb4\xa0\
\xe9\x35\x1d\x37\xf1\x52\x49\x99\x71\xf8\x79\x1a\x8e\xaf\xb3\xce\
\x85\x46\xc7\xb2\x40\x7d\x24\x8f\xd1\x9c\xd6\xb9\x75\x3f\x04\x83\
\x47\x07\x26\x43\x46\x03\x63\x64\xa7\x9b\x74\x5a\xeb\xd7\x1a\x2e\
\x79\xda\x5d\xf0\x64\x97\x1a\xaf\x1a\x3c\xd7\x90\x07\x46\xe9\x47\
\x45\x4b\x2e\x4a\x9b\xdf\x73\x1a\xf2\x51\x1e\xc9\xa5\x1c\x28\x17\
\xc9\xab\xbc\xeb\x1e\x80\xf2\xd6\x33\x9c\xe8\x59\xb2\x2a\xac\xd6\
\xab\x01\x1d\x23\xfb\x32\xc6\x9f\xfc\x6b\xd0\xa1\x72\xe9\xd5\x3f\
\xc2\xb8\xac\x9a\xcd\xf6\xe2\xf5\xb0\x94\x93\xc2\xf2\xed\x69\xfa\
\x4c\x17\xa3\xed\x75\xc1\xef\x8f\xd4\xb2\xd2\x83\x1e\xa0\x0e\x59\
\xe7\x14\x3f\xd4\x1b\xbc\x4a\x87\xf3\x32\x32\xa4\xa9\x81\x13\xe9\
\xa0\x5b\x75\xb4\xe8\x94\xd9\x45\x6f\x86\x55\x75\x24\x63\x43\x79\
\xe9\x9e\x91\xc7\xb3\x6a\x5a\xed\x22\x4b\x4d\xab\x65\x23\xf7\x24\
\x28\x58\x6f\x60\x54\x40\x66\x10\xbe\xcc\xa3\x75\x52\x47\xd3\xd7\
\xde\x33\xf0\x18\x11\xae\xa1\xf3\xd0\x7d\x07\x19\x13\xe2\x67\xad\
\x93\x06\x82\x31\x22\x0c\x15\x97\xce\x5a\xb2\xe8\xb7\xd2\xe5\x9b\
\xff\x5a\x2e\xe2\x77\x9d\x42\x2b\x1d\xdd\x48\x55\x5a\xde\x79\xcb\
\xc0\x61\xc0\xb4\x76\x2c\x03\x42\xbc\x84\xa7\x62\xd3\xb0\x7c\xea\
\x5c\x47\x75\x18\x38\xd2\xa1\xd3\xa1\x53\xf4\xf5\xf4\xa9\x29\x76\
\x6f\x99\x86\xb4\x58\x7a\x73\xb9\x24\x37\xf9\xac\xcb\x22\x9c\x57\
\x27\x50\xa9\x9d\x48\x95\x5d\x37\xc6\xbd\x13\xa6\x1c\xa4\x37\xf2\
\x83\x8e\x34\x62\x6d\x2d\x25\xba\xac\xe8\x8f\xeb\x25\x23\xc7\xf9\
\x90\x06\xf5\x43\xe5\x24\x63\xec\xe8\x1c\x32\x7b\x47\x4d\x9c\x3d\
\x23\xa3\x32\x23\x6e\xa5\x2f\x3d\x12\x8f\xa7\x41\x3e\xbc\x3e\x78\
\x58\x9d\x23\x4d\xf2\x5a\xeb\x5b\xcd\xa3\xdf\x94\xa7\xbc\x75\x4e\
\xfa\x90\x6e\x74\xe3\x1d\x9d\xf0\x51\x38\xea\x6e\x6b\x59\x8a\x6b\
\x31\x12\xaa\x4b\xfc\xf7\x7b\x33\x7e\xbd\xee\xaf\xb4\xee\xfb\x78\
\x3d\x51\x79\x12\x06\x9d\xb8\xbc\x1c\xf3\xfb\x62\x8a\xa7\x65\x94\
\x5b\xe7\x5a\xcb\x7d\x42\xed\x4f\x0f\x0f\x20\x3f\x03\x92\xb0\x1a\
\xce\xfd\xf6\xed\x5f\xec\x0d\x2b\xe2\xba\xfb\x7e\x3a\xac\x13\x1a\
\x14\x9d\xfb\x71\x97\x19\x4e\x1a\xdd\x04\x3f\x0b\xa8\x13\x58\x76\
\x99\x8b\xeb\x58\x9e\x69\x2d\x13\x6e\x0a\x3d\x9a\xec\x86\x99\x19\
\x68\x7d\xa8\x41\xb3\x08\x75\xca\x61\xbb\x60\x56\xe5\xf5\x8a\xf2\
\xc2\x40\xeb\x66\xf6\xd5\xc2\xef\xde\xf9\xe5\xb0\x0e\x4e\xcd\xb6\
\x1c\x7a\x36\x3b\x37\xa5\x36\x0b\x23\xc4\x65\x0d\x04\xd4\x86\xbc\
\x0d\xe8\xfe\x94\x1e\x68\xe0\x77\x9d\x29\x86\xed\x87\xfb\x3c\xcc\
\x22\xf4\x08\x3d\xbf\x57\xfd\x02\xea\xd5\xcc\x46\x5e\xa6\x3b\x0a\
\x34\xe2\x1b\x6f\xbc\x71\x9c\x3a\x2f\x73\xc3\x77\x1b\xd0\xe3\x88\
\x67\x01\x7f\xc9\x6c\x2e\x2c\xe1\xf0\x72\x95\x5e\xca\xda\x16\xb4\
\x7c\xc2\xec\x94\x97\xde\xee\xb9\xe7\x9e\xee\x7d\x06\xe4\x3f\x2b\
\x65\x78\xd6\xb8\xf3\xce\x3b\xc7\xb2\xe4\x25\x3b\x96\xb6\x78\x41\
\xf7\x6a\x2c\xab\x75\xbd\x4c\x77\xaa\x96\x9b\x42\x08\x21\xb4\xb9\
\xea\x97\x9b\x42\x08\x21\x9c\x3c\x31\x12\x21\x84\x10\xba\xc4\x48\
\x84\x10\x42\xe8\x12\x23\x11\x42\x08\xa1\x4b\x8c\xc4\x01\x53\x4e\
\x50\x78\xe9\x68\xd1\x1b\xd1\xab\x02\x19\x4e\xc2\xd1\xca\xee\x96\
\x38\xe6\xd1\x4b\x8d\xdb\xce\x51\xca\x45\x6f\x2e\xfb\x1b\xc1\x73\
\x50\xb9\xf0\x6e\x89\xd2\x3c\x4d\x4e\x94\xd6\xc5\x5c\x27\x44\x73\
\x1c\x1a\x51\x2e\xeb\x6e\x67\xda\xf1\x17\x4e\xf3\x5b\xe0\x31\x12\
\x07\x4c\x39\x41\x61\x3b\x81\x93\x34\x12\x27\xd1\x69\xce\xdd\x58\
\x6e\xdd\xf0\x62\x64\x6f\xbf\xa6\xa3\xb0\x2e\x07\x3c\x47\x29\x17\
\xbd\xed\x2d\xbf\x18\x73\x51\x3a\x3c\x9e\xab\xf7\x36\xce\xca\xcb\
\x98\xc7\x41\x6f\x96\x2f\x62\x8e\x43\xa3\x93\x68\x67\x2e\xef\x69\
\x2e\xbf\x8d\x6e\x15\xce\x48\x49\x3b\x52\xfa\x8b\x56\x1a\xb5\xf1\
\x8d\x92\xf5\x02\x9d\x7c\x07\x68\x27\x51\x6d\x7a\xa6\xed\x8a\x89\
\xc3\x77\x85\xd4\xbe\x31\x8c\x56\x95\x86\xc7\xcd\x7f\x3d\x4f\xed\
\x95\xaa\x86\xa9\x68\x9f\x7b\x6d\xa9\xe1\x8e\x7f\x74\x1c\xb9\xa7\
\x9e\xd5\xde\x35\xdf\x01\xad\x5d\x51\xb5\x17\x8f\xbf\x3c\xa8\x7d\
\xab\xe4\x84\x05\xe3\x55\xf3\x31\x25\x87\x2a\x2a\x3a\x77\xb9\x5d\
\xaf\xc4\xc7\xb9\x45\x06\x44\x69\xc8\x0f\x00\x71\x68\xa7\x5e\xed\
\x59\xe4\x7a\x6f\xe9\xd6\x37\x73\x6c\xc5\xcf\xb5\x5e\xb6\xbd\x3c\
\x72\x8e\xff\xf2\x0f\x82\x2c\xda\x92\x9c\xdf\xda\x4a\x5c\xe9\x6b\
\x47\x59\x4f\x43\xf5\x89\x73\xda\x13\x4a\xf9\x5a\xf4\x02\x67\xad\
\x83\x2e\x67\x6b\x23\x43\x46\x97\x1c\xc3\x88\xcc\xd9\x13\xa9\x82\
\xc1\xd1\xd6\xdc\x92\xb7\x95\xb6\x53\xeb\x84\xea\x96\xca\x4b\x9b\
\x2f\xca\x4b\xa3\xd7\x7f\x6d\xf3\xee\xf5\xa8\xea\x5e\x5b\xb6\x70\
\xac\xd5\x76\x2b\xbd\x76\xe8\x71\x70\xfd\x54\x3d\x9c\xd3\xde\x3c\
\x9d\x96\xbe\x6b\x3b\x9c\x6a\x47\xb5\x3d\xce\x4d\xe3\xb4\xb3\xb1\
\x99\x04\xdb\x1f\x68\x7f\x1a\x77\x5e\xb2\x3b\xe1\x08\x47\x0e\x64\
\xd8\x6b\x46\x1d\xa5\x3b\x94\x61\x9f\x18\xdf\x58\xad\x3a\x48\x21\
\xac\x1c\xe3\x54\xc7\x25\x3d\x47\x3c\xd5\x69\x4b\x75\xd6\xa2\xa9\
\xad\xb6\x6e\xe0\x38\xf2\x4d\x6d\x82\x27\x07\x2c\x72\x76\xe3\x72\
\x8b\x96\xb3\x1e\x39\x67\xe1\x7a\x77\x80\xe3\x0e\x81\x5a\x8e\x89\
\x14\xaf\x9c\x2d\x91\xae\xef\x59\x84\x5e\x3d\xcf\x8b\x36\xfa\x93\
\xd3\x24\x77\x9c\xa3\xb8\xa4\x3f\x35\x7e\x66\x0a\xd2\xc5\x6e\xc3\
\x11\x4d\x6f\x19\x46\x3e\xc9\x5b\x65\xd5\xca\x63\xcb\x01\x0f\xa8\
\xf1\x0a\x5f\x36\xe2\x5b\xf2\x48\xaf\xaa\x4f\xbd\x72\x69\x95\xa5\
\x36\x6c\xe4\x1a\x39\xc0\x51\xfc\x75\x47\x52\xce\x53\x6f\xc8\xd7\
\xa2\xa5\xb6\x4b\xe6\x74\x47\x20\x8f\x8c\x3a\xe9\xf0\xdf\xd3\x6e\
\xc5\x57\x9d\x3b\x11\x4e\x65\xa2\x36\xa4\xc1\x5a\xab\xfe\x73\x5e\
\x72\x4c\x39\xf8\xa9\xf5\xc8\x1d\x3c\x39\x35\x0d\x77\x28\xe6\x6d\
\xbc\x76\xfa\xae\x8f\x29\x07\x5c\x8a\x4b\x7d\x40\xcb\x81\x92\xe4\
\x20\x7f\x9c\x93\x73\x28\x95\xd7\x94\xce\xa6\xf2\xe2\x1b\x0c\xba\
\x01\x3a\xcd\x6c\x64\x26\x21\x67\x21\xda\x78\x8c\x0e\xc1\x77\x73\
\x74\x07\x2e\x72\x2e\xa3\xb0\x7c\xcb\x52\x6b\x3f\x1d\x55\x26\x1a\
\xb5\x3b\x8d\xe1\x5a\x77\x90\xc2\x06\x7f\x0a\xbf\x63\x8e\x4b\x7c\
\xa4\xdb\x72\xc4\xe3\x06\xac\x3a\x6b\xc1\xd0\x69\xd4\xa3\x78\x35\
\xda\xef\x21\xc7\x33\x3d\xb9\x41\x9b\x0b\x6a\x94\xe6\x9b\xe3\x55\
\xa7\x36\x3b\xb6\x93\x6c\x75\x4c\xa4\xed\x4c\xd0\xdb\xce\xc1\x2e\
\xb9\xca\x8b\x53\x1d\x0c\xa1\xdb\xde\x28\x90\xf4\xdd\x59\x50\x75\
\x9c\xa3\x0d\xde\x40\x1e\x06\x41\x6e\x3a\xe7\x38\xa2\x91\x93\x19\
\x8d\x60\xdd\xc9\x0c\xba\x50\xfe\xa5\x13\xe4\x6d\x39\xe0\x59\x04\
\x79\x75\x47\x39\x8b\xca\xa5\xa5\x8b\xea\x44\x88\x4e\xa3\x37\x9a\
\xc4\x68\xaa\x2c\x54\x3e\x73\x41\x3e\x0c\x8c\xea\x74\xad\x07\xa4\
\xed\x8e\x90\x84\xeb\x4b\xe1\x68\x0b\x62\x91\x73\x27\x75\x9c\x9a\
\xdd\x4e\x39\xf8\xe9\x39\x78\x72\x38\xe6\xed\x96\x8e\x9a\x74\x24\
\xc3\xc5\x03\x6f\x95\x3d\xb4\x54\x54\xeb\x80\xfa\x0e\x41\x27\xdf\
\x73\xa0\x24\xa4\x4b\xe2\x40\x26\xd5\x81\x45\x3a\x13\xad\xfe\x42\
\x33\xd8\xb3\xc2\x46\x8c\x84\x96\x00\x1c\x15\x64\x6b\x97\xd1\x3a\
\xc2\x16\x8b\x9c\xc6\xd4\x73\x75\x1d\xbe\xb5\x47\x3e\xe9\xd7\x5d\
\x33\x55\x01\xd4\x09\xfb\x68\x44\x5e\xb9\xb4\xfe\x48\x07\x21\xf7\
\xa5\x3d\x5a\x72\xb7\xd6\x5a\x69\x5c\x6a\xf4\x34\xa4\xde\xcd\x4b\
\x75\x38\xda\x83\xa8\x25\xdf\x22\x5c\xaf\x8b\x3a\xaf\x6a\x00\x7d\
\x29\x42\xd7\xb7\x40\x77\x55\x2f\x3d\xd9\x34\xba\x17\xee\x64\xa6\
\xb5\xab\xed\x2a\xee\x43\xb4\xfc\x73\xcc\xb9\x6f\x53\x77\xcb\x9d\
\x9a\x79\xc8\x21\x10\x86\x8c\xba\x3a\x77\x3f\x2b\x46\xfa\xb5\xe3\
\xaa\x75\x51\x79\x70\x76\x1b\x7e\x4b\xf8\x5f\x1d\x31\x09\x8c\x58\
\xd5\x81\x3a\xc7\xba\x24\x0a\x55\xf7\x3d\x07\x4f\x4e\xab\xfe\x93\
\x86\xea\x5c\xcb\x05\xaf\xd3\x73\x40\x55\xeb\x00\xb3\x8e\xda\x96\
\xe5\x40\xa9\xe5\x08\x4c\x83\x96\x39\x3a\x13\xad\x3a\x43\x5e\x5a\
\xce\x9b\x4e\x2b\x1b\x31\x12\x28\xaf\xde\xac\xd4\x3a\x2b\x0a\xaf\
\x5b\x66\xf7\x6e\xfa\xb1\xab\xa8\xd6\x4b\xc5\x71\x2d\xb8\x2a\x8a\
\x17\x3c\x0d\x47\x5b\x22\xd7\x2d\x8f\x35\xf5\x47\x0e\x1a\xbd\x1c\
\xda\x33\x7a\xee\xed\x56\x2b\x67\x37\x2e\x77\x6b\xaf\x7d\xc9\x40\
\x7c\xf2\xf5\x0c\xd5\x71\x8d\x2a\x36\xe7\x7d\x0b\x69\x9d\x5b\xf4\
\xa4\xc7\xb2\xb4\x0c\xc8\x9c\x34\xe4\xf7\xa0\xae\xfb\xba\xcb\xd2\
\x45\x70\x2d\x9d\x81\x1b\x9b\x45\x06\xcd\xd3\x9c\x92\x53\xde\xf4\
\xbc\x5c\x16\x8d\xf4\x5b\x4e\x84\x16\xdd\x34\xc5\xe0\x83\x96\xb3\
\xe6\xf8\x04\xa1\xcd\x68\x3b\x70\x85\xd7\xb6\xd8\x42\xf7\x5b\x1c\
\xcd\xd0\x9d\xdd\x09\xe7\x4e\xcc\x08\x5b\xf5\x5f\x03\x91\xba\x3c\
\x78\x94\xf6\xd6\x6b\xb7\xbd\xc1\x45\xa5\x55\x07\x5a\xd7\xab\x2d\
\x7b\x5f\x72\xe9\xc0\x0d\x2c\xec\x36\x1c\x49\x2d\xeb\x10\xab\x55\
\xa7\xd5\x5f\x9c\x15\x36\x72\x4f\x82\xce\x94\x8e\xdf\x1d\x92\x68\
\xb9\x40\xce\x4a\x76\x67\x38\xc2\x21\xac\xd6\x22\xe5\x34\xe6\xb8\
\x9b\xff\x55\xe7\x2e\xee\xdc\x46\x95\x4e\xeb\xac\x72\xd6\xa2\xdf\
\x5a\xbf\xf6\x91\x75\x6b\x4d\x9b\xb5\xcb\xb9\xce\x6e\x68\x08\x75\
\xf9\x82\x4a\x5e\x1d\xe0\x68\x4d\x99\x51\x9a\x1a\xb2\xd6\x4b\x8f\
\xa3\x13\xbf\x17\x20\xe4\x00\xc8\xd3\x9f\xc3\x2a\x1c\xd1\x90\x47\
\x3a\x47\x77\x32\xe3\x6b\xc5\xba\x99\xab\xf2\x43\xd7\x94\xd7\xae\
\x39\x2b\xea\x31\xe5\x10\x68\xea\x1a\x77\x86\xc4\xf5\x53\x37\xe4\
\xfd\xfe\x11\x9d\xe5\x32\x1e\xdf\x98\x81\xd0\x01\xa9\xfe\xf5\xea\
\x41\x45\xf7\x99\x14\x8e\xeb\x7b\x75\xa2\xe5\xdc\x48\xf5\xdf\x97\
\x84\xe1\xa8\x0e\x7e\xa8\xd3\xb5\xfe\x4f\xe9\xac\xd2\xab\x03\xd5\
\xd8\xb6\x1c\x28\xa1\x1f\x5f\x19\x90\xfc\xba\x7f\x41\x1c\x5a\x71\
\x98\xa3\x33\x77\x86\x05\x84\xf3\x34\x2a\x9a\xed\x9f\x26\x36\x32\
\x93\xa8\xce\x55\xdc\xb1\xc9\x94\x23\x9c\xea\x40\xa6\xe5\x34\xc6\
\xc3\xd4\x82\x6a\x39\xc6\x11\x3d\x47\x3c\xd5\xb9\x4d\x75\xfc\xe3\
\xf7\x38\x76\x0f\xb6\x9b\x06\xcd\x36\x34\xd3\x70\x34\x92\x69\x39\
\xbb\xa9\x8e\x5d\xf4\xb4\x89\x2f\x4b\x4c\x39\xb5\xe1\x78\xcf\x31\
\x91\x8f\x6e\x48\x67\x91\x63\x1e\x55\xe6\x7a\xce\xd3\x97\xb3\x20\
\x77\x8e\x53\x8d\x8a\xf4\xce\xb9\x29\x47\x34\xce\x94\x93\x19\xcf\
\xa3\x46\xd3\xba\xd7\x42\xf9\xb9\x13\x27\x3d\xc1\x23\x27\x3f\x1c\
\x93\x61\xaa\x8e\x95\xdc\x21\x10\xe8\x9e\x48\xaf\x3e\xb5\xae\xf1\
\xb2\x50\xfc\xae\x6b\xc9\x4a\x67\x82\xec\xad\x25\xc4\x29\xa7\x3b\
\x4a\x8b\x3c\x4d\xd5\x83\x96\x8c\x5e\x5e\xf2\xcf\x5d\xef\x9f\xb5\
\xda\x9f\xdf\x1f\x68\x39\xf8\x91\xee\xa7\x1c\x3c\xd5\xfc\x11\xae\
\xe5\x84\xab\x15\x47\x8b\x5a\xcf\x5b\x5e\x2d\x5b\xfd\x8c\xdf\x4f\
\x41\xf7\xe8\x41\x4b\x76\x7e\x7f\xaa\xe5\x10\xcb\x7d\x9a\x0b\xdd\
\xcb\x70\x67\x50\x9e\x86\xda\x82\xda\x40\x9d\x75\x9c\x06\xb2\x0b\
\xec\x1a\xd1\xc8\xa5\xae\x3b\xcf\x75\x76\xa3\xb0\x74\x28\x9b\x70\
\x78\x23\x3f\xe1\x73\xee\x69\x84\xb3\x81\xee\x09\x7a\x99\x63\x24\
\xfc\x86\xf4\xa6\x98\xeb\xb8\xaa\xd7\x96\xce\x3a\xd9\x05\xf6\x14\
\x82\x11\x68\x55\x68\x3a\xde\xb9\xce\x6e\x68\x18\xc7\xf1\x63\x7d\
\x1c\x18\xfd\xc4\x40\x5c\x5d\xa8\x6e\x6a\x89\x8e\xe5\x9a\xa9\xe5\
\x93\x93\x42\x8f\x93\x2e\x5a\x9e\x5b\xe6\xa5\xc5\x30\x8f\x18\x89\
\x35\xd2\x9b\x36\x6b\x8a\xca\xb2\x87\xde\x05\xe8\x3d\xb9\x74\x54\
\x4f\x70\xab\xe0\xb8\xf7\x77\xc2\xe9\x83\x32\xe7\xf1\x66\x96\x56\
\xa8\x9b\x74\xca\xdb\x30\x2a\xc7\x48\x30\xe0\x5a\xf4\xa2\x9a\x3f\
\xa2\x1e\x56\x43\x96\x9b\x42\x08\xe1\x0c\x90\xe5\xa6\x10\x42\x08\
\x27\x4e\x8c\x44\x08\x21\x84\x2e\x31\x12\x21\x84\x10\xba\xc4\x48\
\x84\x10\x42\xe8\x12\x23\x11\x42\x08\xa1\x4b\x8c\x44\x08\x21\x84\
\x2e\x31\x12\x21\x84\x10\xba\xc4\x48\x84\x10\x42\xe8\x12\x23\x11\
\x42\x08\xa1\x4b\x8c\x44\x08\x21\x84\x2e\x31\x12\x21\x84\x10\xba\
\xc4\x48\x84\x10\x42\xe8\x12\x23\x11\x42\x08\xa1\x4b\x8c\x44\x08\
\x21\x84\x2e\x31\x12\x21\x84\x10\xba\xc4\x48\x84\x10\x42\xe8\x12\
\x23\x11\x42\x08\xa1\x4b\x8c\x44\x08\x21\x84\x2e\x31\x12\x21\x84\
\x10\xba\xc4\x48\x84\x10\x42\xe8\x12\x23\x11\x42\x08\xa1\xcb\xc6\
\x8d\xc4\xee\xee\xee\x70\xe9\xd2\xa5\xe1\xeb\xaf\xbf\xbe\xec\xf8\
\x93\x4f\x3e\x39\xdc\x7c\xf3\xcd\xe3\xf1\xb7\xdf\x7e\x7b\x78\xf4\
\xd1\x47\x87\x65\x69\xc5\xdd\x8b\x8b\xb0\xd7\x5f\x7f\xfd\xf0\xd2\
\x4b\x2f\x0d\x47\xa5\xe6\x81\xff\xf5\xd8\x51\x78\xff\xfd\xf7\xc7\
\x7c\xc0\x03\x0f\x3c\x30\x2b\xce\x67\x9e\x79\x66\x38\x09\x3e\xfe\
\xf8\xe3\xe1\xf5\xd7\x5f\x9f\x15\x0e\xdd\xaf\x83\xd7\x5e\x7b\xed\
\x30\xee\x45\xf9\x46\x77\xcf\x3e\xfb\xec\xf0\xe2\x8b\x2f\x0e\xdb\
\x0c\xf5\x71\x5d\x65\x48\xdc\xc7\xa9\xe7\x9b\xe4\xa4\xe5\xa6\xbe\
\xcc\xa9\xdf\x67\x99\x8d\x19\x09\x2a\xea\xdd\x77\xdf\x3d\x1a\x02\
\xbe\xe9\xa0\x31\x0c\xe2\xa6\x9b\x6e\x1a\x6e\xbb\xed\xb6\xe1\xc2\
\x85\x0b\xc3\x27\x9f\x7c\x32\x76\x04\xcb\x40\x67\xea\x71\xab\x72\
\xf5\xe2\x22\x1d\xd2\x23\xdd\xa3\xe6\xc7\xe5\x07\x3a\xae\x55\x54\
\xea\xcf\x3f\xff\x7c\xf8\xe2\x8b\x2f\xc6\xdf\x0f\x3f\xfc\xf0\x28\
\xeb\x22\x64\x54\x5a\xa0\x93\x55\x81\x2c\x73\x74\x46\x63\x43\xf7\
\x2d\xd0\xdd\x51\x06\x01\xe2\xe2\xc5\x8b\x63\xd9\xc1\x54\xbe\x81\
\x32\x39\x7f\xfe\xfc\xf0\xc4\x13\x4f\x0c\xdb\x8c\xea\xe3\x14\x47\
\x2d\xc7\xb9\x65\xb6\x8d\xac\x6b\xa0\xd1\x83\x7a\xbb\xa8\x4e\x2d\
\x82\xba\x4d\x1d\x3f\xad\x5c\x33\x6c\x00\x19\x08\x78\xeb\xad\xb7\
\x86\x9d\x9d\x9d\xb1\xf0\x19\xe1\xc1\x0b\x2f\xbc\x30\x1e\x3b\x77\
\xee\xdc\x65\xd7\x51\x60\x74\xba\xb7\xde\x7a\xeb\x70\xff\xfd\xf7\
\x8f\xc7\x18\xa1\xbe\xf3\xce\x3b\x63\xe7\xc9\x35\xc0\x7f\xe2\x23\
\x1e\x3a\x10\x0a\x89\x51\x19\x61\xaa\x1c\x8c\x12\xb8\xee\xbe\xfb\
\xee\x1b\xc3\xaa\x03\x46\x96\xbb\xee\xba\x6b\xec\xd8\x48\x83\x73\
\xba\x1e\x19\x90\xe5\xe9\xa7\x9f\x1e\xe6\xa2\x11\x09\xdf\x2e\xab\
\x1f\xf7\x7c\xf5\x70\x03\x51\xe3\xe4\x9b\xf3\x8a\x5b\xf9\x03\xa5\
\xa9\x99\x15\x86\x52\xe1\x64\x8c\x01\xbd\xb9\x0c\x84\x27\xef\x3a\
\x87\x3e\xb8\xce\x75\xe9\x32\x11\x9e\x99\x0f\x61\xd0\x1f\xba\xab\
\xf1\xe9\xbc\xe2\x20\x5e\x64\x45\x26\xd2\x92\x5c\x53\x3a\x24\x6e\
\xc9\x35\x17\xd2\xa0\x6e\x48\x0f\xe4\x1b\xf9\x00\x23\x2c\x1d\x22\
\x0f\xff\x6b\x3e\xe7\x94\x95\x3a\x03\xd2\x71\x39\x5b\xf9\x16\xe4\
\xbb\x95\x9e\xf4\xea\xe9\x52\x4f\x91\xbb\x96\xa3\xf2\xe2\x3a\x51\
\x1e\xc1\xf3\x49\x1c\x8a\xdb\x07\x4c\x1c\x53\x9e\x24\x2f\xc7\x08\
\xaf\x32\xe1\x38\xc7\x38\xf7\xf8\xe3\x8f\x1f\xea\x14\x3c\x9c\x53\
\xe5\x57\xda\x2a\x07\xbe\x6b\x3d\xf5\x3c\xf4\xf4\x26\xc8\x1b\xe7\
\xf9\xae\x61\x49\xb3\x96\x31\xf4\xea\x72\x3d\x47\xf9\x55\x7d\x7a\
\xb9\xb8\xce\x39\xcf\x75\xde\xc6\x39\x2f\x1d\x51\x67\x08\x3b\x47\
\x67\xdb\xc4\x46\x66\x12\x28\x13\x45\x61\x20\xa8\x94\x28\x5e\x9d\
\x38\xcb\x00\x28\x19\x25\xd6\x25\x01\x0a\x87\x6b\x7d\xd4\x49\x18\
\xef\xf0\xe0\xab\xaf\xbe\x1a\xbf\xa9\x14\xc4\xfd\xd1\x47\x1f\x8d\
\xc7\xea\x08\x9c\x91\x3f\xe9\x52\x78\xa4\xc9\x6f\x2a\x19\xf0\x1b\
\x43\x46\xdc\xa4\xf9\xc8\x23\x8f\x1c\xce\x0a\x48\x73\xd9\x11\x0d\
\x33\x1b\xd2\xa1\x52\x68\xc9\x88\x8f\x1f\xa7\x42\xc9\x50\xf6\xd0\
\x12\x04\xfa\xf3\x6b\x91\x13\xbd\x48\x7e\x75\x20\xe8\x94\x8a\xae\
\x34\xbd\x81\x6a\x96\xa6\x46\xa4\x11\xbd\x46\x4e\x6e\x64\xb8\x9e\
\x70\xc4\xb7\xb7\xb7\x37\xfe\x57\x18\x55\x78\xf4\xc3\x87\xf4\x18\
\xa9\xa2\x5f\x2f\x2b\xe9\x0c\x79\x99\x1d\x29\xaf\x2a\x3b\xc9\xd4\
\xa2\x95\x5f\x95\x87\x3a\x92\x39\x30\x8b\x20\x1d\x3e\xe8\x43\xf9\
\x25\x5e\xe5\x53\x1d\x23\x75\x46\xf2\xd7\xf4\x7b\x65\xa5\xfa\xa9\
\x70\xc8\x48\x38\xf2\x8e\xee\x88\xd3\x67\x00\xfc\xfe\xe6\x9b\x6f\
\x0e\xd3\x93\x5e\x7d\x99\x83\x59\x8f\xe2\xa3\xee\xa9\xa3\x96\xce\
\x94\x97\xba\x2c\xa2\x8e\x59\xf5\x4c\xf9\xf4\xb0\xba\x1e\x54\x8e\
\x2e\x2f\xe1\x7d\x24\x8c\x2c\x9c\x53\x3c\xca\xab\xc2\xd5\xa5\xd0\
\xaa\x37\xae\xa5\x5e\xa8\xbc\x88\xcf\xeb\xa9\xc7\x41\x38\xc9\x41\
\x7d\xea\xcd\x36\x91\x5b\xe5\x48\x1a\xd4\x4f\xf4\xea\x79\x97\xcc\
\x40\x58\xaf\xcb\xb7\xdf\x7e\xfb\x65\x69\xfa\x39\x5f\xf2\x93\x3e\
\x85\xeb\x91\xf8\xc9\x07\x79\x50\x7b\x53\x39\x51\xe7\xf8\xf0\xbb\
\xea\x4c\xe5\xbd\xcd\x6c\x64\x26\xa1\x0a\x52\xa7\xd3\x58\x59\x94\
\xae\x4e\xab\x05\xa3\x17\x15\x80\x46\x20\x75\xed\x96\x0e\x9d\xf3\
\x32\x20\x18\x22\x46\xfd\x6e\x48\xd4\x10\x5e\x7d\xf5\xd5\x51\x8e\
\xd6\x74\x90\x78\x38\x0f\x2c\x59\x11\x27\xe9\x63\x74\x96\x85\xca\
\xa1\x51\x08\x71\x6a\x1a\x4b\x1a\x1a\x89\x70\x9e\xca\x4d\x1a\x8b\
\x96\x94\xe8\x7c\xc8\x93\x5f\x5b\xf5\x26\xbd\x90\x6f\x74\x40\x7a\
\x7c\x13\xb7\xae\xe3\x37\x71\x69\xb4\x8b\x6c\x34\x3a\xfd\xa7\xb1\
\xa8\xb2\x2b\x3e\x64\xc6\xb8\xd4\x69\x38\xfa\x7c\xef\xbd\xf7\x0e\
\xff\x23\x13\x4b\x7e\xfe\xdf\xe5\xe5\x43\x1e\xf8\x46\xc6\xa9\x99\
\x01\x9d\x09\xb2\xa9\x0c\x29\x57\xea\x41\x6f\x74\x59\x97\x62\xa4\
\x2b\xe4\xa1\x71\x12\x0f\x65\xce\xb7\xf2\x45\xbe\xd1\x8f\x46\xd3\
\xc8\xa5\x4e\x83\x3a\x5b\xf5\xdd\x2b\x2b\xae\x57\x38\x64\x26\x9c\
\xea\x0c\xf9\xd0\x2c\x03\x7d\xa1\x4b\xe5\x81\x38\x31\x18\xaa\xdb\
\x42\xb3\x0c\xc9\xea\x75\x49\xe9\x2c\x5a\xce\xd0\x40\xac\x86\xd5\
\xf5\xc8\xa8\xba\x4e\xfa\x2a\x47\xc9\x41\x1d\x61\x66\x0e\x8a\x47\
\x1d\xe6\x54\xb9\x71\x5d\xad\xe3\xfc\x77\xbc\x9e\x52\xaf\xd0\x0f\
\x1d\xad\x06\x92\x2e\x47\x6f\x10\x45\x99\x2a\x1e\xd2\x40\x67\x8a\
\x87\xff\x1a\x70\xaa\xce\x7a\x5d\x46\xe7\xf4\x23\x32\x7c\xca\x27\
\xe7\x7c\x96\x33\x05\xf9\xf4\xba\x8f\xdc\x9a\xe1\xd0\x77\x68\x86\
\x2c\xdd\x4b\x1f\xa4\xe5\x83\xb7\x6d\x64\x23\x46\xc2\xa7\x6b\xae\
\x1c\x0a\xcb\xcf\xb7\xd0\x92\x10\x85\xc2\xa8\x01\x5a\x1d\x05\x9d\
\x08\x15\x81\x4a\x21\x83\xc0\xe8\x55\x70\x8e\xc6\x5c\x2b\xac\xe3\
\x0d\x95\x8a\xa6\x46\x71\x94\x02\xa5\x83\xa1\x83\x60\x09\x0d\xb9\
\x49\x9b\x8e\xa7\xae\x79\xd6\x29\x6c\x0f\xf2\x52\xa7\xa9\x8c\x88\
\x44\x95\x91\x91\x98\xf4\xeb\x78\xc5\x45\x0e\xf4\xa6\x46\xa1\xff\
\x7c\xea\x7d\x03\xfe\xd3\x00\xa7\x74\xc1\x39\x3f\x5f\xe5\xa5\xf1\
\xcc\x45\x1d\x65\x8d\xbf\x77\x13\xdf\x1b\xec\x14\x1e\x27\x7a\xd7\
\x47\x90\x4f\xcd\x1c\xea\x4d\x7a\x8d\x54\xab\x0e\xfc\x7f\xd5\x81\
\xd2\xe4\x3a\xf2\xe4\xcb\x19\x40\x39\x69\xc9\x44\xd0\x79\xeb\x7e\
\x17\xf5\xa6\x67\x18\xe7\xe6\xb3\x42\xfb\x50\x87\x48\x7e\x35\xda\
\x15\xfc\xd7\x3d\x8c\x9a\x37\x64\xe1\x5a\xea\x75\xcb\x60\x6a\xc9\
\xcd\xf1\xba\x5d\xc3\x33\xe2\x06\xe4\x68\x0d\x22\x7b\x46\xa2\xb6\
\x17\xd2\x44\x8f\x35\x6d\xe2\xad\x61\x31\x0e\x94\x2b\x69\xd7\x73\
\x3b\x47\x5c\x0a\xf2\x19\x5a\x3d\x8e\xce\x34\x63\xa5\x5f\xd8\x66\
\x03\x01\x1b\x31\x12\x9a\x36\x53\xe0\xb2\xda\x14\x1e\xc7\xb4\xbe\
\xda\x03\x85\xd2\xd9\x12\x96\x46\xab\xca\xed\x50\x39\xe8\xd8\xa8\
\xb4\x1a\x29\x70\x8d\x77\x28\x8a\xc3\xd7\xdc\xe7\xd2\x32\x16\xfc\
\xae\xa3\x39\xd2\xd5\x14\x97\x34\x68\xe0\x7a\x6a\xc5\x6f\x94\xfb\
\xda\x36\xc6\x6c\xd1\x0d\x4b\x60\x44\xac\x91\xb0\x68\x19\x8e\x39\
\x68\x8d\x5b\xf7\x80\x34\x8b\xf0\x25\x0d\x8e\xf9\x3d\x18\x5f\x07\
\x16\xad\x0e\x7b\x15\x4f\x77\x01\x7a\xaa\x1d\x32\xf9\x5f\x65\x03\
\x23\x0d\xe2\xa3\xde\x08\x95\x07\xa3\x52\xdd\xb7\xf2\x73\x47\xed\
\x44\x40\xcb\x7d\x1e\xa7\xd7\x19\x47\x23\x6a\x8c\x05\x7a\x70\x19\
\x7b\xcc\xb9\x59\x4a\x18\x3e\x2a\x5b\xdd\xd3\xd2\xac\x42\x61\x7a\
\x65\xab\x81\x96\x96\x95\x30\xce\xad\x76\x51\xef\x33\x2c\xba\xe9\
\xce\x75\x75\x66\x3c\xb5\xc2\x50\xf5\x58\xd3\x14\x1c\xab\x4b\x93\
\x32\x1c\x94\xbf\xee\x6f\xfa\xb9\x1e\x7e\x4e\x4b\xdc\x7e\xae\x65\
\x90\xe6\xe8\x6c\xdb\xd8\xc8\x3d\x09\x75\x38\x74\xd2\x7a\x02\x49\
\xeb\x82\x73\x46\x80\x34\x10\xc2\xa2\xe4\xd6\xa8\x8a\x46\x46\x03\
\xa6\x00\x74\xd3\xba\x5a\x76\xdd\xd4\xd6\x5a\xfb\x32\x20\x6b\xad\
\xe4\x2a\x64\xad\x93\xeb\x91\x4f\xcd\x40\x08\x5f\x3b\x35\x64\x27\
\xbc\x8f\xe4\x19\xd1\xcc\xa9\x30\xe8\x80\x0e\x43\xd7\x72\xdd\x32\
\xeb\xf2\xfe\x68\x30\xa3\x2d\xe2\x92\x2e\xf9\xe6\xbf\x66\x26\xe8\
\x89\xbc\x48\x4f\x5c\xcb\xf9\x2a\x27\xd7\x61\xf8\x35\xc2\x5e\x74\
\x7f\x45\xa8\x23\x51\x67\xc4\x75\xb5\x4c\x30\xea\x5a\x1b\x57\x98\
\x45\x33\x99\x65\xa1\xf1\xd6\x7c\x52\x3e\x32\x1c\xa4\x29\x7d\x13\
\x4e\x6b\xf8\x47\x05\x7d\xd5\xf4\xea\x83\x03\xe0\xe5\xec\xf7\x6d\
\x28\x47\xae\x45\x1f\x9a\x9d\x78\x5c\x73\xea\x35\xf5\x12\x39\xa4\
\x7f\xe2\xa6\xfd\xa8\x1e\x13\x67\xab\xac\xfd\x7a\x5d\x27\x19\x1c\
\xd5\x53\xc9\xa2\x87\x02\x16\xa1\x76\xe3\xed\x69\xaa\x3e\x91\x5f\
\xcd\xc8\xd5\x8e\xea\x2c\x02\x54\x97\x75\x7f\xcc\xc3\x72\xce\x67\
\x8b\x5a\xb2\x16\x84\xd1\x43\x2b\xf5\x1e\x10\x9d\xbe\xe4\x53\xfd\
\xf4\x7c\xaa\x9c\x64\x18\x56\x3d\xc0\x59\x27\xdf\xff\x9b\x87\xfe\
\xfa\x99\x61\x45\xfc\xe0\x96\x3b\x66\x87\xd5\xc8\xfa\xdb\x6f\xbf\
\x1d\xae\xbb\xee\xba\xe1\x9e\x7b\xee\x19\xde\x78\xe3\x8d\xe1\x86\
\x1b\x6e\x18\xcf\xa3\x50\x96\x23\xee\xbd\xf7\xde\xf1\x37\x61\xd4\
\x78\xae\xbd\xf6\xda\xb1\x81\xf2\xdd\x7a\xde\x9d\xe3\x0f\x3d\xf4\
\xd0\x78\xdd\x77\xdf\x7d\x37\xc6\xcd\xcc\x82\xe3\x1e\x17\x1f\x0a\
\xf2\xcb\x2f\xbf\x1c\xe5\xf9\xf5\xaf\x7f\x3d\x56\x84\x5b\x6e\xb9\
\xe5\x70\x29\x80\xdf\xc0\x08\xef\x47\x3f\xfa\xd1\x18\x8e\xdf\x77\
\xdc\x71\xc7\x70\xe7\x9d\x77\x5e\x96\x2e\x15\xe5\xd3\x4f\x3f\x1d\
\x2b\x12\xdf\xcf\x3f\xff\xfc\xd8\x70\x48\x97\x7c\x20\x2b\x72\xd3\
\xb0\x48\x9b\xe3\xc4\xc7\xf1\x37\xdf\x7c\x73\x94\x8d\x6b\x38\xee\
\xf8\x53\x4b\x1a\x9d\xf0\x5f\x71\x72\xad\x8c\xa0\x66\x28\x75\x14\
\xe3\x71\x20\x37\xfa\xd0\xb2\x16\xc7\x3e\xfc\xf0\xc3\xc3\xc7\x42\
\x49\x1f\x5d\xd0\x79\x48\x16\xd2\x7a\xf7\xdd\x77\x87\x57\x5e\x79\
\x65\x8c\x8b\x74\x5d\x4e\xf4\x44\xbc\xa4\x4b\x98\x0f\x3e\xf8\x60\
\x78\xec\xb1\xc7\x46\xd9\xfc\x71\x53\xe9\x53\x3a\xe5\x1a\xc5\x43\
\xc3\x45\x46\x1a\xdf\xcf\x7e\xf6\xb3\xcb\x74\x20\xb9\xa5\x43\xf2\
\xa8\x78\x5b\xfa\xe9\x41\x58\xea\x98\xea\x19\xf5\x43\x33\x37\x95\
\xc7\xcb\x2f\xbf\x7c\x58\x1e\xca\xa7\xd6\xff\xa5\x6f\xea\xd0\x73\
\xcf\x3d\xd7\x8c\x5f\xb2\x88\x56\x59\xf8\x3d\x85\x56\x7a\x2e\x9b\
\xf2\x4d\x98\x1f\xfe\xf0\x87\x87\xf9\xe6\x38\xd7\xa2\x47\x85\x53\
\x5c\xb4\x1d\xea\x3d\xc7\x89\xcf\xf3\xa9\xb8\x91\xf1\xb3\xcf\x3e\
\x1b\x47\xe1\x0c\x30\xf8\xa6\x9c\x91\x49\xf5\x98\x32\xff\xc9\x4f\
\x7e\x72\x78\xad\xe7\x85\x78\x95\x26\x65\xe2\xe1\x84\xea\xa9\xe4\
\xba\xf1\xc6\x1b\x0f\x9f\x70\x6a\x95\x97\xeb\xcf\xdb\x13\x6d\x94\
\xb6\xa1\xb6\xea\x20\xfb\x83\x0f\x3e\x38\xc6\xa5\x4e\x5c\x03\x43\
\xa8\xd7\x20\x0f\xf5\xdd\xeb\xb2\xea\x03\xed\x52\x69\x72\x8e\x7a\
\xc8\x0c\x5b\xf7\xd0\x88\xcb\xeb\x37\xf5\x40\xba\x57\xfa\xe8\x8c\
\xb6\xe3\xf7\xb6\xe8\xdb\x68\x6f\xf4\x4b\xfc\x97\xce\x9e\x7a\xea\
\xa9\xcb\xda\xc4\x71\xf8\xc3\x67\x7f\x37\xac\x83\x73\xbf\x7d\xfb\
\x17\x7b\xc3\x8a\xb8\xee\xbe\x9f\x0e\x27\x01\xca\x66\x94\xab\xa7\
\x22\xae\x46\x34\x32\xf1\xca\x4f\xa3\xf2\x9b\x84\x27\x0d\x9d\xfc\
\x45\x7b\x8c\x18\x30\x88\x73\xef\x0f\x00\xf9\xa2\xb3\xba\x5a\xcb\
\x35\x2c\x8f\x66\x95\x9b\xaa\xf7\xdb\xc2\xef\xde\xf9\xe5\xb0\x0e\
\x36\x72\x4f\xe2\xb8\xe8\xde\xc5\xd5\xdc\x91\x90\x7f\x3a\x60\x46\
\x95\x34\x10\x46\x25\xcc\x7e\x36\xd9\x50\x30\x0e\xc8\xa4\xf7\x5c\
\xf4\x64\xcb\x32\xf4\x6e\xf8\x85\x10\x36\xc3\xa9\x34\x12\xba\x8f\
\x71\x35\x43\x87\xcc\x63\x95\x7a\x1a\x89\x9b\x6e\xcb\x8c\xd8\xd7\
\x01\x06\x8a\x1b\xac\xba\x3f\x52\x6f\xf4\xce\xe1\xb4\xac\xd3\x86\
\xed\xc1\x5f\xd0\x0b\xab\xe7\x54\x2e\x37\x85\x10\x42\xb8\x9c\x75\
\x2d\x37\x65\x17\xd8\x10\x42\x08\x5d\x62\x24\x42\x08\x21\x74\x89\
\x91\x08\x21\x84\xd0\x25\x46\x22\x84\x10\x42\x97\xab\xd2\x48\xe8\
\x65\x9b\x45\xf0\x08\xe7\xb2\x6f\x63\xaf\x1a\x9e\x5e\xd2\x9b\x9a\
\xc7\x71\x42\xa3\x17\xb0\x56\xe5\xe3\x62\x0e\x53\x0e\x92\x90\xe3\
\xd2\x31\xf7\xe9\x5f\xa5\x3c\x3d\xf4\x06\xf9\x9c\x70\x27\x81\xea\
\xc3\x59\xc4\x9d\x6b\xcd\x45\x65\xba\x4e\xa7\x56\x57\x3b\x67\xc6\
\x48\xec\x2e\xe9\xb8\x66\xce\xfe\x48\x6c\x4f\xb0\xe9\x47\xeb\xb4\
\x09\xa0\xde\xa4\x3e\x2a\xda\x42\x82\x38\x5a\xdb\x15\xac\x83\x29\
\x07\x49\xbc\x30\x37\x67\x7b\x86\x75\xc8\xb3\x4c\x5d\xb9\xd4\xf0\
\x9a\xd8\x0b\x77\x12\xa8\x3e\x54\xb6\xe5\x45\xb2\x65\xdb\xa1\xe3\
\xce\xb5\xe6\xa2\x32\x9d\x72\x6a\x15\x8e\xc7\x46\xdf\x93\xe8\x39\
\x5b\xe9\x39\x97\xd1\xbe\x3d\x7c\x57\x87\x21\xee\xb8\x46\xdb\x61\
\xb7\x9c\xf2\x68\xeb\x0a\x75\x5e\xda\xa8\xae\xe5\x4c\xc6\xc3\xa9\
\x13\x70\x87\x3a\xfe\xd2\x97\x1c\x95\xc8\xb1\x48\x6b\x27\xd7\x96\
\xf3\x98\x7a\x3d\x71\x6a\xd7\xd1\x7a\x7d\xdd\xdc\x4e\x5b\x4e\xcb\
\xc1\x89\xef\xef\xe3\xf1\x4e\x39\x32\xea\x39\x97\xa9\x4c\xc9\xa7\
\xad\xb4\x5d\x96\x2a\x6f\x2d\x8b\x29\xaa\xe3\x22\xc5\xe7\xdb\xc3\
\xd7\xcd\x06\x7d\x2b\x8c\xfa\xe6\xb7\x74\xe0\xff\xa7\xea\x4a\x7d\
\x7b\x57\x7b\x08\xd5\xfc\x55\x6a\x1e\xeb\xa6\x76\x9e\x27\x6d\x47\
\x81\x2c\xde\xe9\xf7\xea\xee\xd4\x0b\x86\xda\x0f\x89\xfc\x68\xfb\
\x08\xe8\xb5\xaf\xca\x9c\x76\xe8\xed\x62\x99\x76\xa8\xbc\xf9\xb6\
\xdd\x53\xba\xee\x31\xb7\x9e\x86\xd5\xb3\xb1\x99\x84\x9c\xad\x54\
\x47\x2c\xbb\xc5\x49\x89\xb6\xfa\x06\x39\x74\x51\x45\x61\xe4\xa1\
\xa5\x13\x55\x1a\x7d\xef\x1e\x78\xbf\x73\x27\x35\xbe\xd1\x98\xe2\
\xa4\xf2\x7a\x7a\x54\x5e\x6d\xdc\xc5\x39\x85\x27\x5d\x39\x40\xc1\
\x19\x89\x8f\x96\x48\x47\x8e\x4a\xa8\xf8\x2c\xed\xb4\xf6\xa0\x77\
\xe7\x31\xa4\x2f\xc3\x53\x1d\x9d\xb4\xae\xf7\x0d\xf3\xaa\x63\x1b\
\xae\xd7\x88\xb7\x6e\xe7\x5d\x97\x96\x76\xcd\x49\xd0\x94\x73\x19\
\xa7\x3a\x69\xe1\x3a\x77\xb6\xc2\x7f\x77\xa8\x54\xf7\xec\xdf\x6d\
\x38\x0c\xea\x2d\x0d\xb8\x4c\x72\x34\xb3\x6b\x0e\x6f\xe4\x99\xb0\
\xea\xc6\xf5\x45\x1c\x9e\x6f\x9d\x73\xbf\x05\xfe\x5d\xe5\x93\xf3\
\x24\x81\x7e\x3d\x7f\xbd\x25\x48\x2f\x13\xe9\xcc\xf3\xc4\x71\x39\
\x63\xd2\xd6\xdf\xbe\xe7\x96\xd2\xac\xf2\x10\x76\x6a\x89\x90\xeb\
\xe5\x4c\x49\x86\xb0\xe7\xcc\xa8\x32\xb7\x1d\xfa\x06\x7b\x9a\x2d\
\x78\x3b\x6c\x39\x90\x02\xd5\x55\xc9\xb7\xdb\x70\x42\xb4\x68\xa9\
\x6e\xaa\x9e\x9e\x56\x5f\xdd\xa7\x89\x8d\xcc\x24\x34\xaa\xd0\x76\
\xc7\x34\x7e\xed\x20\xd9\x72\xa6\x23\xe7\x2e\xfa\xef\xe7\xf8\xcd\
\xb9\xea\xb8\x46\x4e\x6a\x34\xaa\x52\x3c\x2d\x7c\xbf\x23\xae\xa1\
\x12\xb6\x46\x5e\xda\x4c\x50\x4e\x77\x7c\x07\xce\xea\xc4\xa4\xd5\
\x91\xb8\xf3\x18\x39\x1b\x51\xe7\xbe\x8c\xa3\x13\x1a\x8d\x3b\xe0\
\xe1\xb7\x6f\x79\xae\xe5\x29\x39\x35\xea\x41\x67\x2d\x1f\x1b\xea\
\x60\xea\x52\x46\xcb\x49\x8b\xdc\xc3\x02\xe5\xc5\x5b\xd6\xea\x9c\
\x78\xeb\xbb\x2e\xbd\xcc\x71\x90\x04\x34\x7c\x8e\x57\x47\x33\x72\
\x78\x83\x5e\xa5\x27\x87\x78\xdd\x4b\x9d\xbc\xa7\xe9\x7f\x1d\xa9\
\xb6\xea\x0a\xf1\xaa\xae\x90\xbe\x77\x3e\x7e\x0e\x3d\x68\x83\xc1\
\x8a\x1c\x28\x29\x4e\x85\x73\x27\x3e\x4a\x5f\x3b\xec\x2a\x3c\x65\
\xca\x35\xe8\x51\xce\xae\x94\x7f\xe4\x21\x7c\x6f\x7b\xf0\xea\x80\
\x88\x72\xed\x39\x33\x72\x5d\x48\xbe\x65\xda\xa1\xc7\x79\x71\xa6\
\x03\x29\xf7\xdb\x52\x75\x4d\x9b\xf2\xf6\x5d\x51\x1b\xa9\x4e\x90\
\xd4\x06\xc2\xfa\xd9\xc8\x4c\x82\x8e\xa0\x36\x32\x4d\xb3\x5b\xe7\
\xb4\x7c\x03\x75\x9a\xd9\x5b\xc3\x94\xeb\xd2\x1a\x4f\x0b\x77\x0a\
\xdf\xea\x28\x5b\xe9\x2a\x5c\x6b\xd7\xd1\xde\x9a\xbf\x9c\xc7\x30\
\x92\x62\xea\xdc\xda\xad\xb5\x95\x56\x85\xd1\xbc\x87\x71\xdf\xc4\
\x34\x54\x75\x70\x75\x6f\x7c\xa7\x95\xae\x2f\x55\x4c\x85\xf3\x91\
\x7c\xdd\xf2\xd8\x65\x11\x8b\x1c\x24\x79\x5c\x35\x7d\x37\x28\x5e\
\x4e\x15\x95\x87\x06\x20\xea\xec\xe4\x07\x62\x8a\x56\x5d\xf1\x4e\
\xcb\xf3\x27\xa7\x38\x2d\x3c\x0e\x77\x9e\xd3\x72\x4a\xe4\x79\xd1\
\x36\xdd\x2a\x2b\xe4\xa1\x13\x64\xb0\xa2\xcf\x32\x37\xab\xb9\xbe\
\xea\x4a\xce\x8c\x9c\x45\xed\xb0\x96\xd9\xc5\x03\xff\xcc\x50\xcf\
\x4d\x39\x90\xf2\xfc\xb7\x74\xbd\x53\xfc\x92\x38\xbb\x0d\xbf\x10\
\x2e\x47\x58\x3f\x1b\x31\x12\x54\xd8\xda\xb9\x6b\x6d\xb6\x55\x61\
\xd8\xa3\x68\xd9\x1b\xc8\xda\x6b\xbf\xc6\xb3\x6a\x34\x85\x76\xa6\
\x9e\x88\x62\x54\x28\xd7\x86\xcc\x16\x5a\xf9\x5d\xd4\x00\x68\x90\
\xd5\xd7\xae\x46\xef\x34\x20\x79\x92\x5b\xe4\x35\xae\xa6\xa3\x91\
\xbc\xb3\x48\xbe\xda\x69\x72\xae\xce\x24\xe4\x20\xc9\x71\x2f\x81\
\x8b\xd2\x5a\x64\x34\x81\xce\x4d\xf7\x68\x74\xdf\x04\xfd\xce\xb9\
\x9e\x3c\xf4\x66\x50\xc7\x45\xc6\xca\x41\x26\xaf\xff\x18\x01\xbf\
\xc7\x42\xfb\x60\xb4\xcd\xa0\xc2\x3f\x73\x91\x33\x23\xa7\xe5\xcc\
\x48\x8e\x9c\x1c\xb5\xc3\x96\x4b\x5f\xca\xec\xb8\x0f\x72\xa0\xeb\
\x1a\x2f\xcb\x5c\xbd\x32\x6a\xb5\xaf\x45\x75\x3b\xac\x96\x8d\x18\
\x89\x96\x73\x17\x46\x4e\xd5\xb9\x8b\xa6\xbd\x54\x94\x45\x4f\xf6\
\xb8\xe3\x1a\xa8\x4e\x6a\x88\x67\x1d\x4f\x3f\xb4\x9c\x98\xf4\x9c\
\xff\x54\xe7\x31\xba\x9e\x63\x3d\x47\x27\x2d\x74\x4f\xc3\x9d\xfb\
\x78\xa7\xc3\xd4\x9e\xd9\x8a\x77\x3c\x15\x3d\x2d\xe5\xce\x65\xb4\
\xce\x5c\xf3\x57\x1d\xb1\xb4\x9c\xad\x48\x16\xe2\xab\x03\x00\x39\
\x23\xda\x5d\xe0\x20\x49\x6b\xeb\xee\x68\x06\x9d\x4d\xe5\x43\x30\
\x7b\xc0\x38\x6a\xd6\xa3\x72\x69\x75\x3e\x8b\xea\x8a\xdf\x2f\x5a\
\x05\xb5\xbc\xdc\xb1\x94\xb6\xb9\x06\x97\x47\x75\x65\xae\x3c\xf8\
\x3c\xd0\xf2\xe7\x5c\x67\x46\x73\x9d\x2c\xb9\xcc\xcb\xb6\xc3\x0a\
\x79\x93\xd3\x1d\xe5\x4d\x4b\xb0\xbd\xf8\xbc\x9e\xea\x9e\x46\x6b\
\xd9\x31\xac\x87\x8d\x38\x1d\x6a\x39\x77\xe1\x37\xc7\x71\xfe\x21\
\xe7\x2e\x8c\x0c\xf9\xef\x8e\xd7\xa9\x34\xee\xa4\x83\x4a\x83\x13\
\x11\x39\x6a\xd1\xe8\x1c\x27\x20\xee\xe8\x07\x07\x2c\xc4\x2b\x87\
\x33\x5a\x46\xa9\x4e\x68\x14\x67\x3d\xb7\xdb\x70\x8e\xa2\x73\xa4\
\x83\x53\x11\xe5\x85\x8e\x13\xa7\x26\xb5\x51\xf6\x9c\xc7\x70\x7d\
\xcf\xd1\x89\x46\x75\xe4\x4f\xce\x53\xdc\xf9\x09\x0e\x4e\x70\xb8\
\xe2\x69\xa1\x23\x3a\x61\x77\xf6\x23\x3d\x09\x74\xe8\xe9\xe2\x44\
\x85\x74\x5b\x0e\x50\x88\xfb\x57\xbf\xfa\xd5\xe1\x13\x29\xf2\xd5\
\xed\xce\x56\x5a\xb2\x48\x67\x5e\xa6\x72\x90\x44\xc7\xc9\xf1\xda\
\x39\xb8\xd3\x17\x77\xdc\xe4\xf1\xf5\xea\x14\xc6\xa9\xee\x08\x4a\
\x1e\x55\xb6\xba\xbe\x55\x57\x7a\x0e\x8d\xaa\x63\x24\xd7\x9f\xa3\
\x70\x95\x9e\x33\x26\x9c\x6d\x21\x0b\x03\x17\x1c\xff\x50\x5e\x7a\
\xfa\x89\xf0\x7c\xcb\x31\x4d\x75\xb0\xa4\xfa\xe0\xa8\x3d\x81\xee\
\x17\xf4\x9c\x19\xb9\xce\x2e\xce\x70\xb2\x84\x0c\xfc\xaf\xef\xe9\
\x2c\x72\x20\x85\xde\x15\x97\xdf\xd0\xf6\x76\x89\xac\x72\x30\xd5\
\x72\xd8\xa4\x32\x54\x9d\xc0\xa0\x21\x87\x3b\x03\x73\xbd\xaf\xca\
\x81\xcf\x69\x24\x4e\x87\xb6\x18\x2a\xaf\xaf\x61\x6b\x36\x31\x67\
\x04\xbc\x0e\x18\x51\xd3\x89\xc7\x71\x4f\x08\x57\x0f\x71\x3a\xb4\
\xc5\xb0\xa6\xca\xb4\x99\x51\xac\xa6\xd0\x9b\x7c\xf2\x82\x11\xf2\
\xa6\x7d\x4b\x84\x10\xce\x06\x31\x12\x2b\x80\xe9\x2f\xd3\x6b\x4d\
\xcb\xfd\x91\xd0\x93\x06\x23\xd5\x7b\x9c\x30\x84\x10\x96\x25\xcb\
\x4d\x21\x84\x70\x06\x88\xd3\xa1\x10\x42\x08\x27\x4e\x8c\x44\x08\
\x21\x84\x2e\x31\x12\x21\x84\x10\xba\xc4\x48\x84\x10\x42\xe8\x72\
\x26\x8d\xc4\xaa\x1d\xc0\x6c\x83\xf3\xa1\x10\x42\xd8\x04\x67\xd2\
\x48\x1c\x77\x4b\x05\xdf\x9e\x1c\xb6\xc1\xf9\x50\x08\x21\x6c\x82\
\x8d\xbc\x27\x21\x77\x83\xbc\x7e\x5f\x1d\xe7\x00\xef\x1c\xf0\xba\
\xbe\x76\x31\xd5\xb6\xd7\xda\x7b\xa9\x3a\x1d\xa9\x0e\x49\x84\xf6\
\x87\xa9\xce\x7d\xb4\x6d\x44\xcb\xa9\x0a\xbf\x89\x0b\xf9\xe4\x38\
\x05\xdc\x48\xb8\x03\x1e\x7f\xab\x79\x91\x63\xa2\x10\x42\x38\x6d\
\x6c\x64\x26\xa1\xb7\x92\xe9\x84\xe9\x48\xf9\xb0\xc1\x9a\x3a\x59\
\x96\x77\xf8\xcf\x2e\x95\x74\xce\x74\xca\x84\xa5\x23\x97\xd3\x11\
\x85\x95\xcf\x66\xe2\xe0\x1c\x7b\xc2\x68\x67\xcb\x5d\x73\xb0\x23\
\x7a\x8e\x5d\xdc\xa9\x0a\x9b\xcc\xb9\x13\x17\x19\x12\xa8\x0e\x78\
\xd8\xf2\xda\xcf\xf5\x1c\x13\x85\x10\xc2\x69\x64\x63\x6f\x5c\xd3\
\x49\xfb\xd6\x11\x74\xc8\x74\xaa\xda\xc0\xcd\x1d\x93\xd0\xb1\x57\
\xa7\x2d\x0a\x5b\x9d\xde\x70\x8e\xad\xa9\x17\x21\x87\x3c\xee\x38\
\x45\x3b\x60\xca\x49\x4b\xdd\x4c\xae\xe5\x80\x87\x4d\xe5\x30\x22\
\xbc\xe5\xcc\xb5\xee\x98\x48\x33\x92\xe3\xf8\xa6\x0e\x21\x84\x4d\
\xb2\xb1\x7b\x12\x2d\x47\x3b\x8c\xbe\x85\x3a\xfd\x96\xb3\x15\xce\
\xb9\x3f\x82\xea\xf4\x66\x4e\xa7\x4c\x07\x5e\xf7\xd7\x5f\xb4\x9d\
\x45\xcf\xc1\x90\x64\xac\xf7\x2d\x5a\xbe\x04\x42\x08\xe1\x34\xb1\
\x31\x23\xd1\x72\x24\xc2\xce\xa5\x95\x9e\xa7\x38\x79\xc2\x6a\xed\
\x5b\xef\xc7\x5a\x0e\x5f\xa0\xd5\x81\xf7\xfc\x2e\xf7\xe2\xd6\xff\
\xdc\x77\x08\x21\x9c\x55\x36\x6a\x24\xaa\xe3\x9c\x9e\x3f\x66\x39\
\xad\x51\x58\x96\x9a\x14\xb6\x3a\x47\xf1\xa7\x92\xe4\xfa\x52\x1d\
\xbb\x9f\x6b\x39\xc2\xd1\xfd\x8b\x9e\xe3\x14\x39\x69\x71\x07\x43\
\x5c\xd7\x73\x57\x2a\x90\x61\x95\x4e\x6c\x42\x08\xe1\xa4\xd8\xd8\
\x3d\x09\x96\x6d\xb8\x61\xcc\xfa\x3e\xeb\xff\x74\xda\x5a\xca\x91\
\x9f\x5d\x81\xc3\x15\x6e\x5c\xe3\xad\x0b\x3c\xac\xce\xd1\xe1\x73\
\xb3\x19\xe3\xa1\x6b\xf9\x66\xcb\x6e\xee\x13\x28\x0d\x9d\x63\xf4\
\xef\xe7\x30\x28\xda\xde\x9b\xdf\x74\xfc\xc4\xc9\xbd\x11\x7e\x73\
\x9d\x76\x78\xc5\x98\xe8\xc6\xba\xdf\x0f\xa9\xc6\x42\x8f\xce\xca\
\xb8\x85\x10\xc2\x69\x63\x23\xbb\xc0\x6a\x16\xb1\x49\x9f\x0b\x21\
\x84\x70\x96\xc8\x2e\xb0\x21\x84\x10\x4e\x9c\x8d\x18\x09\x96\x60\
\xe2\x5a\x33\x84\x10\xb6\x9f\x8d\x19\x89\x9e\x43\xfb\x10\x42\x08\
\xdb\x43\x96\x9b\x42\x08\x21\x74\x89\x91\x08\x21\x84\xd0\x25\x46\
\x22\x84\x10\x42\x97\x18\x89\x10\x42\x08\x5d\x62\x24\x42\x08\x21\
\x74\x89\x91\x08\x21\x84\xd0\x25\x46\x22\x84\x10\x42\x97\x18\x89\
\x10\x42\x08\x5d\x62\x24\x42\x08\x21\x74\x89\x91\x08\x21\x84\xd0\
\x25\x46\x22\x84\x10\x42\x97\x18\x89\x10\x42\x08\x5d\x62\x24\x42\
\x08\x21\x74\x89\x91\x08\x21\x84\xd0\x25\x46\x22\x84\x10\x42\x97\
\x18\x89\x10\x42\x08\x5d\x62\x24\x42\x08\x21\x74\x89\x91\x08\x21\
\x84\xd0\x25\x46\x22\x84\x10\x42\x97\x18\x89\x10\x42\x08\x5d\x62\
\x24\x42\x08\x21\x74\x89\x91\x08\x21\x84\xd0\x25\x46\x22\x84\x10\
\x42\x97\x18\x89\x10\x42\x08\x5d\x62\x24\x42\x08\x21\x74\x89\x91\
\x08\x21\x84\xd0\x25\x46\x22\x84\x10\x42\x97\x95\x1a\x89\xbd\xdf\
\xfe\xf7\x21\x84\x10\xc2\xc9\xf2\xa7\x6f\x7e\x33\xac\x8b\x95\x1a\
\x89\x3f\xfc\xe7\xff\x7b\x08\x21\x84\x70\xb2\xfc\xf1\xbf\xfe\xc7\
\x61\x5d\xac\xd4\x48\xfc\xf1\x3f\x7e\x92\xd9\x44\x08\x21\x9c\x20\
\x7b\xbf\xfd\xc7\xe1\x8f\xff\xe9\x93\x61\x5d\xac\x76\xb9\xe9\xf7\
\xdf\x0d\xdf\xfd\xfb\x7f\x37\xfc\xe1\x1f\xfe\x7e\x08\x21\x84\xb0\
\x5e\xfe\xf4\x9b\xff\x32\xf6\xb9\xf4\xbd\xeb\xe2\xdc\x6f\xdf\xfe\
\xc5\xde\xb0\x06\xce\xfd\xd9\x9f\x0f\xdf\x3b\xff\x17\xc3\x70\xcd\
\x0f\x87\x10\x42\x08\xab\xe5\x4f\xff\xef\xff\x73\x22\x2b\x37\xd7\
\x0c\x6b\x62\x9c\x02\xed\x7f\x42\x08\x21\x9c\x5e\xf2\x08\x6c\x08\
\x21\x84\x2e\x31\x12\x21\x84\x10\xba\xc4\x48\x84\x10\x42\xe8\x12\
\x23\x11\x42\x08\xa1\x4b\x8c\x44\x08\x21\x84\x2e\x31\x12\x21\x84\
\x10\xba\xc4\x48\x84\x10\x42\xe8\x12\x23\x11\x42\x08\xa1\x4b\x8c\
\x44\x08\x21\x84\x2e\x31\x12\x21\x84\x10\xba\xc4\x48\x84\x10\x42\
\xe8\x12\x23\x11\x42\x08\xa1\x4b\x8c\x44\x08\x21\x84\x2e\x31\x12\
\x21\x84\x10\xba\xc4\x48\x84\x10\x42\xe8\x12\x23\x11\x42\x08\xa1\
\x4b\x8c\x44\x08\x21\x84\x2e\x31\x12\x21\x84\x10\xba\xc4\x48\x84\
\x10\x42\xe8\x12\x23\x11\x42\x08\xa1\x4b\x8c\x44\x08\x21\x84\x2e\
\x31\x12\x21\x84\x10\xba\xc4\x48\x84\x10\x42\xe8\x12\x23\x11\x42\
\x08\xa1\x4b\x8c\x44\x08\x21\x84\x2e\xd7\x0c\x6b\xe4\x7b\xff\xec\
\x2f\x87\x1f\xdc\x72\xc7\x70\xee\xfc\x5f\x0c\xe7\x7e\xf0\xc3\x21\
\x84\x10\xc2\x6a\xf9\xd3\x6f\xfe\xcb\xf0\x87\x7f\xf8\xfb\xe1\x8f\
\xff\xf9\xef\x87\x75\xb0\x36\x23\x81\x71\xb8\xe6\x5f\xfd\xeb\x21\
\x84\x10\xc2\xfa\xf8\xde\x5f\xfc\xe5\xf0\x3f\xed\x7f\xfe\xf0\x67\
\x7f\x3e\xfc\xfe\xb3\x0f\x87\x55\xb3\x96\xe5\xa6\xef\xff\xf3\x1f\
\xc7\x40\x84\x10\xc2\x09\x72\xcd\x2d\xff\x7a\x5c\xbd\x59\x35\x6b\
\x31\x12\xd7\xfc\x8b\x1f\x0f\x21\x84\x10\x4e\x16\x56\x70\x56\xcd\
\x5a\x8c\x04\xd3\x9f\x10\x42\x08\x27\x0b\xf7\x7f\x57\x4d\x9e\x6e\
\x0a\x21\x84\x33\xc2\x3a\x1e\x10\x8a\x91\x08\x21\x84\xd0\x25\x46\
\x22\x84\x10\x42\x97\x18\x89\x10\x42\x08\x5d\x62\x24\x42\x08\x21\
\x74\x89\x91\x08\x21\x84\xd0\x25\x46\x22\x84\x10\x42\x97\x18\x89\
\x10\x42\x08\x5d\x62\x24\x42\x08\x21\x74\x89\x91\x08\x61\x43\xec\
\xee\xee\x0e\x8f\x3e\xfa\xe8\xf0\xf6\xdb\x6f\x0f\x21\x6c\x2b\x6b\
\xdd\x2a\x3c\x04\xf8\xfa\xeb\xaf\xc7\x8e\xf0\x8b\x2f\xbe\x18\xff\
\xdf\x75\xd7\x5d\xc3\xc5\x8b\x17\x87\xd3\xce\xcd\x37\xdf\x3c\x76\
\xf4\xef\xbd\xf7\xde\x15\xf9\xb9\x74\xe9\xd2\x78\xae\xc7\x23\x8f\
\x3c\x32\x3c\xfb\xec\xb3\xc3\x6b\xaf\xbd\x36\x86\xbd\xff\xfe\xfb\
\x87\x10\xb6\x91\x18\x89\xb0\x56\x5e\x7a\xe9\xa5\xe1\x99\x67\x9e\
\x19\x0d\x85\xb3\xb3\xb3\x33\x76\xae\x7c\x9f\x45\x5e\x7f\xfd\xf5\
\xd1\x00\xf4\xc0\x48\x3c\xfe\xf8\xe3\xa3\x21\xb9\xef\xbe\xfb\x86\
\x10\xb6\x95\x18\x89\xb0\x36\x18\x29\x63\x20\x80\x91\x36\xa3\x65\
\x8c\x05\x9d\x27\x9d\xe3\xed\xb7\xdf\x3e\x7c\xf4\xd1\x47\x97\x19\
\x0a\xce\x33\xb2\x86\xdb\x6e\xbb\xed\x8a\x73\x1f\x7f\xfc\xf1\x61\
\x7c\xfc\x26\x9e\x1a\xae\x15\x17\xe7\x09\xe7\xe8\x1c\x71\x11\x0f\
\x1f\xcd\x08\x94\x16\xdf\x8a\xdf\xe5\xba\x70\xe1\xc2\x30\xc5\xc3\
\x0f\x3f\x3c\xce\x98\xe0\xc9\x27\x9f\x1c\xe3\x79\xfa\xe9\xa7\x2f\
\x93\x93\xdf\x1c\x53\x5c\xad\xfc\xf1\x21\x5c\x6b\xe6\x85\xbc\xc8\
\xc4\xf5\x3d\x1d\x84\x70\x5c\x62\x24\xc2\x5a\xa0\x03\x93\x81\xa0\
\x23\xd4\x6f\x60\x04\xfd\xc0\x03\x0f\x8c\xbf\xe9\xe4\x18\x55\x03\
\xb3\x8e\x27\x9e\x78\xe2\xb2\x78\x38\xf7\xc2\x0b\x2f\x8c\x1d\x21\
\x1d\xe6\xdd\x77\xdf\x3d\x76\x86\xde\x69\x03\xd7\x11\x4e\xb4\x66\
\x30\x3e\x7b\x41\x3e\xe2\x02\xc2\xf1\x21\x2d\x75\xce\xc8\xe7\xcb\
\x45\x0a\x03\x9f\x7f\xfe\xf9\x42\x23\xe1\x9d\x3a\xc6\x12\x39\x38\
\xe6\xc7\x59\x82\xe3\x9e\x04\xe9\xbe\xfa\xea\xab\x97\xe5\x8f\x70\
\x3e\x13\xa9\x33\x2f\x37\xc0\xe2\xc5\x17\x5f\x1c\x75\x1b\xc2\x2a\
\x89\x91\x08\x6b\xc1\x47\xf0\xb5\x33\xa3\x83\xa5\xc3\x73\xe8\x10\
\xe9\xe8\x39\x47\x47\x77\xfd\xf5\xd7\x8f\x9d\x1e\xc7\x39\xe6\x06\
\x80\xce\x9b\x63\xc4\x4b\x87\xcd\xd2\x0e\x61\x19\xb9\x33\x5b\xa1\
\xb3\x95\xb1\xc1\x40\x11\x17\xf1\x70\x9c\x4e\xb9\xa6\x4d\x3c\xc4\
\x77\xfe\xfc\xf9\xf1\xbf\x0c\x04\xb2\xb3\x14\x44\x07\x5f\xf3\xb0\
\x4e\x48\x1b\x03\x82\x1e\x48\xfb\xfd\xf7\xdf\x3f\xbc\xc9\x8d\xec\
\xe8\x16\x79\x34\x13\xe1\x5e\x0f\xff\xc9\x33\x33\x98\x45\x06\x2c\
\x84\x65\x88\x91\x08\x6b\x41\x37\xa9\x7d\x89\x87\x4e\xec\x93\x4f\
\x3e\xb9\x22\x2c\x1d\x1f\x23\x7f\xa0\xb3\xa7\xa3\x03\x3a\x68\x6e\
\x0e\x73\x8c\xce\xd0\x79\xeb\xad\xb7\x2e\x5b\x5e\xc1\x50\xbc\xf3\
\xce\x3b\xa3\x91\x68\xcd\x60\x88\x93\xb8\xe8\x60\xf9\xf8\xb5\x18\
\x20\x19\x15\x2d\x85\xd5\x91\x3b\xf9\x60\xd9\xe8\xa4\x20\x7f\x9a\
\x75\x60\xdc\x58\x9a\x43\x6e\x2d\xb1\x09\xc2\x20\x23\x06\x92\xe3\
\x18\x95\x18\x89\xb0\x4a\xf2\x08\x6c\x38\x31\xbe\xf9\xe6\x9b\xc3\
\xb5\x7f\xad\xa7\x6b\xc6\xa1\xb5\x78\x3a\x75\x3a\x73\x3e\x5a\x0e\
\x02\xef\x18\xb5\xdc\x24\xea\x7a\xbd\x0c\x14\x86\x47\x71\xd1\xc9\
\xd6\xf3\x42\xcb\x5d\x7e\xae\xae\xf1\x7b\x98\x75\x53\xef\x41\x20\
\x8b\x8c\x2d\x46\x16\x43\xa8\x25\x33\xe9\x89\xe3\x32\x18\x21\xac\
\x92\xcc\x24\xc2\x5a\xd0\x4d\x5b\x8c\x80\x46\xb7\xac\xbb\x0b\x46\
\xec\x2c\x9f\xd4\x9b\xc9\xbd\x9b\xc2\x1c\xab\x4f\x48\xf5\x50\xb8\
\xde\xcd\xdc\x9b\x6e\xba\xe9\x8a\xb8\x5b\xe9\x6d\x23\x2c\x89\x21\
\x1b\xcb\x6c\xe8\x90\xd9\x93\x96\xd7\x98\x71\xf1\x20\x40\x66\x12\
\x61\x95\x64\x26\x11\xd6\x82\x46\xb5\x74\xd8\x7a\xba\x47\x30\x02\
\xe6\xc6\x2b\x68\x99\x47\x23\x67\x46\xc9\x18\x13\x3e\xac\xc9\x6b\
\xd6\xb0\xcc\x08\x59\x71\x61\x24\x14\x97\x9e\x2c\x6a\x3d\xe5\xe4\
\xc8\xb8\x71\x4f\xc0\x67\x2f\x5a\x0e\x3b\x09\x48\x97\xe5\x33\xa1\
\x65\x26\x40\x76\xfe\xa3\x3f\x8c\x01\xcb\x52\x18\x0c\x3d\xa1\x85\
\xd1\x08\x61\x95\x64\x26\x11\xd6\x06\x1d\x18\x4b\x21\x8c\x78\xe9\
\x74\xe9\xe0\x30\x16\x5a\x3b\xc7\x20\xe8\xfe\x03\x06\x41\x4f\x3a\
\xf1\xcd\x88\x99\x8e\x52\x8f\x8e\x2e\x03\x71\x91\x1e\x23\x6b\xae\
\x27\x2e\x3a\x4f\xd2\x25\xfe\xa9\x59\x89\x8c\x9b\x9e\x7e\x92\xcc\
\xfe\x24\xd5\x49\x80\x9c\x7a\x13\x5b\xdf\x1c\x93\x6c\xba\xd7\xc2\
\x31\x64\x94\x11\xa9\xb3\xa4\x10\x8e\x4b\x8c\x44\x58\x1b\x74\x5e\
\x2c\x7f\xb0\xac\xe4\xf7\x1f\xe8\xa4\xeb\x63\xb1\x18\x0c\x6e\x20\
\x33\x62\xd7\xa3\x9f\x7a\xd2\x69\xd9\x27\x8b\x48\x17\x03\x45\xba\
\xfe\x18\xa9\xd2\x58\x04\x37\xac\x31\x10\xba\x77\xa2\xa7\xab\x4e\
\xea\xc6\x35\x86\x00\xe3\xa9\xd9\x16\x60\xbc\x24\xbb\x7e\x57\x5d\
\x71\xec\x2c\xbc\xc9\x1e\xb6\x8b\x73\xbf\x7d\xfb\x17\x7b\xc3\x8a\
\xb9\xee\xbe\x9f\x0e\x21\x38\x9a\x41\xd0\x99\x2d\x5a\x3a\xd2\x0b\
\x62\x84\xab\xeb\xeb\x5a\x02\xaa\x2f\xd9\xe9\xbe\x47\x0d\xef\x2f\
\xc4\xcd\x89\xab\x5e\xab\xf3\x5c\x5b\xc3\xeb\x7f\x2b\xdd\x56\x3a\
\x35\x5c\x95\x9b\x7c\xeb\x3d\x09\x96\x90\xf4\x72\xdd\xd4\x72\xdb\
\x94\xae\xc2\xd5\xc9\xef\xde\xf9\xe5\xb0\x4a\x62\x24\x42\xd8\x12\
\xaa\x91\x08\xe1\x28\xac\xda\x48\xe4\xc6\x75\x08\x21\x84\x2e\x31\
\x12\x21\x84\x10\xba\xe4\xc6\x75\x08\x5b\x02\x37\x9d\xf7\xf6\x56\
\xbe\xfa\x1b\xc2\xb1\xc8\x4c\x22\x84\x10\x42\x97\x18\x89\x10\x42\
\x08\x5d\x62\x24\x42\x08\x21\x74\x89\x91\x08\x21\x84\xd0\x25\x46\
\x22\x84\x10\x42\x97\x18\x89\x10\x42\x08\x5d\xd6\x62\x24\xf6\x7e\
\xff\xdd\x10\x42\x08\xe1\x64\x59\x47\xdf\xbb\x1e\x23\xf1\xcd\x6f\
\x86\x10\x42\x08\x27\xcb\x9f\xfe\xeb\x7f\x1a\x56\xcd\x5a\x8c\xc4\
\xff\xf8\x0f\xff\x67\x66\x13\x21\x84\x70\xc2\xfc\xfe\xb3\x0f\x87\
\x55\xb3\xb6\x99\xc4\xef\x3f\xfa\x3f\x86\xbd\xdf\xfe\xf7\x21\x84\
\x10\xc2\x7a\x61\x50\xfe\x3f\xd6\xd4\xe7\xae\x6d\x5b\x8e\x3f\xee\
\x4f\x7b\xfe\xb4\x6f\x2c\xbe\x77\xe3\xcd\xc3\xf7\xff\xd9\xff\x32\
\x9c\xfb\xc1\x0f\x87\x10\x42\x08\xab\x03\xe3\xf0\xa7\x7f\xfc\x6f\
\xc3\x1f\xff\xe3\x27\x6b\x5b\xbd\x59\xeb\xde\x4d\x7b\xbf\xfd\xc7\
\x51\x78\x3e\x21\x84\x10\x4e\x1f\x79\x04\x36\x84\x10\x42\x97\x18\
\x89\x10\x42\x08\x5d\x62\x24\x42\x08\x21\x74\x89\x91\x08\x21\x84\
\xd0\x25\x46\x22\x84\x10\x42\x97\x18\x89\x10\x42\x08\x5d\xd6\xfa\
\x08\x2c\xef\x46\x9c\xfb\xf3\xbf\x18\x42\x08\x21\xac\x9e\xbd\x7f\
\xfc\xcd\xda\x77\xb7\x58\x8b\x91\xc0\x38\x5c\xf3\xaf\xee\x18\xae\
\xf9\x5f\x6f\x1d\x42\x08\x21\xac\x8f\x3f\xfe\xc3\xdf\x0f\xbf\xff\
\x0f\xff\xd7\xe9\x7a\x99\xee\x87\xff\xdb\xff\x3e\x9c\x3b\x9f\x19\
\x44\x08\x21\xac\x9b\xef\xff\x8b\x1f\x0f\xdf\x3b\xff\x3f\x0f\xdf\
\xfd\xfb\x7f\x77\x3a\x76\x81\xbd\xe6\x5f\xde\x1a\x03\x11\x42\x08\
\x27\x08\x7d\xee\xf7\xff\xe5\x7a\x56\x6e\x56\x6f\x24\xf6\xad\x5a\
\x08\x21\x84\x93\x65\x5d\x7d\xef\xca\x8d\xc4\xb9\xfd\x69\x4f\x08\
\x21\x84\x93\xe5\xdc\x9f\xfd\xf9\xb0\x0e\xf2\x08\x6c\x08\x21\x84\
\x2e\x31\x12\x21\x84\x10\xba\xc4\x48\x84\x10\x42\xe8\x12\x23\x11\
\x42\x08\xa1\x4b\x8c\x44\x08\x21\x84\x2e\x31\x12\x21\x84\x10\xba\
\xc4\x48\x84\x10\x42\xe8\x12\x23\x11\x42\x08\xa1\x4b\x8c\x44\x08\
\x21\x84\x2e\x31\x12\x21\x84\x10\xba\xc4\x48\x84\x10\x42\xe8\x12\
\x23\x11\x42\x08\xa1\x4b\x8c\x44\x08\x21\x84\x2e\x31\x12\x21\x84\
\x10\xba\xc4\x48\x84\x10\x42\xe8\x12\x23\x11\x42\x08\xa1\x4b\x8c\
\x44\x08\x21\x84\x2e\x31\x12\x21\x84\x10\xba\xc4\x48\x84\x10\x42\
\xe8\x12\x23\x11\x42\x08\xa1\x4b\x8c\x44\x08\x21\x84\x2e\x31\x12\
\x21\x84\x10\xba\xc4\x48\x84\x10\xfe\xbf\xf6\xce\x1f\x46\x8a\x24\
\xfb\xf3\xc9\xed\xac\x34\x58\x33\x23\x9d\xb4\x83\x4e\x27\x1a\x6b\
\x19\x0b\xb0\xc0\x03\x2c\x18\x0b\xb0\x60\x2d\xc0\x02\x67\x05\x58\
\xb0\x5a\x03\xb0\x60\x2d\x60\xd7\x40\x63\x01\xde\x62\x01\x26\x16\
\xe0\x2d\xeb\x00\xd6\x81\x45\x73\xa7\x93\x66\xa4\x9f\x04\xe8\xa4\
\xdd\x41\x3b\x77\x75\xf5\xc9\x1f\xdf\xda\xd7\x8f\x88\xac\xac\xee\
\xaa\xae\xee\xe6\xfb\x91\x4a\x55\x99\x11\x19\xf1\xe2\xc5\x9f\x17\
\x19\x99\x15\xcf\x98\x2a\x36\x12\xc6\x18\x63\xaa\xd8\x48\x18\x63\
\x8c\xa9\x62\x23\x61\x8c\x31\xa6\x8a\x8d\x84\x31\xc6\x98\x2a\x36\
\x12\xc6\x18\x63\xaa\xd8\x48\x18\x63\x8c\xa9\x62\x23\x61\x8c\x31\
\xa6\x8a\x8d\x84\x31\xc6\x98\x2a\x36\x12\xc6\x18\x63\xaa\xd8\x48\
\x18\x63\x8c\xa9\xb2\xe1\x8c\xc4\xbb\x77\xef\xda\xcf\x7a\x65\x71\
\x71\xb1\x31\xc6\x98\xb5\xc2\x9a\x30\x12\x8f\x1f\x3f\x6e\x3f\xd3\
\x60\xff\xfe\xfd\xcd\xae\x5d\xbb\x8a\x61\x4f\x9e\x3c\x69\xc3\x9f\
\x3f\x7f\x5e\xcc\x3f\x7e\x72\x9c\x69\x21\x19\x4a\xc6\x80\x7c\xb7\
\x6d\xdb\xd6\x9c\x3b\x77\xae\x99\x06\x18\x4b\xd2\x8c\x79\x95\xce\
\x4d\x13\xa5\x1f\x3f\xab\x6d\xf8\x4a\xf5\xbb\xd1\xb8\x71\xe3\xc6\
\xaa\xe8\x95\xf6\x7a\xff\xfe\xfd\x66\x3d\x81\x6e\xa6\xd5\x87\x4c\
\xd3\x7c\xd1\xcc\x19\x3a\x30\x83\x26\xbc\x7d\xfb\xb6\xf9\xfa\xeb\
\xaf\x9b\x95\x70\xfc\xf8\xf1\x6a\xd8\xeb\xd7\xaf\xdb\xfc\xf2\x9d\
\x86\xf2\x8f\x9c\x38\x71\xa2\xb9\x75\xeb\x56\x33\x6d\x24\x43\x89\
\x9d\x3b\x77\x36\x67\xce\x9c\xe9\x2c\xc3\xa4\x1c\x39\x72\xa4\x4d\
\xf7\xd1\xa3\x47\xed\xf1\xd9\xb3\x67\xdb\x8e\xaf\xe3\x69\xc3\x80\
\x72\xf2\xe4\xc9\x25\xe7\x6e\xdf\xbe\xdd\x2c\x2c\x2c\x34\xab\x05\
\x03\x84\xca\x77\xf9\xf2\xe5\xe6\xab\xaf\xbe\x6a\xf6\xed\xdb\xd7\
\x6c\x24\x30\x84\x87\x0e\x1d\x6a\x66\x0d\xed\x75\xd3\xa6\x4d\xcd\
\x7a\x01\xbd\xd0\xbf\xee\xdd\xbb\xd7\x98\xe9\x30\xf7\x3b\x89\x38\
\x80\x30\x03\x10\x0c\x66\x97\x2e\x5d\x1a\x1d\x6b\xf0\xd1\x2c\x91\
\xeb\x18\x00\x19\xe0\xef\xdc\xb9\x33\x8a\xf7\xfe\xfd\xfb\x25\x8d\
\x9a\x41\x82\x78\x5c\xfb\xe6\xcd\x9b\xa2\x0c\x83\xc1\xa0\xfd\x00\
\x79\xf2\x5b\x06\x82\xd9\x1a\xb2\x90\x0f\x69\x68\xf6\xc6\x40\x1b\
\x8f\x31\x3c\x1c\x6b\xd6\xc5\x31\x79\xe7\xeb\x04\xd7\x4b\xfe\x38\
\x53\x43\x7e\x19\x31\xae\x43\x27\xca\x3f\xea\x27\xa7\x8f\x0e\xf8\
\x8e\x06\x10\x83\xcb\xb5\x71\x46\x4f\x3c\x8c\x90\x74\x5e\xd3\x23\
\x69\xc7\xfc\xa4\x7f\xd2\x57\xd9\x49\x93\x6b\x4b\x30\x48\x4b\xaf\
\x32\x7a\xca\x8b\x0f\xf5\x18\xf5\x55\xd3\x33\x28\x1f\xe9\x40\x65\
\xc4\x18\x64\x83\x14\xa1\x0c\xe4\x4f\xba\x02\x19\xb8\x86\x73\xf9\
\x0e\x8b\xb4\x73\x18\xe7\xd1\x8b\xe4\x95\xae\x33\xd2\x6d\x84\xbc\
\x94\x0e\x65\x50\xda\xb1\xbe\x89\x13\xeb\x4c\xf9\x29\x8c\x7c\xb3\
\xac\x31\x4f\xc2\x4a\x32\xc5\xfc\x88\x87\x2e\x80\xf4\xc8\x9f\x63\
\x85\xc7\xfc\xbb\xd2\x94\x0e\x08\xaf\xdd\x69\xe7\xeb\x69\x2b\xc8\
\xc2\x77\xbc\x06\x5d\xe7\xe3\xa8\x93\x28\xbb\xee\x0a\xe2\x78\x20\
\x79\xf2\x84\x8b\x72\x49\x4e\x90\xac\xb1\x9d\xd4\xda\x40\xbc\x56\
\x61\xea\x67\x5d\xf5\x1e\x65\x07\xf4\xab\xb2\x21\x5f\x49\x9f\xc4\
\xc9\x75\xaa\x74\x74\xbd\xfa\xee\xdc\xf9\xc7\xfd\x3f\x0f\xa6\xf9\
\x99\x94\xe1\x60\x35\x18\xce\xda\x07\xc3\x99\x5e\xfb\x11\x43\x05\
\x0d\x86\x83\xdc\x60\x78\x77\xd1\x1e\x0f\x67\x4d\x6d\x5c\x85\x0d\
\x45\x1f\x1c\x3e\x7c\xb8\xfd\xf0\xfb\xfa\xf5\xeb\x6d\x58\x4c\x47\
\xf1\x38\x56\x3c\x3e\xc3\x01\xac\x28\x0b\x61\xc3\x86\x38\x3a\x1e\
\xce\xa2\x5a\x19\x24\x23\xdf\x7c\x90\x69\x68\x44\x96\xa4\x45\xdc\
\x78\x3d\xf1\xb8\x76\x78\x67\x30\xfa\x4d\x1c\x5d\x37\x9c\xdd\x8f\
\xd2\xe4\x98\x30\xa5\x31\x6c\xc4\x23\x79\xf8\x10\x4f\xf2\x2b\xfd\
\xe1\xc0\x5b\x2c\x1b\x69\x44\x90\x95\x3c\x88\xc7\x35\xfc\x56\x1c\
\xd2\xca\x69\xa0\xb3\xac\xc7\x18\x37\x96\x41\xba\x89\x64\xbd\xe4\
\xf3\x59\xde\xa8\x2f\x3e\x51\x5f\x51\xcf\x92\x9f\xf3\x92\x8b\x6f\
\xf4\x98\xe1\x3c\xe9\x5e\xbc\x78\x71\xc9\x79\x9d\x23\x5d\xca\x41\
\xbc\x67\xcf\x9e\x8d\xf4\x39\x9c\x7d\xb6\xbf\x39\x47\x58\x8c\x87\
\x5c\x3a\x26\xae\xea\x28\x92\x75\x21\x39\x29\x43\xbc\x1e\x1d\xab\
\xbd\x52\xb7\xb1\xce\xf8\xcd\x39\x85\xa1\x2b\xce\xa9\x1f\x08\xc2\
\xf8\x70\x9e\x0f\x32\x49\xe7\x94\x33\xe6\xc7\xb1\xf4\x44\x1c\xe4\
\x52\xdc\x6b\xd7\xae\x8d\xe4\x54\x59\x15\x86\xdc\x1c\xab\xac\x59\
\x27\x59\xa6\xae\xeb\x39\xa7\xb6\x05\xc8\x13\x8f\x29\x27\x70\x2e\
\xd6\x11\xe7\xa5\xd7\x58\x5f\xaa\xb3\xdc\xde\xc9\x53\x3a\x53\x9d\
\x90\x9e\x8e\x73\xfa\xc8\x21\x79\x49\x9f\x7a\x89\x65\x24\x7e\xbc\
\x56\xf5\x16\x21\xbf\xa8\x0b\x1d\xd3\x9e\x90\x51\x75\x44\xbe\xba\
\x9e\x3a\xc9\x7d\x44\xf5\xa0\xfa\x22\x3c\xeb\x78\x1c\xd3\x1e\xcf\
\xf9\xcc\xd5\x48\x0c\x2d\xe6\x68\x40\x41\x79\x71\x70\xe1\x3b\x0e\
\x98\x0c\x0e\xea\x14\x1a\x38\x05\x06\x84\x70\x29\x5a\xca\xce\xf1\
\x34\xd0\xf5\x35\x12\x32\x32\x6a\x24\x34\x50\x19\xa4\x2e\x23\x91\
\x65\xd7\xc0\x1a\x07\xd8\x52\x39\x4b\x46\x22\xca\x4f\x83\x57\x03\
\xcc\x61\x32\x1a\xb9\xd3\x80\xf2\xe4\x13\x07\x4e\xe9\x34\xa7\x41\
\xfa\x7d\x8c\x04\x03\x4c\x57\x5e\x51\x46\x1a\x7d\x1c\x44\x55\x6e\
\xd2\x8d\xed\x20\xeb\x0b\x19\x64\x60\x35\xe0\xd5\xca\x29\x34\x81\
\xc8\xc4\xf2\x48\x06\xea\x98\x7a\x8d\x7a\x50\x39\xa8\x67\xf2\xc9\
\x83\x3f\xfa\x29\xa5\x1f\x3b\x3e\xdf\xaa\xc7\x92\x21\xd3\xb9\x71\
\x46\x22\x0e\x8a\x11\xc2\x62\x3b\x8e\xd7\xe5\x72\x82\xfa\x07\xd7\
\xe4\xb2\x4a\x16\x74\x91\xfb\x06\xe7\x54\x8e\x38\xc1\xd0\xc0\x17\
\x41\x5f\xd9\x78\xa2\x13\x9d\xdb\xbb\x77\xef\x48\x06\xce\xc5\x63\
\x0d\xce\x59\x76\x4d\x72\x14\x4f\xfd\x53\x06\x24\x93\xcb\x17\xeb\
\xae\x96\xbe\xd2\xc9\x86\x0f\x99\xa2\x51\xa8\xd5\x3b\x71\xa2\x5c\
\xb1\x1e\x72\x3b\x55\x1e\xe3\x8c\x84\x26\x2c\x93\x32\x0b\x23\x31\
\xd7\xe5\x26\xd6\x0d\xf5\x0c\x62\xeb\xd6\xad\xed\x37\xb7\xa5\xc0\
\x1a\x32\x4b\x22\xdc\x1a\x3e\x78\xf0\xa0\xbd\xed\x63\xbd\x5e\xb7\
\xc6\x71\x8d\x99\x07\xd5\x9c\x8f\xb7\x6f\xfa\x1d\xd7\xc2\x59\x9b\
\x9f\x04\xd2\xe4\x7a\xa5\xa1\xeb\xc7\x3d\xd4\x56\xde\x3b\x76\xec\
\x18\xc9\xc0\x33\x8e\x28\x8b\x7e\x8f\x5b\xab\xcf\xd7\xc4\xb7\xb7\
\xa2\x0e\xba\xd6\xdc\xc9\x1b\x3d\xf3\xd1\x2d\xbb\x6e\xa5\x63\xfa\
\x4a\xa3\xef\xdb\x61\xc3\x0e\x53\x0d\x1b\x76\x9c\x76\xc9\x69\x68\
\x94\x46\x69\x46\x19\x63\xbe\xb9\xae\xa2\xbe\x14\xc6\x52\x13\x1f\
\x2d\x4f\x76\x3d\xb4\x25\x1f\x9e\x43\xc4\xdb\x7b\xe2\xf3\xd1\x92\
\x91\x6e\xff\xa5\xd3\xb8\x9c\xc4\x87\x76\x48\x1a\x90\xdb\x0d\x7a\
\xe4\xf9\x59\x86\xf6\xa9\x65\x1d\xe4\x1c\x0e\x82\x35\x11\x7b\x3f\
\x7b\xeb\x8a\x37\xc9\x73\x9e\x58\x86\x7c\x9d\xf2\xc8\xed\x01\xd4\
\x86\x81\xfa\xa4\xfd\xa0\x1f\xfa\x64\x96\x0d\x1d\xaa\x1f\x8b\x78\
\x4c\x3f\xa5\x0e\xa4\x1b\xea\x93\xe5\x14\xd2\xe2\xf9\x0a\x61\x35\
\xd9\x80\x7a\x65\x29\x46\x2f\x47\x4c\xfa\xec\xae\x96\x7e\x6c\x4b\
\x31\x3f\xea\x3f\x1e\xf3\xbb\xd4\x37\x90\x43\xcb\x42\xe8\x87\x76\
\x00\xc3\x31\xfb\x93\xfc\x48\xb3\x4f\xff\x5a\xe9\xb3\xd9\x69\x32\
\x37\x23\xa1\xb5\x57\xbe\x69\x2c\x5a\xdb\x66\x70\x11\x0c\x14\x34\
\x3c\x1a\x15\x8d\x9c\x8f\x06\xbb\xb8\xf6\xcf\xef\x38\x98\x03\xbf\
\x15\x4f\x95\x32\xe9\xc3\x2c\x0d\x46\xf1\x39\x08\xc8\x80\x81\x8c\
\x5a\x6c\x68\x0a\xa3\xf1\x2b\x2c\x3e\x4f\x59\x29\xd2\x81\xe4\x89\
\x79\xd5\x90\xee\xa2\x8c\x1c\xc7\x35\x4f\x75\x7c\x3e\x34\x66\xe4\
\x95\xee\x78\x80\x39\x09\x0c\x2e\x51\x4f\x7c\xc7\x75\xd8\x38\x80\
\x6b\x20\x52\x19\xb4\x9e\x4e\xfe\x0a\x1b\xce\xa8\x5b\x19\x30\x3a\
\xb4\x0b\xd2\xce\x13\x83\x08\xba\x21\x3f\xb5\x13\xb5\x0f\x9e\x35\
\xe9\x43\x5a\xa4\x5f\x0a\xa3\xe3\xcb\xa8\xe5\x75\x61\xf2\x2c\x3d\
\xcc\x95\x7e\x91\x9b\x70\x95\x3d\x0f\x2e\x79\x90\x28\x4d\x6e\x56\
\x02\x06\x2c\xe7\xd7\xa7\xed\xd1\x46\xd4\x9e\x45\x2c\x3b\xe9\xa0\
\x57\xf4\x83\xc1\xc8\x69\x72\xfd\x8b\x17\x2f\xaa\xd7\x63\x08\xa8\
\x63\xe9\x06\x43\x41\x7e\x1a\xbc\x65\xb0\x23\x59\x1f\x4c\x4c\x48\
\x93\xf6\xd3\x35\x49\x29\x51\x4a\x9f\x32\x4c\x3a\x79\xcc\x50\xbf\
\xb4\x15\xe4\xe2\x99\xa2\xd2\xa3\x9c\x39\x3f\xc2\xd5\xf7\xf2\xb3\
\xa0\xb5\xca\xdc\x8c\x84\x3a\x6f\x7c\xc0\x49\xe3\xd3\x2c\x01\x74\
\xe7\x40\x5c\x3d\x7c\x44\xb9\x74\x6e\xce\xf1\xba\x28\x1f\x2a\x7a\
\xb8\xf4\xf1\x49\x1e\xc4\x23\x4c\xf1\xc6\x0d\xa4\x19\xf2\xa7\x42\
\x99\x01\xf1\x61\xe0\xa2\x01\x30\x80\xf0\x4d\x18\x33\x07\x85\x09\
\x1a\x0c\x71\x08\xd3\x2b\xb9\x94\x69\x5a\xb3\x03\xe9\x80\x34\xbf\
\xf9\xe6\x9b\xf6\xb3\x1c\x03\xa4\x34\xd0\x0d\x69\xa0\x53\xca\x4c\
\xfa\x0c\xc4\xe8\x1e\xd9\x97\xa3\xbb\x52\x5e\x31\xbd\x38\x19\x40\
\x5f\x7c\xa8\x63\xc2\x99\x30\x20\x17\x3a\x46\x87\xc8\x13\xeb\x60\
\xf0\xf1\x25\x83\xae\xd7\x9d\x81\xf6\x14\x1f\x90\x32\x48\xe9\xe1\
\xa4\x1e\x86\x6b\x70\xc2\x58\x28\x2e\x61\xba\x23\x00\xe4\xd0\x03\
\x50\x5d\xa7\xd9\x62\xa9\x9c\xc8\x18\x67\xb9\xc4\x95\xd1\x93\x01\
\xd4\xf5\xc4\xe3\xc1\x6c\x29\xdf\xe5\xa2\x07\xa5\x4a\x93\xf4\xfb\
\xb4\x3d\x64\xc1\x08\x30\x00\xeb\x61\xb7\x5e\xf6\xa0\xee\x48\x47\
\x2f\x40\x30\xd8\xe5\x34\xbb\xae\x07\xea\x98\x70\x19\x5f\xbe\x91\
\x31\x1a\x53\xea\x21\xd6\x51\x7e\x95\x15\xbd\x71\x6e\x39\x6f\xab\
\x95\xd2\x47\x4f\xba\xdb\x5d\x09\xb4\x2d\xda\x45\x34\x5c\x8c\x49\
\x6a\xcb\x7a\x00\xaf\xbb\xcb\xd8\x16\xe3\x8b\x05\x6b\x91\x5f\xfd\
\xf1\xd8\xf7\x97\x9a\x29\xf2\xeb\xed\xbb\x7b\xc5\x43\x39\x74\x70\
\x06\x23\x41\x63\xd9\xbc\x79\xf3\xa8\xe3\x7e\xf9\xe5\x97\xed\xe0\
\xb5\x67\xcf\x9e\x56\xa9\x6a\x94\x1c\x53\x19\xc4\x3d\x78\xf0\x60\
\x73\xe5\xca\x95\x4f\x96\x9f\xe8\xd8\xc4\xe3\xfc\x96\x2d\x5b\xda\
\x6f\x1a\x18\x03\x14\xbf\x4b\x9d\x06\xcb\x4f\x25\xaa\xd1\x92\x3f\
\xf2\x6d\xdf\xbe\xbd\x4d\x83\x4e\x70\xf5\xea\xd5\xf6\x3c\x1f\x64\
\x20\x3d\xf2\x3a\x7f\xfe\x7c\x1b\x47\xd7\x13\xc6\x37\xf2\x23\xe3\
\xcd\x9b\x37\x9b\x6f\xbf\xfd\xb6\x4d\x57\xf2\x90\x06\x50\x0e\xae\
\x23\x3c\xfe\xce\xf2\xe4\xb2\xf1\x4d\xfe\xc7\x8e\x1d\x6b\xe3\x31\
\x90\x33\x40\xd4\x06\x04\xae\xe5\x3a\xc1\x6f\xca\x47\x3e\xfc\xd6\
\x2c\x1d\x28\xb3\x74\xcc\xf7\xa9\x53\xa7\x46\xba\x43\xee\x5c\x86\
\x88\xc2\xf2\x9d\x0b\x69\x93\x1e\x61\x74\x20\x74\xa3\xf2\x69\x79\
\x89\x6b\xa5\x2f\xd2\x46\x0f\xe4\x4f\x5c\xc2\xa3\x8c\x84\x7f\xff\
\xfd\xf7\x9f\xcc\x04\x29\x0f\xe7\x54\x47\xe8\x85\xf2\xa9\xec\x0f\
\x1f\x3e\x6c\x07\x39\x64\x50\x9d\x20\xd3\x8f\x3f\xfe\xd8\xce\x6c\
\x09\xa3\x4d\x11\xc6\xe0\xc8\xec\xf8\xc2\x85\x0b\xcd\xdd\xbb\x77\
\xdb\x41\x8f\xba\xae\x0d\x52\xc8\xf8\xc3\x0f\x3f\xb4\xed\x44\xa0\
\x4b\xf2\xe6\x7a\xd2\x8e\x77\x29\xc4\x27\x0c\x19\x09\x23\x6d\xf4\
\xc6\x35\xba\xb6\xa4\xe3\x52\x18\xbf\x39\xa7\xf6\xa1\xfc\x48\x93\
\xb2\x48\x4f\xa4\x9f\x97\x41\xa4\x2f\xe4\x62\xd0\x42\x0f\xd4\x0d\
\xfa\xe3\x5a\xe2\x13\xc6\xf9\xa7\x4f\x9f\x36\x47\x8f\x1e\xfd\x44\
\xef\x5c\x4f\xdd\x95\xae\x97\x9e\xf9\x46\x36\xb5\x0d\xd5\x91\x8e\
\x75\x87\xa8\x7a\xa0\xbe\x69\x33\xaa\x3b\xe2\x33\xe8\x52\x1f\xb5\
\x76\x1e\xf5\xa7\xb6\x2d\xa4\xf7\x52\x1b\x90\x1e\x22\x51\x76\xa5\
\x57\xba\xf3\x20\x0e\x69\xc6\xc9\x2a\xe7\xa2\xce\x0e\x1c\x38\x30\
\x6a\xbb\xc8\x88\xae\x62\x9b\xa2\x9c\x4a\x5b\x77\x1b\x93\xf2\xcb\
\xab\xbf\x37\xd3\x66\x53\xfb\xf4\x7a\x8a\x6c\x3e\xf4\xfb\xc6\xcc\
\x1e\x66\xd1\x34\x22\x66\xcb\x9a\xf9\x33\x83\x9b\xc6\x7f\x4d\xcc\
\xbf\xd1\x2c\xaf\xef\x7f\x66\x98\x29\x33\x90\x4c\xf3\xbf\x2e\xe6\
\xdf\x4c\x5a\x1f\xab\x85\x96\xc0\xe6\x2d\xd7\x3f\x1f\xfc\xa5\x99\
\x36\xde\xbb\x69\x9d\xc2\x20\xc4\xf2\x90\x96\x9b\x68\xa0\xcc\xba\
\x6c\x20\xe6\x0b\xf5\xd0\xf5\xc0\xda\xac\x0c\x96\x1f\xd7\xa2\x01\
\x66\x72\x30\x8d\x65\xab\xb5\x88\xef\x24\xd6\x31\xcc\xaa\xf4\xac\
\x40\x0f\x8a\xcd\x74\xd1\xdb\x64\x0b\x3d\xdf\x24\x9a\xc6\x83\x50\
\x53\x67\xad\xea\x77\xad\xc8\x35\x8b\x3b\x09\x1b\x09\x63\x8c\xd9\
\x20\x78\xb9\xc9\x18\x63\xcc\xaa\x62\x23\x61\x8c\x31\xa6\x8a\x8d\
\x84\x31\xc6\x98\x2a\x36\x12\xc6\x18\x63\xaa\xcc\xd5\x48\xf0\xba\
\xa0\xf6\x73\x99\x35\xeb\xdd\x63\x5d\xa6\xab\x3c\xab\x5d\x56\x6d\
\xad\x92\xb7\x72\x9e\x14\xfe\x74\x34\xeb\x7f\x9e\x46\x27\x3a\x25\
\x3f\x22\x62\x35\xf4\xa7\x6d\xa8\x33\xb3\x72\x28\xb4\xdc\x34\xd1\
\x57\xde\x0e\xdb\x7c\x3e\xcc\xd5\x48\xf0\x6e\x31\x7b\xf2\xf4\x7d\
\xbd\x70\x25\xf0\x8a\xda\x46\x6a\xe8\x5d\xe5\x59\xed\xb2\x32\xf0\
\xf2\xaf\xd9\x95\x1a\x09\x5e\xe3\x9d\xf5\x3b\xf0\xec\xff\xc4\x3f\
\x6d\xa1\xb4\x95\x0b\x2c\x06\x1f\x06\xb3\xa4\xb6\xf7\xd4\xac\xbc\
\x22\x76\xf9\xde\xe8\x82\x57\x3b\x57\xc3\xc1\x91\x59\x9b\xcc\xcd\
\x33\x1d\x33\x28\x6d\x7c\xc7\x9f\x50\x30\x14\xfa\xd7\x22\x9b\xcb\
\xc9\xe1\x86\xfe\xb2\x2f\xa7\x30\x5c\xa3\x46\x2b\xe3\xa2\x4d\x00\
\xe9\xfc\xda\x37\x29\x12\xaf\xe5\xc3\xe0\xa0\xcd\xed\xb4\xd1\x5c\
\xe9\x3a\x60\x16\x45\x7e\xfc\x1f\x81\x7c\x24\x9b\x36\x0b\xe3\x3c\
\x7b\x09\x91\xb7\xf6\x9a\x52\x5e\xa4\xa9\xed\x44\xb8\x26\xee\x57\
\xa4\x8d\x03\x29\x1f\xbf\x09\xcb\xf2\x33\xf8\xf2\x0f\x6a\xb6\x85\
\x50\x7a\x0a\x8b\xe5\x91\xfe\x6a\x65\x55\x19\xd0\x91\x64\xcf\xba\
\xe6\xb7\xf6\x13\x52\x99\xb4\x13\xaa\xae\x01\xd2\x88\xe7\xc9\x2f\
\x96\x2b\xeb\x20\x5e\x4f\x79\x29\x0b\xe1\xda\x47\x27\x1f\x6b\xb3\
\x37\xda\x07\xba\x53\xbd\xf2\x3b\xee\x8b\x93\xe5\xe0\xb8\x64\xa4\
\xb2\x6e\x4b\x75\x1b\xf5\x8c\x0c\xd1\xc9\x50\xd4\xad\x40\x77\x5c\
\xab\x34\x91\x41\x7b\x79\x51\x6e\xa5\x91\x75\x97\xdb\x46\xd7\x9f\
\xee\x74\x97\x91\xdb\x51\xa9\x4c\xd2\x9b\xf4\x93\x75\xb3\xf0\x71\
\x37\x65\xf5\x37\xb5\xa3\x92\x3c\xaa\x27\xce\xa1\x0f\xed\x6b\xb5\
\x18\x76\x50\xed\xab\x7b\xb3\x41\x98\x97\x3f\x09\xf6\x54\x67\x3f\
\x79\x39\x54\x61\xff\xfe\xec\xa0\x63\x21\xec\x5f\x1f\x9d\x99\xb0\
\xd7\x7a\x76\x94\xa2\x7d\xe0\xf1\x71\x10\x9d\x99\x08\x39\x7e\x51\
\x7a\xd9\x11\x4c\x74\x08\x12\x61\x6f\x77\xf6\x90\x8f\x7e\x02\xd8\
\x7f\x5f\xd7\xb1\x4f\x7f\x74\x6a\x12\xe5\x94\x83\x17\xa5\x13\xf7\
\x8f\xd7\xde\xfd\xd9\xf9\x0d\xf2\x6b\xcf\x7a\x64\x24\x2f\x85\x91\
\x8f\xf6\xad\x8f\xe5\xc9\xfb\xfa\xe7\xb2\xca\xa9\x93\x9c\x98\xe4\
\xb2\x93\xa7\x74\xad\x32\x95\x74\x8d\xdf\x07\xe9\x36\x96\x0d\xbd\
\x91\x46\x49\x07\xd1\x81\x0f\xe7\xc8\x47\x72\x94\x8e\x55\xbe\x7d\
\xc9\xd1\x4f\xac\x83\xec\x54\x87\xdf\x25\x9f\x0d\xd9\xa9\x4c\x76\
\xa2\x23\x7f\x06\xd2\x73\x94\xa3\xe6\xec\x87\xf2\x10\x57\x65\x95\
\xd3\x1e\xe5\xd1\x04\x3f\x1b\xca\x5f\x69\x44\x59\xa4\x97\xec\xdb\
\x41\xf5\x15\xfd\x45\x48\x6e\xa5\x99\xfb\x02\xb2\x4a\x6f\xd9\xb1\
\x92\xda\x0f\xc7\x92\x5b\xf2\xd4\xda\xea\xa3\xe0\x98\x28\xd7\x4b\
\x5f\xdd\x9b\xf9\xb0\xa1\xfc\x49\x68\x56\xa4\x8d\xac\x98\x79\x69\
\xc7\x4f\xf9\x3d\x88\x5b\x6e\x33\x4b\xd2\x4c\x90\xdf\xda\x55\x94\
\x78\xba\x33\x80\x9a\x6b\x45\x6d\xb6\xa7\x34\xc9\x8f\xd9\x98\x36\
\x3b\x23\x9d\xda\xbe\x2b\x31\x6f\xbe\xd9\x27\x49\xff\x74\xd6\x4e\
\xa5\xa4\x91\xe5\xe4\x9b\x70\x66\x9e\xcc\x04\xe3\xf6\xd8\xc8\x48\
\xb8\xb6\xd3\xd0\xbf\x35\x91\x7f\x58\xd7\xa3\x65\x08\xf2\x52\x18\
\xf9\xc4\xad\xaf\x55\x9e\xbc\x15\x47\x2e\x2b\x90\x87\x36\xdd\xcb\
\x65\x8f\xee\x3d\x25\x77\xd4\x35\xa0\xeb\xc1\x60\xb0\x24\x8e\xf4\
\xc5\x8c\x52\xf9\x51\xd6\x78\x3d\xb2\x6b\x93\x3d\x1d\xc7\xcd\xff\
\xf2\x71\x44\x7e\x30\xb4\x01\xa0\xb6\xb1\x66\xe6\x9a\xeb\xae\x04\
\xb3\x64\xda\x86\x64\x89\xba\x2c\xe5\x25\x39\xa4\xd3\x92\x6e\xc9\
\x8b\x2d\xe7\xa5\xdb\xac\x3b\xed\x18\x0b\xda\x14\x4f\xff\x8c\x57\
\x59\x73\xbc\x12\xb4\x97\x2c\xb7\xdc\xd0\x4a\x56\x40\xb7\xb1\x4c\
\x84\xab\x1f\x91\xbf\xb6\xc7\x57\xbf\x52\x99\xba\xda\xaa\xe4\x2b\
\xd5\x0b\xed\xaf\x8f\xee\xcd\xc6\x61\x6e\xcb\x4d\x99\x41\xc1\x41\
\x47\x5c\x4e\x8a\xce\x4f\x40\x8d\x9b\x1d\x14\xf3\xfa\xbb\x9c\xc5\
\x74\x51\x7a\x30\xc9\x40\x57\x22\x3b\x52\x41\x16\xed\x72\x19\x65\
\x96\xff\xe0\x68\xa4\xe4\x9c\x86\x4e\xa7\x07\xca\x84\x6b\x37\x48\
\x2d\x3b\x65\xff\xb9\xea\x9c\xb9\x93\xf6\x29\x5b\x89\x28\x67\xa9\
\xec\x0b\x21\xbc\x64\x74\xb8\x86\x41\x45\xdf\xe8\xaa\xb4\x57\x0d\
\xe5\xc9\xfe\x7b\xd1\x41\xdc\xea\x3d\xd2\xb5\xd7\x54\x76\x00\xa3\
\xf4\x17\x0a\x8e\x63\x4a\x7a\x19\xe7\x44\xa7\x96\x57\x17\xf2\x07\
\x10\x89\xcb\x58\xa5\xf2\x21\x07\x3a\xc8\xcb\x5d\xb9\x5d\x45\xb2\
\x31\x43\x6e\xda\x3a\x9f\xbc\x4c\x45\x5c\x2d\x11\xd5\xfa\x50\xa6\
\xab\xad\x96\xca\x01\x5a\xea\x8d\xd4\x74\x6f\x36\x0e\x6b\xc6\x48\
\xc8\x41\x47\x6c\x9c\xcc\x6a\x18\x88\xe4\x9c\x24\xaf\x49\x6b\x16\
\x15\x67\x5d\xd0\xe7\xa1\xad\x06\xbe\x3e\x83\x03\x79\xc7\xf4\x99\
\x85\x95\xd6\x93\x75\x2e\x0e\x9e\xf2\xa4\x06\xac\x03\x63\x0c\x78\
\x58\xaf\x19\x18\xf2\x33\x58\xe4\xb2\xcd\x72\xa3\xbe\x52\xd9\xfb\
\xbc\xf9\xa2\x75\x6f\x0c\x1c\xbf\xd9\x2b\x9f\xb2\xe4\xb4\xb5\x15\
\xb8\xa0\x1e\x17\x16\x16\x7a\xe5\xd1\x47\xf6\x9c\x0e\xc7\xd1\x6f\
\x41\x8e\x1b\x07\x4a\x64\xe9\x7a\xab\xa9\x4f\xfe\xba\x5b\x8a\x69\
\x8e\xdb\xd4\x4f\x77\x9a\xf1\xb9\x57\xd7\x03\x6a\xda\x5c\x96\x5b\
\x3e\x3e\x72\x7b\x94\xaf\x92\x9a\x6e\xf4\xcc\x21\xd2\xd5\x56\x6b\
\xf5\xa4\xe7\x15\x39\xfd\x92\xee\xcd\xc6\x61\xcd\xfc\x4f\x82\xc6\
\x2a\x77\x86\xda\x0e\x58\x9d\x64\xdf\x47\xaf\x4f\xd1\x99\x89\x3a\
\x86\x5c\x46\x46\xc7\x1e\x25\xd7\x92\xc4\x95\xa3\x11\xb9\x42\xe5\
\x21\x9e\x6e\xe1\xf9\x1d\x7d\x5b\x44\x48\x57\x79\xcb\x31\x4d\xc9\
\x2b\x56\x96\x93\x99\x9a\x5c\x64\x2a\x9c\x73\xd1\x6b\x19\x83\x06\
\x69\xc6\x72\xf7\x79\xbb\x65\xe1\xa3\xa7\x37\x95\xa7\xab\xac\x19\
\xca\x2e\x5d\x97\x1c\xbb\xd4\x88\xf2\xd5\x06\x12\xca\x88\xfe\xa5\
\x03\xa5\xbf\x30\xc5\x37\xd8\x90\x1f\x03\x15\x1d\xd3\x94\x66\xe5\
\x6a\x1b\x35\x27\x38\x35\xba\xf4\x47\x3b\x8d\xce\x77\x62\x3b\xed\
\x62\xdf\x47\x07\x3b\x6a\x3f\xd4\x5d\xf6\xe2\x16\xd1\xdd\xe5\x62\
\x70\x48\xa3\x07\xce\x6a\x57\xa5\xf6\x92\x1d\x2b\xd1\xae\x25\x1f\
\x33\x7e\xce\x69\xa9\x33\xe6\x91\xdb\x6a\x0d\xf2\xcf\x0e\x8d\xa4\
\xfb\xe8\xe0\xc9\x6c\x1c\xe6\xe6\x74\x08\xa2\x03\x0f\x1a\x27\x4e\
\x38\x98\x6d\xd1\x91\x71\x6a\xc2\x39\x39\x56\x91\x2b\x53\x66\x51\
\xdc\x7a\xe3\x74\x04\xe4\x3a\xb0\xe4\xd8\x23\x82\x03\x10\xd2\x21\
\x0e\x4e\x48\xe4\x08\x46\xf9\xe5\xb7\x67\x04\xe9\xea\xf5\x3f\x9c\
\x8a\x90\x06\x0e\x69\xe4\xec\x45\x8e\x5e\x44\x94\x93\xb0\xf8\xe6\
\x0f\xc7\xc8\x8b\x93\xa0\xe8\x74\x45\x1d\x56\x4b\x58\xa7\x4f\x9f\
\x5e\x22\x77\xc9\xe9\x89\x1c\xab\x70\x0d\xdf\xf1\xae\x20\x97\x55\
\x32\x4a\xe6\xa8\x6b\xbd\x95\x25\xa7\x34\x72\xa8\x14\xcb\x04\x1c\
\x2b\x8d\xe8\xb0\x45\x69\x46\x39\xd1\xa3\xca\x93\xe3\x45\x87\x30\
\xb5\x63\x0d\x54\x92\x27\x87\x51\x26\x39\x79\x91\x63\x9a\xbf\xfe\
\xf5\xaf\x9f\xd4\x7b\x97\x13\x1d\x39\x75\x52\xfb\x8b\xf2\x73\x1d\
\x79\xa0\xbf\xfc\x5c\x42\xce\x62\xd4\xde\x68\x1b\xc8\xaf\x78\x25\
\xa7\x34\x0a\x43\xbe\x97\x2f\x5f\xb6\xd7\x91\x17\xc7\x25\x5d\x83\
\xe2\xe6\xf6\x4e\x7c\xda\x8f\xc2\x28\x53\x7c\x76\x93\x1d\x2b\xc9\
\x79\x12\x10\xa6\xe7\x3a\xe4\x49\x3a\xaa\xa7\x0f\x1f\x3e\xb4\x8e\
\x9e\x4a\xf5\x90\x75\xcf\xef\xa8\x7b\x39\xcb\xc1\x69\xd3\xc2\xc2\
\xf2\x9c\xe5\x98\xe9\x60\xa7\x43\x73\x80\x59\x19\x1d\x71\x9f\xb7\
\xe1\x5e\x33\x30\x63\x8d\xaf\x40\xd7\x96\xbe\x8c\xf9\xdc\x98\xc5\
\x2e\xb0\x6b\xe6\x99\x84\x31\x7d\xc1\x68\x47\x3f\xd1\x7a\x8b\xc9\
\x18\x33\x7d\x6c\x24\xc6\xc0\x1a\xac\x6f\x9f\xd7\x16\x2c\x6d\xf0\
\xfa\x2d\x4b\x25\x3c\x33\xe0\x35\x4f\xd7\x91\x31\xb3\xc1\x46\x62\
\x0c\xd3\x7c\xe0\x6a\xa6\x07\xf5\xe2\xba\x31\x66\xf6\x78\x17\x58\
\x63\x8c\x31\x55\x6c\x24\x8c\x31\xc6\x54\xb1\x91\x30\xc6\x18\x53\
\xc5\x46\xc2\x18\x63\x4c\x15\x1b\x09\x63\x8c\x31\x55\x6c\x24\x8c\
\x31\xc6\x54\xb1\x91\x30\xc6\x18\x53\xc5\x46\xc2\x18\x63\x4c\x15\
\x1b\x09\x63\x8c\x31\x55\x6c\x24\x8c\x31\xc6\x54\xb1\x91\x30\xc6\
\x18\x53\xc5\x46\xc2\x18\x63\x4c\x15\x1b\x09\x63\x8c\x31\x55\x6c\
\x24\x8c\x31\xc6\x54\xb1\x91\x30\xc6\x18\x53\xc5\x46\xc2\x18\x63\
\x4c\x15\x1b\x09\x63\x8c\x31\x55\x6c\x24\x8c\x31\xc6\x54\xb1\x91\
\x30\xc6\x18\x53\xc5\x46\xc2\x18\x63\x4c\x15\x1b\x09\x63\x8c\x31\
\x55\xe6\x66\x24\xde\xbd\x7b\xd7\x3c\x7e\xfc\xb8\xfd\x16\x8b\x8b\
\x8b\xed\xb9\x69\x42\x7a\xf7\xef\xdf\x6f\x9e\x3f\x7f\xbe\xe4\xfc\
\xd9\xb3\x67\x9b\x23\x47\x8e\x34\xab\x01\x79\x23\x47\xfc\x64\x79\
\x26\x01\x9d\xed\xdf\xbf\xbf\x2d\xd7\xa4\x48\xc7\xfa\xcc\x1a\xf4\
\xbc\x1c\xce\x9d\x3b\xd7\x4c\x83\x1b\x37\x6e\xb4\x65\x36\x65\x68\
\x4b\x97\x2f\x5f\x6e\x56\x9b\x59\xd7\x8b\xeb\x7d\x7a\xcc\xcd\x48\
\x30\x48\x32\xd0\xc5\xc1\x92\xc6\xca\xb9\x69\xa5\xbf\x6d\xdb\xb6\
\x36\x3d\x8c\xc1\xae\x5d\xbb\xda\x6f\x19\xa5\x17\x2f\x5e\xac\x68\
\xa0\x9e\x04\xf2\x45\x8e\xf8\x59\xc9\x20\x28\x03\xfb\xfe\xfd\xfb\
\x66\x52\xee\xdc\xb9\xd3\x5e\x4b\x07\x42\x07\xc8\x12\x0d\xf5\xb4\
\x21\x8f\xe5\xf0\xec\xd9\xb3\x66\x1a\xac\x56\x1d\xaf\x57\xa8\xfb\
\x79\x0c\xa6\xb3\xae\x17\xd7\xfb\xf4\x58\xb3\xcb\x4d\x9a\xe1\x30\
\x88\x9d\x3c\x79\x72\x49\x43\xbe\x7d\xfb\xf6\x68\xe0\x65\xd0\xcb\
\x10\x57\x77\x09\x8f\x1e\x3d\x6a\xde\xbe\x7d\xdb\x5c\xbb\x76\xad\
\x9d\x79\x93\x56\x89\x5a\x9a\x59\x0e\xc2\xf8\xe6\xfc\x93\x27\x4f\
\xda\xdf\xa4\xcb\xb5\x7c\x4a\xb3\xf3\xd7\xaf\x5f\x37\x83\xc1\xa0\
\x59\x58\x58\x68\x4e\x9c\x38\xd1\xfe\x46\x2e\xc9\xca\x6c\xbb\x54\
\xce\xae\xb0\x08\x79\x66\xd9\x89\x8b\x61\x2c\xdd\x6d\xec\xdb\xb7\
\xaf\x95\xe3\xcc\x99\x33\xcd\xf1\xe3\xc7\x47\xd7\xa8\xac\xe4\x45\
\xbe\x31\xbf\x18\x46\x7c\x3a\xa1\xd2\xce\x33\xd1\x18\x16\x51\x79\
\x94\x06\xfa\x93\xbe\x2e\x5d\xba\xd4\xfe\xce\xf5\xc3\x8c\x30\xa7\
\xd1\x27\xed\x12\x5d\xe5\x2b\xc9\x16\xcb\x47\x99\x08\xe3\x53\x1a\
\x80\x88\x9f\xcf\x47\xd9\x69\x5f\xa5\x7c\x29\x77\x4e\x47\x3a\x89\
\xf9\x66\x62\x98\xd2\xcc\x75\x14\x91\x6e\x15\x17\x79\xf2\xe4\x80\
\xf3\x51\x1e\xe4\xcf\x32\x73\x4d\xae\x13\xd2\x52\x38\x61\xc8\x35\
\xae\x2e\x94\x96\xe4\x8d\x33\x7f\xce\x73\x1d\xe7\x72\x5b\x8b\xe5\
\x8f\xf9\xf7\xa9\xd3\x9a\x3e\x62\xbd\xc5\x6b\x56\xe3\x4e\x7b\x3d\
\xb0\x66\x8d\x04\x15\x45\xe5\x33\xa0\x51\x59\xba\xc3\x50\xa3\xfa\
\xfa\xeb\xaf\x9b\xad\x5b\xb7\xb6\x83\x5d\x9e\x95\x6b\xa6\x7c\xeb\
\xd6\xad\xf6\x7a\xe2\x92\x1e\x83\x35\xc6\x22\xa3\x34\x49\x4f\x69\
\xaa\x23\x30\xf8\xd2\x71\x48\x83\x34\x09\x53\x07\x23\x3d\x7e\x93\
\x3f\xe1\x34\xb6\x78\xb7\x32\x0e\xd2\xd3\xc0\x8e\x01\x41\x6e\x06\
\x76\xce\xd7\xc2\xf2\x40\xa4\x78\x51\x1f\x5c\xa3\x34\xc6\xdd\x6d\
\x10\xce\xb5\x2a\xeb\xde\xbd\x7b\x5b\xbd\x91\x8e\x8c\xa1\x8c\xae\
\xc2\xc8\x07\x9d\xe9\x2e\x21\x77\x26\xae\xc9\x77\x10\xa4\x41\x7a\
\x87\x0f\x1f\x6e\xd3\xc0\x50\xa2\xd7\x37\x6f\xde\xb4\xe1\x0c\x02\
\xa4\x73\xf1\xe2\xc5\x4f\xae\x8b\xe9\x73\xcd\xce\x9d\x3b\x8b\x69\
\x23\x33\x69\x33\x29\x28\xdd\xa9\xc5\x32\x20\x87\x26\x12\x35\xd9\
\x62\xf9\x90\x8f\xb6\x83\x7c\x25\x83\xbd\x63\xc7\x8e\x25\x79\x46\
\xb9\xd1\x15\xc7\x5c\xaf\x65\x4e\x85\x65\xdd\xd1\xa6\xa4\x13\xe5\
\x9b\x75\x92\x65\x52\x9a\xe4\x83\xd1\xa7\x0c\xb4\x13\xb5\x61\xda\
\x28\x1f\xe2\x52\x2e\x7e\x13\x37\x2f\xf5\x92\x06\x3a\x04\xca\x82\
\x1e\x48\x4b\x83\xa6\x0c\x51\x1e\xb0\x31\x6c\xd2\xc7\xf5\xeb\xd7\
\xdb\x70\xf2\x41\x6e\x26\x43\xd9\xa8\x08\xce\xab\x3e\xbe\xfa\xea\
\xab\x91\x31\x24\x0f\xf2\x44\xa7\x87\x0e\x1d\x2a\xb6\x27\xe9\xed\
\xc1\x83\x07\x6d\x98\xea\x34\x1a\x54\xfa\x01\x72\x50\x6e\xe4\x88\
\xf5\x11\x75\x87\xcc\x0a\x93\xe1\x40\x76\x74\x30\xcb\xbb\xec\xf5\
\xc2\x17\xcd\x1a\x85\xca\xe1\x43\x43\xb9\x77\xef\xde\xa8\xb2\xa8\
\x5c\x06\xfe\xd8\x71\xd4\x01\x84\x3a\x19\xf1\x22\x0c\xb6\x25\x68\
\x24\x34\x30\xad\x9f\x73\x3d\x8d\x8b\x06\x4c\xe3\xe1\xbc\xd2\x67\
\x40\xce\x1d\x1b\xf9\x18\xb8\x64\xcc\x68\xb8\x74\xd6\x71\xc8\x98\
\x31\x30\x20\x9b\x66\xff\x74\x1e\xca\xcd\x31\xcb\x2e\xa4\xad\x30\
\x1a\x3e\x77\x00\x51\x4f\x02\x39\xe9\xe4\xa4\xc5\x87\xc1\xb2\x04\
\xf2\x91\x1e\xe5\x44\x06\x3a\x18\xdf\x5c\x23\x9d\x91\x27\x3a\x21\
\x2e\x83\x05\xe9\x2a\x8c\x6f\x3a\xe6\x24\x1d\x48\x72\x2b\x0d\xd2\
\x53\x3d\x01\xc6\x2a\xcf\xaa\x81\x41\x02\x19\x74\xdd\xa6\x4d\x9b\
\x3e\xa9\x47\xf4\x45\x7b\x90\xf1\x40\x0f\x79\x20\x23\x0d\xca\x13\
\xcb\xc0\x31\xe5\xa6\x2c\xb1\x7c\x59\x36\xa5\x89\x31\xe5\x43\x39\
\x48\x2f\xd6\x83\x0c\x2d\x3a\xe1\x37\xe9\xd2\x06\xb4\x34\xa8\x3b\
\x47\xc2\xf8\xcd\x60\x94\xdb\x67\x89\x92\x4e\x4a\x32\x69\x70\x97\
\x6e\x64\xcc\x90\x11\xfd\xd0\x46\x25\x23\x69\x22\xbf\x40\x46\xe2\
\xd2\x0e\xb8\x5e\x13\x03\xb5\x79\xce\x91\x17\x75\xd8\xa7\x5d\x4b\
\x66\xf2\xa3\x6f\xd1\x27\xa2\xae\x04\x75\x9b\x75\x1e\xdb\x61\x1f\
\xfd\xd0\x36\x05\xf1\x63\xdb\x40\xd6\x58\x66\x8c\x83\x26\x9d\xb1\
\x3e\x90\x51\xf5\x21\x63\x47\x3a\x8a\xf3\xb9\xb3\xe6\x8c\x84\x2a\
\x95\x8a\xa3\x62\x35\x9b\xe5\x37\x95\xc8\x0c\x89\x38\xf1\xd9\x05\
\xc7\xea\x9c\x31\x0d\xe2\xe6\x59\x67\x09\x75\xe4\x52\x9a\x80\xb1\
\x10\x6a\x64\x25\x99\x6b\x46\xa8\x86\x06\x22\x5d\xc7\xb7\xee\x48\
\x94\xa6\xe4\x8f\x61\x11\xc2\xe9\xdc\x0c\x04\x18\x91\x3e\x8d\x5b\
\x46\x84\x4e\xaf\xb8\x7a\x98\x1e\x67\x62\x18\x19\x06\x07\x66\x8a\
\x51\x07\x80\x11\xe3\x7c\x5f\xe8\x7c\x79\x80\xe1\x8e\xa4\xf4\x3b\
\x82\xbe\x29\x9b\x66\xb0\xa5\x81\x83\xb0\xac\x7b\x0c\x40\x84\xb2\
\x30\x99\x88\xfa\xe3\x1c\xe5\xe2\x5c\x49\xb6\x68\x28\x54\x1f\x40\
\x5e\xa5\xb2\x33\x30\xcb\x60\x49\xb7\x94\x3b\xcb\xa6\xbb\xd2\x95\
\x12\x65\x62\x26\x8e\x01\x8d\x61\x6a\xbf\x84\x65\x19\xa2\xbe\x75\
\xb7\xa2\xb6\x86\x6c\xa5\x65\xae\x3e\x7d\xa9\x54\xd6\xda\x64\x22\
\xa7\x27\x9d\xab\xad\xf7\x81\x7a\x26\x7d\xbe\xbf\xf9\xe6\x9b\x25\
\x93\xc7\x5a\x7f\x2c\x95\x4d\xfa\xa0\xce\x18\x6b\xd0\x25\x6d\xad\
\x8f\x51\xdc\xe8\xcc\x6d\xb9\x49\x15\xa8\x19\x8d\x06\xea\x78\x9e\
\x41\x5b\x03\x15\x15\x47\xe3\xa5\xe2\x68\x5c\xcc\xbe\xf9\xd0\x28\
\xb4\x1c\x24\x34\x83\x88\xcb\x02\xa4\x4d\xc5\x97\x1e\x8c\x13\x37\
\xa6\xc9\xac\x26\x2e\x6b\x44\x19\x19\x68\xa6\x85\x64\x96\xd1\xd1\
\x12\x11\xf9\x76\x85\x45\x68\xf0\x74\x2c\x66\x8a\xc8\x1e\xdf\x56\
\xa9\x3d\xbc\x63\x80\xd7\x4c\x4d\x4b\x01\xa4\xcb\x31\x06\x47\x1f\
\xf4\x4e\x7d\xd0\x81\xf2\xa0\x18\x8f\x19\x84\xe2\x40\x50\x7a\x58\
\x4d\xfa\x39\x8d\xbe\x6b\xbe\xc8\xa5\x07\xee\xa5\x4e\xab\xbb\xb0\
\x48\x5e\xe2\x20\x8e\x96\x93\xf4\xe1\x98\xf3\xc8\x56\x5b\xce\x98\
\x04\xe4\xd4\xb2\x99\x66\xf6\xa5\x41\x32\xd6\x23\x77\x50\x31\x7c\
\x39\x2f\x23\x8c\x83\x76\x9f\x65\x88\xe5\x45\x56\x64\xd2\xba\xbd\
\x26\x11\x51\x57\xdc\x09\xd0\x6e\x74\xa7\x11\x89\x77\xac\xb4\xb9\
\xbc\x8c\x55\x1b\xf0\x4b\xed\xa1\x34\x59\xa8\xe9\x50\xdf\xd4\xa3\
\x0c\x5d\xed\x99\x63\x84\x3c\x62\xd9\xb8\x4e\x93\x0f\xf5\x71\x2d\
\xd9\x2d\xa7\x1d\x6c\x34\xe6\x6a\x24\xa8\x1c\xee\x18\x98\x01\xf0\
\x26\x12\x15\xa4\x99\x80\x96\x38\x58\x27\xa5\xd2\xd4\x70\x09\xa7\
\xe2\x88\xcf\xcc\x99\x46\x91\x97\x55\x68\x54\xdc\x2a\xeb\x0d\x27\
\xbd\xe5\xa4\x86\x9f\x21\x6e\x4c\x13\x03\xc1\xc0\x47\x3a\xe4\x47\
\xfe\x92\x71\x9a\x30\xe0\x31\x58\x20\x1b\xf9\x92\x3e\x32\xea\x81\
\x72\x0c\xd3\x5d\x42\xbe\x6d\xe7\x1c\xf2\xe9\xe1\x36\x3a\xa4\xc1\
\x63\xd8\xb4\x74\x55\x83\xb4\xf4\x7c\x85\xbc\xd0\xa3\x1e\x20\xa2\
\x0f\x8c\x8d\x06\x57\x8e\xf5\xac\x43\x0f\x4d\x05\xf9\xb1\x7e\xab\
\x4e\x55\xba\x93\xa1\x3c\xe4\x15\xd3\xc8\x4b\x3a\x5d\x7a\x62\x10\
\x88\x33\xe5\x1c\x4e\x7a\x5a\xbe\x43\x96\xdc\x26\x74\x17\xaa\xfc\
\x55\x1e\xca\xb7\x12\xd9\x32\xe8\x8a\xfc\x75\xe7\x45\x1b\xe2\xb7\
\x74\xa6\x97\x0c\xd4\xce\x25\xbb\xc2\x96\xf3\x5a\xf3\x38\xc8\x4b\
\xcb\xa4\xe4\xa3\x7a\x8d\xe8\xb9\x05\xf9\x97\x64\xa6\x4c\xf1\x8e\
\x57\xed\x84\x38\x71\xb0\x27\x8c\xfe\x53\x2a\x6b\x26\xd6\x07\xe9\
\x60\x20\x4b\x77\x8a\x5a\xca\x55\xdc\xf8\xec\x47\xed\x94\xb4\xfa\
\xde\x9d\xe9\x19\x8e\x64\xa4\xdf\x90\x87\x96\xdd\xd4\x8e\x74\x17\
\x28\xbd\x7c\xae\xfc\xea\x8f\xc7\xbe\xbf\xd4\x4c\x91\x5f\x6f\xdf\
\xdd\x3b\xae\x66\xb3\x5b\xb6\x6c\x69\x0e\x1e\x3c\xd8\x0e\xe0\x9a\
\x61\xed\xd9\xb3\xa7\xfd\xcd\xc0\x40\xd8\xcd\x9b\x37\x9b\x2f\xbf\
\xfc\x72\xf4\x86\x10\xe7\xb7\x6f\xdf\xde\x36\xc0\x63\xc7\x8e\x7d\
\x92\x36\xd7\x12\x8f\x81\x97\x78\x74\x46\x0c\xd2\xb7\xdf\x7e\x3b\
\x8a\xc3\x20\xaa\x7c\x72\x9a\xe4\x29\x19\xc9\xf3\xbb\xef\xbe\x6b\
\x4e\x9d\x3a\xd5\xe6\x45\x9a\x9c\x47\x1e\x64\xd7\x6f\xd8\xbc\x79\
\x73\xdb\xc1\x62\x3e\x82\xf4\x77\xef\xde\xdd\xe6\x01\x5c\x73\xfa\
\xf4\xe9\x36\x7d\xd2\x61\x80\xa1\x9c\x5c\x9b\xc3\xa4\x03\xa5\xab\
\x7c\x34\x88\x63\xc4\x08\x43\x76\x8e\xf9\x4d\x9c\xa3\x47\x8f\x7e\
\x32\x93\xd3\xed\x3c\x79\x20\xcb\xcf\x3f\xff\xdc\xc6\xe7\xba\x97\
\x2f\x5f\xb6\x9d\x9e\x0e\x7b\xe5\xca\x95\x36\x0e\x1f\xf4\x43\xa7\
\xd2\xd2\x13\x7a\x63\x20\xa5\xec\xfc\x06\x5d\xa7\xb5\x72\x0d\x2a\
\xe8\x97\x34\xb4\xe6\xab\x34\x24\x27\x1f\x74\x13\xef\x92\xe2\x31\
\xd7\xd2\x49\xaf\x5e\xbd\x5a\x9c\x95\x72\x8e\xb4\x49\xf7\xe9\xd3\
\xa7\xcd\x81\x03\x07\x46\x33\x79\xa0\x8c\xa4\x41\xdd\xa9\x0c\xb9\
\x7c\xe8\xb7\x24\x5b\x2c\x43\xce\xb3\xb4\x9c\xc1\x79\xf4\x12\xf3\
\x97\x7e\x1e\x3e\x7c\xd8\xe6\xcb\xa4\x44\xf5\x48\x18\xfa\x97\x4c\
\xb4\x31\xe9\xa4\x94\x6f\x24\x87\xc5\xeb\xa2\x0e\x91\x93\xf2\x31\
\x71\xf8\xe9\xa7\x9f\xda\x36\xc1\x39\xe9\x45\xed\x80\x32\x23\x07\
\x32\xa1\x4f\xbd\xc1\x27\x5d\x29\x6d\xf4\xa8\x76\x82\xae\x48\x9b\
\xeb\x29\xfb\xdd\xbb\x77\xdb\x7a\xa2\xac\xaf\x5e\xbd\x6a\xcb\xa3\
\xbe\x94\x41\x47\x4a\x87\xbb\x94\xf8\xfc\x45\x32\x09\xd2\xe0\xee\
\x47\xf5\x4b\xb9\xf4\x21\xae\x74\xab\x3a\x6d\x42\xbd\xe7\x34\xb9\
\x86\x32\x22\x2b\xd7\x9c\x3f\x7f\xbe\xd5\x87\xda\x81\xda\x11\x7a\
\x22\x2e\xe3\xc6\x85\x0b\x17\x9a\xf5\xc0\x2f\xaf\xfe\xde\x4c\x9b\
\x4d\xff\xb8\xff\xe7\x41\x33\x45\x36\x1f\xfa\x7d\x63\x36\x16\x7a\
\x25\x31\xde\xc5\x30\xbb\x62\x10\x5a\x8d\x35\x5b\xbd\x7d\xb4\x1e\
\x1e\x24\x32\xf0\xc5\x87\xe0\x9f\x1b\xdc\xb1\x6c\xa4\x07\xbe\xb4\
\x7d\xee\x5c\x4a\x2b\x10\x6b\x91\x7f\x3e\xf8\x4b\x33\x6d\xd6\xec\
\xdb\x4d\x66\xed\xc0\x0c\x91\xe5\x1b\x06\x6a\x8c\x82\xde\xe5\x5f\
\xad\xc1\x20\xae\xf1\xaf\x75\x74\x77\x65\x36\x06\xb4\xfd\xf5\x62\
\x20\x66\x85\xef\x24\x4c\x6f\x58\xaa\xe1\xa3\x57\x14\x57\x33\xdf\
\x3e\x6f\xd6\xcc\x1b\xbd\xb6\xbd\x30\xe1\x5b\x6e\x1b\x89\xf5\x52\
\x57\x1b\x95\x59\xdc\x49\xd8\x48\x18\x63\xcc\x06\x61\x16\x46\xc2\
\xbb\xc0\x1a\x63\x8c\xa9\x62\x23\x61\x8c\x31\xa6\x8a\x8d\x84\x31\
\xc6\x98\x2a\x36\x12\xc6\x18\x63\xaa\xd8\x48\xac\x51\x96\xe3\x6f\
\x22\x6e\x5d\xa0\x2d\x96\xa7\x89\xde\xde\x59\x29\x93\x38\x84\x99\
\x56\x9e\x2b\x05\x19\xf8\xf3\x65\x8d\x5a\x99\xa6\xe5\x3c\x29\xcb\
\xb2\x5c\x9d\x74\x6d\x39\x1f\x29\x39\x8b\xd2\x3f\xa4\x97\x83\xfc\
\x96\xc4\x2d\xd8\x4b\xcc\x42\x5f\x66\x65\xd8\x48\xac\x51\x26\x1d\
\xe0\xf3\x76\x05\xda\xd6\x79\x9a\x30\x10\xc6\xdd\x43\x97\xcb\x24\
\x65\x8b\x5b\x5e\xcf\x93\x71\xef\xcb\xd7\xca\x34\x0b\xe7\x37\x2b\
\xd1\x09\x7f\x88\xec\xf3\x8a\x6e\x69\xff\xad\x95\x38\x28\xe2\x5f\
\xe6\xe8\x90\xfd\xc5\xba\xf6\xa7\x9a\x96\xb3\x29\x33\x3d\xe6\x6a\
\x24\xb2\x23\x14\x60\x96\xc1\xef\x92\xc3\x13\xe8\x72\x1c\xc3\x35\
\x72\x2c\x34\xce\x69\x8e\xfe\x45\x5c\x92\xa5\xe6\x84\x64\xdc\xfe\
\x2d\x8b\x3d\x9d\xea\x64\xd9\x24\x7b\x2d\x2c\x52\x73\xe8\x82\x81\
\x50\xfa\x8b\xc1\x79\xcb\x38\x27\x34\x39\x4c\x3b\xa5\x92\x47\x34\
\x32\x72\xfc\x22\x07\x2f\xe3\xf4\x96\xc3\x6a\x1b\xa5\x75\xe9\x44\
\x0e\x6e\x54\xa7\x92\xa7\x26\x7b\x57\xda\xc8\xa6\x7d\xaa\xb4\xab\
\x6c\x44\x5b\x42\x74\xb5\xaf\xb8\x47\x51\x57\xb9\x33\x5d\x4e\x78\
\x72\xf9\xa3\x33\x1d\x1d\xc7\x36\x9b\x75\x12\x37\xb0\x2c\xe9\x24\
\x3a\x27\xe2\x5a\x8c\xbc\xca\x9e\xdb\x6b\xcd\x59\x54\x97\x5e\x17\
\x7b\x3a\x50\xaa\xa5\x5b\x73\x18\xa4\x71\x20\x22\xc3\xa8\x4d\x14\
\x6b\xd7\x9a\x29\xc3\xff\x24\xa6\xf9\xe9\xcb\xa3\x47\x8f\x06\x87\
\x0f\x1f\x1e\xbc\x7d\xfb\x76\x30\x9c\x5d\xb4\xbf\x61\xd8\xd0\xda\
\xdf\x84\x2b\xde\xce\x9d\x3b\xdb\x78\xb0\x6f\xdf\xbe\x25\x61\x1c\
\x2b\x6c\x58\x9c\xc1\x70\xb6\xd7\xfe\x26\x4d\xae\x13\xfc\xd6\x75\
\xc3\xd9\x4a\x7b\xdd\x89\x13\x27\x46\x79\x0e\x67\x58\x23\x59\x8e\
\x1f\x3f\x3e\x8a\x4b\x3c\xce\xf1\x89\x79\x65\x14\xae\xeb\x90\x83\
\xe3\x61\x43\x6e\x8f\x77\xec\xd8\x31\xb8\x78\xf1\xe2\x28\x8f\x98\
\xd6\xb0\x91\x0f\x86\x33\xad\x25\xba\x20\xbc\x96\x07\xdf\xc4\x25\
\x3d\xae\x8d\xfa\x54\x18\x65\xa2\xcc\x1c\x03\x71\xaf\x5f\xbf\xde\
\xfe\xbe\x77\xef\x5e\x5b\x46\xe2\x29\x1d\x85\xa1\x13\x3e\xba\x2e\
\x82\x8e\x90\x53\x61\x59\x6f\xe4\x4f\xda\x35\x9d\xc6\x3c\x38\x97\
\xdb\x40\xa9\xcc\xe8\x91\x74\x94\x67\x97\xec\x11\xe2\x49\xc7\x8a\
\x37\x9c\x41\xb7\xe9\x10\x86\x7c\x31\x0f\xd5\x53\xac\x43\xb5\x93\
\xd8\xf6\xc6\xa5\x9d\xe1\x7c\xac\xf7\xa8\x07\x95\x4d\x61\xe8\x56\
\x6d\xb6\xd6\x9e\xb2\x4e\xb8\x96\xe3\x9a\x4e\xb8\x26\xea\x2f\xb7\
\x67\xa5\x4f\x99\xa8\x0b\xe9\xa5\x54\x17\xc4\xa5\x3c\xb1\xad\xc6\
\x7e\xb5\x77\xef\xde\x41\xae\x3b\xe9\x55\x61\xf1\x1c\x6d\x37\xea\
\x86\x76\xa1\xf2\x23\x87\xd2\x15\x92\x89\xb0\xae\x7a\xfa\x9c\x99\
\xf6\x78\xce\x67\xae\x77\x12\x72\x98\x92\x77\x67\xcd\xce\x61\xd8\
\x92\x81\x19\x50\xc9\x71\x4c\x74\xbf\xa9\xb8\xa0\x7f\x05\x33\x3b\
\xca\xd7\xf1\x8f\xd0\xb8\xe6\xca\xac\x84\x4d\xbc\x24\x0b\xbf\x35\
\x6b\x89\x4e\x48\xd8\x8e\xbb\x86\xfc\x08\x44\x27\x2a\xf1\x9f\xa7\
\x72\xaa\xa3\x3c\x90\x5b\xce\x7f\x34\xa3\x53\x58\x6d\xd7\x4c\xe2\
\xc8\x31\x0c\x71\xb5\xdb\xa6\xfe\xe5\xab\xeb\xb5\x09\x1e\xe9\x68\
\x69\x21\xce\xe6\x91\x55\xb2\x28\x9d\xb8\x05\x7a\x6d\x49\x82\x4d\
\x04\xf9\x28\x2c\xeb\x4d\x7e\x2d\x6a\x3a\x2d\x6d\xb3\x1e\x7d\x71\
\x94\xf4\xcb\xf9\x98\x27\x33\x63\xd2\x89\xb2\x97\x96\x81\x90\x83\
\xf3\x31\x9e\xd2\x50\xbb\x10\xcc\x4c\xe5\x60\x6a\x21\x39\x5e\x92\
\xb3\x9d\xbe\x69\x97\x88\xf5\x1e\xf5\x40\xba\x51\x47\x71\x46\xac\
\xad\x48\x62\x7b\xa2\x3e\x55\xd7\xd2\x09\xd7\x92\x4e\xd6\x49\xd4\
\xb5\x1c\x51\x45\x72\xfa\xf4\x8f\x3e\xff\x94\x96\x4e\x62\x9d\x2f\
\xe7\x39\x05\xe5\xa0\x0e\xa2\x6e\x58\x92\xea\xbb\x44\x9a\xfb\x73\
\x1c\x07\xcc\x74\x99\xdb\xde\x4d\xda\x11\x54\x5b\x78\x53\xc9\xaa\
\xf4\xbc\xa7\xbc\x1c\xdc\xa8\x13\x44\xb8\xb6\xb6\x4e\xae\x7d\xe8\
\xd9\x77\x68\xa1\xc3\xe9\xca\x34\x9c\x90\x94\xb6\x63\x40\xee\x52\
\x7e\x91\x92\x8f\x88\x5a\x67\xc5\xd0\xe4\x3c\x16\x3e\xfa\x52\xa8\
\xed\x8e\x1a\x7f\xc7\x65\x86\xec\x97\x3a\xe6\xd9\xc7\xe1\x4b\x29\
\x4f\x8e\x07\x83\xf2\x1f\xf8\x4b\x3e\x01\xd4\x06\xd8\xb6\x39\xb7\
\x81\x1a\x6c\xe1\x9e\x61\xc0\x5c\x4c\xce\x7d\x16\x0b\xce\x7e\x74\
\x2c\xff\x21\x32\x0a\x1a\x70\x39\xce\xf9\x93\x5f\xc9\x65\x6c\x2d\
\xed\xcc\x42\x87\x13\x9e\xd2\x80\xa8\x7a\x60\x0f\xa8\xec\xe8\xa9\
\xa6\x1b\x6d\x80\x58\x4a\x47\x79\x66\x4a\xe9\x73\xcd\xb8\xa5\xb3\
\x52\x5b\x5d\xce\x52\x4f\xa9\xbf\x94\xfa\x77\x8d\x49\xc6\x01\xb3\
\x32\xe6\x76\x27\xb1\xf8\xd1\x81\x10\x83\xb0\xfc\xc9\x8a\xec\x8c\
\x84\xca\x67\xc0\x95\x4b\xcf\x9c\xce\xb8\x19\x10\x0d\x28\x37\xfe\
\x78\x5c\x72\x42\xa2\x37\x59\xfa\x3a\x21\x59\xae\x53\x1d\x0d\x56\
\x35\xd9\xc6\x95\xa3\x34\x60\x8d\x43\xb3\xb6\x58\xe6\x49\xf7\x62\
\x92\x71\xca\xb2\xc8\xe7\x43\x29\x2c\x77\xec\xae\x36\x50\x83\x01\
\xbd\x34\xb8\x96\x0c\x74\x96\x21\xea\x59\x6e\x51\xa3\x23\xa3\x9a\
\x7e\xb3\x6e\x48\xbb\xab\x3d\xe5\xf3\x35\x27\x3c\x0b\x05\x07\x3e\
\x92\x99\x38\xf9\xe1\x71\xcd\xe1\xd5\x72\xea\x93\xf4\x97\xd3\x5e\
\x4b\x6d\x55\xba\xcf\x65\xe9\x7a\x40\x5d\x73\x24\xa4\x73\xda\x72\
\x3d\x86\xe5\xb8\xf9\xd8\x7b\x46\xcd\x86\xb9\x1a\x09\x66\x3f\x72\
\x16\x12\x07\x90\xc5\x8f\x5e\xb2\xf4\x00\x9b\x38\xba\xbd\xd4\x6b\
\x78\x7a\x10\x49\xf8\xb8\xed\xaa\x75\x9d\xd2\xd2\x83\x2f\xc1\x9d\
\x42\x76\x42\xc2\x40\x30\x89\x13\x92\xe5\x3a\xae\x29\x39\x78\xc9\
\xb3\x7c\xa1\x81\x34\x3a\xd7\xe1\x5a\xcd\xc0\x74\xfd\xb8\x5b\x76\
\x06\x14\x95\x77\x31\xbd\x15\xd5\x85\x06\x47\xe9\x8e\x32\xab\x0e\
\xa5\x37\xf9\x45\x46\xd6\xa8\xd3\x92\xf3\x99\xae\x36\x10\xf5\xc3\
\xf5\x2a\x17\x4b\x61\xd1\x81\x0e\xd7\x33\xe0\x67\x54\xa7\xd2\x55\
\x76\xb4\xa3\x19\x30\xf5\x15\x97\x2f\xe5\x78\x49\xed\x84\xf0\x9c\
\xbe\xdc\xea\xc6\xb4\x6b\x33\xe0\x85\x0e\x27\x3c\xd2\x9f\xca\x17\
\xeb\x41\x8e\x96\x4a\x8e\x9e\x74\xd7\x23\x9d\xa0\xf3\xa8\xc7\x3e\
\xde\xd9\xba\xd2\x1f\x47\x6c\xab\xe4\xa5\xf2\xb0\x7c\xd5\xd7\x81\
\x52\xa9\xdd\x93\x96\xee\xb8\xe5\xff\x45\x3a\xce\x4b\x49\xa4\x1d\
\xeb\x89\xdf\xd4\xd3\x4a\x5e\xd3\x35\x65\xe6\xe6\x74\x48\x6b\xbf\
\x72\xfc\x21\x67\x21\xcc\x6e\xd4\x29\x71\x24\xc2\xb9\xe8\x48\x44\
\x8e\x63\x70\x0a\xc2\xac\x95\x0e\xa2\xb0\xec\xb8\x46\xf9\xc8\x51\
\x3c\x0e\x4e\xb8\x0e\xe7\x29\x38\x17\xe1\x37\xc6\x07\x47\x24\xd9\
\x09\x89\x1c\x96\xf4\x75\x42\x32\xa9\x53\x1d\x50\x58\x76\xf0\x42\
\xa7\xc3\x61\x50\xc9\xd1\x4d\xcd\xb9\x0e\xf9\x53\x06\xce\x97\x9e\
\x4f\x44\xfd\x28\x4f\xca\xcb\x6c\x95\x74\xa2\x4f\xe8\xec\xac\x25\
\x9e\xc7\x41\x0e\x79\xc8\xd9\x90\x6e\xf3\xa3\xde\x20\x3b\x76\xa1\
\x4c\x72\xbe\xa3\xb4\xf8\x94\xda\x40\xd6\x11\x65\x20\x4f\xae\xe7\
\x1a\x39\xd0\xc1\xa9\x0d\x6d\xa5\xe4\x74\x4a\x75\x4c\x3c\x8c\x75\
\x76\xb4\x23\x19\x54\x06\x21\xc7\x4b\xe4\xf7\xe1\xc3\x87\x56\x26\
\xe9\x30\xea\x6f\x5c\xda\x82\x7a\x44\xbe\x92\x13\x1e\xe5\x2f\xfd\
\x61\x00\x49\x5b\x8e\x74\xa2\x13\x28\x0c\xb4\x9e\xa3\xa9\x6e\x39\
\x2f\x3d\x4a\xd7\xd4\x27\x3a\x89\xf5\xa9\xf4\xe2\x31\x69\x64\xe7\
\x41\xb4\xa5\xec\x2c\x2a\x23\x37\xb7\xaa\xb3\xec\x40\x89\xf6\xaf\
\xbe\xc9\x40\x5f\x6a\xff\x3a\x47\xfc\xec\xd8\x48\xed\x5e\x7d\x2f\
\xea\x98\xbb\x48\xdd\xb1\x13\xf6\xdb\xdf\xfe\xb6\xd5\x2b\xf5\xa4\
\x57\x6c\x69\x9f\x30\xe9\xdd\xf5\x46\xe1\xb3\x70\x3a\xc4\xcc\x82\
\x06\x3b\xe9\xf2\xc7\x38\x98\xcd\xc5\x57\xf4\x96\xeb\x34\x67\xbd\
\x39\x21\x31\x66\xa3\xa1\xbb\xc2\xd5\x70\x78\xb5\xde\xb0\xd3\xa1\
\x15\x22\xa7\x39\xcc\xb6\xb8\x45\x5d\xce\x40\x6f\x27\x24\xc6\x98\
\xcf\x89\x35\x77\x27\xa1\xb5\xe9\xbe\x6f\x39\x4c\x9a\xb6\xde\x68\
\xd1\x2d\xb7\x31\x66\x7d\x31\xcb\x31\x62\xbd\xf3\x59\xdc\x49\xcc\
\x72\x2d\x91\xb4\xd7\x8b\x1b\x4c\x63\x4c\x99\xcf\xf5\x79\xc3\xbc\
\xf0\xde\x4d\xc6\x18\x63\xaa\xd8\x48\x18\x63\x8c\xa9\x62\x23\x61\
\x8c\x31\xa6\x8a\x8d\x84\x31\xc6\x98\x2a\x36\x12\xc6\x18\x63\xaa\
\xd8\x48\x18\x63\x8c\xa9\x62\x23\x61\x8c\x31\xa6\x8a\x8d\x84\x31\
\xc6\x98\x2a\x36\x12\xc6\x18\x63\xaa\xd8\x48\x18\x63\x8c\xa9\x62\
\x23\x61\x8c\x31\xa6\x8a\x8d\x84\x31\xc6\x98\x2a\x36\x12\xc6\x18\
\x63\xaa\xd8\x48\x18\x63\x8c\xa9\x62\x23\x61\x8c\x31\xa6\x8a\x8d\
\x84\x31\xc6\x98\x2a\x36\x12\xc6\x18\x63\xaa\xd8\x48\x18\x63\x8c\
\xa9\x62\x23\x61\x8c\x31\xa6\x8a\x8d\x84\x31\xc6\x98\x2a\x36\x12\
\xc6\x18\x63\xaa\xfc\xea\x8f\xc7\xbe\xbf\xd4\x4c\x91\x5f\x6f\xdf\
\xdd\x2b\xde\xbb\x77\xef\x9a\xbf\xfd\xed\x6f\xcd\xe2\xe2\x62\xfb\
\x81\xaf\xbf\xfe\xba\xd7\xb5\x8a\xff\xe5\x97\x5f\x76\xc6\x7b\xfe\
\xfc\x79\xf3\xbb\xdf\xfd\xae\x4d\x77\xfb\xf6\xed\x9d\xf1\x5e\xbe\
\x7c\x39\x92\x45\x9f\x85\x85\x85\x66\x39\xd4\xe4\x53\x99\x41\x65\
\xd5\x39\x8e\xc7\x95\x67\x52\x19\x28\x97\xca\x32\xcd\xf4\xf7\xef\
\xdf\xdf\xbc\x79\xf3\xa6\xd9\xb7\x6f\x5f\xb3\x5c\xfa\xd6\x61\x8d\
\xc7\x8f\x1f\x4f\xdc\x76\x88\x7b\xf2\xe4\xc9\xe6\xa7\x9f\x7e\x6a\
\xf6\xec\xd9\xd3\xac\x05\x90\x87\x76\xf6\xed\xb7\xdf\x36\x9f\x13\
\xe7\xce\x9d\x6b\x0e\x1e\x3c\xb8\xe4\xdc\xd9\xb3\x67\x5b\x3d\x7c\
\x6e\xba\x98\x26\xbf\xbc\xfa\x7b\x33\x6d\xe6\x76\x27\xc1\x00\xc6\
\x60\xa3\xcf\xb6\x6d\xdb\xda\x86\xd3\x07\xe2\x1f\x39\x72\x64\x6c\
\x3c\x06\x60\x06\x93\xf7\xef\xdf\x77\xc6\x23\xdf\x28\x0b\x1f\x3a\
\xef\x72\xa9\x95\x45\x65\x8e\x69\xeb\x1c\xdf\xd3\xe4\xce\x9d\x3b\
\x4b\xca\xf3\xcd\x37\xdf\x34\x37\x6e\xdc\x68\xa6\x81\x06\xe8\x95\
\x80\x0e\xfa\xd4\x61\x09\xf2\xbe\x7c\xf9\xf2\xc8\x48\xa0\xeb\x3e\
\x65\x43\x27\xc7\x8f\x1f\x6f\xce\x9c\x39\xd3\xac\x15\x90\x65\xe7\
\xce\x9d\xcd\xe7\xc6\xb3\x67\xcf\x3e\x39\x77\xe2\xc4\x89\x65\x4f\
\xcc\xcc\xec\x98\xfb\x72\xd3\xa3\x47\x8f\x9a\xc1\x60\xd0\xce\x22\
\xae\x5f\xbf\xde\x0e\x40\x40\xa7\x67\x10\xe1\xc3\x00\xca\xa0\x42\
\xd8\xed\xdb\xb7\xdb\xc1\x5f\xe7\x80\x63\x06\x0d\xc5\xbf\x7f\xff\
\xfe\x92\x3c\x5e\xbf\x7e\xdd\xc6\x65\xb0\x64\xa0\xa8\xc9\xa0\x46\
\xca\x6f\xae\x89\x69\xcb\x30\xc5\xc1\x11\x59\x38\x17\xd3\xe5\x1c\
\x20\x6b\xcd\xd0\x10\x56\x1b\xd4\x34\xdb\x95\x31\x51\x7e\xfc\x56\
\x1e\x4f\x9e\x3c\x19\xe9\x03\x28\x6f\xcd\xc0\x52\x16\x3e\xcc\xfa\
\x2f\x5d\xba\xd4\x9e\x43\xd7\xe4\xcf\x87\xb2\x81\xf4\x49\xbe\x84\
\xc7\x72\x92\x8f\xca\x99\x75\x1b\xe5\x02\xd2\x8b\xb2\x94\x74\x44\
\x1a\xba\xd3\xe1\x7a\x74\x5c\x2b\x37\xc7\xa5\xb2\x51\x4f\xd4\x17\
\x9f\x7b\xf7\xee\xb5\x6d\x27\xca\x4b\x1a\x59\x67\xe4\x4b\x99\x75\
\x4e\x75\x4b\x3c\xce\x2b\x4f\xce\x13\x07\xd9\x55\x4f\x31\x2e\x61\
\x1c\x67\x28\x4f\xd6\x8f\xf4\x2b\x5d\x70\x3d\xfa\xd5\xf5\x5c\xc3\
\xef\x98\xa7\xe2\xc4\x3a\xe0\x37\xe7\x94\x7f\x29\xaf\x52\x3e\x5c\
\xa7\x7a\x8f\x48\x1f\xb1\xfc\xb9\x2c\x31\x3f\xc9\x10\xeb\x9a\x38\
\xf1\x98\xf4\xf2\x64\x27\xeb\xad\x84\xea\x5b\xd7\x8e\xd3\x45\x57\
\x5d\x64\xb9\xd5\xd6\x80\x32\xc6\xbe\x12\xd3\xc9\x79\x98\x7f\xb3\
\x66\x9e\x49\x1c\x3a\x74\xa8\xfd\xa6\xe2\x68\x1c\xb1\x23\xed\xda\
\xb5\xab\x3d\xc7\x12\x87\x88\xcb\x0b\xc4\xa5\x23\x6c\xdd\xba\xb5\
\xad\x68\x06\x25\x0d\xa0\xa0\x0e\x40\x18\x83\x4a\x0c\x1b\x87\xf2\
\xde\xb1\x63\x47\x7b\x3d\x77\x09\x5c\xaf\x81\x08\x39\xc8\x77\x92\
\x74\x35\x60\xe7\x46\xc9\x31\xf9\xd1\xd0\x89\x43\x7a\x0c\x92\x1a\
\x44\x65\x80\x6e\xdd\xba\xd5\xfe\x56\xa7\x8b\x03\x5c\x0d\x64\xd4\
\x60\xf4\xe0\xc1\x83\x91\xce\xde\xbe\x7d\xbb\x24\x5f\xca\x43\xb8\
\xf2\x95\x0c\x84\x31\x30\xe7\x01\x1b\x39\x62\xb9\xf9\xad\xc1\x4b\
\x1d\x10\x48\x17\x1d\xc5\x41\x37\xd6\xa1\xea\x4c\xe5\xd6\x75\xc8\
\x56\x1a\x90\xb3\xde\xb4\xf4\x85\x3c\xe4\x7f\xed\xda\xb5\xe6\xe2\
\xc5\x8b\xa3\x81\x8c\xfa\xdb\xbb\x77\x6f\x3b\x73\x57\x5b\x23\x4f\
\xce\xa1\x4f\xc2\x39\x96\x8e\x34\x68\x94\xe2\xa2\xcb\xd2\x5d\x10\
\xd7\xbd\x78\xf1\x62\xc9\x39\xe9\x06\xb9\x48\x8f\xeb\xb9\x73\x50\
\xf9\x18\xac\x63\x9e\xe8\x98\x38\x94\x47\xba\x96\x01\x3d\x7c\xf8\
\x70\x1b\xf6\xd5\x57\x5f\xb5\xba\xcd\x79\x49\xe7\x94\x99\xf2\x6b\
\xe2\x45\x7d\x66\x98\x04\x11\x57\x65\x62\x22\x11\xf3\xe3\x37\xd7\
\x13\x46\x1b\xe1\x18\xd9\xa2\x31\xe6\x77\x3c\xa6\x8c\x79\xd9\x8f\
\x34\x94\x47\x36\x2a\x40\xb9\x08\x27\xed\x9a\x2e\x28\x77\x94\x2d\
\xd6\x05\xba\x88\x6d\x85\xdf\xb4\x33\xc9\xad\x3b\x4e\xa0\xbd\x53\
\x1f\xba\x93\x8c\xe9\x70\x8d\x26\x2c\x66\x29\x5f\x34\x73\x86\xca\
\xa7\x61\x69\x10\xa2\x41\x30\x60\xf1\x9b\x19\x3e\x68\x46\x01\x54\
\x26\x15\xaf\x06\xa4\xd9\x0d\x03\x02\x8d\x80\x4a\xce\x33\x2c\xce\
\xd3\x30\x08\x63\xd9\x85\x4e\xd3\x67\x3d\x5d\xcb\x2a\xe4\x4f\x63\
\x22\x6f\xcd\x88\x59\xb6\x00\x3a\x3c\x03\x89\xee\x42\x48\x17\x59\
\xf9\x46\xbe\x12\xc8\x42\xb9\x89\x87\xdc\x42\xb3\x22\x3a\x38\x69\
\x31\x18\x11\x47\xf2\xaa\x43\x32\x38\x90\xaf\x06\x20\x74\x17\x3b\
\x6b\x44\x83\x3d\x71\xc8\x57\x9d\x98\xf4\xb9\xe5\xe7\x18\x9d\xf3\
\x8d\xbe\xf9\x96\x61\x40\x1e\x9d\xe3\x9b\x6b\x48\x87\xfa\xe9\x03\
\x7a\x23\x6d\x66\xfa\xa0\x7a\xe1\x9c\x8c\x85\x74\x24\xa3\x81\x9e\
\x35\x30\x83\xee\xe8\x32\xd1\x90\x90\xae\xda\x8a\x64\x06\xd2\x43\
\xbf\xc4\xa3\xbe\xa8\x7b\xce\xf1\x91\x6c\x6a\x07\x7c\x53\x87\xe8\
\x1a\x19\xd0\xaf\x66\xe0\x9c\xcb\x71\x39\x27\xa3\xd6\x17\x2d\x7b\
\x92\x4f\xe9\x3a\xce\xe9\xbc\x74\x24\x43\x1d\xaf\x21\xac\x64\x20\
\xa4\x0b\x2d\xe5\x50\x4e\xca\x40\x5d\x96\x88\x65\x62\x50\xd6\x6f\
\xf2\x55\x1b\x54\x98\xda\x11\x71\xf4\xbc\x6e\xd3\xa6\x4d\x9f\x1c\
\xe7\xe5\x22\xce\x69\x72\x47\x9a\x71\x10\xa6\x1f\x63\x9c\x29\x5b\
\x06\xfd\x47\x7d\x53\xaf\xe4\x53\xd2\x05\xe5\x94\x61\x91\x11\x96\
\xdc\xd1\x40\x46\x23\x47\x3a\xea\xaf\xca\x8f\xb4\x88\xaf\xbe\x6d\
\xfe\x93\xb9\x1b\x09\x2a\x87\xca\xa2\x62\xa8\x24\xa0\x31\xe8\xb7\
\xe2\xd4\xd0\x2c\x81\x19\x3e\x68\xc6\x0a\x1a\x44\x35\x30\xc6\x87\
\xc5\x7d\x88\x33\x10\xa1\x34\x68\x5c\x34\x7a\xdd\xf5\x20\xa3\x06\
\xc3\x71\x90\x06\x8d\x99\x8e\x17\x67\x5e\x71\x69\x49\xa8\xd3\x31\
\x70\x22\x87\x6e\xe9\xc9\x4b\xb3\x6f\xca\xc3\xc0\x56\x42\x9d\x00\
\x59\xe3\xc0\x44\xba\xca\x9b\xc1\x2b\x1e\x2b\x4f\xd2\x55\x98\xce\
\x4d\xb2\x7e\x9e\xeb\x31\xfe\xce\x30\xb0\x6b\xb9\x89\xbc\xa4\xd3\
\x1a\xd1\x08\x63\x08\x30\xba\xe8\x44\xb3\xc9\x48\xe9\xa1\x36\x03\
\x17\x03\x54\x84\x63\x66\xb3\x9a\xd9\x0a\x2d\xed\xc4\xa5\x14\x66\
\xa9\x93\x40\x9b\x94\x61\xc2\x58\xc5\xc9\x41\x4d\x4e\x64\xa0\x0e\
\x90\x35\xd7\x2f\xba\xc9\x4b\x3b\x8b\x85\x97\x2d\x48\x93\xd9\x76\
\x1f\x34\x98\xeb\x2e\x23\xca\xa3\x34\x68\x87\x0c\xa4\xe8\x8a\x3a\
\x60\x22\xc3\x00\x8e\x7c\xa5\xfa\xa5\xdd\xa9\xdd\x92\x1e\xc7\xca\
\x8b\xb6\x2b\x83\x9e\xa9\x3d\x9b\x28\xe9\x42\xed\x9a\xb6\x9a\xdb\
\x4c\x6c\xf3\xb9\xaf\xc5\x25\x6b\xa0\x4e\x69\x77\x66\x29\x73\x5f\
\x6e\xc2\x38\xd0\x61\xe8\x44\xaa\x44\x2a\x3a\xae\x25\x96\x6e\x97\
\x85\x1a\x85\x0c\x82\x06\x89\xda\x7a\xed\x24\x28\x6d\x64\xa3\xe3\
\xd0\xa0\xf9\x8d\xcc\x7a\x20\xce\x39\xc2\xe2\x7a\x6d\x9f\x37\x6d\
\x68\xbc\x34\xc8\x28\xa7\xf2\x53\x9a\xba\x0d\xd6\xcc\x96\x74\x99\
\xe5\xe9\x8e\x8b\x63\x06\x47\x19\xda\x12\xe8\x96\x4f\xd7\x8c\x97\
\xeb\xe3\x9b\x42\xd2\x37\x03\x81\x06\xa3\xb8\xae\x1b\x41\x86\xb8\
\x96\x1f\x97\xbd\x74\xe7\x21\xa8\x97\x68\x70\x65\xac\xb5\x06\x8d\
\x9c\x74\x54\xca\xab\x78\x31\xef\x1a\x1a\x4c\x55\x16\x06\x22\x74\
\xc7\xa7\x56\x76\xca\x96\x67\xe3\x18\x88\x6c\x38\x40\x03\xa0\xd2\
\xd4\x12\x48\x69\x40\xce\x13\x10\x95\x5f\x06\x93\xfa\xd6\xdd\x4d\
\x5f\x48\x17\xd9\x22\xa5\xa5\xcd\xac\x6f\xe5\x1b\x97\x69\xfb\xc0\
\x84\x8b\xbb\xce\x58\x5e\x4d\x68\xb4\x1c\xa8\xbb\x6b\x8e\xc9\x53\
\xc6\x35\x43\xfe\xcc\xde\x31\xe0\xf4\x1b\x3d\xa3\xc1\xb8\x10\x3f\
\x3e\xb3\xe9\x03\xd7\x65\x5d\xe8\x39\x65\xbc\xbb\x16\xb5\x25\x60\
\xdd\xa9\xc4\x32\x6a\x89\xcb\x2c\x65\x4d\xfe\x4f\x82\x4e\x44\xa5\
\xb3\xac\x41\x83\xcd\x4b\x29\x74\x64\x2a\x9f\x30\x2d\x29\xd0\x50\
\x88\xcf\x87\x8e\x38\x8d\x37\x46\x48\x83\x86\xad\x5b\x76\x3d\x9f\
\xd0\xac\x1b\xb9\x38\xa7\xb5\xcc\x38\xdb\x26\x9e\xee\x6e\xba\xca\
\x19\x1b\x25\x79\x71\xac\xbc\xf4\xa0\x58\x71\xf4\xdc\x23\xde\x6a\
\xeb\xf9\xc5\x4a\xd0\x32\x94\xf4\x47\x67\x21\x6d\x3e\x84\x91\x3f\
\x65\x29\xd5\x05\x65\x50\x5d\xf0\x89\x03\x7a\x0c\x63\xf6\x8c\x4e\
\x54\x2f\x1a\x5c\x08\x8b\xcf\x3e\xe2\xf2\x1a\x48\xbf\x19\x5d\xc3\
\x47\xcb\x16\x2a\x0b\xf1\x65\x5c\x08\x2b\xcd\xa4\x29\x1b\xd7\x6a\
\x19\x03\xe3\xc7\x71\x69\x36\x2c\x59\x15\x97\x3a\xe1\x77\x1e\x50\
\x38\xd6\x33\x19\xe5\xad\x09\x83\xe4\x94\x5c\x7d\x5f\xf7\x06\xda\
\x85\xf2\x54\xba\xb5\xb7\xe1\x62\xf9\xc9\x93\x49\x04\x03\xeb\x24\
\x90\x06\x79\x68\xb9\x95\x34\xe2\x9d\x53\x5e\x5a\xe2\xbb\x74\x17\
\x03\xc8\xac\x67\x66\x0c\xee\x51\x16\xfa\x15\xcf\x42\x26\x31\x14\
\xb9\xde\xa4\x0b\xf4\x59\x92\xbb\x06\xed\x90\x32\x49\x36\xd5\x8f\
\x8d\xc4\xa7\xcc\xed\x7f\x12\xc0\xc0\x41\x07\x2c\xdd\x66\x33\x20\
\x6e\xde\xbc\x79\xb4\xac\x43\x5c\x66\x1e\xbc\x43\xcd\xfb\xd5\xbc\
\xe7\xbe\x65\xcb\x96\xd1\x3a\x2e\x95\x4e\x1c\xc2\x98\x15\xe8\x5d\
\xeb\x78\x1d\xd0\xb8\x39\xae\xfd\x6f\xe2\xbb\xef\xbe\x5b\xf2\x0e\
\x3d\x8d\x92\xb4\x91\x85\xb4\x6f\xde\xbc\x39\x7a\x97\xfb\xd8\xb1\
\x63\xa3\xce\xc2\x80\xa8\x01\x46\x32\x49\xbe\x5a\x99\xf9\x8f\x40\
\x8c\x47\x9a\x94\x9b\x6f\xce\x69\xf6\x2a\x74\x9e\x41\x83\xdf\xa4\
\xc1\x20\x7b\xea\xd4\xa9\xe2\xa0\x43\x58\xc9\x80\x20\x33\x65\xd4\
\x80\xad\xe7\x12\xe8\x84\xf4\xe9\x6c\x9a\xc9\x2b\x4c\x72\x5f\xb9\
\x72\x65\xa4\x53\xe2\x93\x8e\x8c\xc8\xf9\xf3\xe7\xdb\x38\x0c\xec\
\x4a\x9f\xf2\x28\x3f\x74\xa4\x77\xe3\x55\x67\x2a\xfb\xe9\xd3\xa7\
\xdb\x74\xa4\x67\xe2\xa2\x1f\xad\x1b\xe7\xfa\x62\x76\xcc\x87\xbb\
\xb9\xdd\xbb\x77\xb7\xd7\xab\xed\x90\xd7\xdd\xbb\x77\xdb\x3b\x05\
\x96\x47\xe2\xfb\xf8\x71\x59\x0d\xd9\x34\x0b\xfe\xcd\x6f\x7e\xb3\
\xc4\x00\x92\x77\xcc\x93\xba\x56\x5c\xc2\x4a\xcf\x80\x38\x4f\x5e\
\x4f\x9f\x3e\x6d\x3f\xe4\x4d\x1a\x94\x93\x0f\xe1\x0f\x1f\x3e\x6c\
\x65\x56\xf9\x80\x38\xfc\xce\x79\x2a\x0c\x79\xc9\x9f\xff\xf2\x68\
\xc6\x8e\x4e\x4a\xff\x55\xa1\xec\xc4\x8f\xf9\xa0\xd3\xd2\xa4\x89\
\x36\x14\x07\x45\xd5\x93\xee\x18\xc8\x8b\x72\x1c\x38\x70\x60\xc9\
\x73\x03\xae\x43\x2e\x5d\xab\xfe\x50\xea\x53\xe8\x43\x72\xc7\xe7\
\x0f\xe4\xa5\xd9\xbc\x8c\xa6\xfe\xcf\x34\x4e\x17\xb1\xde\x48\x53\
\x4b\x44\x59\xee\xa3\x47\x8f\x8e\xda\x27\x61\xca\x53\xd0\xae\x25\
\x1b\xba\xa2\x6d\x4f\xf3\xbf\x4a\xf3\x60\x16\xff\x93\xd8\xf4\x8f\
\xfb\x7f\x1e\x34\x53\x64\xf3\xa1\xdf\x37\xc6\x98\xe9\xc1\x20\xca\
\xdd\x55\xfc\x7f\x87\xee\x9e\xba\x9e\xf3\x98\xcf\x8f\x7f\x3e\xf8\
\x4b\x33\x6d\xbc\x2d\x87\x31\x6b\x1c\x2d\xe7\xe8\xbf\x31\x5a\x62\
\xb1\x81\x30\xab\x81\x8d\x84\x31\xeb\x00\x96\x5c\x59\x66\xc4\x58\
\xb0\xdc\xd4\xf7\x4d\x3a\x63\x56\xca\xdc\x5f\x81\x35\xc6\xf4\x63\
\xa5\x2f\x28\x18\xb3\x1c\x7c\x27\x61\x8c\x31\xa6\x8a\x8d\x84\x31\
\xc6\x98\x2a\x36\x12\xc6\x18\x63\xaa\xd8\x48\x18\x63\x8c\xa9\xb2\
\x61\x8d\xc4\x4a\xf7\x60\xd1\x6e\x94\xab\x9d\xef\xac\xe8\x5b\x96\
\xd2\x4e\x9d\x2b\x4d\x73\x39\xd7\x8f\xdb\x8a\x63\x52\x28\xd7\xa4\
\x5b\x40\x8c\xa3\xcf\xee\xbb\xda\xf2\x7e\x23\xd1\xd7\xef\xcb\x46\
\x21\xd6\x31\x7f\xbc\x9b\x76\x3b\x5a\xeb\x6c\x58\x23\x51\xdb\x25\
\xb3\x2f\x0c\x2a\xcb\x71\xd2\xb3\xd2\x7c\x67\x05\x1d\xbb\xcf\xc0\
\x9b\xf7\x5f\xea\x62\xa5\x83\x5f\x97\x4c\x2b\x71\xfa\x54\x62\x92\
\x72\xf5\x65\x9c\xa3\x28\x6d\x1d\xb2\xd1\x5e\x57\x9d\xb6\x83\xac\
\xb5\x4e\xfc\xb7\x39\x7f\x60\xfc\xdc\x76\x89\x9d\xab\xfb\x52\xb6\
\x4e\x90\xe3\x0f\x3a\x53\x74\x5d\xa8\x7d\x6f\xfe\xf0\x87\x3f\xb4\
\xaf\xfe\xf1\x77\x79\xfd\x91\x28\xc7\x85\x18\xc6\xdf\xf7\xf9\x87\
\xaa\xfe\xbe\x8f\x7b\xd0\xf8\x17\x7f\xe2\xe9\x75\xc2\xc5\x8f\x4e\
\x59\x90\x45\xbb\x48\x22\x13\xf9\x72\x1d\x7f\xef\x57\xfe\x25\x6a\
\xf9\xaa\x8c\x7f\xfa\xd3\x9f\xda\x99\x79\x69\x87\x4a\xa1\xbd\x83\
\x14\x0f\xb2\xcc\x92\x9b\x34\x6a\x69\xe6\xb2\xf0\xd1\x6e\x97\x3f\
\xfc\xf0\x43\x6b\xc0\xe4\xba\x33\xca\x26\xd9\xb5\x59\x1f\xdb\x3d\
\xc4\xfd\x8c\x88\x9f\xcb\xcf\x1d\x13\x5b\x3f\xbc\x7a\xf5\xaa\xbd\
\x4e\x7f\xf8\xca\xba\xac\xe9\x81\xbd\x88\xb2\x4c\x82\x30\x6d\xab\
\x81\x2c\x92\x97\xf8\x7c\xa2\xbc\xa5\x76\x55\x8a\x87\x6c\xa4\x47\
\xb8\xca\x15\xd3\xa8\xc9\x0e\xe8\xef\xea\xd5\xab\x9f\x84\x69\x8f\
\x29\x6d\xbc\x88\x8e\x62\x9b\xc4\x75\x2e\xd7\x92\xaf\xfe\xf8\x46\
\xd9\xd0\x45\xce\x5f\xfb\x06\x61\x38\x4b\xed\x4d\x0e\x90\x74\x1d\
\xbf\xb5\xa7\x14\x6d\x05\xd9\xd0\x2f\xfa\xd2\xd6\x16\xc4\x89\x7a\
\xd5\x1e\x45\xb9\x5d\xd5\xda\x8d\xb6\xdd\x20\x9d\xa8\x4f\x6d\x9d\
\x8e\x4e\xe2\x6b\xb9\x94\xed\xe7\x9f\x7f\x6e\x75\x40\x5c\xb6\x2e\
\xc9\x3a\x93\x4f\x14\xae\x95\x1c\xa5\xf6\x5c\x6b\x9f\xb9\xae\x49\
\x5f\x3a\x56\xdf\x8d\xe9\x51\x06\xe9\x72\xd2\x72\x92\x1f\xf5\xc2\
\xdd\x43\x9c\xfc\xb1\x95\x87\x64\xaf\x8d\x49\xb1\x9c\x59\x07\x5d\
\x6d\x6d\xa5\xcc\x62\x5b\x8e\x86\x6d\x39\xa6\xf9\xe9\xcb\xeb\xd7\
\xaf\x07\xc3\x06\x36\x38\x73\xe6\xcc\xe0\xed\xdb\xb7\xed\xf1\xb0\
\xe1\x0d\x86\xb3\xae\x36\x5c\x61\x9c\x87\xa1\x52\x97\xc4\x1d\x5a\
\xf3\x51\xdc\x1c\xc6\xf1\x50\xf1\x6d\xd8\xa3\x47\x8f\xda\xe3\x08\
\x69\x47\x19\x9e\x3d\x7b\xd6\x1e\x5f\xbb\x76\xad\x95\x01\x6e\xdd\
\xba\xb5\x24\xff\x12\x39\x5f\x7e\x2b\x5f\xa5\x4d\xfe\x4a\x4f\x69\
\x97\xf4\xa0\x78\x94\x89\x78\x59\x66\xc9\x4d\x58\x49\x5e\xd2\x21\
\x6f\x85\x91\x1f\xc7\xc3\xc6\xda\xca\x77\xe8\xd0\xa1\x36\x0f\x95\
\x27\xe6\xc9\x35\x1c\x13\x8f\x73\x5c\xa7\x30\xf2\x90\xbe\x4a\x72\
\xf3\xad\xf2\x67\x5d\x0e\x0d\x49\xfb\x9b\xba\x42\x0e\xe0\x1c\x65\
\x2b\xc9\x24\x08\x43\x06\xce\x8f\x93\x37\x43\x5e\xb5\x72\x0d\x3b\
\xfd\x12\x3d\xd7\xda\x01\xba\xcb\x61\xca\xeb\xe2\xc5\x8b\xa3\xba\
\x19\x4e\x06\x46\xed\x8d\xf3\x19\xf2\xa2\x7e\x6a\x6d\x98\x30\xc9\
\x43\x1e\x84\x97\xda\x5b\x57\x3b\xe3\xfa\xa8\x9b\xd8\x26\xd0\xb5\
\xce\x4b\x37\x2a\xa3\x50\xbb\x89\xed\x54\xed\x46\x69\x90\x66\x94\
\x59\xba\xe1\x77\xac\x03\xb5\x07\xf2\x50\x18\x1f\x74\x33\x34\x18\
\x23\x9d\x49\x5e\xc2\xa2\xec\x51\xde\x3e\xf5\x4d\x5e\xaa\xd3\xd8\
\x06\x73\x5f\x8a\xe5\x8c\xed\x33\x97\x93\xb2\xc7\xb8\x92\x7f\xef\
\xde\xbd\xa3\x76\x1e\xc7\x93\x52\x7d\x6a\x4c\xa2\x9c\x7c\xe2\x78\
\x15\xcb\x86\x1c\x84\xc5\xf3\xd3\x60\xda\xe3\x79\xbb\x6d\xd3\xbc\
\x8d\x44\x44\x8d\x26\x2a\x52\x94\xe2\xaa\x01\x94\x06\x31\x1a\x0f\
\x74\x19\x09\xce\xe7\x0a\x52\x25\x97\xae\xcb\x94\x64\x52\xbe\x5c\
\xab\xb4\x44\xee\xb4\x40\xc3\x54\x43\x15\x5c\x5b\x33\x12\xb9\x93\
\x33\xd0\xa2\xcb\x52\xda\x9c\x53\xda\x1a\xd0\x54\x36\x8e\x23\xa4\
\x4b\x78\x29\x4c\x03\x52\x49\x9e\x98\x57\x96\x4d\x1d\x9b\x30\x0d\
\x12\xa0\xce\x1e\x65\xea\x4a\xbb\x24\xd3\x70\xd6\xfa\x89\x8e\xc8\
\xbf\xab\x5c\xd9\x48\xab\x5c\xc8\x96\xeb\x4a\xb2\x95\x06\x56\xe9\
\x99\x38\xc8\x40\x9c\x12\x5c\x1f\xe5\xc9\x7a\xec\x6a\xef\x91\xae\
\x76\x86\x2c\x32\xc6\x39\x7e\x0e\x2b\x4d\x52\xba\xda\x8d\x06\xbe\
\x88\x06\x6c\x40\x67\xaa\x83\x58\x56\xb5\xc9\xc8\x70\x99\xa6\xfd\
\x26\x4e\xcc\x2f\x97\x5b\x03\x71\xae\x47\xea\x28\xf7\x93\x2c\x5f\
\xa9\x2f\xa9\x5d\x4e\x5a\xce\x38\x41\xc1\x48\x88\x38\x2e\x74\x8d\
\x49\xc8\x1f\xcb\x15\xeb\x42\xc6\x54\xd7\x94\x26\x3b\xcb\x65\x16\
\x46\x62\xae\xff\xb8\x2e\xed\xc7\x3f\x2c\xe7\x92\x63\x28\x3d\xe0\
\x24\x4c\xdb\x17\x97\xc2\xfb\xdc\xc2\x71\xdb\x97\xd7\x17\x57\xb2\
\x1f\x0e\x32\xc5\x5b\xca\x9c\x36\xeb\x99\x79\x6f\xff\x92\x13\x15\
\x8e\xf3\x9e\xf9\x22\x97\x8b\x1d\x57\x17\x3f\xba\xf8\x2c\x6d\x5d\
\x5d\xa2\xb4\xad\x73\x94\xbb\x54\x2f\xe3\xd0\xb2\x61\xc9\x51\x8d\
\xb6\x72\xe7\x19\x86\xb6\x76\x9f\x64\xab\xec\xc5\xe0\x9e\x54\xb0\
\xe5\x74\xf6\x19\x52\xd2\x41\x2c\x57\xce\x53\xc7\x72\x2a\x14\xfd\
\x96\xd0\xb6\xe4\xf0\xa7\xcb\x91\x0d\x4b\x2a\x35\xef\x79\xb9\x0c\
\x39\x9d\xdc\xde\xfb\x2e\x3b\x68\xc7\xd4\x78\x5c\x02\x39\xe5\xdd\
\x8e\xf2\x95\xda\x76\x49\x67\xda\x76\xbd\xab\x9d\x28\x7d\xbd\xe4\
\x10\x3d\xba\xb1\x84\x92\x1f\xee\xc6\x74\xe2\x6f\x76\x39\x66\xe9\
\x85\x1d\x5a\xa9\x53\xb9\x8d\xed\xeb\x10\x28\x96\x5d\x8e\x8c\xa2\
\x0f\x89\x38\x46\xd4\xfa\x47\xa9\x6e\xc6\x6d\x19\x5e\x7a\xbe\x15\
\xc7\x24\x1d\xc7\xf4\x34\x4e\xa9\xcc\xe8\x89\x3a\x59\xeb\xcf\x38\
\xe6\xfa\xe0\xba\xe4\x20\x85\xc6\x92\x89\x8e\x6d\x4a\x71\xe9\x68\
\xd1\x50\xc8\x5d\xa7\xae\xad\x39\x82\x29\x79\xf7\xd2\x5a\x62\x1f\
\x34\x38\xc7\xe3\x98\x76\xc9\x51\x4c\xde\xdb\xbf\xe4\x50\xa6\xcb\
\xc9\x52\x76\xa2\x82\xab\xca\x85\x8f\x9e\xe3\xb2\x8e\xe4\xc6\x32\
\x23\x27\x43\x39\xdd\x95\x3c\xd8\x25\xff\xec\xa8\x46\x8e\x91\x48\
\x97\x0e\x9e\x1d\xcf\x4c\x92\x76\xae\xa7\x92\x1f\x8d\x52\xbc\x3e\
\xe5\xd2\x96\xe6\x59\x76\x6d\xf1\x9d\x75\x1e\xdf\xfe\x22\xae\x7c\
\x63\x8f\x2b\x43\x57\x1b\xee\xa2\x74\x5d\xdf\xba\x42\xdf\x5a\xd7\
\x8f\x6e\x61\xbb\xe4\x52\x79\x4b\xfd\x23\x1e\x6b\x52\x24\x1f\x1a\
\xaa\x8f\x52\x5b\xa8\xbd\xe4\xb0\xf8\xd1\x3d\x30\x71\xd0\x85\xfc\
\x74\xec\x5b\x86\x43\x20\xfa\x56\xcd\x39\x54\x57\xff\xa8\x39\x2b\
\xea\xd2\xf1\x4a\xea\x93\xb6\x42\x99\xe9\x0f\xcb\x7d\x41\x66\x35\
\x99\xab\x91\xa0\x91\x51\xf9\x72\x90\x42\x43\xea\xf2\x0b\x4d\xb8\
\xe2\x46\xff\xd0\xa4\x11\x1d\xad\xc4\x19\x6d\x97\x23\x18\x3a\x90\
\x1e\x06\xca\x49\x89\x2a\x5e\x83\xdb\xe3\x8f\xee\x41\x4b\x8d\xbc\
\xe4\xe0\x25\xa6\x4d\x43\x88\xce\x51\xb4\xdf\x7d\x64\x12\x87\x32\
\x40\x9a\x51\x5e\x75\x00\x39\x5c\x51\x39\x09\x8b\x77\x2d\xe4\x8d\
\xf1\x21\x6d\x3a\x05\x86\x75\xa5\x0e\x57\x74\xad\xee\x9a\xb2\xc3\
\x97\xc5\xe0\xe9\x2e\x3a\x9e\xd1\x4c\x35\xca\x94\x41\x16\xae\x91\
\x31\x90\x83\x18\xe9\x5a\x2e\x33\xf3\x35\xdc\xbd\x4c\x5a\x2e\xd5\
\x95\x64\xbf\x1c\xea\xa0\xe4\xc8\x26\xde\x39\xa0\x4b\xda\x61\x9f\
\x37\xbd\x18\xa4\x63\x7b\xe1\x77\xad\xbd\x47\x72\xdb\x57\xbd\xf7\
\x01\xdd\xd1\x26\x18\xbc\x4a\x77\x1c\x2a\x5f\x6c\x7f\x6a\x37\xf2\
\x39\x2e\x7d\x48\x9f\xb9\x4c\xc8\x13\xdf\x00\x92\x0f\xf7\x9a\xce\
\x22\x31\x6f\xf9\x39\x8f\xf5\x3d\x49\x3d\xca\xf3\x5f\x5f\x87\x44\
\x7d\xcb\x89\xee\x4a\x46\xa3\x34\x26\xc9\x3d\x6b\x17\x97\x43\x3f\
\xa5\x9c\xba\x2b\xee\xfb\xea\xf9\x6a\x33\xd7\xb7\x9b\x78\x63\xe0\
\xc2\x85\x0b\xa3\xa7\xfc\xd9\x53\x9b\x1c\xb5\x00\x6f\x69\xc8\x99\
\x0c\x71\x71\x70\xa3\x5b\x44\xbe\x63\x18\x95\xc7\x5b\x06\xba\xbe\
\xe6\x08\x46\x4e\x7f\xe4\xc0\x24\x3a\x57\xd1\x5b\x0a\x5c\xc3\xef\
\xf8\x86\x8a\x20\x4f\xbd\xed\x21\xf9\x63\xbe\xd1\xa9\x49\x74\x8e\
\x12\x21\x5e\x76\x28\x23\x57\xae\xb9\x53\xd0\x88\x68\x4c\x34\x48\
\xc9\x2b\x67\x3b\x2a\x8b\xca\x49\x18\xf9\xeb\x8d\x0b\xbd\x21\xa4\
\xe5\x93\x2e\x87\x2b\xa5\xbc\x4b\x4b\x21\xa4\xc1\xf5\x72\x38\x53\
\xd3\x25\xe7\x4b\x8e\x67\xb2\x4c\x39\xbf\x1f\x7f\xfc\xb1\x7d\xf3\
\x49\xf2\x72\x1c\xe5\x8d\x6f\x12\x45\x99\x88\x27\xa7\x3b\xb9\x5c\
\xf9\xcd\x9e\x58\x57\xbc\x25\x34\xce\x91\x4d\x76\xc0\x43\x7a\x7a\
\x13\x46\x6f\xf6\xe4\xfa\x55\x9e\xd9\x21\x50\x2e\x43\x6d\xb9\xa9\
\xab\x9d\x35\x63\xea\x8b\xfc\x69\x33\xbc\x65\x53\x32\x12\x6a\x37\
\x32\xe0\x72\xd5\xaa\x76\x43\x18\x75\x24\xbd\x67\x27\x46\xc4\xf9\
\xf0\xe1\x43\xab\x17\xa5\xaf\xeb\xba\x74\xa6\x3a\x89\x0e\x84\xd4\
\x66\x55\x8f\x7d\x1c\x02\x45\xfd\xf2\xbb\xe6\x90\x48\xe5\x8c\x32\
\x75\x95\x33\xd6\x8d\xae\x93\x13\x2c\xe9\xbb\x34\x26\xc5\xf6\x15\
\xcb\x19\x65\xe5\x1a\x95\x0d\x19\x18\x9f\xd4\x76\x4a\x6d\x7a\x12\
\x36\x94\xd3\x21\x59\xfa\x3e\x33\xa9\x79\xc3\x2c\x93\x86\x32\xe9\
\x4c\x7b\xda\xe0\xde\xb3\xe6\x38\xde\x98\x12\x8b\x1f\xfd\x50\xb8\
\xdd\x7c\x1e\xcc\xc2\xe9\x90\xb7\x0a\xef\x41\x9c\x05\x19\xb3\x9e\
\xe0\xae\xd3\xed\xd7\xac\x84\xb9\x19\x09\xbd\xe5\x62\xfa\xd3\x67\
\xbd\xd3\x98\x88\x1e\xbe\x1b\xb3\x5c\xe6\x6a\x24\x26\x79\x0d\xd2\
\x34\xee\xec\x66\x62\xdc\x66\xcc\x4a\xf1\x2e\xb0\xc6\x18\x63\xaa\
\xd8\x48\x18\x63\x8c\xa9\x62\x23\x61\x8c\x31\xa6\x8a\x8d\x84\x31\
\xc6\x98\x2a\x36\x12\xc6\x18\x63\xaa\xd8\x48\x18\x63\x8c\xa9\x62\
\x23\x61\x8c\x31\xa6\x8a\x8d\x84\x31\xc6\x98\x2a\x36\x12\xc6\x18\
\x63\xaa\xd8\x48\x18\x63\x8c\xa9\x62\x23\x61\x8c\x31\xa6\x8a\x8d\
\x84\x31\xc6\x98\x2a\x36\x12\xc6\x18\x63\xaa\xd8\x48\x18\x63\x8c\
\xa9\x62\x23\x61\x8c\x31\xa6\x8a\x8d\x84\x31\xc6\x98\x2a\x36\x12\
\xc6\x18\x63\xaa\xd8\x48\x18\x63\x8c\xa9\x62\x23\x61\x8c\x31\xa6\
\x8a\x8d\x84\x31\xc6\x98\x2a\x36\x12\xc6\x18\x63\xaa\xd8\x48\x18\
\x63\x8c\xa9\x62\x23\x61\x8c\x31\xa6\x8a\x8d\x84\x31\xc6\x98\x2a\
\x36\x12\xc6\x18\x63\xaa\xd8\x48\x18\x63\x8c\xa9\x62\x23\x61\x8c\
\x31\xa6\x8a\x8d\x84\x31\xc6\x98\x2a\x36\x12\xc6\x18\x63\xaa\xd8\
\x48\x18\x63\x8c\xa9\x62\x23\x61\x8c\x31\xa6\xca\xd4\x8d\xc4\xe0\
\x5f\x1f\x1a\x63\x8c\x31\x1b\x83\xe9\x1b\x89\xf7\xff\xd1\x18\x63\
\x8c\x59\x5d\xfe\xdf\x7f\xfc\xef\x66\x16\x4c\xdd\x48\xfc\xeb\xd5\
\xd3\xc6\x18\x63\xcc\xea\xf2\xcb\xff\xfa\x1f\xcd\x2c\x98\xba\x91\
\xc0\x9a\xd9\x50\x18\x63\xcc\xea\xf1\xaf\x97\x4f\x9b\xff\xfb\x3f\
\x67\x63\x24\xbe\x68\x66\xc0\x2f\x2f\xff\xde\x0c\xfe\xf1\x7f\x9a\
\x2f\xfe\xfb\x77\xcd\x7f\xf9\xaf\xff\xad\x31\xc6\x18\x33\x5d\x78\
\xfe\xcb\xf2\x3e\x93\xf2\x59\x2d\x35\xc1\x4c\x8c\x04\x60\xd5\x66\
\x65\xd9\x8c\x31\xc6\xac\x0e\x7e\x05\xd6\x18\x63\x4c\x15\x1b\x09\
\x63\x8c\x31\x55\x6c\x24\x8c\x31\xc6\x54\xb1\x91\x30\xc6\x18\x53\
\xc5\x46\xc2\x18\x63\x4c\x15\x1b\x09\x63\x8c\x31\x55\x6c\x24\x8c\
\x31\xc6\x54\xb1\x91\x30\xc6\x18\x53\xc5\x46\xc2\x18\x63\x4c\x15\
\x1b\x09\x63\x8c\x31\x55\x6c\x24\x8c\x31\xc6\x54\xb1\x91\x30\xc6\
\x18\x53\xc5\x46\xc2\x18\x63\x4c\x15\x1b\x09\x63\x8c\x31\x55\x6c\
\x24\x8c\x31\xc6\x54\xb1\x91\x30\xc6\x18\x53\xc5\x46\xc2\x18\x63\
\x4c\x15\x1b\x09\x63\x8c\x31\x55\x6c\x24\x8c\x31\xc6\x54\xb1\x91\
\x30\xc6\x18\x53\xc5\x46\xc2\x18\x63\x4c\x15\x1b\x09\x63\x8c\x31\
\x55\x6c\x24\x8c\x31\xc6\x54\xb1\x91\x30\xc6\x18\x53\xc5\x46\xc2\
\x18\x63\x4c\x15\x1b\x09\x63\x8c\x31\x55\x6c\x24\x8c\x31\xc6\x54\
\xb1\x91\x30\xc6\x18\x53\xc5\x46\xc2\x18\x63\x4c\x15\x1b\x09\x63\
\x8c\x31\x55\x6c\x24\x8c\x31\xc6\x54\xb1\x91\x30\xc6\x18\x53\xe5\
\xff\x03\x70\xb4\x42\x1f\x0c\x5c\x82\xd3\x00\x00\x00\x00\x49\x45\
\x4e\x44\xae\x42\x60\x82\
"

qt_resource_name = b"\
\x00\x02\
\x00\x00\x06\x87\
\x00\x62\
\x00\x67\
\x00\x08\
\x02\x01\x58\x07\
\x00\x73\
\x00\x6b\x00\x69\x00\x6e\x00\x2e\x00\x70\x00\x6e\x00\x67\
"

qt_resource_struct_v1 = b"\
\x00\x00\x00\x00\x00\x02\x00\x00\x00\x01\x00\x00\x00\x01\
\x00\x00\x00\x00\x00\x02\x00\x00\x00\x01\x00\x00\x00\x02\
\x00\x00\x00\x0a\x00\x00\x00\x00\x00\x01\x00\x00\x00\x00\
"

qt_resource_struct_v2 = b"\
\x00\x00\x00\x00\x00\x02\x00\x00\x00\x01\x00\x00\x00\x01\
\x00\x00\x00\x00\x00\x00\x00\x00\
\x00\x00\x00\x00\x00\x02\x00\x00\x00\x01\x00\x00\x00\x02\
\x00\x00\x00\x00\x00\x00\x00\x00\
\x00\x00\x00\x0a\x00\x00\x00\x00\x00\x01\x00\x00\x00\x00\
\x00\x00\x01\x94\xd1\xf3\xf6\x38\
"

qt_version = [int(v) for v in QtCore.qVersion().split('.')]
if qt_version < [5, 8, 0]:
    rcc_version = 1
    qt_resource_struct = qt_resource_struct_v1
else:
    rcc_version = 2
    qt_resource_struct = qt_resource_struct_v2

def qInitResources():
    QtCore.qRegisterResourceData(rcc_version, qt_resource_struct, qt_resource_name, qt_resource_data)

def qCleanupResources():
    QtCore.qUnregisterResourceData(rcc_version, qt_resource_struct, qt_resource_name, qt_resource_data)

qInitResources()
